PMID,Title,Authors,Citation,First Author,Journal/Book,Publication Year,Create Date,PMCID,NIHMS ID,DOI,pmid,title,abstract,authors,publication_date,journal,doi,keywords
35606622,Life style and Parkinson's disease,"Reichmann H, Csoti I, Koschel J, Lorenzl S, Schrader C, Winkler J, Wüllner U.",J Neural Transm (Vienna). 2022 Sep;129(9):1235-1245. doi: 10.1007/s00702-022-02509-1. Epub 2022 May 23.,Reichmann H,J Neural Transm (Vienna),2022,2022/05/23,PMC9463300,,10.1007/s00702-022-02509-1,35606622,Life style and Parkinson's disease.,"The question whether life style may impair the advent or course of the disease in patients with Parkinsonism is of great importance for patients and physicians alike. We present here comprehensive information on the influence of the environment, diet (especially caffeine, nicotine, alcohol, chocolate and dairy products), physical activity and sleep on risk and course of Parkinson's disease.","Reichmann, Csoti, Koschel, Lorenzl, Schrader, Winkler, Wüllner",2022-05-24,"Journal of neural transmission (Vienna, Austria : 1996)","10.1007/s00702-022-02509-1
10.1002/mds.23873
10.1016/S1474-4422(16)30230-7
10.3233/JPD-191882
10.1016/j.expneurol.2010.12.022
10.1186/s13073-017-0428-y
10.1007/s10571-009-9411-5
10.1016/j.parkreldis.2020.10.024
10.1212/01.WNL.0000151960.28687.93
10.1093/aje/kwj096
10.3390/nu11081896
10.1055/a-0681-6700
10.3390/nu9121311
10.1186/1471-2377-13-190
10.3390/ijms21207471
10.1002/mnfr.201000165
10.3390/ijms21207471
10.1111/jsr.12545
10.1002/mds.27933
10.1100/2012/923464
10.1093/brain/awz113
10.1371/journal.pmed.1002640
10.3390/nu12092763
10.1002/mds.25050
10.1001/archneur.1992.00530280040020
10.3390/nu13113970
10.1093/brain/awz380
10.1002/mds.22067
10.1136/oemed-2020-107067
10.1136/bmj.j2353
10.1212/WNL.0b013e3181ea1597
10.1002/mds.28314
10.1001/jamaneurol.2021.3926","Alcohol, Caffeine, Environment, Life style, Nicotine, Parkinson’s disease, Physical activity"
40338549,Proximity to Golf Courses and Risk of Parkinson Disease,"Krzyzanowski B, Mullan AF, Dorsey ER, Chirag SS, Turcano P, Camerucci E, Bower JH, Savica R.",JAMA Netw Open. 2025 May 1;8(5):e259198. doi: 10.1001/jamanetworkopen.2025.9198.,Krzyzanowski B,JAMA Netw Open,2025,2025/05/08,PMC12062912,,10.1001/jamanetworkopen.2025.9198,40338549,Proximity to Golf Courses and Risk of Parkinson Disease.,"The role of pesticide exposure from golf courses in Parkinson disease (PD) risk remains unclear.
To assess whether proximity to golf courses is associated with increased PD risk and to use information on groundwater vulnerability and municipal well locations to investigate drinking water contamination as a potential route of exposure.
This case-control study included patients with incident PD and matched controls from the Rochester Epidemiology Project from 1991 to 2015. Data were analyzed between June and August 2024.
Distance to golf courses, living in water service areas with a golf course, living in water service areas in vulnerable groundwater regions, living in water service areas with shallow municipal wells, and living in water service areas with a municipal well on a golf course.
Risk of incident PD. All models adjusted for age, sex, race and ethnicity, year of index, median household income, and urban or rural category.
A total of 419 incident PD cases were identified (median [IQR] age, 73 [65-80] years; 257 male [61.3%]) with 5113 matched controls (median [IQR] age, 72 [65-79] years; 3043 male [59.5%]; 4504 White [88.1%]). After adjusting for patient demographics and neighborhood characteristics, living within 1 mile of a golf course was associated with 126% increased odds of developing PD compared with individuals living more than 6 miles away from a golf course (adjusted odds ratio [aOR], 2.26; 95% CI, 1.09-4.70). Individuals living within water service areas with a golf course had nearly double the odds of PD compared with individuals in water service areas without golf courses (aOR, 1.96; 95% CI, 1.20-3.23) and 49% greater odds compared with individuals with private wells (aOR, 1.49; 95% CI, 1.05-2.13). Additionally, individuals living in water service areas with a golf course in vulnerable groundwater regions had 82% greater odds of developing PD compared with those in nonvulnerable groundwater regions (aOR, 1.82; 95% CI, 1.09-3.03).
In this population-based case-control study, the greatest risk of PD was found within 1 to 3 miles of a golf course and risk generally decreased with distance. Associations with the largest effect sizes were in water service areas with a golf course and in vulnerable ground water regions.","Krzyzanowski, Mullan, Dorsey, Chirag, Turcano, Camerucci, Bower, Savica",2025-05-08,JAMA network open,"10.1001/jamanetworkopen.2025.9198
10.1212/WNL.0000000000207871
10.1001/jamanetworkopen.2024.33602
10.1289/ehp.0800277
10.3389/fnagi.2022.1023574
10.1101/cshperspect.a008888
10.1155/2022/5563759
10.1016/j.chemosphere.2023.138251
10.1021/acs.chemrestox.0c00522
10.1289/ehp.1002839
10.1016/j.scitotenv.2022.160851
10.1016/j.ijheh.2020.113569
10.1016/j.scitotenv.2023.162498
10.1002/ana.23782
10.1111/j.1745-6592.1990.tb00333.x
10.1001/jamaneurol.2013.114
10.1002/mds.27125
10.1093/ije/dyx268
10.1002/sim.3841
10.1007/s10994-018-5714-4
10.1002/etc.5620200702
10.1002/(SICI)1097-0274(199605)29:5<501::AID-AJIM8>3.0.CO;2-O
10.1038/81834
10.1212/WNL.0000000000004536",
41032741,Trichloroethylene and Parkinson Disease,"Dorsey ER, Tanner CM.",Neurology. 2025 Oct 21;105(8):e214245. doi: 10.1212/WNL.0000000000214245. Epub 2025 Oct 1.,Dorsey ER,Neurology,2025,2025/10/01,,,10.1212/WNL.0000000000214245,41032741,Trichloroethylene and Parkinson Disease.,,"Dorsey, Tanner",2025-10-01,Neurology,10.1212/WNL.0000000000214245,
39283636,Air Pollution and Parkinson Disease in a Population-Based Study,"Krzyzanowski B, Mullan AF, Turcano P, Camerucci E, Bower JH, Savica R.",JAMA Netw Open. 2024 Sep 3;7(9):e2433602. doi: 10.1001/jamanetworkopen.2024.33602.,Krzyzanowski B,JAMA Netw Open,2024,2024/09/16,PMC11406396,,10.1001/jamanetworkopen.2024.33602,39283636,Air Pollution and Parkinson Disease in a Population-Based Study.,"The role of air pollution in risk and progression of Parkinson disease (PD) is unclear.
To assess whether air pollution is associated with increased risk of PD and clinical characteristics of PD.
This population-based case-control study included patients with PD and matched controls from the Rochester Epidemiology Project from 1998 to 2015. Data were analyzed from January to June 2024.
Mean annual exposure to particulate matter with a diameter of 2.5 µm or less (PM2.5) from 1998 to 2015 and mean annual exposure to nitrogen dioxide (NO2) from 2000 to 2014.
Outcomes of interest were PD risk, all-cause mortality, presence of tremor-predominant vs akinetic rigid PD, and development of dyskinesia. Models were adjusted for age, sex, race and ethnicity, year of index, and urban vs rural residence.
A total of 346 patients with PD (median [IQR] age 72 [65-80] years; 216 [62.4%] male) were identified and matched on age and sex with 4813 controls (median [IQR] age, 72 [65-79] years, 2946 [61.2%] male). Greater PM2.5 exposure was associated with increased PD risk, and this risk was greatest after restricting to populations within metropolitan cores (odds ratio [OR], 1.23; 95% CI, 1.11-1.35) for the top quintile of PM2.5 exposure compared with the bottom quintile. Greater NO2 exposure was also associated with increased PD risk when comparing the top quintile with the bottom quintile (OR, 1.13; 95% CI, 1.07-1.19). Air pollution was associated with a 36% increased risk of akinetic rigid presentation (OR per each 1-μg/m3 increase in PM2.5, 1.36; 95% CI, 1.02-1.80). In analyses among patients with PD only, higher PM2.5 exposure was associated with greater risk for developing dyskinesia (HR per 1-μg/m3 increase in PM2.5, 1.42; 95% CI, 1.17-1.73), as was increased NO2 exposure (HR per 1 μg/m3 increase in NO2, 1.13; 95% CI, 1.06-1.19). There was no association between PM2.5 and all-cause mortality among patients with PD.
In this case-control study of air pollution and PD, higher levels of PM2.5 and NO2 exposure were associated with increased risk of PD; also, higher levels of PM2.5 exposure were associated with increased risk of developing akinetic rigid PD and dyskinesia compared with patients with PD exposed to lower levels. These findings suggest that reducing air pollution may reduce risk of PD, modify the PD phenotype, and reduce risk of dyskinesia.","Krzyzanowski, Mullan, Turcano, Camerucci, Bower, Savica",2024-09-17,JAMA network open,"10.1001/jamanetworkopen.2024.33602
10.1038/s41531-018-0058-0
10.1002/mds.27277
10.1016/S1474-4422(20)30302-1
10.1016/S1474-4422(16)30230-7
10.1212/WNL.0000000000207871
10.1289/EHP259
10.1016/j.envint.2022.107667
10.1097/EE9.0000000000000023
10.1097/JOM.0000000000000451
10.1289/ehp.1408973
10.1016/S2542-5196(20)30227-8
10.1093/ije/dyy172
10.1016/j.envres.2021.111170
10.1186/s12940-020-0565-4
10.1177/0192623307313011
10.1016/j.neuro.2020.05.004
10.1002/ana.24460
10.1007/s11356-015-5222-z
10.1016/j.envpol.2013.10.026
10.1186/s12974-016-0480-3
10.1093/aje/kwy194
10.1001/jamaneurol.2021.1335
10.1001/jamaneurol.2013.114
10.1093/ije/dyx268
10.1021/acs.est.5b02076
10.1371/journal.pone.0253253
10.1016/j.envint.2017.08.020
10.1016/j.neuro.2016.07.007
10.1016/j.neuro.2021.10.009
10.1289/EHP135
10.1186/1476-069X-13-80
10.4209/aaqr.2009.10.0063
10.1021/acs.estlett.2c00203
10.3389/fnins.2019.00550
10.1212/WNL.35.7.949
10.1152/jn.1994.72.2.521
10.1002/mds.870131305
10.1016/0166-2236(89)90135-5
10.1002/mds.23068
10.1111/j.1468-1331.2008.02106.x
10.1212/WNL.40.2.340
10.1136/jnnp.53.3.224
10.1212/WNL.0000000000004536
10.1002/mds.27125",
38457975,Causal association between long-term exposure to air pollution and incident Parkinson's disease,"Ai B, Zhang J, Zhang S, Chen G, Tian F, Chen L, Li H, Guo Y, Jerath A, Lin H, Zhang Z.",J Hazard Mater. 2024 May 5;469:133944. doi: 10.1016/j.jhazmat.2024.133944. Epub 2024 Mar 2.,Ai B,J Hazard Mater,2024,2024/03/08,,,10.1016/j.jhazmat.2024.133944,38457975,Causal association between long-term exposure to air pollution and incident Parkinson's disease.,"Epidemiological evidence for long-term air pollution exposure and Parkinson's disease (PD) is controversial, and analysis of causality is limited. We identified 293,888 participants who were free of PD at baseline in the UK Biobank (2006-2010). Time-varying air pollution [fine particulate (PM","Ai, Zhang, Zhang, Chen, Tian, Chen, Li, Guo, Jerath, Lin, Zhang",2024-03-09,Journal of hazardous materials,10.1016/j.jhazmat.2024.133944,"Air pollution, Causal inference, Parkinson's disease, Prospective cohort"
38685425,Literature review and meta-analysis of environmental toxins associated with increased risk of Parkinson's disease,"Aravindan A, Newell ME, Halden RU.",Sci Total Environ. 2024 Jun 25;931:172838. doi: 10.1016/j.scitotenv.2024.172838. Epub 2024 Apr 27.,Aravindan A,Sci Total Environ,2024,2024/04/30,,,10.1016/j.scitotenv.2024.172838,38685425,Literature review and meta-analysis of environmental toxins associated with increased risk of Parkinson's disease.,"Parkinson's disease (PD) is a neurodegenerative disorder and leading cause of death worldwide, whose pathogenesis has been linked to toxic environmental exposures. We used the Preferred Reporting Items for Systematic Reviews and Meta-Analyses (PRISMA) guidelines (i) to compile, and group by exposure setting (non-specified general; residential; occupational), environmental factors reported to modulate the risk of developing PD and (ii) to map and geospatially analyze global regions of both research activity and paucity. Among the broader environmental settings, occupational exposures had the highest average odds ratio value at 3.82, followed by general (non-specified or mixed) exposures at 3.07, and residential exposures at 2.36. Occupational exposure to industrial toxins was the highest ranked subset of exposures with an odds ratio of 10.74. Among the studies meeting the inclusion criteria, 75 % were conducted in Europe or the Western United States. The number of individuals partaking per study ranged from a high of 55,585 (Taiwan) to a low of 233 (Faroe Islands), with a mean of n = 14,462. The top three environmental factors associated with high odds ratios for increased risk of developing PD were (i) exposure to dyes (25.33), (ii) methylene chloride (16.5) and specifically in adult men (iii) consumption of fatty whale meat (10.57), which is known to harbor a broad spectrum of so called persistent, bioaccumulative, toxic (PBT) pollutants. Geospatially, the highest odds ratio values were identified in European countries, whereas notable data gaps were revealed for South America, Australia, Africa, and the majority of Asia with the exception of Taiwan. Whereas occupational exposures to industrial chemicals, such as harmful dyes and methylene chloride, ranked highest in risk values, available data suggest notable opportunities for reducing PD cases globally by limiting harmful environmental exposures to a spectrum of toxic chemicals, particularly via the food intake route. Thus, current efforts in improving environmental quality globally by limiting toxic emission may deliver the added benefit of helping to reign in PD. Agents of concern in this respect include pesticides (e.g., paraquat, demeton, monocrotophos), particulate matter associated with air pollution, and a spectrum of organic and inorganic neurotoxins including heavy metals.","Aravindan, Newell, Halden",2024-04-30,The Science of the total environment,10.1016/j.scitotenv.2024.172838,"Case-control studies, Cohort studies, Environmental factors, Geographic distribution, Parkinson's disease"
36717481,SARS-COV-2 infection and Parkinson's disease: Possible links and perspectives,"Al-Kuraishy HM, Al-Gareeb AI, Kaushik A, Kujawska M, Ahmed EA, Batiha GE.",J Neurosci Res. 2023 Jun;101(6):952-975. doi: 10.1002/jnr.25171. Epub 2023 Jan 30.,Al-Kuraishy HM,J Neurosci Res,2023,2023/01/30,,,10.1002/jnr.25171,36717481,SARS-COV-2 infection and Parkinson's disease: Possible links and perspectives.,"Parkinson's disease (PD) is a neurodegenerative disorder characterized by the progressive loss of dopaminergic neurons in the substantia nigra. The hallmarks are the presence of Lewy bodies composed mainly of aggregated α-synuclein and immune activation and inflammation in the brain. The neurotropism of SARS-CoV-2 with induction of cytokine storm and neuroinflammation can contribute to the development of PD. Interestingly, overexpression of α-synuclein in PD patients may limit SARS-CoV-2 neuroinvasion and degeneration of dopaminergic neurons; however, on the other hand, this virus can speed up the α-synuclein aggregation. The review aims to discuss the potential link between COVID-19 and the risk of PD, highlighting the need for further studies to authenticate the potential association. We have also overviewed the influence of SARS-CoV-2 infection on the PD course and management. In this context, we presented the prospects for controlling the COVID-19 pandemic and related PD cases that, beyond global vaccination and novel anti-SARS-CoV-2 agents, may include the development of graphene-based nanoscale platforms offering antiviral and anti-amyloid strategies against PD.","Al-Kuraishy, Al-Gareeb, Kaushik, Kujawska, Ahmed, Batiha",2023-01-31,Journal of neuroscience research,10.1002/jnr.25171,"COVID-19, Parkinson's disease, SARS-CoV-2, graphene-based nanomaterials, neuroinflammation, α-synuclein"
31894453,Effect of long-term particulate matter exposure on Parkinson's risk,"Wang Y, Liu Y, Yan H.",Environ Geochem Health. 2020 Jul;42(7):2265-2275. doi: 10.1007/s10653-019-00484-3. Epub 2020 Jan 1.,Wang Y,Environ Geochem Health,2020,2020/01/03,,,10.1007/s10653-019-00484-3,31894453,Effect of long-term particulate matter exposure on Parkinson's risk.,"Environmental pollution is a critical predisposing factor underlying neurodegenerative diseases, but the association between particulate matter (PM) exposure and Parkinson's disease (PD) remains unclear. This study aimed to evaluate the association between long-term PM2.5/PM10 exposure and PD risk. We searched the PubMed, Ovid Medline, EMBASE, Cochrane Library, and Web of Science citation databases to select studies about the relationship between long-term PM exposure and PD risk. The association was assessed using meta-analysis, and subgroup analysis was carried out on the basis of the types of PM (PM2.5 and PM10). Among the 611 articles identified from the databases, we selected six articles, including three cohort studies and three case-control studies, which collectively involved 10,077,029 participants. With every 10 μg/m","Wang, Liu, Yan",2020-01-03,Environmental geochemistry and health,"10.1007/s10653-019-00484-3
10.1093/aje/kwu155
10.1289/ehp.1002123
10.1016/j.bbabio.2007.10.006
10.1161/CIR.0b013e3181dbece1
10.3233/jad-160472
10.1016/j.etp.2009.02.117
10.1155/2013/161687
10.1016/j.neuro.2004.08.003
10.1046/j.1471-4159.1998.70041584.x
10.1093/eurheartj/ehi835
10.1371/journal.pone.0182834
10.1001/jama.295.10.1127
10.1002/ana.21717
10.1016/j.envres.2007.03.002
10.1016/j.jneuroim.2014.07.012
10.1289/ehp.1408092
10.1007/s10863-009-9257-z
10.1016/s1353-8020(11)70065-7
10.1016/j.bbrc.2018.04.068
10.1016/s0140-6736(14)61393-3
10.1289/ehp.1408973
10.1097/jom.0000000000000451
10.1016/j.taap.2015.01.010
10.1136/jech.56.10.773
10.1186/1742-2094-8-105
10.1124/jpet.102.035048
10.1289/ehp135
10.1093/ptj/80.6.578
10.1186/1476-069x-13-80
10.1289/ehp259
10.1016/s1353-8020(11)70064-5
10.1161/circresaha.116.309279
10.1289/ehp.1002767
10.1016/j.envres.2009.08.003
10.1136/bmj.d5372
10.1371/journal.pone.0195607
10.1007/s10654-010-9491-z
10.1001/jama.294.23.3003
10.1016/j.parkreldis.2015.12.005
10.1093/aje/kwm127
10.1289/ehp.7550
10.1186/1476-069x-13-38
10.1111/jnc.12010","PM10, PM2.5, Parkinson’s disease, Particulate matter"
36232110,Association between Backward Walking and Cognition in Parkinson Disease: A Systematic Review,"Correno MB, Hansen C, Chardon M, Milane T, Bianchini E, Vuillerme N.",Int J Environ Res Public Health. 2022 Oct 6;19(19):12810. doi: 10.3390/ijerph191912810.,Correno MB,Int J Environ Res Public Health,2022,2022/10/14,PMC9566137,,10.3390/ijerph191912810,36232110,Association between Backward Walking and Cognition in Parkinson Disease: A Systematic Review.,"Backward walking often occurs in everyday life. It is more complex than forward walking and is associated with decreased coordination. However, it is unclear if a reduced backward walking performance is associated with impaired cognition. This could be particularly relevant as gait and cognitive deficits commonly occur in Parkinson's disease. The objective of this systematic review was to synthesize the evidence on the association between backward walking and cognition in persons with Parkinson's disease. The electronic databases PubMed and Web of Science were systematically searched, and the quality of eligible studies was assessed. Two studies met the inclusion criteria, but study protocols, investigated population, and outcome measures differed substantially. One study showed lower backward walking speed in patients with Parkinson's disease with poorer attention test performances. The second study showed a weak correlation between executive cognitive functions and backward walking speed. Given the low number of studies, the heterogenous study design, and the inconsistent results, the present review highlights the need to further investigate the association between backward walking and cognition in patients with Parkinson's disease.","Correno, Hansen, Chardon, Milane, Bianchini, Vuillerme",2022-10-15,International journal of environmental research and public health,"10.3390/ijerph191912810
10.1038/s41531-021-00235-1
10.1038/s41572-021-00280-3
10.1097/NPT.0b013e3181d070fe
10.1186/s12883-018-1111-7
10.1002/mds.870110506
10.1016/j.parkreldis.2016.11.015
10.1002/mds.26269
10.1016/S1474-4422(19)30044-4
10.1007/s00415-018-9012-7
10.1016/j.gaitpost.2012.02.009
10.1002/mds.23450
10.3109/09638280903247905
10.1016/j.gaitpost.2012.09.022
10.1519/JPT.0000000000000149
10.1177/0269215518790053
10.1177/0269215516656468
10.1177/0269215518801430
10.1002/mds.22330
10.1177/1545968309341061
10.14802/jmd.16062
10.1016/j.gaitpost.2012.03.028
10.1136/bmj.n160
10.1016/j.humov.2016.08.007
10.1212/WNL.17.5.427
10.1002/mds.22340
10.1016/0022-3956(75)90026-6
10.1002/mds.21720
10.1111/jnp.12028
10.1002/mds.25924
10.1002/mds.23391
10.1177/1545968320953824
10.1016/j.gaitpost.2019.08.005
10.1016/j.msard.2020.102390
10.1016/j.gaitpost.2022.05.013
10.1111/ijs.12255
10.1080/09593985.2016.1206155
10.1016/j.apmr.2014.01.003","Parkinson’s disease, clinical tool, cognition, dynamic balance, gait impairments"
40527812,Interrelationship between PQ exposure and Parkinson disease: A systematic review and meta-analysis,"Ba RQ, Fan XJ, Fan HJ, Du K, Ma X, Wen Y, Liu MW.",Medicine (Baltimore). 2025 Jun 13;104(24):e42796. doi: 10.1097/MD.0000000000042796.,Ba RQ,Medicine (Baltimore),2025,2025/06/17,PMC12173288,,10.1097/MD.0000000000042796,40527812,Interrelationship between PQ exposure and Parkinson disease: A systematic review and meta-analysis.,"Some studies have conflicting findings, suggesting that PQ has no association with the progression of Parkinson disease (PD). This meta-analysis aimed to investigate the impact of PQ on the incidence of PD.
A computerized search was conducted in Pubmed, Embase, Cochrane, Web of Science, and Scopus for literature on factors influencing DEACMP from their inception to October 2023. Statistical analyses and meta-analyses were performed using STATA 17.0 and RevMan 5.4 software, respectively.
A total of 181 articles were retrieved. 14 articles were included, comprising 4731 PD cases and 205,129 control cases. In case-control studies, the proportion of PQ exposure in the PD group was relatively high, with an odds ratio (OR) of 1.47 (95% confidence interval [CI]: 1.25, 1.72; I2 = 2%, P < .00001). In cohort studies, the PD group showed a relatively high proportion of PQ exposure, with an OR of 0.81 (95% CI: 0.71-0.92; I2 = 0%, P = .001). Additionally, subgroup analyses were conducted based on the study area. Studies from the United States and Canada indicated that the proportion of PQ exposure in the PD group was relatively high, with an OR of 1.36 (95% CI: 1.12-1.67; I2 = 10%, P = .002). In addition, the occupational exposure analysis showed that the proportion of PQ exposure in the PD group was higher, with an OR of 0.83 (95% CI: 0.71-0.99; I2 = 10%, P = .03). The environmental exposure analysis indicated a tendency towards a higher proportion of PQ exposure in the PD group, with an OR of 2.37 (95% CI: 0.98-5.73; I2 = 9%, P = .06). The mixed exposure analysis revealed a significantly higher proportion of PQ exposure in the PD group, with an OR of 1.47 (95% CI: 1.25-1.73; I2 = 0%, P < .0001).
This study demonstrates that PQ exposure does not obviously increase the incidence of PD. However, factors such as gender, exposure conditions, and regional differences may affect the incidence of PD induced by PQ exposure. Further clarification is required regarding the impact of paraquat exposure on PD. Simultaneously, efforts should be made to prohibit or reduce the use of and exposure to paraquat.","Ba, Fan, Fan, Du, Ma, Wen, Liu",2025-06-18,Medicine,10.1097/MD.0000000000042796,"Parkinson disease, evidence-based medicine, meta-analysis, paraquat, systematic reviews"
39685702,Alpha-Synuclein and Microglia in Parkinson's Disease: From Pathogenesis to Therapeutic Prospects,"Eo H, Kim S, Jung UJ, Kim SR.",J Clin Med. 2024 Nov 28;13(23):7243. doi: 10.3390/jcm13237243.,Eo H,J Clin Med,2024,2024/12/17,PMC11642439,,10.3390/jcm13237243,39685702,Alpha-Synuclein and Microglia in Parkinson's Disease: From Pathogenesis to Therapeutic Prospects.,"Parkinson's disease (PD) is a neurodegenerative disorder characterized by both motor symptoms and non-motor features. A hallmark of PD is the misfolding and accumulation of alpha-synuclein (α-syn), which triggers neuroinflammation and drives neurodegeneration. Microglia, brain cells that play a central role in neuroinflammatory responses and help clear various unnecessary molecules within the brain, thus maintaining the brain's internal environment, respond to α-syn through mechanisms involving inflammation, propagation, and clearance. This review delves into the complex interplay between α-syn and microglia, elucidating how these interactions drive PD pathogenesis. Furthermore, we discuss emerging therapeutic strategies targeting the α-syn-microglia axis, with a focus on modulating microglial functions to mitigate neuroinflammation, enhance clearance, and prevent α-syn propagation, emphasizing their potential to slow PD progression.","Eo, Kim, Jung, Kim",2024-12-17,Journal of clinical medicine,"10.3390/jcm13237243
10.1016/S1474-4422(17)30299-5
10.1016/S2666-7568(24)00094-1
10.1016/S0140-6736(21)00218-X
10.1016/S0140-6736(14)61393-3
10.1016/j.neuron.2013.09.004
10.1523/JNEUROSCI.08-08-02804.1988
10.1126/science.1195227
10.1242/jcs.157867
10.1074/jbc.M112.439497
10.3390/cells10020375
10.1007/s00018-022-04240-2
10.1096/fj.04-2751com
10.1016/j.toxlet.2016.11.002
10.1038/s41531-024-00640-2
10.1007/s00011-022-01676-x
10.3390/ijms22094676
10.1016/j.neuint.2021.105094
10.1093/brain/awaa090
10.3389/fnmol.2021.630808
10.15252/embj.201593411
10.3233/JPD-240272
10.3389/fneur.2022.852003
10.3390/ijms241311022
10.1038/s41392-023-01588-0
10.3390/electronics12040783
10.1016/j.cell.2023.06.004
10.1016/j.arr.2023.102013
10.1016/j.compbiomed.2023.107140
10.4103/1735-1995.181989
10.1073/pnas.0507405102
10.1016/S0047-6374(01)00283-4
10.1038/nature15368
10.1101/gr.8.9.871
10.7150/ijbs.3.1
10.1074/jbc.M115.705095
10.1038/42166
10.1126/science.276.5321.2045
10.1002/ana.23894
10.1038/ng0298-106
10.1002/ana.10795
10.1002/mds.25421
10.1212/WNL.0b013e31828727ba
10.1016/j.neurobiolaging.2014.03.024
10.1124/pharmrev.123.001111
10.1074/jbc.275.1.390
10.1038/ncb748
10.1021/ac901176t
10.1371/journal.pone.0001376
10.1093/jmcb/mjr011
10.1002/pro.2056
10.1021/acs.biochem.2c00104
10.1126/science.1060627
10.1126/science.1202529
10.1155/2014/610343
10.1016/0165-5728(93)90191-Z
10.1016/j.molimm.2014.06.037
10.1038/ncomms2534
10.4049/jimmunol.2100035
10.1007/s00401-016-1648-8
10.1016/j.ajpath.2011.04.013
10.1186/1742-2094-9-259
10.1038/nri2762
10.1016/j.neurobiolaging.2007.04.006
10.1016/j.biomaterials.2016.10.001
10.1084/jem.20182191
10.1002/glia.20532
10.1111/jnc.15890
10.1038/s41467-021-27737-z
10.1016/j.celrep.2022.111401
10.1016/j.intimp.2024.113446
10.1096/fj.201900992R
10.1007/s12035-023-03713-0
10.1083/jcb.201211138
10.3389/fphys.2012.00149
10.1007/s00401-014-1314-y
10.1016/j.neulet.2013.06.009
10.1016/j.nbd.2011.01.029
10.1212/NXI.0000000000000866
10.3390/ijms232012545
10.1038/srep42984
10.1371/journal.pbio.3001287
10.1016/j.cell.2021.09.007
10.3389/fnmol.2017.00191
10.1126/scisignal.2005965
10.1016/j.trsl.2022.08.006
10.3389/fphar.2021.643254
10.1038/s41577-019-0228-2
10.1042/BCJ20210711
10.3390/jcm13195915
10.1111/nan.12999
10.3390/biom12050655
10.1126/sciadv.abn1702
10.3389/fnmol.2018.00144
10.1074/jbc.M300227200
10.1089/ars.2010.3482
10.1111/febs.14354
10.1016/j.cell.2020.11.033
10.1146/annurev-cellbio-092910-154005
10.1242/jcs.222984
10.1016/j.jmb.2017.08.012
10.1016/j.freeradbiomed.2013.05.014
10.1186/1742-2094-8-44
10.1371/journal.pone.0013481
10.1002/glia.20691
10.1007/s00401-015-1504-2
10.1101/cshperspect.a008888
10.1016/j.nbd.2015.02.031
10.1111/j.1471-4159.2008.05217.x
10.1093/hmg/ddw185
10.1126/science.1153124
10.1016/j.bbrc.2019.02.076
10.1007/s00401-018-1907-y
10.1093/brain/awab214
10.1038/s41420-024-01824-8
10.1186/s12974-015-0455-9
10.1186/s12974-015-0320-x
10.18632/aging.103440
10.1001/jamaneurol.2014.391
10.1212/01.wnl.0000201252.57661.e1
10.1016/j.neuint.2024.105774
10.1093/brain/awu020
10.1001/jamaneurol.2019.4611
10.1007/s12640-019-00027-9
10.1186/s13024-023-00630-7
10.1038/nrneurol.2010.52
10.1186/gm566
10.1016/S1474-4422(19)30287-X
10.3390/brainsci12101308
10.3390/jpm11030169
10.1089/crispr.2021.0025
10.1016/j.ymthe.2018.08.019
10.1523/JNEUROSCI.3900-15.2016
10.1016/j.bbrc.2019.08.140
10.1016/j.neuron.2019.02.017
10.2174/1566523216666160729113558
10.1016/j.parkreldis.2019.07.018
10.3390/ijms22063064
10.1016/j.bbi.2024.03.005
10.1038/s41592-022-01547-7
10.3389/fncel.2022.808598
10.1038/s42003-022-04200-3
10.3389/fnmol.2020.618020
10.1016/j.neulet.2019.134310
10.1038/mtm.2016.26
10.1080/21655979.2022.2068754
10.1016/j.nbd.2005.08.002
10.1016/j.parkreldis.2012.07.002
10.1016/j.clineuro.2024.108404
10.1038/s41380-021-01050-z","Parkinson’s disease, alpha-synuclein, microglia, neuroinflammation, propagation"
39520734,Environmental and occupational exposure to organochlorine pesticides associated with Parkinson's disease risk: A systematic review and meta-analysis based on epidemiological evidence,"Xu Y, Su Y, Cai S, Yao Y, Chen X.",Public Health. 2024 Dec;237:374-386. doi: 10.1016/j.puhe.2024.10.035. Epub 2024 Nov 9.,Xu Y,Public Health,2024,2024/11/09,,,10.1016/j.puhe.2024.10.035,39520734,Environmental and occupational exposure to organochlorine pesticides associated with Parkinson's disease risk: A systematic review and meta-analysis based on epidemiological evidence.,"The purpose of this study was to analyze the association between environmental and occupational organochlorine pesticides (OCPs) exposure and Parkinson's disease (PD) risk.
Systematic review and meta-analysis.
A comprehensive search of articles before March 18, 2024, was conducted through PubMed, Cochrane, Embase, Medlin and Web of Science databases, and the relevant data were expressed as odds ratios (OR) and 95 % confidence intervals (CI). Newcastle-Ottawa Scale (NOS) was used to evaluate literature quality. STATA (Version 11.0) was used for analysis.
This meta-analysis included 17 case-control studies. The results showed that OCPs exposure increased PD risk, including seven blood sample assessment exposure (BOCPs) studies (OR = 1.54, 95 % CI = 1.32-1.79) and 10 indirect assessment exposure (IOCPs) studies (OR = 1.19, 95 % CI = 1.04-1.35). Location subgroup analysis showed that OCPs was positively associated with PD risk in Asia, while there was no statistical significance in North America and Europe. The IOCPs functional subclasses subgroup results suggested that organochlorine insecticides were significantly associated with PD risk (OR = 1.18, 95%CI = 1.03-1.37). Study time may be a factor of high heterogeneity in BOCPs. In addition, BOCPs (OR = 1.49, 95%CI = 1.28-1.74) and IOCPs (OR = 1.10, 95%CI = 0.95-1.26) showed different results with PD risk.
Study suggests that OCPs exposure may be a risk factor for PD, but there may be location and OCPs type differences.","Xu, Su, Cai, Yao, Chen",2024-11-13,Public health,10.1016/j.puhe.2024.10.035,"Epidemiology, Meta-analysis, Organochlorine pesticides, Parkinson's disease"
37184845,"The Water, the Air, the Marines-Camp Lejeune, Trichloroethylene, and Parkinson Disease","Dorsey ER, Greenamyre JT, Willis AW.",JAMA Neurol. 2023 Jul 1;80(7):663-665. doi: 10.1001/jamaneurol.2023.1174.,Dorsey ER,JAMA Neurol,2023,2023/05/15,,,10.1001/jamaneurol.2023.1174,37184845,"The Water, the Air, the Marines-Camp Lejeune, Trichloroethylene, and Parkinson Disease.",,"Dorsey, Greenamyre, Willis",2023-05-15,JAMA neurology,10.1001/jamaneurol.2023.1174,
35155833,People with Parkinson's disease and housing issues: A scoping review,"Iwarsson S, Andersson N, Slaug B, Nilsson MH.",Health Sci Rep. 2022 Feb 9;5(2):e511. doi: 10.1002/hsr2.511. eCollection 2022 Mar.,Iwarsson S,Health Sci Rep,2022,2022/02/14,PMC8827270,,10.1002/hsr2.511,35155833,People with Parkinson's disease and housing issues: A scoping review.,"There is evidence that housing issues are associated with health outcomes as people age, but little is known in this respect regarding the specific population of people with Parkinson's disease (PD). The objective of this literature review was to identify and analyze the knowledge gap concerning people with PD and housing issues.
Applying established guidelines for scoping reviews, a systematic literature search was done in relevant databases applying the following inclusion criteria: empirical studies including human participants with PD, addressing housing in the objective, hypothesis or research questions, and published in English in peer-reviewed journals. Data were analyzed using a framework of domains, factors, and variables influencing housing decisions among older people.
Twelve publications were identified, originating from a few researchers and with very different scopes. While the social dimension was scarcely attended to, the publications addressed all six domains of the analytical framework and 30% of the variables specified therein, but many were only used for descriptive purposes.
This scoping review reveals that there is a substantial knowledge gap regarding people with PD and housing issues. The knowledge gap is most evident in the social dimension, while the studies identified provide more information relating to the health dimension than what is the case in research on housing targeting the general aging population. Because society urgently needs evidence to support the development of housing policies and provide suitable housing for this vulnerable population, more research targeting people with PD and housing issues is warranted.","Iwarsson, Andersson, Slaug, Nilsson",2022-02-15,Health science reports,"10.1002/hsr2.511
10.2147/PROM.S15986
10.3109/09638288.2014.898807
10.1155/2018/4598651
10.3389/fneur.2018.00589
10.1111/ane.12946
10.1080/09638280701828930
10.1155/2012/856237
10.1016/j.gaitpost.2017.04.005
10.1016/j.neubiorev.2015.11.014
10.1007/s10433-009-0114-z
10.1111/jocn.13565
10.1093/geront/gnp056
10.2147/NDT.S280960
10.1186/s12874-018-0611-x
10.7326/M18-0850
10.1016/j.jclinepi.2009.06.006
10.1371/journal.pone.0189266
10.1186/s13643-016-0384-4
10.1155/2013/710839
10.1186/1471-2377-13-142
10.1007/s40520-013-0165-z
10.1186/s12877-016-0319-x
10.1111/ane.12763
10.1007/s40520-020-01477-4
10.1186/s12877-020-01574-z
10.1016/j.parkreldis.2015.08.025
10.3389/fneur.2018.00360
10.1111/j.1468-1331.2008.02380.x
10.1155/2016/3703745
10.1080/13696998.2019.1693383
10.1080/09638280902850261
10.1177/1049732319851485
10.3233/JPD-150631
10.3233/JPD-202035
10.1093/geront/43.5.616
10.1080/02763893.2016.1198742
10.4276/030802210X12706313444027
10.1080/01924788.2014.901045
10.1016/S1474-4422(14)70055-9
10.1155/2013/906274
10.1080/09638288.2018.1479779
10.1016/j.apmr.2016.01.015
10.1111/hsc.12518
10.1177/1471301217692130
10.1016/j.ijnurstu.2011.10.003
10.1016/j.parkreldis.2017.05.025
10.3390/ijerph15071331
10.1136/jech-2013-203097
10.1017/S0144686X16000477
10.1111/1440-1630.12038
10.1016/j.parkreldis.2019.04.020","PRISMA‐ScR checklist, environment, frail older adult, review literature as topic"
40506444,Longitudinal assessment of the association between pesticide exposure and lifestyle with Parkinson's disease motor severity,"Lüth T, Caliebe A, Gabbert C, Sendel S, Laabs BH, König IR, Klein C, Trinh J.",NPJ Parkinsons Dis. 2025 Jun 12;11(1):164. doi: 10.1038/s41531-025-01010-2.,Lüth T,NPJ Parkinsons Dis,2025,2025/06/12,PMC12162858,,10.1038/s41531-025-01010-2,40506444,Longitudinal assessment of the association between pesticide exposure and lifestyle with Parkinson's disease motor severity.,"Longitudinal investigations on the relationship between lifestyle exposures and motor severity are lacking. In this longitudinal study, we included patients with idiopathic Parkinson's disease (iPD) (N = 5139) and LRRK2-related PD (N = 81) from PPMI-Online and Fox Insight. Motor aspects were followed for up to five years. We investigated the association between environmental exposure, lifestyle factors and motor aspect severity over time by applying linear mixed effects models. In LRRK2-PD, black tea consumption was associated with less severe motor aspects (β = -0.51, p = 0.028). In patients with iPD, pesticide exposure was associated with more severe motor aspects over time in PPMI-Online (β = 0.23, p = 3.56 × 10","Lüth, Caliebe, Gabbert, Sendel, Laabs, König, Klein, Trinh",2025-06-13,NPJ Parkinson's disease,"10.1038/s41531-025-01010-2
10.3233/JPD-181474
10.1016/S1474-4422(24)00038-3
10.1093/brain/awae188
10.1093/brain/awae073
10.1002/ana.23687
10.3233/JPD-230357
10.1017/cjn.2019.248
10.2478/intox-2014-0017
10.3233/JPD-240015
10.1016/j.scitotenv.2022.160851
10.1016/j.envres.2018.10.008
10.1080/09603123.2022.2047903
10.1016/j.envres.2021.112581
10.1136/oem.2006.032078
10.1212/WNL.0b013e318294b3c8
10.1016/j.mito.2007.09.002
10.2174/1874609807666140805123621
10.1007/s00415-022-11282-w
10.1016/j.parkreldis.2018.05.022
10.1016/j.parkreldis.2017.09.022
10.1007/s00415-022-11041-x
10.1007/s10072-018-3253-1
10.1002/mds.28238
10.3233/JPD-191829
10.1038/s41598-023-31531-w
10.1002/mds.29563
10.1016/S1474-4422(16)30203-4
10.1038/s41597-024-03407-9
10.1212/WNL.98.18_supplement.1529
10.1002/acn3.644
10.1002/mdc3.12553
10.1016/j.pneurobio.2018.09.003
10.1038/s41531-024-00703-4
10.1073/pnas.1700465115
10.1016/j.nbd.2018.03.008
10.1093/hmg/ddu138
10.1111/febs.16099
10.1073/pnas.2303789120
10.1126/scitranslmed.abo1557
10.3389/fneur.2020.00881
10.1016/j.molmed.2015.05.004
10.1212/WNL.0000000000008245
10.1038/s41591-022-01978-x
10.1001/archinternmed.2012.1397
10.1002/cncr.28695
10.3389/fnagi.2020.00004
10.1007/s11910-024-01339-w
10.1056/EVIDoa2200311
10.1631/jzus.B2000540
10.1002/tox.24275
10.3389/fnins.2018.00137
10.1212/WNL.0000000000010863
10.1002/mds.28551
10.1002/mds.29122
10.1056/NEJMoa2312323
10.1007/s00415-016-8384-9
10.1186/s12883-019-1427-y
10.1002/ana.1052
10.18637/jss.v067.i01",
35262433,Is ambient air pollution a risk factor for Parkinson's disease? A meta-analysis of epidemiological evidence,"Dhiman V, Trushna T, Raj D, Tiwari RR.",Int J Environ Health Res. 2023 Aug;33(8):733-750. doi: 10.1080/09603123.2022.2047903. Epub 2022 Mar 9.,Dhiman V,Int J Environ Health Res,2023,2022/03/09,,,10.1080/09603123.2022.2047903,35262433,Is ambient air pollution a risk factor for Parkinson's disease? A meta-analysis of epidemiological evidence.,"Current evidence shows inconsistencies about ambient air pollution (AAP) exposure as a risk factor for Parkinson's disease (PD). We performed meta-analyses to estimate the pooled risk of PD due to AAP exposure. We performed a systematic search in PubMed, Google Scholar, The Cochrane Library, and J-GATEPLUS databases for peer-reviewed epidemiological studies reporting the risk of PD due to exposure to PM","Dhiman, Trushna, Raj, Tiwari",2022-03-10,International journal of environmental health research,10.1080/09603123.2022.2047903,"Air pollution, Parkinson’s disease, epidemiology, meta-Analysis, risk"
39880740,Filipinos and Parkinson's disease: A scoping review of the literature,"Krening E, Dy Closas AMF, Yu JRT, Seto TB, Terpak L, Bruno MK.",Parkinsonism Relat Disord. 2025 Mar;132:107271. doi: 10.1016/j.parkreldis.2025.107271. Epub 2025 Jan 13.,Krening E,Parkinsonism Relat Disord,2025,2025/01/29,,,10.1016/j.parkreldis.2025.107271,39880740,Filipinos and Parkinson's disease: A scoping review of the literature.,"Filipinos are the third largest sub-group of Asian Americans in the United States and have greater socioeconomic and health disparities than many other Asian sub-groups [1,2,3,4,5,6,7,8]. Characteristics of Filipino patients with Parkinson's disease (PD) have not been adequately studied.
To scope the extent, range and nature of current knowledge on PD in Filipino-American (FA) patients in contrast to Filipino patients in general.
We undertook a scoping review including all types of research relating to PD in Filipinos. We searched the following electronic databases: MEDLINE via PubMed, Google Scholar, Cochrane Library, Herdin and Journals@OVID (searched 1944-November 2024). Criteria for inclusion were peer-reviewed empirical articles published in English that specifically included and described Filipino patients with PD. We reviewed all eligible articles and categorized them by general topical themes.
The scoping review resulted in 48 eligible papers (Fig. 1). There were 7 papers that discussed PD in FA, and 35 papers that discussed PD in the Philippines. The main themes identified from the scoping review were: epidemiology/etiology (n = 19, 39 %), clinical manifestations and management (n = 20, 42 %), and access to PD care (n = 9, 19 %).
There is a paucity of information on PD in the FA population, with the majority of studies from the Philippines. Further studies on FA in the US, when compared to the studies from the Philippines, may shed light on how differences in the environment and sociodemographic factors may influence the nature and course of PD.","Krening, Dy Closas, Yu, Seto, Terpak, Bruno",2025-01-30,Parkinsonism & related disorders,10.1016/j.parkreldis.2025.107271,"Asian American, Filipino, Parkinson's disease"
33250846,Technology-Enabled Care: Integrating Multidisciplinary Care in Parkinson's Disease Through Digital Technology,"Luis-Martínez R, Monje MHG, Antonini A, Sánchez-Ferro Á, Mestre TA.",Front Neurol. 2020 Oct 30;11:575975. doi: 10.3389/fneur.2020.575975. eCollection 2020.,Luis-Martínez R,Front Neurol,2020,2020/11/30,PMC7673441,,10.3389/fneur.2020.575975,33250846,Technology-Enabled Care: Integrating Multidisciplinary Care in Parkinson's Disease Through Digital Technology.,"Parkinson's disease (PD) management requires the involvement of movement disorders experts, other medical specialists, and allied health professionals. Traditionally, multispecialty care has been implemented in the form of a multidisciplinary center, with an inconsistent clinical benefit and health economic impact. With the current capabilities of digital technologies, multispecialty care can be reshaped to reach a broader community of people with PD in their home and community. Digital technologies have the potential to connect patients with the care team beyond the traditional sparse clinical visit, fostering care continuity and accessibility. For example, video conferencing systems can enable the remote delivery of multispecialty care. With big data analyses, wearable and non-wearable technologies using artificial intelligence can enable the remote assessment of patients' conditions in their natural home environment, promoting a more comprehensive clinical evaluation and empowering patients to monitor their disease. These advances have been defined as technology-enabled care (TEC). We present examples of TEC under development and describe the potential challenges to achieve a full integration of technology to address complex care needs in PD.","Luis-Martínez, Monje, Antonini, Sánchez-Ferro, Mestre",2020-12-01,Frontiers in neurology,"10.3389/fneur.2020.575975
10.1212/01.wnl.0000247740.47667.03
10.1136/bmj.g1838
10.1002/mds.26723
10.1146/annurev-bioeng-062117-121036
10.1002/mds.26642
10.1007/s00415-018-8761-7
10.1001/jama.292.18.2273
10.1038/nrneurol.2018.31
10.1001/jamaneurol.2013.123
10.1016/S1474-4422(19)30285-6
10.1097/MD.0000000000012319
10.2196/19106
10.1089/tmj.2017.0295
10.1002/mds.26718
10.1002/mds.22445
10.3233/JPD-2012-11071
10.1016/j.jneumeth.2011.09.019
10.1371/journal.pone.0171764
10.3390/s141121329
10.1586/17434440.2016.1153421
10.3390/s17040827
10.1016/j.parkreldis.2019.06.012
10.3233/JPD-160830
10.1080/14737175.2018.1503948
10.1093/brain/awn237
10.1007/s10072-019-04144-3
10.1212/WNL.0000000000005603
10.1371/journal.pone.0224819
10.1097/MRR.0000000000000190
10.1186/s12984-019-0492-1
10.3389/fnint.2013.00075
10.23736/S1973-9087.17.04680-9
10.1111/1460-6984.12400
10.1016/j.jns.2017.11.015
10.1007/s10072-016-2474-4
10.12965/jer.1836618.309
10.3109/17483107.2010.507856
10.1002/mds.10248
10.1111/j.1755-5949.2011.00253.x
10.1002/mds.27862
10.1007/s00415-019-09348-3
10.1002/mds.21429
10.1016/S1353-8020(09)70831-4
10.1080/13543784.2020.1771693
10.3390/s20092713
10.3389/fncom.2018.00072
10.1007/s00415-009-5141-3
10.1590/0004-282X20140228
10.1016/j.parkreldis.2016.09.013
10.1109/JBHI.2015.2464354
10.1007/s10198-005-0290-5
10.1016/j.parkreldis.2007.06.003
10.1002/mds.21360
10.1002/mds.25903
10.1016/j.cell.2020.03.022
10.1002/mds.27671
10.1186/s13063-018-2767-4
10.1007/s11136-018-2092-0
10.1002/mds.27673
10.2196/12805","Parkinson's disease, home care (HC), multidisciplinary care model, rehabilitation, technology"
36673709,Comparing Backward Walking Performance in Parkinson's Disease with and without Freezing of Gait-A Systematic Review,"Milane T, Hansen C, Chardon M, Bianchini E, Vuillerme N.",Int J Environ Res Public Health. 2023 Jan 4;20(2):953. doi: 10.3390/ijerph20020953.,Milane T,Int J Environ Res Public Health,2023,2023/01/21,PMC9859157,,10.3390/ijerph20020953,36673709,Comparing Backward Walking Performance in Parkinson's Disease with and without Freezing of Gait-A Systematic Review.,"Parkinson's disease (PD) is a neurodegenerative disease characterized by motor symptoms and gait impairments. Among them, freezing of gait (FOG) is one of the most disabling manifestations. Backward walking (BW) is an activity of daily life that individuals with PD might find difficult and could cause falls. Recent studies have reported that gait impairments in PD were more pronounced in BW, particularly in people presenting FOG. However, to the best of our knowledge, no systematic review has synthetized the literature which compared BW performance in PD patients with and without FOG.
The aim of this study was to evaluate the differences in BW performance between PD patients with FOG and PD patients without FOG.
Two databases, PubMed and Web of Science, were systematically searched to identify studies comparing BW performance in PD patients with and without FOG. The National Institutes of Health (NIH) tool was used to assess the quality of the studies included.
Seven studies with 431 PD patients (179 PD with FOG and 252 PD without FOG) met the inclusion criteria and were included in this review. Among them, 5 studies reported walking speed, 3 studies step length, stride length and lower limb range of motion, 2 studies functional ambulation profile, toe clearance height, swing, and stance percent and 1 study reported the decomposition index and stepping coordination. Compared to PD patients without FOG, PD patients with FOG showed slower walking speed and reduced step length in 3 studies, shorter stride length, lower functional ambulation profile and decreased ankle range of motion in 2 studies, and smaller swing percent, higher stance percent, worse stepping coordination, greater decomposition between movements, and lower toe clearance height in one study.
Despite the small number of included studies, the findings of this review suggested that PD patients with FOG have worse gait performance during the BW task than PD without FOG.","Milane, Hansen, Chardon, Bianchini, Vuillerme",2023-01-22,International journal of environmental research and public health,"10.3390/ijerph20020953
10.1016/j.cger.2019.08.002
10.1016/S0268-0033(01)00035-3
10.1016/S1474-4422(19)30044-4
10.1152/physiol.00034.2015
10.1002/mds.21927
10.1016/S1474-4422(11)70143-0
10.1016/j.gaitpost.2022.03.009
10.1016/S0966-6362(98)00007-1
10.1002/mds.22330
10.1016/j.gaitpost.2013.02.014
10.1093/gerona/60.5.627
10.1016/j.gaitpost.2012.09.022
10.1016/j.gaitpost.2019.08.005
10.3233/NRE-2011-0700
10.1016/j.gaitpost.2012.03.028
10.3988/jcn.2019.15.4.473
10.1177/1545968309341061
10.1016/j.parkreldis.2012.05.019
10.2340/16501977-2238
10.1016/j.gaitpost.2018.01.034
10.1123/jab.2019-0253
10.1016/j.parkreldis.2017.10.013
10.1136/bmj.n71
10.1212/WNL.57.8.1497
10.1001/archneur.56.1.33
10.1002/(SICI)1096-8628(19991015)88:5<539::AID-AJMG19>3.0.CO;2-S
10.1002/ana.410320721
10.1016/S1353-8020(99)00062-0
10.1016/j.gaitpost.2009.07.108
10.3200/35-09-002
10.1002/mds.24934
10.1016/j.neuropsychologia.2010.05.022
10.1038/s41572-021-00280-3
10.1002/mds.21720
10.1002/mds.21850
10.3233/JPD-130221
10.1016/j.parkreldis.2014.09.023
10.1016/j.parkreldis.2015.08.009
10.1002/mds.23327
10.1007/s00702-012-0964-y
10.1016/j.parkreldis.2014.06.022
10.3390/brainsci11111496
10.1016/j.jns.2015.06.046
10.1016/j.neubiorev.2017.01.010
10.1002/mds.21984
10.1007/s00415-016-8174-4
10.1007/s10072-018-3625-6
10.1001/jamaneurol.2014.753
10.1002/mds.25545
10.1002/brb3.931","Parkinson’s disease, backward walking, freezing of gait, gait"
33395012,Extrinsic and Behavioral Fall Risk Factors in People With Parkinson's Disease: An Integrative Review,"Kuljeerung O, Lach HW.",Rehabil Nurs. 2021 Jan-Feb 01;46(1):3-10. doi: 10.1097/rnj.0000000000000265.,Kuljeerung O,Rehabil Nurs,2021,2021/01/04,,,10.1097/rnj.0000000000000265,33395012,Extrinsic and Behavioral Fall Risk Factors in People With Parkinson's Disease: An Integrative Review.,"The aim of the study was to explore extrinsic and behavioral risks for falls in older adults with Parkinson's disease (PD).
Falls that cause injury and disability in people with PD are common. Understanding the role of extrinsic and behavioral factors is important for fall prevention.
Integrative literature review with search of CINAHL, MEDLINE, and SCOPUS and ancestry searching was performed.
The methodology of Whittemore and Knafl guided the review; ten studies were included.
Falls occur indoors and outdoors, commonly during daily activities in familiar home environments, but also when out in the community. Common challenges include uneven and unfamiliar environments and risky behavior like hurrying.
Extrinsic risk factors combined with behavioral and intrinsic factors contribute to falls in people with PD both at home and in the community.
Rehabilitation of people with PD should include assessment of falls, function, extrinsic risk factors, and fit with their environment to develop fall prevention plans.","Kuljeerung, Lach",2021-01-05,Rehabilitation nursing : the official journal of the Association of Rehabilitation Nurses,"10.1097/rnj.0000000000000265
10.1155/2013/906274
10.1080/09638280701828930
10.1371/journal.pone.0150621
10.1002/mds.27195
10.1177/000841740807500204
10.1016/j.jns.2016.03.037
10.1007/s10072-016-2504-2
10.1016/j.gerinurse.2014.05.001
10.1002/mds.20324
10.1186/s12883-016-0612-5
10.1016/s0140-6736(14)61393-3
10.1016/j.gaitpost.2017.04.005
10.1155/2012/856237
10.3109/17549507.2010.486446
10.1016/j.ncl.2016.06.012
10.3390/ijerph120911954
10.1007/s00415-010-5573-9
10.1002/mds.25945
10.1016/j.cger.2010.07.001
10.1007/s00702-015-1396-2
10.1177/0163278716684166
10.5114/ninp.2013.38222
10.1038/npjparkd.2015.11
10.1007/s40520-013-0165-z
10.1155/2013/704237
10.5014/ajot.2017.018887
10.5014/ajot.2010.08065
10.1001/jama.2017.15006
10.1111/opn.12171
10.1111/j.1365-2648.2005.03621.x
10.1016/j.clinbiomech.2018.06.013",
34639343,Assessment of Force Production in Parkinson's Disease Subtypes,"Pelicioni PHS, Pereira MP, Lahr J, Dos Santos PCR, Gobbi LTB.",Int J Environ Res Public Health. 2021 Sep 24;18(19):10044. doi: 10.3390/ijerph181910044.,Pelicioni PHS,Int J Environ Res Public Health,2021,2021/10/13,PMC8507744,,10.3390/ijerph181910044,34639343,Assessment of Force Production in Parkinson's Disease Subtypes.,"Muscle weakness is a secondary motor symptom of Parkinson's disease (PD), especially in the subtype characterized by postural instability and gait difficulty (PIGD). Since the PIGD subtype also presents worse bradykinesia, we hypothesized that it also shows a decreased rate of force development, which is linked to an increased risk of falling in PD. Therefore, we investigated the effects of PD and PD subtypes on a force production profile and correlated the force production outcomes with clinical symptoms for each PD subtype. We assessed three groups of participants: 14 healthy older adults (OA), 10 people with PD composing the PIGD group, and 14 people with PD composing the tremor-dominant group. Three knee extension maximum voluntary isometric contractions were performed in a leg extension machine equipped with a load cell to assess the force production. The outcome measures were: peak force and rate of force development (RFD) at 50 ms (RFD50), 100 ms (RFD100), and 200 ms (RFD200). We observed lower peak force, RFD50, RFD100, and RFD200 in people with PD, regardless of subtypes, compared with the OA group (","Pelicioni, Pereira, Lahr, Dos Santos, Gobbi",2021-10-14,International journal of environmental research and public health,"10.3390/ijerph181910044
10.1123/japa.12.4.511
10.1016/j.neulet.2006.11.009
10.1097/PHM.0b013e3181a9ed9b
10.1136/jnnp.42.1.35
10.1177/1545968311425925
10.1155/2012/901721
10.1093/gerona/glr158
10.1007/s00421-015-3312-8
10.1097/01.PHM.0000146505.18244.43
10.1093/gerona/gly169
10.1152/japplphysiol.00283.2002
10.1007/s11999-009-0978-4
10.1111/sms.12241
10.1016/j.clinbiomech.2017.04.003
10.3389/fnagi.2019.00154
10.1016/j.parkreldis.2009.12.011
10.1113/jphysiol.2009.183855
10.1093/brain/124.11.2131
10.1002/mds.1220
10.1177/1545968312446754
10.1002/mds.22609
10.1016/j.exger.2018.06.031
10.3390/ijerph16122216
10.1016/j.clinbiomech.2020.105010
10.1093/gerona/glaa174
10.1016/j.gaitpost.2018.03.046
10.1136/jnnp.55.3.181
10.1212/WNL.40.10.1529
10.1002/mds.23429
10.1016/j.archger.2010.04.024
10.1007/s00421-016-3346-6
10.22237/jmasm/1257035100
10.1123/mcj.17.2.203
10.1113/jphysiol.1977.sp011689
10.1007/BF00235800
10.1152/jn.00094.2003
10.1093/gerona/56.3.M146
10.2147/CIA.S165085
10.1093/ageing/27.1.55
10.1016/j.exger.2019.110654
10.1016/j.gaitpost.2016.04.002
10.1002/mds.23893","Parkinson’s disease, force production, muscle power, subtypes"
38992186,Digital biomarkers for non-motor symptoms in Parkinson's disease: the state of the art,"Janssen Daalen JM, van den Bergh R, Prins EM, Moghadam MSC, van den Heuvel R, Veen J, Mathur S, Meijerink H, Mirelman A, Darweesh SKL, Evers LJW, Bloem BR.",NPJ Digit Med. 2024 Jul 11;7(1):186. doi: 10.1038/s41746-024-01144-2.,Janssen Daalen JM,NPJ Digit Med,2024,2024/07/11,PMC11239921,,10.1038/s41746-024-01144-2,38992186,Digital biomarkers for non-motor symptoms in Parkinson's disease: the state of the art.,"Digital biomarkers that remotely monitor symptoms have the potential to revolutionize outcome assessments in future disease-modifying trials in Parkinson's disease (PD), by allowing objective and recurrent measurement of symptoms and signs collected in the participant's own living environment. This biomarker field is developing rapidly for assessing the motor features of PD, but the non-motor domain lags behind. Here, we systematically review and assess digital biomarkers under development for measuring non-motor symptoms of PD. We also consider relevant developments outside the PD field. We focus on technological readiness level and evaluate whether the identified digital non-motor biomarkers have potential for measuring disease progression, covering the spectrum from prodromal to advanced disease stages. Furthermore, we provide perspectives for future deployment of these biomarkers in trials. We found that various wearables show high promise for measuring autonomic function, constipation and sleep characteristics, including REM sleep behavior disorder. Biomarkers for neuropsychiatric symptoms are less well-developed, but show increasing accuracy in non-PD populations. Most biomarkers have not been validated for specific use in PD, and their sensitivity to capture disease progression remains untested for prodromal PD where the need for digital progression biomarkers is greatest. External validation in real-world environments and large longitudinal cohorts remains necessary for integrating non-motor biomarkers into research, and ultimately also into daily clinical practice.","Janssen Daalen, van den Bergh, Prins, Moghadam, van den Heuvel, Veen, Mathur, Meijerink, Mirelman, Darweesh, Evers, Bloem",2024-07-12,NPJ digital medicine,"10.1038/s41746-024-01144-2
10.3233/JPD-239901
10.1002/mds.22340
10.1002/mds.27790
10.1007/s13311-020-00901-x
10.1016/S1474-4422(19)30397-7
10.1001/jamaneurol.2018.0809
10.1038/s41746-022-00607-8
10.1002/ana.26612
10.1038/s41598-022-15874-4
10.1002/mds.26720
10.1002/mds.26424
10.1002/mds.23462
10.1002/mds.26431
10.1002/mds.26731
10.1016/j.parkreldis.2021.07.032
10.1080/14737175.2018.1530593
10.1016/j.eswa.2023.120541
10.1093/brain/aww291
10.1038/s41531-017-0038-9
10.3389/fneur.2019.00356
10.1002/mds.28006
10.1001/jamaneurol.2014.65
10.1111/ene.14386
10.1016/j.sleep.2017.11.455
10.1186/1471-2377-14-76
10.1016/j.clineuro.2010.02.011
10.1371/journal.pone.0081233
10.1016/j.parkreldis.2014.02.011
10.1093/ije/dyy098
10.1016/j.ijmedinf.2018.08.010
10.1021/acssensors.9b02451
10.1007/s00420-020-01641-3
10.2196/25258
10.3233/JAD-170375
10.1192/bjp.2019.168
10.1007/s00421-011-2079-9
10.1249/01.mss.0000218135.79476.9c
10.1007/s00421-008-0742-6
10.3389/fspor.2021.585870
10.1111/psyp.13898
10.1016/j.autneu.2011.07.010
10.1111/cpf.12203
10.1016/j.medengphy.2007.05.014
10.1371/journal.pone.0268361
10.1088/1361-6579/ab840a
10.1186/s12883-019-1394-3
10.1038/s41551-020-0534-9
10.1109/TBCAS.2013.2272013
10.1038/s41598-021-90659-9
10.1038/s41467-021-22109-z
10.1038/s41598-018-19239-8
10.3389/fneur.2018.00157
10.1016/j.physbeh.2006.04.026
10.1109/TBCAS.2019.2946661
10.1038/s41598-020-73172-3
10.1038/s41598-021-99294-w
10.1038/s41598-019-44348-3
10.1111/nmo.13451
10.1007/s10620-020-06663-y
10.1136/bmjgast-2016-000118
10.1007/s10620-009-0899-9
10.1007/BF00265212
10.1007/s00455-014-9593-y
10.1159/000517144
10.1044/2020_JSLHR-20-00171
10.1016/S2666-7568(20)30015-5
10.1002/ana.22468
10.1111/jgs.15555
10.1212/WNL.0b013e318259e1de
10.1016/j.jalz.2019.04.009
10.1109/JBHI.2020.2985907
10.1016/j.jocn.2013.09.017
10.3233/AIS-160385
10.1109/JBHI.2015.2445754
10.1109/JBHI.2018.2798062
10.1109/TBME.2015.2389149
10.2147/CIA.S36297
10.3233/JAD-180652
10.1111/pcn.13521
10.1097/WAD.0000000000000037
10.1016/j.jad.2020.12.086
10.2196/22723
10.2196/26540
10.2196/24872
10.2196/mhealth.7297
10.2196/24604
10.1109/TBME.2016.2611862
10.2196/35549
10.3346/jkms.2023.38.e142
10.1017/S0033291723001034
10.1017/S003329172100297X
10.1002/mds.22057
10.2196/15704
10.2196/20214
10.1371/journal.pone.0189161
10.3233/JPD-223190
10.2196/16371
10.1002/mds.27802
10.1016/j.sleep.2020.06.020
10.1007/s11910-022-01226-2
10.1007/s10286-018-0557-4
10.5664/jcsm.8934
10.1007/s00702-022-02528-y
10.1136/jnnp.70.3.305
10.3233/JPD-181306
10.3389/fneur.2019.00621
10.1038/s41531-021-00181-y
10.1056/NEJMra2215898
10.2196/mhealth.5284
10.1159/000500354
10.3389/fdgth.2021.749758
10.1007/s40520-016-0703-6
10.1056/NEJMoa2202867
10.1371/journal.pone.0275747
10.3233/JPD-202006
10.1002/mds.23290
10.1136/jnnp.70.6.727
10.1002/nau.20193
10.1093/chemse/bjj064
10.1016/j.jare.2018.06.002
10.1038/s41598-022-11152-5
10.1097/WNO.0000000000000637
10.3389/fnins.2020.569777
10.1038/s41531-021-00220-8
10.1038/s41746-020-0305-8
10.1159/000509725
10.1002/mds.27671
10.3233/JPD-202428
10.3389/fneur.2023.1150634
10.1016/j.jpainsymman.2007.10.008
10.1002/mds.26673
10.1038/s41746-022-00643-4
10.1111/resp.13700_24
10.3389/fdgth.2021.662811
10.3233/JPD-230051
10.1002/mds.21596
10.1111/j.1743-6109.2012.02954.x
10.1371/journal.pcbi.1000996",
40270951,Gluten and its relationship with inflammation and Parkinson's Disease: A literature review,"Muttalib Z, Aboukhalil D, Nwosu C, Manguerra DD Jr, Wen J, Ansari U, Alam M, Abed I, Tabaie E, Salem A, Lui F.",AIMS Neurosci. 2025 Mar 31;12(1):44-57. doi: 10.3934/Neuroscience.2025004. eCollection 2025.,Muttalib Z,AIMS Neurosci,2025,2025/04/24,PMC12011982,,10.3934/Neuroscience.2025004,40270951,Gluten and its relationship with inflammation and Parkinson's Disease: A literature review.,"Parkinson's Disease is a neurodegenerative central nervous system (CNS) disease that primarily affects the dopaminergic cells of the Substantia Nigra in the midbrain and causes a diverse array of symptoms, including dystonia, a loss of balance, difficulty initiating movements, akinesia, muscle spasms, and tremors. It has long been known that environmental and commercial compounds are linked to an increased risk of Parkinson's Disease. Of importance, gluten, a complex polysaccharide, has been hypothesized to cause some of the symptoms related to Parkinson's Disease. It is hypothesized that gluten causes a chronic inflammatory state which may lead to plaque formation and neuronal cell death in the substantia nigra, alongside the symptoms of Parkinson's Disease. This literature review hopes to explore the relationship gluten has as an inflammatory molecule and its role in the production and prolongation of the disease processes in Parkinson's Disease.","Muttalib, Aboukhalil, Nwosu, Manguerra, Wen, Ansari, Alam, Abed, Tabaie, Salem, Lui",2025-04-24,AIMS neuroscience,"10.3934/Neuroscience.2025004
10.1289/ehp.1002839
10.1016/S1474-4422(18)30072-3
10.3233/JPD-225047
10.3390/antiox11122467
10.1016/j.gastrohep.2014.01.005
10.1007/s12311-008-0052-x
10.3390/microorganisms6040107
10.3389/fnins.2017.00498
10.1177/15598276211049345
10.1371/journal.pone.0129218
10.1155/2009/278531
10.1093/brain/awt192
10.1186/s13024-018-0257-5
10.1002/mds.27138
10.1016/j.brainres.2015.04.015
10.1016/S1474-4422(14)70287-X
10.3390/nu8100644
10.1186/s12916-019-1380-z
10.4049/jimmunol.178.10.6590
10.3390/cells10051111
10.3390/cells10040756
10.3390/ijms21155407
10.3389/fneur.2020.00849
10.3390/ijms241511902
10.1503/jpn.180174
10.1093/advances/nmy056
10.1155/2014/293206
10.2174/1745017901511010180
10.1186/s12876-020-01390-0
10.1186/1741-7015-10-13
10.2147/ITT.S284821
10.1007/s00415-014-7245-7
10.1016/j.bbi.2022.12.008
10.3390/foods11081084
10.1002/biot.202200504
10.3748/wjg.v30.i3.225
10.1002/ana.21541
10.1016/j.biomaterials.2023.122135
10.1093/advances/nmz080
10.4049/jimmunol.1101526
10.3390/nu12061832
10.3390/nu14142781
10.1002/mds.26069
10.3390/nu14020380
10.1002/ana.23648
10.1186/1742-2094-9-188
10.3389/fnagi.2021.782082
10.1007/s10350-004-6802-z
10.3390/ijms242115662","Parkinson's Disease, Substantia Nigra, dyskinesia, dystonia, gluten, inflammation"
38187152,Triggers for freezing of gait in individuals with Parkinson's disease: a systematic review,"Conde CI, Lang C, Baumann CR, Easthope CA, Taylor WR, Ravi DK.",Front Neurol. 2023 Dec 21;14:1326300. doi: 10.3389/fneur.2023.1326300. eCollection 2023.,Conde CI,Front Neurol,2023,2024/01/08,PMC10771308,,10.3389/fneur.2023.1326300,38187152,Triggers for freezing of gait in individuals with Parkinson's disease: a systematic review.,"Freezing of Gait (FOG) is a motor symptom frequently observed in advanced Parkinson's disease. However, due to its paroxysmal nature and diverse presentation, assessing FOG in a clinical setting can be challenging. Before FOG can be fully investigated, it is critical that a reliable experimental setting is established in which FOG can be evoked in a standardized manner, but the efficacy of various gait tasks and triggers for eliciting FOG remains unclear.
This study aimed to conduct a systematic review of the existing literature and evaluate the available evidence for the relationship between specific motor tasks, triggers, and FOG episodes in individuals with Parkinson's disease (PwPD).
We conducted a literature search on four online databases (PubMed, Web of Science, EMBASE, and Cochrane Library) using the keywords ""Parkinson's disease,"" ""Freezing of Gait"", ""triggers"" and ""tasks"". A total of 128 articles met the inclusion criteria and were included in our analysis.
The review found that a wide range of gait tasks were employed in studies assessing FOG among PD patients. However, three tasks (turning, dual tasking, and straight walking) emerged as the most frequently used. Turning (28%) appears to be the most effective trigger for eliciting FOG in PwPD, followed by walking through a doorway (14%) and dual tasking (10%).
This review thereby supports the utilisation of turning, especially a 360-degree turn, as a reliable trigger for FOG in PwPD. This finding could be beneficial to clinicians conducting clinical evaluations and researchers aiming to assess FOG in a laboratory environment.","Conde, Lang, Baumann, Easthope, Taylor, Ravi",2024-01-08,Frontiers in neurology,"10.3389/fneur.2023.1326300
10.1016/j.apmr.2011.02.003
10.1002/mds.21956
10.1001/jamaneurol.2014.753
10.1016/S1474-4422(11)70143-0
10.1007/s10072-021-05796-w
10.1038/s41598-023-35421-z
10.1002/mds.21659
10.1016/j.parkreldis.2017.10.013
10.1007/s00415-014-7524-3
10.1002/mds.20115
10.1176/appi.neuropsych.17090177
10.1016/j.jns.2006.05.015
10.1016/j.nicl.2022.103123
10.1177/1073858414559101
10.2217/nmt-2016-0018
10.1002/mds.23033
10.1046/j.1468-1331.2003.00611.x
10.1136/jnnp.2008.160580
10.1002/ana.24778
10.1002/mds.23327
10.1002/brb3.1244
10.3233/JPD-160927
10.1016/S1474-4422(15)00053-8
10.1002/mds.25683
10.1080/09638288.2018.1483429
10.3389/fneur.2020.00185
10.3389/fneur.2018.00018
10.1371/journal.pone.0106561
10.1007/s00415-015-7759-7
10.1007/s00415-014-7347-2
10.3389/fnhum.2021.636414
10.1002/mds.27417
10.1002/mds.27709
10.1177/1545968314545175
10.1080/02688690802448376
10.1016/j.jbiomech.2023.111714
10.1016/S1474-4422(15)00041-1
10.3109/09638289809166074
10.1016/j.parkreldis.2011.09.006
10.1002/mds.22144
10.3389/fneur.2018.00540
10.1002/mds.22340
10.1002/mds.21745
10.1016/j.gaitpost.2009.07.108
10.1002/mds.21927
10.1002/mdc3.12893
10.3233/JPD-191813
10.1002/mds.23990
10.1016/j.parkreldis.2018.11.013
10.1002/mds.22993
10.1101/671479
10.1155/2018/2957427
10.3389/fneur.2021.628388
10.1016/j.gaitpost.2012.10.026
10.3389/fneur.2017.00279
10.1155/2020/4104712
10.1016/j.parkreldis.2018.03.009
10.1002/mds.25285
10.1016/j.neuroscience.2013.01.038
10.1016/j.bandc.2014.03.005
10.1371/journal.pmed.1003583
10.1002/mds.20213
10.1371/journal.pone.0231984
10.1371/journal.pone.0171764
10.1016/j.neuroscience.2016.11.045
10.1016/j.neuropsychologia.2010.05.022
10.1007/s11910-013-0350-7
10.1111/j.1460-9568.2005.04298.x
10.1371/journal.pone.0144986
10.1016/j.brainresrev.2007.06.024
10.1016/S0079-6123(03)43023-9
10.1186/s12984-016-0147-4
10.1002/ana.20452
10.1007/s00221-008-1520-8
10.1093/ptj/82.9.888
10.2522/ptj.20090043
10.1016/j.bbr.2019.112214
10.1212/WNL.42.2.333
10.3233/JPD-191683
10.1109/TNSRE.2021.3119390","Parkinson’s disease, freezing, gait, tasks, triggers"
40909010,Identifying subtypes of longitudinal motor symptom severity trajectories in early Parkinson's disease patients,"Xu X, Zhang S, Xu C, Zhang W, Zhao H, Liu Y, Zhai S, Zu J, Li Z, Xiao L.",Front Neurol. 2025 Aug 20;16:1597132. doi: 10.3389/fneur.2025.1597132. eCollection 2025.,Xu X,Front Neurol,2025,2025/09/05,PMC12404927,,10.3389/fneur.2025.1597132,40909010,Identifying subtypes of longitudinal motor symptom severity trajectories in early Parkinson's disease patients.,"Motor symptoms of Parkinson's disease (PD) patients affect their ability of daily activities. Identifying distinct trajectories of motor symptom progression in PD patients can facilitate long-term management.
A total of 155 PD patients were acquired from the Parkinson's Disease Progression Marker Initiative (PPMI). Distinct longitudinal trajectory clusters of motor symptom progression in PD patients were identified by unsupervised self-organizing maps (SOMs), and baseline characteristics were compared among different clusters. Linear mixed-effect analysis was utilized to estimate the longitudinal courses of some cardinal motor symptoms among clusters, while survival analysis was used to compare time-to-clinical milestones within 5 years. The support vector machine (SVM) was built to predict patients' trajectory clusters, and its performance was evaluated through the mean area under the receiver-operating characteristic curve (mAUC), accuracy and macro 
The optimal clusters by SOMs are 3. Cardinal motor symptoms of the progressive cluster worsened more rapidly, and this cluster is more likely to have impaired balance, loss of independence, sleep disturbance, and cognitive impairment within 5 years. The mAUC, accuracy, and macro 
Subtyping motor symptom progression into different trajectories can improve patients' management. Using baseline data to predict which trajectory cluster a patient belongs to may help develop interventions.","Xu, Zhang, Xu, Zhang, Zhao, Liu, Zhai, Zu, Li, Xiao",2025-09-05,Frontiers in neurology,"10.3389/fneur.2025.1597132
10.1212/WNL.40.10.1529
10.1212/WNL.0000000000200113
10.1212/01.wnl.0000313835.33830.80
10.1002/mds.20897
10.1002/mds.25383
10.1002/mds.20513
10.1007/s00401-016-1552-2
10.1002/mds.25844
10.1007/s00415-023-12156-5
10.3233/JPD-202472
10.1038/s41591-021-01309-6
10.1038/s41531-023-00556-3
10.1093/brain/awx118
10.1038/s41531-022-00375-y
10.1038/s41531-022-00439-z
10.1001/jamaneurol.2015.0703
10.1001/jamaneurol.2015.1067
10.1002/mds.29708
10.1007/s11910-017-0738-x
10.1016/j.parkreldis.2015.10.006
10.1002/mds.27303
10.1002/mds.22340
10.1016/S2589-7500(22)00173-X
10.18637/jss.v061.i06
10.1016/S2589-7500(21)00101-1
10.1002/mds.29496
10.1002/mds.28730
10.1016/j.ijnurstu.2021.103923
10.1111/j.1365-2648.2010.05459.x","Parkinson’s disease, longitudinal trajectory, machine learning, motor symptoms, unsupervised clustering"
34722604,Parkinson's Disease Risk and Alcohol Intake: A Systematic Review and Dose-Response Meta-Analysis of Prospective Studies,"Shao C, Wang X, Wang P, Tang H, He J, Wu N.",Front Nutr. 2021 Oct 14;8:709846. doi: 10.3389/fnut.2021.709846. eCollection 2021.,Shao C,Front Nutr,2021,2021/11/01,PMC8551485,,10.3389/fnut.2021.709846,34722604,Parkinson's Disease Risk and Alcohol Intake: A Systematic Review and Dose-Response Meta-Analysis of Prospective Studies.,,"Shao, Wang, Wang, Tang, He, Wu",2021-11-02,Frontiers in nutrition,"10.3389/fnut.2021.709846
10.1002/jnr.24592
10.1007/s00702-017-1686-y
10.1093/ije/dyy230
10.1007/s10654-012-9760-0
10.1111/add.13757
10.1136/bmj.d671
10.3389/fncel.2020.00282
10.3390/ijms21072316
10.1212/WNL.30.8.839
10.1159/000110319
10.1212/WNL.47.3.636
10.1212/WNL.48.6.1583
10.1212/WNL.55.9.1350
10.3760/j.issn:0254-6450.2004.06.017
10.1136/jnnp.2005.065417
10.1186/1471-2377-10-111
10.1111/j.1601-5215.2011.00593.x
10.1093/aje/kwu332
10.1093/oxfordjournals.aje.a116960
10.1159/000054770
10.1002/ana.10611
10.1007/s00415-004-1705-4
10.1002/ana.20307
10.1093/aje/kwm338
10.1002/mds.25050
10.1371/journal.pone.0066452
10.1007/s10654-014-9887-2
10.1016/j.parkreldis.2019.12.006
10.1002/mds.28039
10.1002/mds.27933
10.1371/journal.pmed.1000097
10.1136/bmj.327.7414.557
10.1016/0197-2456(86)90046-2
10.1136/bmj.315.7109.629
10.1002/mds.25863
10.1097/XEB.0000000000000132
10.3390/nu11071558
10.1016/j.bbrc.2017.10.004
10.1002/ana.20663
10.1093/aje/kwp033
10.3233/JAD-190181
10.3390/nu11081896
10.1079/NRR2005108
10.1002/ana.23687
10.1007/s00415-018-9032-3
10.3233/JPD-150533","Parkinson's disease, alcohol, ethanol, meta-analysis, risk factors"
37200442,Solvent exposure strongly linked to Parkinson's,Wadman M.,Science. 2023 May 19;380(6646):683. doi: 10.1126/science.adi7660. Epub 2023 May 18.,Wadman M,Science,2023,2023/05/18,,,10.1126/science.adi7660,37200442,Solvent exposure strongly linked to Parkinson's.,Military recruits exposed to TCE decades ago have increased risk of the brain disease.,Wadman,2023-05-18,"Science (New York, N.Y.)",10.1126/science.adi7660,
35849689,Yerbamate Tea Consumption: A Protective Factor in Parkinson Disease,"Sáenz-Farret M, Salinas-Martínez AM, Zúñiga-Ramírez C, Amorín-Costábile I, Maiola R, Mejía-Rojas KK, Galeano MS, Velázquez C, Ruiz G, Micheli F.",Clin Neuropharmacol. 2022 Jul-Aug 01;45(4):79-83. doi: 10.1097/WNF.0000000000000513. Epub 2022 Jun 24.,Sáenz-Farret M,Clin Neuropharmacol,2022,2022/07/18,,,10.1097/WNF.0000000000000513,35849689,Yerbamate Tea Consumption: A Protective Factor in Parkinson Disease.,"Little is known about the association between Yerbamate (YMT) tea consumption and Parkinson disease (PD). We determined whether there was an association between YMT tea consumption and PD.
We conducted a multicenter case-control study in 3 countries (Argentina, Paraguay, and Uruguay). We applied a structured questionnaire about YMT tea consumption history. The survey also included information about factors previously associated with a decreased and increased risk of PD, apart from medical and demographic factors. Odds ratios and 95% confidence intervals were calculated using multivariate unconditional binary logistic regression analysis.
We included 215 cases and 219 controls. The mean age of the cases was 65.6 ± 10.5 years and that of controls was 63.1 ± 10.5 years (P < 0.02). Years of YMT tea consumption, number of liters drunk per day, and amount of YMT used for preparing the infusion were similar between cases and controls (P > 0.05), but not the number of times the YMT was added into the container (P = 0.003) and the YMT tea concentration per serving (P = 0.02). The multivariate analysis showed that YMT tea concentration per serving lowered the risk for PD, independent of potential confounders (odds ratio, 0.62; 95% confidence interval, 0.47-0.84).
This multicenter study highlights the association between an environmental factor, the YMT tea drinking, and PD. Although more evidence from longitudinal studies is needed, the results obtained here points toward a protective effect of the YMT tea concentration per serving on PD.","Sáenz-Farret, Salinas-Martínez, Zúñiga-Ramírez, Amorín-Costábile, Maiola, Mejía-Rojas, Galeano, Velázquez, Ruiz, Micheli",2022-07-19,Clinical neuropharmacology,10.1097/WNF.0000000000000513,
37864700,Association between blood selenium with parkinson's disease in the US (NHANES 2011-2020),"Zeng Z, Cen Y, Luo X.",Environ Sci Pollut Res Int. 2023 Nov;30(55):117349-117359. doi: 10.1007/s11356-023-30337-7. Epub 2023 Oct 21.,Zeng Z,Environ Sci Pollut Res Int,2023,2023/10/21,,,10.1007/s11356-023-30337-7,37864700,Association between blood selenium with parkinson's disease in the US (NHANES 2011-2020).,"Selenium is an essential trace element for human health, playing a key role in regulating cellular oxidative stress, immune response, and inflammation. In recent years, the association between selenium and Parkinson's disease (PD) has aroused people's attention. The objective of this study is to investigate the relationship between blood selenium concentrations and PD risk in a sample of U.S. adults. A cross-sectional study was conducted using the National Health and Nutrition Examination Survey (NHANES) data from 2011-2020 and included 15,660 adults aged over 40 years old. Univariate logistic regression and multivariate logistic regression models were utilized to analyze the association between blood selenium concentrations and PD prevalence. Additionally, the restricted cubic spline (RCS) model was applied to investigate the dose-response relationships between blood selenium and PD. The findings indicated a link between elevated blood selenium levels and a reduced occurrence of Parkinson's disease (PD). Notably, this association between blood selenium and PD exhibited a non-linear pattern, wherein the decline in PD risk was more pronounced at higher selenium concentrations than at lower levels. An inflection point emerged at approximately 2.4 μmol/L, beyond which the rate of decline in risk significantly diminished with increasing selenium levels. A potential association between blood selenium concentrations and PD has been observed, with PD patients having lower blood selenium levels compared to non-PD patients. Higher levels of blood selenium may have a protective effect against PD. However, further prospective studies are needed to investigate the effect of blood selenium in PD patients and to determine causality.","Zeng, Cen, Luo",2023-10-21,Environmental science and pollution research international,"10.1007/s11356-023-30337-7
10.1007/s007020050127
10.1371/journal.pone.0011252
10.1111/j.1600-0609.1988.tb00833.x
10.1212/WNL.0000000000200113
10.1046/j.1471-4159.2003.01854.x
10.1111/jvh.13346
10.1371/journal.pone.0279274
10.1016/j.freeradbiomed.2014.07.005
10.1016/j.brainres.2008.05.002
10.1016/s0273-2300(02)00020-x
10.3389/fnut.2022.966500
10.1016/j.freeradbiomed.2013.06.030
10.1007/s00018-008-8030-5
10.3389/fpubh.2022.836357
10.1016/j.neuint.2010.06.020
10.1016/s0006-8993(00)02085-0
10.1016/s0304-3940(02)00444-5
10.1590/S0212-16112012000200026
10.1016/S0002-8223(00)00189-9
10.1006/exnr.2000.7516
10.1016/j.scitotenv.2008.06.024
10.1007/s12291-009-0017-y
10.1089/ars.2009.2895
10.26444/aaem/90886
10.1007/s00401-008-0438-3
10.1016/j.neulet.2021.135873
10.1007/s12011-014-0160-z
10.1096/fj.201600424
10.1016/j.jinorgbio.2015.09.003
10.3945/jn.109.111252
10.1080/00207454.2020.1733557
10.1371/journal.pone.0083060","Antioxidants biomarkers, Blood selenium, Cross-sectional survey, Multivariable logistics regression, NHANES (National Health and Nutrition Examination Survey), Oxidative, Parkinson's disease (PD), Restricted cubic spline (RCS)"
34149364,"Neurotrophic Factors in Parkinson's Disease: Clinical Trials, Open Challenges and Nanoparticle-Mediated Delivery to the Brain","Bondarenko O, Saarma M.",Front Cell Neurosci. 2021 Jun 2;15:682597. doi: 10.3389/fncel.2021.682597. eCollection 2021.,Bondarenko O,Front Cell Neurosci,2021,2021/06/21,PMC8206542,,10.3389/fncel.2021.682597,34149364,"Neurotrophic Factors in Parkinson's Disease: Clinical Trials, Open Challenges and Nanoparticle-Mediated Delivery to the Brain.","Neurotrophic factors (NTFs) are small secreted proteins that support the development, maturation and survival of neurons. NTFs injected into the brain rescue and regenerate certain neuronal populations lost in neurodegenerative diseases, demonstrating the potential of NTFs to cure the diseases rather than simply alleviating the symptoms. NTFs (as the vast majority of molecules) do not pass through the blood-brain barrier (BBB) and therefore, are delivered directly into the brain of patients using costly and risky intracranial surgery. The delivery efficacy and poor diffusion of some NTFs inside the brain are considered the major problems behind their modest effects in clinical trials. Thus, there is a great need for NTFs to be delivered systemically thereby avoiding intracranial surgery. Nanoparticles (NPs), particles with the size dimensions of 1-100 nm, can be used to stabilize NTFs and facilitate their transport through the BBB. Several studies have shown that NTFs can be loaded into or attached onto NPs, administered systemically and transported to the brain. To improve the NP-mediated NTF delivery through the BBB, the surface of NPs can be functionalized with specific ligands such as transferrin, insulin, lactoferrin, apolipoproteins, antibodies or short peptides that will be recognized and internalized by the respective receptors on brain endothelial cells. In this review, we elaborate on the most suitable NTF delivery methods and envision ""ideal"" NTF for Parkinson's disease (PD) and clinical trial thereof. We shortly summarize clinical trials of four NTFs, glial cell line-derived neurotrophic factor (GDNF), neurturin (NRTN), platelet-derived growth factor (PDGF-BB), and cerebral dopamine neurotrophic factor (CDNF), that were tested in PD patients, focusing mainly on GDNF and CDNF. We summarize current possibilities of NP-mediated delivery of NTFs to the brain and discuss whether NPs have impact in improving the properties of NTFs and delivery across the BBB. Emerging delivery approaches and future directions of NTF-based nanomedicine are also discussed.","Bondarenko, Saarma",2021-06-22,Frontiers in cellular neuroscience,"10.3389/fncel.2021.682597
10.1038/nrn1824
10.1038/nrn812
10.1007/s12035-016-9762-0
10.1517/17425247.2015.1069815
10.3233/JPD-202004
10.1038/s41586-018-0087-1
10.1016/j.nbd.2016.03.027
10.1083/jcb.201009136
10.1007/s11095-016-1958-5
10.1038/mp.2017.61
10.1002/ana.21995
10.1007/s43440-020-00120-3
10.1016/j.ejpb.2005.11.006
10.1021/acs.nanolett.0c00571
10.1016/j.jconrel.2012.01.043
10.1111/j.1471-4159.2008.05492.x
10.1016/j.brainres.2006.01.083
10.1002/adma.201801362
10.1016/j.jconrel.2020.12.034
10.1016/j.stem.2020.01.010
10.1016/j.biomaterials.2016.09.015
10.1002/mds.23793
10.1038/nm850
10.1016/j.neuropharm.2018.05.014
10.1023/A:1018983904537
10.1002/mds.27724
10.1007/s12035-017-0728-7
10.2147/IJN.S61940
10.1016/j.ejpb.2013.03.034
10.1016/0304-3940(94)90218-6
10.1523/jneurosci.15-02-01567.1995
10.1002/jgm.1361
10.1007/s11095-013-1005-8
10.1177/0963689719840290
10.1038/s41467-019-11762-0
10.1038/nnano.2008.30
10.1002/adfm.201703982
10.1016/S0142-9612(03)00601-X
10.1159/000017069
10.1016/j.biomaterials.2009.08.049
10.1016/j.jconrel.2017.09.001
10.1161/01.STR.0000066869.45310.50
10.1038/s41565-018-0179-y
10.1093/brain/awt192
10.1038/384467a0
10.1101/2020.09.22.307744
10.1371/journal.pbio.0050039
10.1016/j.addr.2013.08.008
10.1016/S0168-3659(97)00061-8
10.1371/journal.pgen.1005710
10.1080/10611860903112842
10.1002/ana.20737
10.1038/nrn3550
10.1002/jez.1401160206
10.1038/nm1746
10.1016/j.jconrel.2016.05.052
10.1016/j.jconrel.2020.02.044
10.1126/science.8493557
10.1016/j.nbd.2019.104696
10.1016/j.nbd.2016.07.009
10.1038/nature05957
10.1021/jacs.0c09390
10.1016/S0006-8993(02)03222-5
10.1038/nrn3505
10.1039/c2nr31657a
10.3389/fnagi.2020.593572
10.1016/S1474-4422(08)70065-6
10.1021/acs.nanolett.7b00616
10.1016/j.mcn.2007.06.011
10.1038/nrd1033
10.1038/nnano.2012.207
10.1126/scitranslmed.3003594
10.1038/s41578-021-00281-4
10.1016/j.bpj.2017.06.052
10.1016/S0006-3495(93)81324-9
10.1016/j.neuron.2013.10.061
10.1212/WNL.60.1.69
10.1038/s41598-020-75253-9
10.1001/archneur.1991.00530160037011
10.1038/s41583-019-0257-7
10.1172/JCI79635
10.1385/JMN:20:2:173
10.3109/07853890.2012.663927
10.1016/j.biomaterials.2012.06.063
10.1007/s12035-015-9234-y
10.1016/j.jconrel.2020.04.054
10.1002/ana.410260107
10.1038/nbt.3835
10.3389/fnins.2020.570409
10.1016/j.expneurol.2006.07.015
10.1016/j.jconrel.2016.05.044
10.1056/nejmoa1915872
10.1016/j.biomaterials.2018.05.028
10.1186/s12951-015-0075-7
10.1038/s41565-020-0737-y
10.3390/ijms21186575
10.3171/jns.2005.102.2.0216
10.3389/fchem.2018.00360
10.1016/j.colsurfb.2008.07.004
10.1016/j.cytogfr.2011.05.001
10.1038/nrneurol.2017.188
10.1002/adma.201200634
10.1038/s41591-021-01257-1
10.1016/j.biomaterials.2006.12.021
10.1371/journal.pone.0056186
10.2165/00003088-200140120-00003
10.1038/nrd1632
10.1016/j.jconrel.2018.12.036
10.1016/j.expneurol.2010.12.013
10.1523/JNEUROSCI.0833-09.2009
10.1002/ana.24436
10.1038/s41467-020-17029-3
10.1093/brain/awz023
10.1016/j.jconrel.2011.08.017
10.1073/pnas.96.1.254
10.4103/1673-5374.180747
10.1016/j.isci.2020.101810
10.1006/exnr.1994.1076
10.1039/c5nr01172h
10.2147/IJN.S259134
10.3233/JPD-2011-0003
10.1002/anie.201802309
10.1021/acs.nanolett.0c01806
10.1016/j.cell.2020.03.024
10.1039/c9nr08194a","Parkinson’s disease, brain-derived neurotrophic factor, cerebral dopamine neurotrophic factor, dopamine neurons, endoplasmic reticulum stress, glial cell line-derived neurotrophic factor, nanomedicine, neuroinflammation"
37529404,Adaptation strategies and neurophysiological response in early-stage Parkinson's disease: BioVRSea approach,"Jacob D, Guerrini L, Pescaglia F, Pierucci S, Gelormini C, Minutolo V, Fratini A, Di Lorenzo G, Petersen H, Gargiulo P.",Front Hum Neurosci. 2023 Jul 17;17:1197142. doi: 10.3389/fnhum.2023.1197142. eCollection 2023.,Jacob D,Front Hum Neurosci,2023,2023/08/02,PMC10389765,,10.3389/fnhum.2023.1197142,37529404,Adaptation strategies and neurophysiological response in early-stage Parkinson's disease: BioVRSea approach.,"There is accumulating evidence that many pathological conditions affecting human balance are consequence of postural control (PC) failure or overstimulation such as in motion sickness. Our research shows the potential of using the response to a complex postural control task to assess patients with early-stage Parkinson's Disease (PD).
We developed a unique measurement model, where the PC task is triggered by a moving platform in a virtual reality environment while simultaneously recording EEG, EMG and CoP signals. This novel paradigm of assessment is called BioVRSea. We studied the interplay between biosignals and their differences in healthy subjects and with early-stage PD.
Despite the limited number of subjects (29 healthy and nine PD) the results of our work show significant differences in several biosignals features, demonstrating that the combined output of posturography, muscle activation and cortical response is capable of distinguishing healthy from pathological.
The differences measured following the end of the platform movement are remarkable, as the induced sway is different between the two groups and triggers statistically relevant cortical activities in α and θ bands. This is a first important step to develop a multi-metric signature able to quantify PC and distinguish healthy from pathological response.","Jacob, Guerrini, Pescaglia, Pierucci, Gelormini, Minutolo, Fratini, Di Lorenzo, Petersen, Gargiulo",2023-08-02,Frontiers in human neuroscience,"10.3389/fnhum.2023.1197142
10.1016/j.nbd.2020.105185
10.1088/1361-6579/ac9c43
10.1016/B978-0-12-375070-9.00008-5
10.1109/TNSRE.2020.2988585
10.1016/S1474-4422(08)70239-4
10.1016/j.clinph.2006.06.720
10.1016/j.jshs.2016.01.018
10.1155/2016/7309272
10.7717/peerj.15040
10.1088/1741-2552/ac40a0
10.1037/0033-2909.114.3.494
10.1016/j.gaitpost.2018.02.018
10.1098/rsbm.2001.0010
10.1515/sjpain-2021-0205
10.1016/j.neuropharm.2011.02.007
10.5772/intechopen.81098
10.1002/mds.21198
10.1038/s41598-017-03422-4
10.1038/nrd3115
10.1007/s11571-013-9247-z
10.3390/electronics10212604
10.1016/j.neulet.2015.02.049
10.3389/fnhum.2015.00695
10.1038/s41598-022-12822-0
10.1007/s00702-007-0657-0
10.3390/s22155594
10.1016/j.eplepsyres.2012.01.008
10.1113/jphysiol.2004.076307
10.3978/j.issn.2223-4292.2015.03.16
10.1155/2017/7203259
10.1007/s00702-007-0764-y
10.3390/app10238662
10.1007/s40520-020-01612-1
10.1016/j.neuroimage.2008.03.032
10.1016/j.neuroscience.2010.07.008
10.1016/j.apmr.2020.09.395
10.1111/j.1600-0404.1988.tb03609.x
10.2147/CIA.S228931
10.1186/s12984-019-0560-6
10.1037/bul0000229
10.3389/fnagi.2014.00028
10.1016/j.gaitpost.2017.06.008
10.1016/j.neuroimage.2019.06.046
10.1016/j.neuroimage.2007.02.054
10.1080/09638288.2018.1501101
10.1111/j.0013-9580.2003.12001.x
10.1038/nrneurol.2014.205
10.1177/1545968320939560
10.1002/mds.26424
10.1007/s11657-022-01188-5
10.3389/fbioe.2021.635661
10.1097/WNP.0b013e31818f50de
10.1016/j.clinph.2019.12.399
10.1152/jn.00744.2012
10.1016/j.neulet.2013.05.001
10.1590/2317-1782/20212021025en
10.1016/S1474-4422(05)70285-4
10.3390/ijerph17031006
10.3102/10769986025002101
10.4158/EP171794.RA
10.3233/JPD-191844","BioVRSea, balance control, early-stage Parkinson's disease, postural control, quantitative neurophysiology"
35000220,Oral health-related quality of life in patients with Parkinson's disease,"Verhoeff MC, Lobbezoo F, van Leeuwen AM, Schuller AA, Koutris M.",J Oral Rehabil. 2022 Apr;49(4):398-406. doi: 10.1111/joor.13304. Epub 2022 Jan 17.,Verhoeff MC,J Oral Rehabil,2022,2022/01/09,PMC9306816,,10.1111/joor.13304,35000220,Oral health-related quality of life in patients with Parkinson's disease.,"Parkinson's disease (PD) is a neurodegenerative condition affecting the quality of life. Due to a worsening of oral health in PD patients with the progression of the disease, oral health-related quality of life (OHRQoL) could be impaired as well.
To assess whether PD patients in The Netherlands experience worse OHRQoL than historical controls, and to investigate which factors are associated with OHRQoL in PD patients.
In total, 341 PD patients (65.5 ± 8.4 years) and 411 historical controls (62.6 ± 5.3 years) participated. Both groups completed a questionnaire. The PD patients were asked questions regarding demographics, PD, oral health, and OHRQoL. The historical controls filled in demographic information and questions regarding OHRQoL. The latter construct was assessed using the Dutch 14-item version of the Oral Health Impact Profile (OHIP-14). Data were analysed using independent samples t-tests and univariate and multivariate linear regression analysis.
The mean OHIP-14 score was higher in PD patients (19.1 ± 6.7) than in historical controls (16.5 ± 4.4) (t(239) = 6.5; p < .001). OHRQoL in PD patients was statistically significant associated with motor aspects of experiences of daily living (B = 0.31; t(315) = 7.03; p < .001), worsening of the oral environment during disease course (B = 3.39; t(315) = 4.21; p < .001), being dentate (B = -5.60; t(315) = -4.5; p < .001), tooth wear (B = 2.25; t(315) = 3.29; p = .001), and possible burning mouth syndrome (B = 5.87; t(315) = 2.87; p = .004).
PD patients had a lower OHRQoL than historical controls. Besides, PD-related variables and oral health-related variables were associated with OHRQoL.","Verhoeff, Lobbezoo, van Leeuwen, Schuller, Koutris",2022-01-10,Journal of oral rehabilitation,"10.1111/joor.13304
10.1016/S0140-6736(14)61393-3
10.1109/GLOCOM.1997.644594
10.1186/1472-6831-8-11
10.1111/ger.12237
10.1111/joor.12697
10.1007/s00784-020-03566-0
10.1002/mds.22340
10.1002/mds.26424
10.3758/bf03193146
10.1016/j.jclinepi.2013.09.009
10.1007/s11135-006-9055-1
10.1097/PR9.0000000000000923
10.1016/j.jdent.2015.06.001
10.1111/joor.12025
10.1016/j.prosdent.2016.12.018
10.1111/idh.12489
10.1111/j.1741-2358.1998.00073.x
10.1111/odi.12600
10.11607/jop.1151
10.1111/ger.12380
10.1155/2018/9642524
10.1016/S0140-6736(21)02336-9","Parkinson's disease, dental care for aged, oral health, quality of life, self-assessment, tooth wear"
38029483,Determinants of patient-reported functional mobility in people with Parkinson's disease: A systematic review,"Hanff AM, Pauly C, Pauly L, Rauschenberger A, Leist AK, Krüger R, Zeegers MP, McCrum C; NCER-PD consortium.",Gait Posture. 2024 Feb;108:97-109. doi: 10.1016/j.gaitpost.2023.11.013. Epub 2023 Nov 23.,Hanff AM,Gait Posture,2024,2023/11/29,,,10.1016/j.gaitpost.2023.11.013,38029483,Determinants of patient-reported functional mobility in people with Parkinson's disease: A systematic review.,"Information on determinants of patient-reported functional mobility is lacking but would inform the planning of healthcare, resources and strategies to promote functional mobility in people with Parkinson's disease (PD).
To identify the determinants of patient-reported functional mobility of people with PD.
Eligible: Randomized Controlled Trials, cohort, case-control, or cross-sectional analyses in people PD without date or setting restrictions, published in English, German, or French. Excluded: instruments with under 50 % of items measuring mobility. On August 9th 2023 we last searched Medline, CINAHL and PsychInfo. We assessed risk of bias using the mixed-methods appraisal tool. Results were synthesized by tabulating the determinants by outcomes and study designs.
Eleven studies published 2012-2023 were included (most in Swedish outpatient settings). Samples ranged from 9 to 255 participants. Follow-up varied from 1.5 to 36 months with attrition of 15-42 %. Heterogenic study designs complicated results synthesis. However, determinants related to environment seem to associate the strongest with patient-reported functional mobility, although determinants related to body structures and functions were most investigated. We identified disease duration, the ability to drive, caregiving, sex, age, cognitive impairment, postural instability and social participation as determinants of patient-reported functional mobility.
Methodological quality of the studies was limited. No study reported an a priori power calculation. Three studies controlled for confounders. The included studies lack representativeness of the population of people living with PD. Standardized sets of outcomes could enable more systematic research synthesis.
Future research should focus on activities, participation and environmental factors and improve methodological quality.","Hanff, Pauly, Pauly, Rauschenberger, Leist, Krüger, Zeegers, McCrum",2023-11-30,Gait & posture,10.1016/j.gaitpost.2023.11.013,"Dependent ambulation, Mobility limitation, Parkinson’s disease, Patient reported outcome measures, Review, Self report, Walking"
40325043,New insights into pathogenisis and therapies of P2X7R in Parkinson's disease,"Wei S, Song X, Mou Y, Yang T, Wang Y, Wang H, Ren C, Song X.",NPJ Parkinsons Dis. 2025 May 5;11(1):108. doi: 10.1038/s41531-025-00980-7.,Wei S,NPJ Parkinsons Dis,2025,2025/05/05,PMC12053563,,10.1038/s41531-025-00980-7,40325043,New insights into pathogenisis and therapies of P2X7R in Parkinson's disease.,"Parkinson's disease (PD), a prevalent neurodegenerative disorder, is linked to genetics and environment, but its mechanisms remain unclear. Emerging evidence connects purinergic signaling-particularly ATP-sensitive P2X7 receptor (P2X7R)-to PD. P2X7R expression is elevated in PD patients, and its antagonist BBG mitigates 6-OHDA-induced dopaminergic neuron death. This review discusses P2X7R's structure, neural functions, PD-related mechanisms, and therapeutic potential as a targert.","Wei, Song, Mou, Yang, Wang, Wang, Ren, Song",2025-05-06,NPJ Parkinson's disease,"10.1038/s41531-025-00980-7
10.1016/S1474-4422(16)30230-7
10.1002/mds.26424
10.1038/nrdp.2017.13
10.1038/42166
10.1016/S0140-6736(23)01478-2
10.1002/mds.26082
10.3233/JPD-150532
10.1016/j.brainresbull.2021.10.015
10.1016/j.maturitas.2011.05.009
10.1002/mds.20132
10.1007/s00702-018-1900-6
10.1136/bmj.324.7352.1483
10.1001/jama.2014.3654
10.1016/S0074-7696(04)40002-3
10.1186/s12974-018-1353-8
10.1523/JNEUROSCI.3103-16.2017
10.3389/fimmu.2024.1345625
10.1007/s12035-023-03699-9
10.1038/420042a
10.1016/S0031-6997(25)06930-3
10.1124/mol.112.083758
10.1038/sj.bjp.0706429
10.1016/S0031-6997(24)01373-5
10.1111/bph.15299
10.1016/j.pneurobio.2011.08.006
10.1126/science.272.5262.735
10.3390/ijms23158174
10.1016/j.bbrc.2005.04.087
10.1074/jbc.274.10.6653
10.1016/j.neuropharm.2015.07.032
10.1016/j.cell.2019.09.017
10.1007/5584_2017_59
10.1038/sj.emboj.7601378
10.1016/j.tcb.2018.01.005
10.1111/jnc.14718
10.3390/ijms21228454
10.3390/ijms241310896
10.1038/s41419-022-04786-w
10.1016/j.bbrc.2015.02.011
10.1146/annurev-immunol-051116-052358
10.1126/science.1194637
10.1126/science.1219179
10.1002/glia.20227
10.1523/JNEUROSCI.1042-12.2012
10.1016/j.immuni.2017.06.020
10.1016/j.bcp.2017.12.021
10.1002/glia.22904
10.1097/01.jnen.0000240470.97295.d3
10.1016/j.arr.2015.10.001
10.1038/srep44625
10.3389/fphar.2020.01148
10.1111/cns.13123
10.1126/science.adc9020
10.1002/glia.1091
10.1002/glia.22707
10.3389/fncel.2017.00227
10.1186/1742-2094-7-33
10.1073/pnas.090504197
10.1126/science.1252304
10.1016/j.brainresrev.2004.12.005
10.1002/glia.20160
10.1007/s00424-021-02544-z
10.1007/s11302-015-9458-3
10.3389/fphar.2022.944541
10.1007/s12035-008-8028-x
10.1007/s12264-020-00573-9
10.1016/j.tins.2006.03.003
10.1523/JNEUROSCI.1469-04.2004
10.1523/JNEUROSCI.3104-16.2017
10.1038/onc.2014.444
10.1016/j.pharep.2014.01.005
10.1111/j.1742-4658.2009.07228.x
10.1111/j.1471-4159.2009.06008.x
10.1371/journal.pone.0096281
10.1002/stem.1864
10.1016/j.neuint.2012.02.034
10.1111/cns.12663
10.1186/s12935-024-03339-9
10.1016/j.jpain.2023.09.011
10.3390/ijms232315381
10.1016/j.neulet.2013.04.049
10.1007/s00259-019-04369-6
10.1111/ene.14918
10.1186/1750-1326-6-28
10.1007/s00702-010-0400-0
10.3892/mmr.2016.6070
10.1016/j.neuropharm.2014.01.045
10.1007/s11302-011-9218-y
10.1021/acschemneuro.1c00095
10.1007/s12035-010-8105-9
10.1146/annurev-physiol-022516-034406
10.1186/s12974-017-0904-8
10.3389/fimmu.2022.766919
10.3389/fnins.2019.00799
10.1016/j.neurobiolaging.2015.03.015
10.1038/s41531-022-00394-9
10.1016/j.pneurobio.2013.04.004
10.1016/j.neuint.2016.10.001
10.1186/s13024-017-0212-x
10.1126/science.aar6606
10.1038/s41531-018-0044-6
10.1523/ENEURO.0092-22.2022
10.1111/j.1471-4159.2012.07868.x
10.1371/journal.pone.0083914
10.1007/s11302-017-9567-2
10.1007/s11064-017-2383-9
10.1016/0014-5793(94)00395-5
10.1007/978-94-007-5416-4_6
10.3389/fnagi.2021.591475
10.1016/j.biocel.2011.01.014
10.1038/s41419-021-04046-3
10.1007/s00210-024-02994-z
10.1016/bs.pmch.2019.11.002
10.1016/j.bmcl.2016.06.048
10.1136/annrheumdis-2011-143578
10.1038/s41398-023-02557-5
10.1007/s00259-023-06342-w
10.1038/s41598-024-77401-x
10.1124/mol.110.070276
10.1002/med.21710
10.1038/srep03956
10.3389/fnmol.2020.00111
10.3390/ijms21113959
10.3390/molecules23010230
10.3390/ijms23095115",
36388198,Facial muscle movements in patients with Parkinson's disease undergoing phonation tests,"Xu F, Zou XW, Yang LQ, Mo SC, Guo QH, Zhang J, Weng X, Xing GG.",Front Neurol. 2022 Oct 31;13:1018362. doi: 10.3389/fneur.2022.1018362. eCollection 2022.,Xu F,Front Neurol,2022,2022/11/17,PMC9659598,,10.3389/fneur.2022.1018362,36388198,Facial muscle movements in patients with Parkinson's disease undergoing phonation tests.,"Parkinson's disease (PD) is a serious neurodegenerative disease affecting the elderly. In general, the locomotion deficit, which seriously affects the daily life of patients with PD, usually occurs at a later stage. The mask face symptom meanwhile progressively worsens. However, facial muscle disorders and changes involved in the freezing mask are unclear.
In this study, we recruited 35 patients with PD and 26 age- and sex-balanced controls to undergo phonation tests, while the built-in camera on the laptop recorded their facial expressions during the whole pronunciation process. Furthermore, FaceReader (version 7.0; Noldus Information Technology, Wageningen, Netherlands) was used to analyze changes in PD facial landmark movement and region movement.
The two-tailed Student's 
Patients with PD had defects in facial landmark movement and regional movement when producing a single syllable, double syllable, and multiple syllables, which may be related to reduced facial expressions in patients with PD.","Xu, Zou, Yang, Mo, Guo, Zhang, Weng, Xing",2022-11-18,Frontiers in neurology,"10.3389/fneur.2022.1018362
10.1016/S1474-4422(18)30295-3
10.1155/2017/8762939
10.1080/09638288.2018.1471166
10.15761/ABCR.1000105
10.1016/j.otc.2008.09.010
10.1093/geronj/30.3.299
10.1002/mds.20930
10.1093/brain/112.4.997
10.1136/jnnp-2012-303993
10.1007/978-3-642-17838-2_4
10.1006/nimg.2002.1087
10.1038/39051
10.1080/02699931.2015.1018817
10.1080/10911359.2013.831288
10.1186/s12199-018-0723-2
10.1080/00207454.2017.1366475
10.1080/23311908.2017.1376425
10.1037/a0018104
10.1007/s10072-008-0971-9
10.1155/2016/9287092
10.1016/j.jns.2014.11.003
10.1002/mds.24996
10.3389/fpsyg.2016.00780
10.3143/geriatrics.56.478
10.1159/000287206
10.1038/s41598-020-68754-0
10.1097/01.TGR.0000318899.87690.44
10.1136/jnnp.2007.131045
10.1016/j.mpmed.2016.06.001
10.1155/2018/5741941
10.31887/DCNS.2004.6.3/galexander","Parkinson's disease, facial dystonia, facial expression, phonation tests, stiff muscle"
36825046,Predictors of Falls with Injuries in People with Parkinson's Disease,"Castro IPR, Valença GT, Pinto EB, Cavalcanti HM, Oliveira-Filho J, Almeida LRS.",Mov Disord Clin Pract. 2022 Dec 25;10(2):258-268. doi: 10.1002/mdc3.13636. eCollection 2023 Feb.,Castro IPR,Mov Disord Clin Pract,2022,2023/02/24,PMC9941941,,10.1002/mdc3.13636,36825046,Predictors of Falls with Injuries in People with Parkinson's Disease.,"Falls are frequent in Parkinson's disease (PD), but there is lack of information about predictors of injurious falls.
To determine predictors of falls with injuries in people with PD; to compare circumstances and consequences of falls in single and recurrent fallers.
Participants (n = 225) were assessed by disease-specific, self-report, and balance measures, and followed-up for 12 months with a diary to record falls, their circumstances, and injuries. Univariate and multivariate analyses were performed. Circumstances and consequences of falls presented by single and recurrent fallers were compared.
A total of 805 falls were analyzed, 107 (13%) were falls with injuries. Multivariate logistic regression model revealed that greater PD duration and higher balance confidence were protective factors; better balance during gait, outdoor falls, and falls related to extrinsic factors were risk factors for falls with injuries, when compared to falls with no injuries. Multivariate multinomial regression model revealed that, when compared to zero fall, past falls and daily levodopa equivalent dose were predictors of falls with injuries; these predictors together with disability were predictors of falls with no injuries. Single falls (n = 27; 3%) were more common outdoors because of extrinsic factors, whereas recurrent falls (n = 778; 97%) were more common indoors because of intrinsic factors. Single falls led to more injuries than recurrent falls (
Different predictors of falls with injuries were obtained when different outcomes were compared. It should be noted that falls with injuries might be influenced by fall-related activities and environmental factors. Single and recurrent falls differed on circumstances and consequences.","Castro, Valença, Pinto, Cavalcanti, Oliveira-Filho, Almeida",2023-02-25,Movement disorders clinical practice,10.1002/mdc3.13636,"Parkinson's disease, accidental falls, freezing of gait, injuries, risk factors"
34259840,Revisiting the Association Between Inflammatory Bowel Disease and Parkinson's Disease,"Coates MD, Ba DM, Liu G, Dalessio S, Leslie DL, Huang X.",Inflamm Bowel Dis. 2022 Jun 3;28(6):850-854. doi: 10.1093/ibd/izab175.,Coates MD,Inflamm Bowel Dis,2022,2021/07/14,,,10.1093/ibd/izab175,34259840,Revisiting the Association Between Inflammatory Bowel Disease and Parkinson's Disease.,"Several studies have reported an association between inflammatory bowel disease (IBD) and Parkinson's disease (PD). The aim of this study is to re-evaluate for an association between IBD and PD while controlling for potential socioeconomic and environmental confounders.
We performed a retrospective cohort study using the Truven Health Marketscan database between January 1, 2005, and December 31, 2014. Individuals with IBD and household age-matched controls were identified. Adjusted hazard ratios (HRs) were calculated for the development of incident PD, adjusting for age, sex, residence type, US region, comorbidities, and behavior.
In all, 154 051 subjects with IBD and an equal number of controls were identified. During a mean (SD) follow-up of 3.8 (2.2) years, 132 incident PD cases were identified. There was no significant association between IBD and PD (adjusted HR, 1.01; 0.72-1.42) when adjusting for the confounders previously mentioned.
We found no statistically significant association between these disorders. It is possible that previous associations identified between these disorders were confounded by environmental and socioeconomic factors.","Coates, Ba, Liu, Dalessio, Leslie, Huang",2021-07-15,Inflammatory bowel diseases,10.1093/ibd/izab175,"Parkinson’s disease, inflammatory bowel disease, population-based cohort study"
32458190,Altered white matter microarchitecture in Parkinson's disease: a voxel-based meta-analysis of diffusion tensor imaging studies,"Suo X, Lei D, Li W, Li L, Dai J, Wang S, Li N, Cheng L, Peng R, Kemp GJ, Gong Q.",Front Med. 2021 Feb;15(1):125-138. doi: 10.1007/s11684-019-0725-5. Epub 2020 May 26.,Suo X,Front Med,2021,2020/05/28,,,10.1007/s11684-019-0725-5,32458190,Altered white matter microarchitecture in Parkinson's disease: a voxel-based meta-analysis of diffusion tensor imaging studies.,"This study aimed to define the most consistent white matter microarchitecture pattern in Parkinson's disease (PD) reflected by fractional anisotropy (FA), addressing clinical profiles and methodology-related heterogeneity. Web-based publication databases were searched to conduct a meta-analysis of whole-brain diffusion tensor imaging studies comparing PD with healthy controls (HC) using the anisotropic effect size-signed differential mapping. A total of 808 patients with PD and 760 HC coming from 27 databases were finally included. Subgroup analyses were conducted considering heterogeneity with respect to medication status, disease stage, analysis methods, and the number of diffusion directions in acquisition. Compared with HC, patients with PD had decreased FA in the left middle cerebellar peduncle, corpus callosum (CC), left inferior fronto-occipital fasciculus, and right inferior longitudinal fasciculus. Most of the main results remained unchanged in subgroup meta-analyses of medicated patients, early stage patients, voxel-based analysis, and acquisition with 30 diffusion directions. The subgroup meta-analysis of medication-free patients showed FA decrease in the right olfactory cortex. The cerebellum and CC, associated with typical motor impairment, showed the most consistent FA decreases in PD. Medication status, analysis approaches, and the number of diffusion directions have an important impact on the findings, needing careful evaluation in future meta-analyses.","Suo, Lei, Li, Li, Dai, Wang, Li, Cheng, Peng, Kemp, Gong",2020-05-28,Frontiers of medicine,10.1007/s11684-019-0725-5,"Parkinson’s disease, anisotropic effect size–signed differential mapping, diffusion tensor imaging, fractional anisotropy, meta-analysis"
37988678,Nanoplastic Stimulates the Amyloidogenesis of Parkinson's Alpha-Synuclein NACore,"Liang X, Andrikopoulos N, Tang H, Wang Y, Ding F, Ke PC.",Small. 2024 Apr;20(14):e2308753. doi: 10.1002/smll.202308753. Epub 2023 Nov 21.,Liang X,Small,2024,2023/11/21,PMC10994764,NIHMS1947102,10.1002/smll.202308753,37988678,Nanoplastic Stimulates the Amyloidogenesis of Parkinson's Alpha-Synuclein NACore.,"Environmental plastic wastes are potential health hazards due to their prevalence as well as their versatility in initiating physical, chemical, and biological interactions and transformations. Indeed, recent research has implicated the adverse effects of micro- and nano-plastics, including their neurotoxicity, yet how plastic particulates may impact the aggregation pathway and toxicity of amyloid proteins pertinent to the pathologies of neurological diseases remains unknown. Here, electrospray ionization time-of-flight mass spectrometry (ESI-TOF-MS) is employed to reveal the polymorphic oligomerization of NACore, a surrogate of alpha-synuclein that is associated with the pathogenesis of Parkinson's disease. These data indicate that the production rate and population of the NACore oligomers are modulated by their exposure to a polystyrene nanoplastic, and these cellular assays further reveal an elevated NACore toxicity in microglial cells elicited by the nanoplastic. These simulations confirm that the nanoplastic-NACore association is promoted by their hydrophobic interactions. These findings are corroborated by an impairment in zebrafish hatching, survival, and development in vivo upon their embryonic exposure to the nanoplastic. Together, this study has uncovered the dynamics and mechanism of amyloidogenesis elevated by a nanoplastic trigger, shedding a new light on the neurological burden of plastic pollution.","Liang, Andrikopoulos, Tang, Wang, Ding, Ke",2023-11-21,"Small (Weinheim an der Bergstrasse, Germany)",10.1002/smll.202308753,"NACore, Parkinson's disease, amyloidogenesis, nanoplastics, oligomers"
37670567,Dopamine Transporter Availability in Early Parkinson's Disease is Dependent on Sunlight Exposure,"Booij J, Tellier SP, Seibyl J, Vriend C.",Mov Disord. 2023 Nov;38(11):2131-2135. doi: 10.1002/mds.29597. Epub 2023 Sep 5.,Booij J,Mov Disord,2023,2023/09/06,,,10.1002/mds.29597,37670567,Dopamine Transporter Availability in Early Parkinson's Disease is Dependent on Sunlight Exposure.,"Preliminary studies suggested seasonality of dopaminergic functioning, but it is unknown whether dopamine transporter (DAT) expression in humans is also dependent on the seasons. We, therefore, investigated seasonal and sunlight-dependent effects on DAT availability in early Parkinson's disease (PD) patients and healthy controls.
DAT single-photon emission computed tomography scans (n = 730) were gathered from the Parkinson's Progression Marker Initiative (PPMI) database. We used global horizontal irradiance (GHI) as proxy for sun exposure/month and assessed associations between striatal DAT availability and season (autumn/winter versus spring/summer), GHI and latitude of the PPMI site.
In PD patients, DAT availability in the left caudate nucleus was higher in spring/summer (B [standard error (SE)] = 0.05 [0.02], P = 0.03) and positively associated with higher sun exposure (B [SE] = 0.59 [0.22] × 10
Striatal DAT availability may be influenced by daylight exposure. © 2023 The Authors. Movement Disorders published by Wiley Periodicals LLC on behalf of International Parkinson and Movement Disorder Society.","Booij, Tellier, Seibyl, Vriend",2023-09-06,Movement disorders : official journal of the Movement Disorder Society,10.1002/mds.29597,"Parkinson's disease, SPECT, dopamine, season, sunlight"
38309714,Agricultural paraquat dichloride use and Parkinson's disease in California's Central Valley,"Paul KC, Cockburn M, Gong Y, Bronstein J, Ritz B.",Int J Epidemiol. 2024 Feb 1;53(1):dyae004. doi: 10.1093/ije/dyae004.,Paul KC,Int J Epidemiol,2024,2024/02/03,PMC11491592,,10.1093/ije/dyae004,38309714,Agricultural paraquat dichloride use and Parkinson's disease in California's Central Valley.,"Paraquat dichloride is currently among the most widely used commercial herbicides in the USA. In the present study, we provide epidemiological assessment of ambient paraquat exposure and Parkinson's disease (PD) risk in a population-based study of PD in agricultural regions of Central California.
Based on 829 PD patients and 824 community controls, we assessed associations between ambient paraquat dichloride exposure and PD. We estimated residential and workplace proximity to commercial agricultural applications in three California counties since 1974 using the CA pesticide use reporting (PUR) data and land use maps. We evaluated any, duration and average intensity [pounds (0.45 kilograms) per acre per year] of exposure for paraquat in four time windows.
Ambient paraquat exposure assessed at both residence and workplace was associated with PD, based on several different exposure measures. The PD patients both lived and worked near agricultural facilities applying greater amounts of the herbicide than community controls. For workplace proximity to commercial applications since 1974, working near paraquat applications every year in the window [odds ratio (OR) = 2.15, 95% confidence interval (CI) = 1.46, 3.19] and a higher average intensity of exposure [per 10 pounds (4.54 kilograms), OR = 2.08, 95% CI = 1.31, 3.38] were both associated with an increased odds of PD. Similar associations were observed for residential proximity (duration: OR = 1.91, 95% CI = 1.30, 2.83; average intensity: OR = 1.72, 95% CI = 0.99, 3.04). Risk estimates were comparable for men and women, and the strongest odds were observed for those diagnosed at ≤60 years of age.
This study provides further indication that paraquat dichloride exposure increases the risk of Parkinson's disease.","Paul, Cockburn, Gong, Bronstein, Ritz",2024-02-04,International journal of epidemiology,10.1093/ije/dyae004,"California, PUR, Parkinson’s disease, agriculture, epidemiology, paraquat"
40335495,Prominent role of PM10 in the link between air pollution and incident Parkinson's Disease,"Gialluisi A, Costanzo S, De Bartolo MI, Veronesi G, Renzi M, Cembalo A, Tirozzi A, Falciglia S, Ricci M, Bonanni A, Martone F, Zazzaro G, Pepe A, Belvisi D, Ferrario MM, Gianfagna F, Cerletti C, Donati MB, Massari S, Berardelli A, de Gaetano G, Iacoviello L.",NPJ Parkinsons Dis. 2025 May 7;11(1):101. doi: 10.1038/s41531-025-00935-y.,Gialluisi A,NPJ Parkinsons Dis,2025,2025/05/07,PMC12059118,,10.1038/s41531-025-00935-y,40335495,Prominent role of PM10 in the link between air pollution and incident Parkinson's Disease.,"Air pollution has been associated with Parkinson's Disease (PD) risk, although this relationship remains unclear. We estimated yearly levels of exposure to ten air pollutants (period 2006-2018) in an Italian population cohort, the Moli-sani study (N = 24,325; ≥35 years; 51.9% women), and derived three principal components, testing their associations with incident PD risk over 23,841 participants (213 cases, median(IQR) follow-up 11.2(2.0) years). This revealed a statistically significant association of PC1 (explaining 38.2% of common variance, tagging PM10 levels), independent on sociodemographic, professional and lifestyles covariates (Hazard Ratio [95%CI] = 1.04[1.02-1.07]). The association was confirmed testing average PM10 levels during follow-up (18[13-24]% increase of PD risk per 1 μg/m","Gialluisi, Costanzo, De Bartolo, Veronesi, Renzi, Cembalo, Tirozzi, Falciglia, Ricci, Bonanni, Martone, Zazzaro, Pepe, Belvisi, Ferrario, Gianfagna, Cerletti, Donati, Massari, Berardelli, de Gaetano, Iacoviello",2025-05-08,NPJ Parkinson's disease,"10.1038/s41531-025-00935-y
10.1126/science.1092666
10.1183/13993003.00419-2016
10.1016/j.tins.2009.05.009
10.1136/jnnp.2007.131045
10.1016/j.arr.2023.101867
10.1515/reveh-2017-0009
10.1001/jamaneurol.2021.1335
10.1289/EHP13009
10.1016/j.envres.2021.111170
10.1016/j.envint.2019.04.069
10.1016/j.parkreldis.2020.12.013
10.1016/j.nbd.2019.104671
10.1016/j.ecoenv.2023.115565
10.1289/EHP259
10.1289/EHP135
10.1016/j.envint.2016.08.017
10.1016/j.puhe.2019.09.020
10.1007/s10653-019-00484-3
10.1007/s12031-017-0967-0
10.1093/eurheartj/ehac361
10.1007/s00415-023-11803-1
10.1016/j.parkreldis.2021.02.007
10.1016/j.chemphyslip.2021.105112
10.1038/s41598-020-66783-3
10.1097/EDE.0000000000000864
10.1007/s10072-018-3273-x
10.1007/s10072-019-03872-w
10.1177/1741826711410820
10.2337/dc06-2011
10.1097/00005768-200009001-00009
10.1093/ije/26.suppl_1.S152
10.1056/NEJMoa025039
10.1111/add.14490
10.1007/s00038-016-0939-0
10.1160/th15-06-0487
10.1002/mds.27413
10.1212/WNL.0000000000011553
10.1016/j.arr.2021.101514
10.1002/mds.27888
10.2147/DMSO.S359856
10.1007/s12035-023-03359-y
10.1016/j.xgen.2022.100249
10.1097/WNN.0000000000000100
10.1007/s00415-020-10325-4
10.1002/ana.26034
10.1016/j.parkreldis.2023.105480
10.1002/mds.28685
10.1016/j.brainres.2016.11.007
10.3389/fimmu.2020.02127
10.1097/EDE.0000000000001378
10.1093/ije/dyt127
10.3324/haematol.2011.043042",
40467640,Effects of virtual reality on spatiotemporal gait parameters and freezing of gait in Parkinson's disease,"Ma L, Yosef B, Talu I, Batista D, Jenkens-Drake E, Suthana N, Cross KA.",NPJ Parkinsons Dis. 2025 Jun 4;11(1):148. doi: 10.1038/s41531-025-01017-9.,Ma L,NPJ Parkinsons Dis,2025,2025/06/04,PMC12137916,,10.1038/s41531-025-01017-9,40467640,Effects of virtual reality on spatiotemporal gait parameters and freezing of gait in Parkinson's disease.,"Virtual reality (VR) is increasingly used to study freezing of gait (FOG) in Parkinson's disease (PD). However, overground gait in VR typically exhibits shorter, wider, and slower steps than real-world gait in both healthy and PD populations. This altered gait behavior raises the question of whether VR also alters the FOG phenomenon. We investigate the effects of naturalistic VR on gait and FOG characteristics in PD patients. Patients walked in a real-world environment and its VR replica under conditions that provoke FOG. Spatiotemporal gait parameters and FOG episodes were compared between environments. Results revealed that a detailed VR replica and large walking area reduced the effect of VR on gait parameters compared to previous reports. Additionally, FOG was provoked by similar triggers with comparable frequency, suggesting VR effectively replicates FOG heterogeneity. This work demonstrates the feasibility of VR to study gait and FOG in PD and informs future VR applications.","Ma, Yosef, Talu, Batista, Jenkens-Drake, Suthana, Cross",2025-06-05,NPJ Parkinson's disease,"10.1038/s41531-025-01017-9
10.1016/S1474-4422(11)70143-0
10.1001/jamaneurol.2014.753
10.1016/j.apmr.2011.02.003
10.3233/JPD-160927
10.1002/mds.27709
10.1016/j.parkreldis.2011.09.006
10.3389/fneur.2023.1326300
10.3233/JPD-191813
10.1093/brain/awy019
10.1002/mds.27417
10.1093/brain/awz314
10.1038/s41582-020-0370-2
10.1038/s41583-023-00692-y
10.1016/j.neuron.2020.08.021
10.1371/journal.pone.0106561
10.1016/j.gaitpost.2021.12.013
10.1152/jn.00637.2015
10.1016/j.archger.2019.104004
10.3389/fbioe.2021.780314
10.1016/j.gaitpost.2018.10.029
10.1016/j.ijhcs.2022.102929
10.1038/s41598-020-72408-6
10.1080/10447318.2020.1805875
10.1007/s00221-019-05642-8
10.1145/3180658
10.1007/s00415-014-7422-8
10.1371/journal.pone.0144986
10.1007/s10055-023-00851-7
10.1016/j.gaitpost.2023.11.016
10.1007/s00415-018-8973-x
10.1038/s41531-021-00171-0
10.3390/s21072292
10.3390/s23063138
10.1145/2543581.2543590
10.1038/s41531-023-00512-1
10.1109/TVCG.2022.3196606
10.3389/fpsyg.2019.02344
10.1167/11.5.13
10.1167/jov.24.4.15
10.1001/jamaneurol.2019.0033
10.1371/journal.pone.0254098
10.1002/brb3.70070
10.3233/JPD-202146
10.1002/mds.26424
10.1016/j.gaitpost.2009.07.108
10.1111/j.1532-5415.2005.53221.x
10.1002/mds.25919
10.1002/mds.22340
10.1093/gerona/50A.1.M28
10.1016/j.jbiomech.2019.05.006
10.1016/j.jbiomech.2019.109481
10.3389/fnhum.2016.00319
10.1016/j.apmr.2012.10.026
10.1002/mdc3.13556
10.1037/met0000159
10.1177/1099800404267682
10.18637/jss.v067.i01
10.1080/07350015.2016.1247004
10.32614/RJ-2017-066",
32415005,Effectiveness of QSM over R2* in assessment of parkinson's disease - A systematic review,Saikiran P; Priyanka.,Neurol India. 2020 Mar-Apr;68(2):278-281. doi: 10.4103/0028-3886.284377.,Saikiran P,Neurol India,2020,2020/05/17,,,10.4103/0028-3886.284377,32415005,Effectiveness of QSM over R2* in assessment of parkinson's disease - A systematic review.,"The incidence and prevalence of Parkinson's (PD) are increasing rapidly in developing countries. PD is difficult to diagnose based on clinical assessment. Presently, magnetic resonance imaging (MRI) methods such as R2* and Quantitative Susceptibility Mapping (QSM) were found to be useful in diagnosing the PD based on the iron deposition in different regions of the brain. The objective of this review was to evaluate the efficacy of QSM over R2* in assessment of PD. A comprehensive literature search was made on PubMed-Medline, CINAHL, Science Direct, Scopus, Web of Science, and the Cochrane library databases for original research articles published between 2000 and 2018. Original articles that reported the efficacy of QSM and R2* in assessment of PD were included. A total of 327 studies were identified in the literature search. However, only ten studies were eligible for analysis. Of the ten studies, five studies compared the accuracy of QSM over R2* in measuring the iron deposition in different regions of brain in PD. Our review found that QSM has better accuracy in identifying iron deposition in PD patients compared to R2*. However, there is discrepancy in the results between MRI Imaging methods and Postmortem studies. Additional longitudinal research studies are needed to provide a strong evidence base for the use of MRI imaging methods such as R2*and QSM in accurately measuring iron deposition in different regions of brain and serve as biomarkers in PD.",Saikiran,2020-05-18,Neurology India,10.4103/0028-3886.284377,"Iron deposition, Parkinson's disease, R2* mapping, quantitative susceptibility mapping, substantia nigra"
33946205,Kinesiophobia Levels in Patients with Parkinson's Disease: A Case-Control Investigation,"Jiménez-Cebrián AM, Becerro-de-Bengoa-Vallejo R, Losa-Iglesias ME, de Labra C, Calvo-Lobo C, Palomo-López P, Martínez-Jiménez EM, Navarro-Flores E.",Int J Environ Res Public Health. 2021 Apr 30;18(9):4791. doi: 10.3390/ijerph18094791.,Jiménez-Cebrián AM,Int J Environ Res Public Health,2021,2021/05/05,PMC8124702,,10.3390/ijerph18094791,33946205,Kinesiophobia Levels in Patients with Parkinson's Disease: A Case-Control Investigation.,"Kinesiophobia can be an obstacle to physical and motor activity in patients with Parkinson's disease (PD). PD affects patients' independence in carrying out daily activities. It also impacts a patient's biopsychosocial well-being. The objective of this study was to analyze the levels and scores of kinesiophobia in PD patients and compare them with healthy volunteers.
We deployed a case-control study and recruited 124 subjects (mean age 69.18 ± 9.12). PD patients were recruited from a center of excellence for Parkinson's disease (cases n = 62). Control subjects were recruited from the same hospital (control n = 62). Kinesiophobia total scores and categories were self-reported using the Spanish version of the Tampa Scale of Kinesiophobia (TSK-11).
Differences between cases and control groups were analyzed using the Mann-Whitney U test. Statistically significant differences (
Total kinesiophobia scores were significantly higher in PD patients compared with healthy controls, with moderate to severe kinesiophobia levels prevailing in PD patients. Therefore, individuals living with PD should be evaluated and controlled in order to detect initial kinesiophobia symptoms.","Jiménez-Cebrián, Becerro-de-Bengoa-Vallejo, Losa-Iglesias, de Labra, Calvo-Lobo, Palomo-López, Martínez-Jiménez, Navarro-Flores",2021-05-06,International journal of environmental research and public health,"10.3390/ijerph18094791
10.2478/v10078-011-0019-8
10.1589/jpts.28.665
10.1016/j.jbmt.2020.05.005
10.1007/s00167-019-05838-z
10.3906/sag-1804-152
10.46497/ArchRheumatol.2020.7432
10.3390/ijerph17020626
10.3390/jcm9030738
10.1016/j.apmr.2003.12.033
10.1016/j.pain.2006.07.016
10.1155/2017/3489617
10.1080/16501970510041253
10.1097/MRR.0000000000000449
10.1155/2020/4293071
10.1016/j.pain.2007.01.008
10.1016/j.pain.2005.05.029
10.1016/j.jpain.2010.08.004
10.1136/bjsports-2017-098673
10.1186/s12877-018-0735-1
10.3390/brainsci10020069
10.1155/2019/8769141
10.3233/JPD-120113
10.1097/MRR.0000000000000095","Parkinson’s disease, movement disorders, musculoskeletal and neural physiological phenomena"
37781140,Predicting longitudinal brain atrophy in Parkinson's disease using a Susceptible-Infected-Removed agent-based model,"Abdelgawad A, Rahayel S, Zheng YQ, Tremblay C, Vo A, Misic B, Dagher A.",Netw Neurosci. 2023 Oct 1;7(3):906-925. doi: 10.1162/netn_a_00296. eCollection 2023.,Abdelgawad A,Netw Neurosci,2023,2023/10/02,PMC10473281,,10.1162/netn_a_00296,37781140,Predicting longitudinal brain atrophy in Parkinson's disease using a Susceptible-Infected-Removed agent-based model.,"Parkinson's disease is a progressive neurodegenerative disorder characterized by accumulation of abnormal isoforms of alpha-synuclein. Alpha-synuclein is proposed to act as a prion in Parkinson's disease: In its misfolded pathologic state, it favors the misfolding of normal alpha-synuclein molecules, spreads trans-neuronally, and causes neuronal damage as it accumulates. This theory remains controversial. We have previously developed a Susceptible-Infected-Removed (SIR) computational model that simulates the templating, propagation, and toxicity of alpha-synuclein molecules in the brain. In this study, we test this model with longitudinal MRI collected over 4 years from the Parkinson's Progression Markers Initiative (1,068 T1 MRI scans, 790 Parkinson's disease scans, and 278 matched control scans). We find that brain deformation progresses in subcortical and cortical regions. The SIR model recapitulates the spatiotemporal distribution of brain atrophy observed in Parkinson's disease. We show that connectome topology and geometry significantly contribute to model fit. We also show that the spatial expression of two genes implicated in alpha-synuclein synthesis and clearance, ","Abdelgawad, Rahayel, Zheng, Tremblay, Vo, Misic, Dagher",2023-10-02,"Network neuroscience (Cambridge, Mass.)","10.1162/netn_a_00296
10.1016/S0166-4328(01)00297-2
10.1016/S0197-4580(02)00065-9
10.1007/s00441-004-0956-9
10.1016/j.neuron.2019.08.037
10.1523/JNEUROSCI.1788-16.2017
10.1016/j.neuroimage.2020.117038
10.1016/j.neuroimage.2006.01.021
10.1016/S1474-4422(09)70238-8
10.1038/s41593-018-0221-2
10.1073/pnas.1513302113
10.1007/s11910-018-0860-4
10.1002/mds.28531
10.3389/fneur.2018.00455
10.1002/mds.21198
10.1016/bs.pbr.2020.02.005
10.1038/nature11405
10.1126/sciadv.abc2487
10.1016/j.jmb.2020.01.037
10.1016/j.neuroimage.2014.03.032
10.1016/j.parkreldis.2015.09.007
10.1038/nm1747
10.1523/JNEUROSCI.2170-12.2012
10.1002/mds.28706
10.1038/nm1746
10.1126/science.1227157
10.1007/s00401-018-1829-8
10.1002/acn3.644
10.7554/eLife.72129
10.1016/j.neuroimage.2021.118052
10.1093/brain/awt037
10.1002/ana.25706
10.1111/j.1532-5415.2005.53221.x
10.1016/j.neuroimage.2019.03.001
10.1038/s41582-020-0333-7
10.1093/brain/awz030
10.1093/brain/awab440
10.1093/brain/awac187
10.1016/j.celrep.2014.12.034
10.1007/s00401-017-1792-9
10.1084/jem.20160368
10.3390/cells8040364
10.1126/science.1255905
10.1523/JNEUROSCI.0752-14.2014
10.1016/j.parkreldis.2019.11.015
10.1101/2021.08.24.457538
10.1038/42166
10.1002/mds.21740
10.1038/nrn.2016.178
10.1093/brain/awaa234
10.1093/braincomms/fcab269
10.1016/j.molmed.2020.03.012
10.1038/s41467-020-15701-2
10.1038/s41591-021-01309-6
10.1073/pnas.1318268110
10.1002/mds.26170
10.7554/eLife.08440
10.1371/journal.pbio.3000495
10.1016/j.neuron.2012.03.004","Alpha-synuclein, Brain networks, MRI, Neurodegeneration"
40459174,Plastamination: A Rising Concern for Parkinson's Disease,"Erro R, Sorrentino C, Barone P.",Mov Disord. 2025 Aug;40(8):1528-1533. doi: 10.1002/mds.30253. Epub 2025 Jun 3.,Erro R,Mov Disord,2025,2025/06/03,PMC12371614,,10.1002/mds.30253,40459174,Plastamination: A Rising Concern for Parkinson's Disease.,,"Erro, Sorrentino, Barone",2025-06-03,Movement disorders : official journal of the Movement Disorder Society,"10.1002/mds.30253
10.1016/S1474-4422(24)00038-3
10.1126/science.adl2746
10.2174/1570159X22666240216085947
10.1016/j.jhazmat.2020.124004
10.3390/nano13081404
10.1016/j.chemosphere.2022.134261
10.1289/EHP13435
10.1016/j.envpol.2023.122996
10.1016/j.heliyon.2023.e13070
10.24272/j.issn.2095-8137.2024.038
10.1016/j.envpol.2022.120939
10.1016/j.jhazmat.2024.134017
10.1186/s12989-023-00561-7
10.1001/jamanetworkopen.2024.40018
10.1016/j.envint.2024.108635
10.1016/j.ecoenv.2024.116393
10.1021/acs.nanolett.1c04184
10.1038/s41531-025-00894-4
10.1016/j.neuroscience.2024.07.018
10.1016/j.aquatox.2021.106048
10.1016/j.jhazmat.2022.128459
10.1002/advs.202401009
10.1186/s12989-023-00556-4
10.1016/j.febslet.2015.10.021
10.1021/acs.jpclett.4c00731
10.1002/smll.202308753
10.1126/sciadv.adi8716
10.1016/j.jhazmat.2023.133289
10.1016/j.jhazmat.2024.134054
10.1016/j.chemosphere.2023.139383","environment, microplastics, nanoplastics, pollution, α‐synuclein"
37354828,History of high household pesticide use and Parkinson's disease in Brazil,"Moura DD, Borges V, Ferraz HB, Schuh AFS, de Mello Rieder CR, Mata IF, Brito MMCM, Tumas V, Santos-Lobato BL.",Parkinsonism Relat Disord. 2023 Aug;113:105493. doi: 10.1016/j.parkreldis.2023.105493. Epub 2023 Jun 19.,Moura DD,Parkinsonism Relat Disord,2023,2023/06/24,,,10.1016/j.parkreldis.2023.105493,37354828,History of high household pesticide use and Parkinson's disease in Brazil.,The prevalence of Parkinson's disease (PD) is growing worldwide and household pesticides exposure may be related to this phenomenon. We showed that individuals with high exposure to household pesticides have two times more risk of developing PD. Household pesticide exposure did not impact age at PD onset.,"Moura, Borges, Ferraz, Schuh, de Mello Rieder, Mata, Brito, Tumas, Santos-Lobato",2023-06-25,Parkinsonism & related disorders,10.1016/j.parkreldis.2023.105493,"Insecticides, Parkinson's disease, Pesticides, Pyrethroids"
38656628,"Duration, numerosity and length processing in healthy ageing and Parkinson's disease","Romeo Z, Dolfi S, D'Amelio M, Mioni G.",Eur J Ageing. 2024 Apr 24;21(1):14. doi: 10.1007/s10433-024-00807-z.,Romeo Z,Eur J Ageing,2024,2024/04/24,PMC11043296,,10.1007/s10433-024-00807-z,38656628,"Duration, numerosity and length processing in healthy ageing and Parkinson's disease.","People constantly process temporal, numerical, and length information in everyday activities and interactions with the environment. However, it is unclear whether quantity perception changes during ageing. Previous studies have provided heterogeneous results, sometimes showing an age-related effect on a particular quantity, and other times reporting no differences between young and elderly samples. However, three dimensions were never compared within the same study. Here, we conducted two experiments with the aim of investigating the processing of duration, numerosity and length in both healthy and pathological ageing. The experimental paradigm consisted of three bisection tasks in which participants were asked to judge whether the presented stimulus (i.e. a time interval, a group of dots, or a line) was more similar to the short/few or long/many standards. The first study recruited healthy young and elderly participants, while the second recruited healthy elderly participants and patients with Parkinson's disease, a clinical condition commonly associated with temporal impairments. The results of both experiments showed that discrimination precision differed between domains in all groups, with higher precision in the numerosity task and lower sensitivity in judging duration. Furthermore, while discrimination abilities were affected in healthy elderly and, even more so, in Parkinson's disease group, no domain-specific impairments emerged. According to our research, reduced discrimination precision might be explained by an alteration of a single system for all quantities or by an age-related general cognitive decline.","Romeo, Dolfi, D'Amelio, Mioni",2024-04-24,European journal of ageing,"10.1007/s10433-024-00807-z
10.18637/jss.v067.i01
10.1080/13825585.2018.1426715
10.1016/j.neuropsychologia.2016.02.028
10.1037/0882-7974.13.4.584
10.1098/rstb.2009.0028
10.1371/journal.pone.0264999
10.1016/j.cogpsych.2013.11.004
10.1016/j.neuropsychologia.2009.05.024
10.1016/j.neuropsychologia.2011.07.014
10.1073/pnas.1323628111
10.1016/j.tics.2010.09.009
10.3389/fnhum.2012.00068
10.1016/j.neuropsychologia.2012.06.006
10.1016/j.beproc.2010.06.017
10.1080/17470210701743643
10.3389/neuro.09.010.2010
10.1002/mds.22340
10.3758/s13423-018-1561-3
10.1038/nrn1684
10.1007/978-1-4939-1782-2_14
10.1016/j.neuropsychologia.2007.12.005
10.3389/fpsyg.2013.00865
10.1163/22134468-00002086
10.1080/17470218.2013.837940
10.1186/1755-7682-6-39
10.1111/1467-9280.00389
10.1162/089892902317236920
10.1037/0097-7403.9.3.320
10.1007/s00221-007-1097-7
10.3389/fpsyg.2015.00999
10.1093/brain/119.1.51
10.1111/desc.12533
10.1093/brain/115.1.211
10.1076/anec.9.3.201.9609
10.1037/0882-7974.18.1.91
10.1007/s10072-014-1995-y
10.1016/j.bandc.2007.01.005
10.1016/j.neuropsychologia.2017.01.019
10.1167/12.6.8
10.3389/fnagi.2016.00102
10.1093/geronj/36.5.625
10.1016/j.tics.2003.09.002
10.1016/j.bandc.2008.01.010","Ageing, Duration perception, Length perception, Numerical perception, Parkinson’s disease"
34276331,Neuro4PD: An Initial Neurorobotics Model of Parkinson's Disease,"Pimentel JM, Moioli RC, de Araujo MFP, Ranieri CM, Romero RAF, Broz F, Vargas PA.",Front Neurorobot. 2021 Jul 1;15:640449. doi: 10.3389/fnbot.2021.640449. eCollection 2021.,Pimentel JM,Front Neurorobot,2021,2021/07/19,PMC8283825,,10.3389/fnbot.2021.640449,34276331,Neuro4PD: An Initial Neurorobotics Model of Parkinson's Disease.,"In this work, we present the first steps toward the creation of a new neurorobotics model of Parkinson's Disease (PD) that embeds, for the first time in a real robot, a well-established computational model of PD. PD mostly affects the modulation of movement in humans. The number of people suffering from this neurodegenerative disease is set to double in the next 15 years and there is still no cure. With the new model we were capable to further explore the dynamics of the disease using a humanoid robot. Results show that the embedded model under both conditions, ","Pimentel, Moioli, de Araujo, Ranieri, Romero, Broz, Vargas",2021-07-20,Frontiers in neurorobotics,"10.3389/fnbot.2021.640449
10.1093/med/9780199322299.001.0001
10.1016/S0987-7053(02)00296-4
10.1093/brain/awu250
10.1038/531S16a
10.1016/S0959-4388(02)00314-8
10.1109/MRA.2010.935808
10.1212/01.wnl.0000247740.47667.03
10.1371/journal.pone.0041598
10.1186/s40035-018-0123-y
10.7554/eLife.44494.016
10.1002/hipo.23147
10.1038/s41583-019-0253-y
10.3389/fnana.2015.00005
10.1007/978-94-007-7194-9_14-1
10.1136/jnnp.49.6.657
10.1212/CPJ.0000000000000351
10.1016/j.tins.2004.06.003
10.1016/j.brainresbull.2008.09.013
10.1016/j.jtbi.2005.03.014
10.1038/29528
10.1093/brain/aws023
10.1007/s11910-013-0378-8
10.1177/107385840100700207
10.1111/j.1460-9568.2012.08085.x
10.1136/jnnp-2017-315922
10.1109/DEVLRN.2017.8329817
10.1385/NI:3:3:171
10.1126/science.1138353
10.1073/pnas.0712231105
10.1136/jnnp.2007.131045
10.1016/S0140-6736(14)61393-3
10.3389/neuro.01.023.2008
10.3389/fncom.2013.00039
10.3389/fncom.2017.00019
10.1109/MRA.2003.1213611
10.1145/2501105.2501114
10.3389/fnbot.2018.00042
10.1162/NECO_a_00073
10.1007/s10827-016-0593-9
10.1101/cshperspect.a009621
10.1056/NEJM199810153391607
10.1109/ACIIW.2017.8272613
10.1109/TCDS.2019.2897618
10.1007/978-3-319-67401-8_32
10.1016/B978-0-444-64189-2.00016-0
10.1186/s40673-020-00121-1
10.1001/archneur.63.8.1189
10.1109/TNSRE.2019.2952637
10.1038/d41586-019-02209-z
10.1145/2393091.2393106
10.1016/j.neuron.2019.03.004
10.1007/978-3-319-49959-8_7
10.5772/5618
10.1152/jn.01132.2015
10.3389/fnana.2016.00109
10.3389/fncir.2019.00011
10.1371/journal.pone.0228081
10.1016/S0168-0102(02)00027-5
10.1136/jnnp.200X.097923
10.1002/mds.22062
10.1002/0470018860.s00498
10.1109/IROS.2018.8594491
10.1371/journal.pcbi.1004609
10.1142/S0129065720500227
10.1113/jphysiol.2003.051235
10.1016/j.neunet.2005.06.049
10.3389/fnbot.2021.634045
10.1109/IJCNN48605.2020.9207180
10.1038/nrn2915
10.1503/cmaj.151179
10.1016/j.jneumeth.2012.01.018
10.1109/EMBC44109.2020.9176570
10.1023/B:JCNS.0000025686.47117.67
10.1016/j.neuron.2011.06.027
10.3389/fncom.2018.00077
10.1016/j.mehy.2006.06.039
10.3389/fnsys.2013.00122
10.1109/TNSRE.2012.2197761
10.1523/JNEUROSCI.18-16-06425.1998
10.1016/j.conb.2014.07.008
10.7554/eLife.25618
10.1016/j.neuroscience.2021.02.019
10.1016/j.jtbi.2008.12.018
10.1088/1741-2560/13/2/026007
10.1007/978-3-540-74769-7_82
10.1371/journal.pone.0037843","Parkinson's disease, basal ganglia, motor control, motor cortex, neurorobotics, robot controller"
40404728,Systematic review of wearables assessing medication effect on motor function and symptoms in Parkinson's disease,"Packer E, Debelle H, Bailey HGB, Rehman RZU, Yarnall AJ, Rochester L, Alcock L, Del Din S.",NPJ Parkinsons Dis. 2025 May 22;11(1):135. doi: 10.1038/s41531-025-00943-y.,Packer E,NPJ Parkinsons Dis,2025,2025/05/22,PMC12098882,,10.1038/s41531-025-00943-y,40404728,Systematic review of wearables assessing medication effect on motor function and symptoms in Parkinson's disease.,"To improve motor function and symptoms, people with Parkinson's (PwP) typically take dopaminergic medication. In PwP, wearable technology (WT) can provide objective insights into medication effect. This review aims to identify and explore literature which uses WT to quantify the effect of medication on motor function and symptoms in PwP (PROSPERO 2022 CRD42022310018). Nine databases were searched between January 2000-October 2024. Downs and Black quality appraisal assessed study quality. PRISMA guidelines were followed. Amongst the seventy-nine included studies, 50 different WTs were placed across 20 locations on the body, and medication effect was monitored on 13 different motor functions/symptoms. There was great heterogeneity amongst protocols, but many studies were performed in controlled environments, exploring short-term medication effects (ON vs OFF). Medication effect varied, improving certain variables, and having no effect on others. Future research should identify gold-standard protocols to explore medication effect in real-world settings, over prolonged periods.Registration and Protocol PROSPERO 2022 CRD42022310018.","Packer, Debelle, Bailey, Rehman, Yarnall, Rochester, Alcock, Del Din",2025-05-23,NPJ Parkinson's disease,"10.1038/s41531-025-00943-y
10.1111/j.1532-5415.2005.53372.x
10.1001/jama.2010.1923
10.1001/jama.2019.22360
10.1589/jpts.27.3675
10.1016/S1474-4422(21)00061-2
10.1007/s40263-014-0220-0
10.1016/j.parkreldis.2012.09.004
10.1002/mds.21831
10.1002/mds.22340
10.1007/s00415-019-09348-3
10.1186/s12984-021-00874-8
10.3389/fneur.2019.01027
10.1002/mds.23450
10.1093/brain/awh237
10.1109/JBHI.2022.3160103
10.1371/journal.pone.0244842
10.1002/mds.26269
10.3389/fneur.2020.00212
10.2196/17986
10.2522/ptj.20150580
10.1038/s41746-019-0217-7
10.1038/s41746-022-00674-x
10.3389/fneur.2024.1387477
10.3389/fnagi.2016.00004
10.1038/s41531-021-00171-0
10.1016/j.jbiomech.2020.110214
10.1016/j.jbiomech.2019.05.039
10.3390/s21237876
10.1109/JBHI.2020.3037857
10.3233/JPD-2012-11071
10.3390/s19235153
10.3389/fneur.2020.570833
10.3233/JPD-171181
10.1007/s00415-019-09183-6
10.3390/s21103553
10.1016/j.parkreldis.2019.03.022
10.1016/j.gaitpost.2017.09.031
10.1016/j.neuropharm.2023.109630
10.1016/j.ibror.2018.06.002
10.3390/s22249937
10.1109/JSEN.2022.3174048
10.3390/s22218340
10.1109/JBHI.2019.2943866
10.3390/diagnostics10060421
10.1109/JBHI.2019.2898332
10.1016/j.medengphy.2019.03.002
10.3390/e21020137
10.3233/JPD-140370
10.3389/fneur.2023.1080752
10.1002/mdc3.14016
10.1016/j.parkreldis.2023.105322
10.1038/s41531-021-00227-1
10.1002/mds.20633
10.3389/fneur.2018.00022
10.1038/s41746-018-0071-z
10.1159/000518571
10.1038/s41598-020-61789-3
10.1038/s41746-023-00937-1
10.1159/000186505
10.1016/j.parkreldis.2018.11.024
10.3390/s21123974
10.1007/s10072-017-3050-2
10.1016/j.parkreldis.2016.09.009
10.3233/JPD-120166
10.3389/fneur.2017.00406
10.1016/j.gaitpost.2018.10.018
10.1002/mds.26313
10.3389/fneur.2017.00542
10.1016/j.gaitpost.2006.09.011
10.1016/j.artmed.2016.01.001
10.1016/j.parkreldis.2018.10.019
10.1186/s12984-018-0398-3
10.1002/acn3.50853
10.1136/bmjopen-2023-073388
10.1123/jmpb.2021-0045
10.1016/j.gaitpost.2011.10.180
10.1089/tmj.2015.0026
10.1111/medu.13122
10.1371/journal.pone.0124763
10.1038/s41531-023-00512-1
10.1002/mds.28345
10.1093/brain/aws207
10.1016/j.parkreldis.2019.02.017
10.1016/S1474-4422(15)00389-0
10.1093/brain/119.2.551
10.1002/mds.25338
10.1179/1743132811Y.0000000044
10.1016/j.gaitpost.2012.09.025
10.1136/bmj.n71
10.3390/s23104881
10.1136/jech.52.6.377",
32174883,Cerebellar Contribution to Motor and Non-motor Functions in Parkinson's Disease: A Meta-Analysis of fMRI Findings,"Solstrand Dahlberg L, Lungu O, Doyon J.",Front Neurol. 2020 Feb 27;11:127. doi: 10.3389/fneur.2020.00127. eCollection 2020.,Solstrand Dahlberg L,Front Neurol,2020,2020/03/17,PMC7056869,,10.3389/fneur.2020.00127,32174883,Cerebellar Contribution to Motor and Non-motor Functions in Parkinson's Disease: A Meta-Analysis of fMRI Findings.,,"Solstrand Dahlberg, Lungu, Doyon",2020-03-17,Frontiers in neurology,"10.3389/fneur.2020.00127
10.1016/j.parkreldis.2015.09.004
10.1586/14737175.2015.1038244
10.1111/j.1468-1331.2008.02056.x
10.1016/S1474-4422(06)70373-8
10.17925/ENR.2009.04.02.29
10.1016/S1471-1931(00)00028-8
10.1016/0166-2236(89)90074-X
10.1016/j.neuron.2019.03.004
10.1016/j.tics.2013.03.003
10.1159/000100736
10.1016/S1364-6613(98)01221-2
10.1007/s12311-008-0059-3
10.1016/j.conb.2016.06.011
10.1093/brain/121.4.561
10.1016/0166-4328(94)00144-5
10.1016/S1364-6613(98)01211-X
10.1146/annurev.neuro.31.060407.125606
10.1007/s12311-011-0321-y
10.1007/s12311-016-0763-3
10.1007/s12311-016-0815-8
10.1007/s12311-008-0046-8
10.1016/j.neubiorev.2013.07.016
10.1093/cercor/5.2.95
10.1523/JNEUROSCI.5359-07.2008
10.1371/journal.pcbi.1002012
10.1136/jnnp-2017-315607
10.1016/j.neuroimage.2006.09.003
10.1016/S1474-4422(07)70245-4
10.1212/01.wnl.0000304050.05332.9c
10.1212/01.WNL.0000044154.92143.DC
10.1016/j.neuroimage.2006.11.047
10.1093/brain/120.1.103
10.1093/brain/awh569
10.1016/j.neuroimage.2009.03.050
10.1002/hbm.20622
10.1016/j.cortex.2009.11.008
10.1152/jn.00339.2011
10.1016/j.neuroimage.2009.01.045
10.1152/jn.01132.2015
10.1093/brain/aws360
10.1016/j.eurpsy.2011.04.001
10.1016/j.neurobiolaging.2014.07.031
10.3389/fnhum.2018.00462
10.1016/j.nicl.2018.01.034
10.1016/j.nicl.2019.101784
10.1002/mds.26294
10.1371/journal.pone.0061786
10.1002/mds.23799
10.1371/journal.pone.0066834
10.1111/j.1552-6569.2011.00663.x
10.1371/journal.pone.0066910
10.1016/j.neurad.2017.11.008
10.1371/journal.pone.0041042
10.1002/hbm.22694
10.1093/cercor/bhu142
10.1016/j.brainresbull.2006.09.014
10.1007/s00702-012-0896-6
10.1016/j.parkreldis.2009.02.005
10.3389/fnhum.2015.00437
10.1093/brain/awq151
10.1007/s00429-014-0749-1
10.1002/hbm.20979
10.1016/j.brainres.2016.07.037
10.1016/j.jns.2009.08.041
10.1002/hbm.23892
10.1371/journal.pone.0017461
10.1093/brain/awq324
10.1016/j.parkreldis.2016.01.025
10.1016/j.neurobiolaging.2008.12.009
10.1155/2010/743141
10.1007/s10072-013-1439-0
10.1016/j.neuroimage.2009.08.011
10.1212/01.WNL.0000044398.73241.13
10.1016/j.neuroimage.2011.04.049
10.1016/j.nicl.2019.101683
10.1016/j.jns.2008.06.024
10.1016/j.neuropsychologia.2017.09.034
10.1016/j.euroneuro.2019.09.003
10.3389/fneur.2017.00682
10.3389/fneur.2011.00082
10.1093/brain/awf036
10.1016/j.nicl.2013.10.016
10.1093/brain/awx042
10.1177/0300060513507647
10.1093/brain/123.2.394
10.1007/s11682-016-9532-7
10.1016/j.parkreldis.2012.07.018
10.1093/cercor/bhs144
10.3389/fnhum.2015.00516
10.1016/j.parkreldis.2010.04.003
10.1002/hbm.20987
10.1136/jnnp.2006.113860
10.1038/srep36284
10.1155/2015/123636
10.1016/j.cortex.2017.05.021
10.1016/j.neulet.2012.07.012
10.1212/WNL.0000000000000592
10.1016/0022-3956(75)90026-6
10.1002/ana.410220556
10.1111/j.1532-5415.2005.53221.x
10.1093/brain/awv399
10.1523/JNEUROSCI.23-23-08432.2003
10.1523/JNEUROSCI.1868-09.2009
10.1093/cercor/bhp135
10.1093/cercor/bhp157
10.1016/j.neuroimage.2008.08.039
10.1007/s12311-016-0781-1
10.1055/s-2007-964904
10.1016/j.neuroimage.2011.08.065
10.1002/hbm.22392
10.1016/j.neuroimage.2009.10.045
10.1002/hbm.1025
10.1523/JNEUROSCI.19-04-01446.1999
10.1007/s00429-014-0861-2
10.1016/B978-0-444-63956-1.00004-7
10.1007/s00429-016-1317-7
10.1073/pnas.1107904108
10.1212/WNL.17.5.427
10.1016/j.neuroscience.2010.12.060
10.1007/s002210100731
10.1007/s002210100839
10.1002/ana.410370208
10.3389/fnagi.2016.00275","Parkinson's disease, cognition, fMRI, meta-analysis, motor, symptoms"
32927800,Milk and Fermented Milk Intake and Parkinson's Disease: Cohort Study,"Olsson E, Byberg L, Höijer J, Kilander L, Larsson SC.",Nutrients. 2020 Sep 10;12(9):2763. doi: 10.3390/nu12092763.,Olsson E,Nutrients,2020,2020/09/15,PMC7551962,,10.3390/nu12092763,32927800,Milk and Fermented Milk Intake and Parkinson's Disease: Cohort Study.,"Milk and fermented milk consumption has been linked to health and mortality but the association with Parkinson's disease (PD) is uncertain. We conducted a study to investigate whether milk and fermented milk intakes are associated with incident PD. This cohort study included 81,915 Swedish adults (with a mean age of 62 years) who completed a questionnaire, including questions about milk and fermented milk (soured milk and yogurt) intake, in 1997. PD cases were identified through linkage with the Swedish National Patient and Cause of Death Registers. Multivariable-adjusted hazard ratios were obtained from Cox proportional hazards regression models. During a mean follow-up of 14.9 years, 1251 PD cases were identified in the cohort. Compared with no or low milk consumption (<40 mL/day), the hazard ratios of PD across quintiles of milk intake were 1.29 (95% CI 1.07, 1.56) for 40-159 mL/day, 1.19 (95% CI 0.99, 1.42) for 160-200 mL/day, 1.29 (95% CI 1.08, 1.53) for 201-400 mL/day, and 1.14 (95% CI 0.93, 1.40) for >400 mL/day. Fermented milk intake was not associated with PD. We found a weak association between milk intake and increased risk of PD but no dose-response relationship. Fermented milk intake was not associated with increased risk of PD.","Olsson, Byberg, Höijer, Kilander, Larsson",2020-09-16,Nutrients,"10.3390/nu12092763
10.1212/01.wnl.0000247740.47667.03
10.1186/s13041-017-0340-9
10.3389/fnana.2015.00091
10.1016/j.neuroscience.2014.10.028
10.1016/S0140-6736(14)61393-3
10.3389/fneur.2019.00232
10.1007/s10654-011-9581-6
10.1212/WNL.0000000000004057
10.1212/01.WNL.0000154532.98495.BF
10.1093/aje/kwk089
10.1017/S0007114512000955
10.1007/s10654-012-9760-0
10.1093/ajcn/88.4.1083
10.1093/jn/134.7.1800
10.1002/jbmr.3324
10.1093/ajcn/68.2.291
10.1159/000336356
10.1093/aje/kww124
10.1097/EDE.0b013e3181810e29
10.1016/S1474-4422(16)30230-7
10.1007/s00228-018-2561-y
10.1136/bmj.g6015
10.1093/aje/kwm385
10.1212/WNL.0000000000002351
10.1136/ard.2009.124230
10.1016/j.parkreldis.2018.04.031
10.1002/ana.25292
10.1002/ana.25294
10.1212/WNL.0000000000002254","Parkinson’s disease, milk, risk factors"
37006327,Association between hearing sensitivity and dopamine transporter availability in Parkinson's disease,"Garasto E, Stefani A, Pierantozzi M, Cerroni R, Conti M, Maranesi S, Mercuri NB, Chiaravalloti A, Schillaci O, Viziano A, Moleti A, Sisto R.",Brain Commun. 2023 Mar 21;5(2):fcad075. doi: 10.1093/braincomms/fcad075. eCollection 2023.,Garasto E,Brain Commun,2023,2023/04/03,PMC10065189,,10.1093/braincomms/fcad075,37006327,Association between hearing sensitivity and dopamine transporter availability in Parkinson's disease.,"In a previous study, we observed: (i) significant hearing function impairment, assessed with pure tone audiometry and distortion product otoacoustic emissions, in patients with Parkinson's disease, compared with a matched control group, and (ii) lateralization of the hearing dysfunction, worse on the side affected by more pronounced Parkinson's disease motor symptoms. This study investigates the association between the basal ganglia dopamine transporter availability and the hearing function in Parkinson's disease patients, focusing also on the lateralization of both dysfunctions, with respect to that of the motor symptoms, and introducing a further distinction between patients with left-sided and right-sided predominant motor symptoms. Patients with right-handed Parkinson's disease with a recent estimation of ","Garasto, Stefani, Pierantozzi, Cerroni, Conti, Maranesi, Mercuri, Chiaravalloti, Schillaci, Viziano, Moleti, Sisto",2023-04-04,Brain communications,10.1093/braincomms/fcad075,"DaTSCAN, Parkinson’s disease, basal ganglia nuclei, distortion product otoacoustic emissions, hearing loss"
38174101,Luxembourg Parkinson's study -comprehensive baseline analysis of Parkinson's disease and atypical parkinsonism,"Pavelka L, Rawal R, Ghosh S, Pauly C, Pauly L, Hanff AM, Kolber PL, Jónsdóttir SR, Mcintyre D, Azaiz K, Thiry E, Vilasboas L, Soboleva E, Giraitis M, Tsurkalenko O, Sapienza S, Diederich N, Klucken J, Glaab E, Aguayo GA, Jubal ER, Perquin M, Vaillant M, May P, Gantenbein M, Satagopam VP, Krüger R; NCER-PD Consortium.",Front Neurol. 2023 Dec 19;14:1330321. doi: 10.3389/fneur.2023.1330321. eCollection 2023.,Pavelka L,Front Neurol,2023,2024/01/04,PMC10763250,,10.3389/fneur.2023.1330321,38174101,Luxembourg Parkinson's study -comprehensive baseline analysis of Parkinson's disease and atypical parkinsonism.,"Deep phenotyping of Parkinson's disease (PD) is essential to investigate this fastest-growing neurodegenerative disorder. Since 2015, over 800 individuals with PD and atypical parkinsonism along with more than 800 control subjects have been recruited in the frame of the observational, monocentric, nation-wide, longitudinal-prospective Luxembourg Parkinson's study.
To profile the baseline dataset and to explore risk factors, comorbidities and clinical profiles associated with PD, atypical parkinsonism and controls.
Epidemiological and clinical characteristics of all 1,648 participants divided in disease and control groups were investigated. Then, a cross-sectional group comparison was performed between the three largest groups: PD, progressive supranuclear palsy (PSP) and controls. Subsequently, multiple linear and logistic regression models were fitted adjusting for confounders.
The mean (SD) age at onset (AAO) of PD was 62.3 (11.8) years with 15% early onset (AAO < 50 years), mean disease duration 4.90 (5.16) years, male sex 66.5% and mean MDS-UPDRS III 35.2 (16.3). For PSP, the respective values were: 67.6 (8.2) years, all PSP with AAO > 50 years, 2.80 (2.62) years, 62.7% and 53.3 (19.5). The highest frequency of hyposmia was detected in PD followed by PSP and controls (72.9%; 53.2%; 14.7%), challenging the use of hyposmia as discriminating feature in PD vs. PSP. Alcohol abstinence was significantly higher in PD than controls (17.6 vs. 12.9%, 
Luxembourg Parkinson's study constitutes a valuable resource to strengthen the understanding of complex traits in the aforementioned neurodegenerative disorders. It corroborated several previously observed clinical profiles, and provided insight on frequency of hyposmia in PSP and dietary habits, such as alcohol abstinence in PD.","Pavelka, Rawal, Ghosh, Pauly, Pauly, Hanff, Kolber, Jónsdóttir, Mcintyre, Azaiz, Thiry, Vilasboas, Soboleva, Giraitis, Tsurkalenko, Sapienza, Diederich, Klucken, Glaab, Aguayo, Jubal, Perquin, Vaillant, May, Gantenbein, Satagopam, Krüger",2024-01-04,Frontiers in neurology,"10.3389/fneur.2023.1330321
10.3233/JPD-181474
10.1007/s00702-020-02184-0
10.1016/j.neurol.2018.08.004
10.1186/s40035-020-00218-x
10.3233/JPD-171238
10.1371/journal.pone.0151841
10.3390/ijerph13090881
10.3389/fneur.2020.556337
10.1212/01.wnl.0000256374.50227.4b
10.1212/WNL.0b013e3181d55f38
10.1212/WNL.0000000000000879
10.1212/WNL.55.9.1350
10.1093/aje/kwh312
10.1093/aje/kwr451
10.1212/WNL.0b013e3181ea1597
10.1016/S1474-4422(16)30230-7
10.3389/fnagi.2018.00326
10.1002/mds.10459
10.1212/WNL.47.1.1
10.1002/mds.26987
10.1212/WNL.51.6.1546
10.1212/01.wnl.0000324625.00404.15
10.1212/01.wnl.0000224698.67660.45
10.1002/mds.20083
10.2147/JPRLS.S99197
10.1002/mds.26263
10.1007/s00405-006-0173-0
10.3233/JPD-223511
10.1002/mds.23429
10.1016/j.jbi.2019.103208
10.1016/j.jbi.2008.08.010
10.1186/s12874-022-01572-2
10.18637/jss.v045.i03
10.18637/jss.v057.i12
10.1093/biomet/80.2.267
10.1093/biomet/79.1.103
10.1002/mdc3.13523
10.3233/JPD-171100
10.1212/WNL.0b013e3182a6cbd5
10.1002/acn3.644
10.1111/ene.14008
10.3233/JPD-191775
10.1016/j.parkreldis.2013.09.025
10.1159/000331490
10.1212/WNL.43.5.962
10.1002/mds.22688
10.1016/j.nbd.2020.104996
10.1093/sleep/28.3.349
10.1016/j.sleep.2008.05.004
10.1016/j.sleep.2004.01.004
10.1016/j.jns.2015.01.025
10.1016/j.parkreldis.2010.01.002
10.3233/JPD-223522
10.1016/j.cccn.2005.01.024
10.1136/jnnp.2005.065417
10.1016/j.scitotenv.2016.05.115
10.1016/j.envint.2021.106526
10.1111/j.1749-6632.2009.04365.x
10.1111/j.1365-2990.2007.00874.x
10.1007/s40572-016-0083-2
10.1016/j.envint.2017.04.010
10.3233/JAD-190397
10.1371/journal.pone.0062030
10.1186/s13690-020-00402-5
10.1111/ene.15069
10.1016/j.parkreldis.2009.05.002
10.1002/mds.28425
10.1016/j.neurobiolaging.2017.05.009
10.1002/humu.23166","Parkinson’s disease, REM-sleep behaviour disorder, environment exposure, hyposmia, parkinsonian disorders, progressive supranuclear palsy"
35268244,A Psychometric Tool for Evaluating Executive Functions in Parkinson's Disease,"Borgnis F, Baglio F, Pedroli E, Rossetto F, Meloni M, Riva G, Cipresso P.",J Clin Med. 2022 Feb 22;11(5):1153. doi: 10.3390/jcm11051153.,Borgnis F,J Clin Med,2022,2022/03/10,PMC8911216,,10.3390/jcm11051153,35268244,A Psychometric Tool for Evaluating Executive Functions in Parkinson's Disease.,"Recently, there has been an increasing interest in using 360° virtual-reality video for an ecologically valid assessment of executive functioning in the neurologic population. In this framework, we have developed the EXecutive-functions Innovative Tool (EXIT 360°), an original 360°-based instrument for a multicomponent, ecologically valid evaluation of executive functioning in Parkinson's Disease (PD). This work aimed to test the usability and user experience of EXIT 360° in patients with PD (PwPD). Twenty-seven PwPD and twenty-seven healthy controls underwent an evaluation that involved: (1) usability assessment by the System Usability Scale and (2) evaluation of user experience using the ICT-Sense of Presence and User Experience Questionnaire. Results showed a satisfactory level of usability for patients (mean = 76.94 ± 9.18) and controls (mean = 80 ± 11.22), with good scores for usability and learnability. Regarding user experience, patients provided a positive overall impression of the tool, evaluating it as attractive, enjoyable, activating, and funny. Moreover, EXIT 360° showed good pragmatic (e.g., efficient, fast, clear) and hedonic quality (e.g., exciting, interesting, and creative). Finally, PwPD considered EXIT 360° as an original tool with high ecological validity (mean = 4.29 ± 0.61), spatial presence (mean = 3.11 ± 0.83) and engagement (mean = 3.43 ± 0.54) without relevant adverse effects. Technological expertise had no impact on performance. Overall, EXIT 360° appeared to be a usable, easy-to-learn, engaging, and innovative instrument for PD. Further studies will be conducted to deepen its efficacy in distinguishing between healthy subjects and patients with executive dysfunctions.","Borgnis, Baglio, Pedroli, Rossetto, Meloni, Riva, Cipresso",2022-03-11,Journal of clinical medicine,"10.3390/jcm11051153
10.1038/nrn3122
10.1080/13854046.2016.1144793
10.1080/21622965.2020.1760103
10.3233/NRE-172183
10.3389/fnbeh.2014.00405
10.3389/fneur.2020.00846
10.1002/mds.23868
10.1038/nrneurol.2017.27
10.1002/mds.27135
10.1155/2020/2076942
10.1016/j.acn.2007.08.010
10.1177/0891988712464823
10.1016/j.parkreldis.2016.04.009
10.1146/annurev-psych-113011-143750
10.1111/jnp.12028
10.1016/j.schres.2009.09.015
10.1017/S1355617707070178
10.1002/gps.1015
10.1177/0891988705277540
10.1080/13803395.2012.740002
10.3389/fnhum.2015.00660
10.1038/s41598-019-42201-1
10.1089/cpb.2006.9.342
10.1007/s12008-019-00553-y
10.3389/fnins.2021.622095
10.3390/s21175867
10.3389/fnhum.2020.00093
10.1080/00140139.2020.1774080
10.3390/s18072343
10.1037/0090-5550.46.3.296
10.1037/pri0000028
10.1111/j.1532-5415.2005.53221.x
10.1007/s10072-014-1995-y
10.1002/mds.26424
10.1001/jama.2013.281053
10.3390/app11156791
10.1007/s10072-005-0443-4
10.1212/WNL.55.11.1621
10.3389/fpsyg.2018.01878
10.9781/ijimai.2019.06.006
10.1162/105474601300343612
10.1024/1010-0652.19.3.159
10.1111/j.1467-6494.1994.tb00797.x
10.1080/10447310802205776
10.1007/BF02310555
10.9781/ijimai.2017.445
10.1080/09602011.2015.1074083
10.3389/fneur.2020.00180
10.1007/s10072-021-05601-8","360° environment, Parkinson’s disease, assessment, engagement, executive function, patients, usability, user experience, virtual reality"
32691911,Laterality of Auditory Dysfunction in Parkinson's Disease,"Cerroni R, Pierantozzi M, Moleti A, Stefani A, Sisto R, Mercuri NB, Liguori C, Garasto E, Viziano A.",Mov Disord. 2020 Jul;35(7):1283-1284. doi: 10.1002/mds.28131.,Cerroni R,Mov Disord,2020,2020/07/22,,,10.1002/mds.28131,32691911,Laterality of Auditory Dysfunction in Parkinson's Disease.,,"Cerroni, Pierantozzi, Moleti, Stefani, Sisto, Mercuri, Liguori, Garasto, Viziano",2020-07-22,Movement disorders : official journal of the Movement Disorder Society,10.1002/mds.28131,
37693752,Barriers and facilitators for healthcare providers to implement family-centered care in Parkinson's disease: a scoping review,"Sun WJ, Peng YJ, Liang Y.",Front Neurol. 2023 Aug 25;14:1231654. doi: 10.3389/fneur.2023.1231654. eCollection 2023.,Sun WJ,Front Neurol,2023,2023/09/11,PMC10486989,,10.3389/fneur.2023.1231654,37693752,Barriers and facilitators for healthcare providers to implement family-centered care in Parkinson's disease: a scoping review.,"This study aimed to identify and synthesize the barriers and facilitators to the implementation of family-centered care in Parkinson's disease (PD) and to provide a reference for evidence-based Parkinson's disease nursing practice.
This scoping review follows the methodology framework proposed by Arksey and O'Malley. Four databases including PubMed, Web of Science, Embase, and Cochrane Library were searched. Barriers and facilitators were summarized based on the ecological family-centered model.
Through a comprehensive literature search, 35 studies were found for this scoping review. Barriers and facilitators to implementing family-centered care in PD included physiological factors, environmental factors, culturally based conflicts, living arrangements, education or skills training, group experiences, and individual and family consultations.
Implementing family-centered care in Parkinson's disease is essential to providing comprehensive care that improves outcomes for both PD patients and their family members.","Sun, Peng, Liang",2023-09-11,Frontiers in neurology,"10.3389/fneur.2023.1231654
10.3389/fpubh.2021.776847
10.3389/fpubh.2022.952161
10.1016/j.parkreldis.2020.09.024
10.1016/j.jamda.2020.09.012
10.3233/NRE-192894
10.1016/j.pedn.2008.03.010
10.1186/s12913-019-4394-5
10.1016/j.parkreldis.2009.07.009
10.1177/0733464820918136
10.1177/1460458217712054
10.1080/02703181.2017.1288673
10.1111/jan.15196
10.1503/cmaj.181504
10.1080/1364557032000119616
10.1093/sw/31.4.299
10.1093/hsw/18.2.123
10.1007/s11136-009-9559-y
10.21037/apm.2019.09.10
10.1111/j.1742-1241.2011.02791.x
10.1212/WNL.0000000000004357
10.1111/ijcp.12439
10.1080/07317115.2016.1240131
10.1177/0891988718783274
10.1177/0891988711422529
10.1111/jgs.15337
10.1016/j.parkreldis.2022.11.014
10.21037/apm.2019.09.12
10.3389/fneur.2021.672208
10.1371/journal.pone.0263108
10.1080/13554794.2019.1583345
10.1001/jamaneurol.2019.4992
10.1002/gps.2472
10.1097/NNR.0b013e318221bb0f
10.1037/fsh0000684
10.1007/s41347-022-00261-7
10.1177/0269215512448382
10.3233/JPD-191838
10.1002/pri.1959
10.1080/07317115.2019.1580811
10.1037/hea0000412
10.1080/17441692.2021.1954227
10.1111/jocn.14522
10.1212/WNL.0000000000007552
10.1123/apaq.2019-0125
10.1111/j.1365-2524.2005.00600.x
10.3390/jcm9082581
10.3389/fneur.2023.1111260
10.3233/JPD-191763
10.1002/brb3.1753
10.3233/JPD-202411","Parkinson's disease, barrier, facilitator, family-centered care, scoping review"
39654809,Associations of motor and neuropsychiatric symptoms with comorbidities in prodromal Parkinson's disease,"Chen JR, Sun Y, Ma YJ, Tan L.",Front Aging Neurosci. 2024 Nov 25;16:1452766. doi: 10.3389/fnagi.2024.1452766. eCollection 2024.,Chen JR,Front Aging Neurosci,2024,2024/12/10,PMC11625736,,10.3389/fnagi.2024.1452766,39654809,Associations of motor and neuropsychiatric symptoms with comorbidities in prodromal Parkinson's disease.,"To investigate the associations between comorbidities and multimorbidity patterns with motor and neuropsychiatric symptoms in patients with Parkinson's disease (PD) in prodromal PD.
Multimorbidity is defined as the coexistence of two or more long-term conditions (LTCs) (also known as multiple comorbidities). A total of 921 participants without PD were included in the Parkinson's Progression Markers Initiative (PPMI) database and were categorized according to the LTC count. Participants were evaluated on motor and psychiatric symptoms. Pearson correlation to examine relationship of comorbidities and target symptoms. The baseline population was analyzed using Multiple linear regression model, while mixed effects model was utilized for longitudinal analysis. Fuzzy C-means clustering analysis was conducted to identify comorbidity patterns, followed by multiple linear regression for further analysis.
At baseline, a higher LTC count was significantly correlated with more severe motor (MDS-UPDRS I, II, ADL, all 
Comorbidities were cross-sectionally and longitudinally associated with the motor and neuropsychiatric symptoms of patients with prodromal PD. Among the three multimorbidity patterns, CAR posed the highest threat to the risk of more severe motor and neuropsychiatric symptoms.","Chen, Sun, Ma, Tan",2024-12-10,Frontiers in aging neuroscience,"10.3389/fnagi.2024.1452766
10.1016/j.neurobiolaging.2023.09.014
10.1016/j.jad.2022.07.005
10.1002/brb3.2297
10.1016/j.jad.2022.08.110
10.1002/mds.21198
10.1002/alz.12237
10.1186/s12877-018-0705-7
10.1136/jnnp-2020-324266
10.1016/j.ahj.2014.11.018
10.1007/s00415-019-09692-4
10.1161/HYPERTENSIONAHA.111.171249
10.1007/s00415-019-09348-3
10.1016/j.jns.2016.12.046
10.1016/j.jamda.2019.02.024
10.2337/dc11-1511
10.1001/archneurol.2010.65","Parkinson’s disease, comorbidity, motor symptoms, multimorbidity, multimorbidity patterns, neuropsychiatry symptoms"
38975139,Facial emotion recognition and judgment of affective scenes in Parkinson's disease,"Salfi F, Toro S, Saporito G, Sucapane P, Marano M, Montaruli G, Cacchio A, Ferrara M, Pistoia F.",Heliyon. 2024 Jun 13;10(12):e32947. doi: 10.1016/j.heliyon.2024.e32947. eCollection 2024 Jun 30.,Salfi F,Heliyon,2024,2024/07/08,PMC11226888,,10.1016/j.heliyon.2024.e32947,38975139,Facial emotion recognition and judgment of affective scenes in Parkinson's disease.,"Emotional dysfunctions in Parkinson's disease (PD) remain a controversial issue. While previous investigations showed compromised recognition of expressive faces in PD, no studies evaluated potential deficits in recognizing the emotional valence of affective scenes. This study aimed to investigate both facial emotion recognition performance and the ability to judge affective scenes in PD patients. Forty PD patients (mean age ± SD: 64.50 ± 8.19 years; 27 men) and forty healthy subjects (64.95 ± 8.25 years; 27 men) were included. Exclusion criteria were previous psychiatric disorders, previous Deep Brain Stimulation, and cognitive impairment. Participants were evaluated through the Ekman 60-Faces test and the International Affective Picture System. The accuracy in recognizing the emotional valence of facial expressions and affective scenes was compared between groups using linear mixed models. Pearson's correlation was performed to test the association between accuracy measures. The groups did not differ in sex, age, education, and Mini-Mental State Examination scores. Patients showed a lower recognition accuracy of facial expressions (68.54 % ± 15.83 %) than healthy participants (78.67 % ± 12.04 %; p < 0.001). Specifically, the PD group was characterized by lower recognition of faces expressing fear, sadness, and anger than the control group (all p < 0.020). No difference was detected for faces expressing disgust, surprise, and happiness (all p ≥ 0.25). Furthermore, patients showed lower accuracy in recognizing the emotional valence of affective scenes (66.75 % ± 14.59 %) than healthy subjects (74.83 % ± 12.65 %; p = 0.010). Pearson's correlations indicated that higher accuracy in recognizing the emotional facial expressions was associated with higher accuracy in classifying the valence of affective scenes in patients (r = 0.57, p < 0.001) and control participants (r = 0.57, p < 0.001). Our study suggested maladaptive affective processing in PD, leading patients to misinterpret both facial expressions and the emotional valence of complex evocative scenes.","Salfi, Toro, Saporito, Sucapane, Marano, Montaruli, Cacchio, Ferrara, Pistoia",2024-07-08,Heliyon,10.1016/j.heliyon.2024.e32947,
32725131,Dietary nicotine intake and risk of Parkinson disease: a prospective study,"Ma C, Molsberry S, Li Y, Schwarzschild M, Ascherio A, Gao X.",Am J Clin Nutr. 2020 Oct 1;112(4):1080-1087. doi: 10.1093/ajcn/nqaa186.,Ma C,Am J Clin Nutr,2020,2020/07/30,PMC7528555,,10.1093/ajcn/nqaa186,32725131,Dietary nicotine intake and risk of Parkinson disease: a prospective study.,"Tobacco use was observed to be associated with a lower risk of Parkinson disease (PD) in previous epidemiologic studies, with nicotine as a potential candidate. The association between dietary nicotine and PD risk has, however, not been examined in prospective studies yet.
We aimed to examine prospectively the association between dietary nicotine intake and subsequent PD risk among never-smokers.
The current study was based on never-smoker participants from 2 large prospective cohorts: the Nurses' Health Study (n = 31,615) and the Health Professionals Follow-up Study (n = 19,523). The studies contained information on dietary nicotine intake from 1986 from validated FFQs. Dietary nicotine intake was calculated based on consumption of peppers, tomatoes, processed tomatoes, potatoes, and tea. Incident cases of PD were identified via questionnaires and subsequently confirmed by reviewing medical records. We used Cox proportional hazard models to calculate cohort-specific HRs, and used fixed-effects models to calculate the pooled HR.
During 26 y of follow-up, we identified 601 incident PD cases (296 women and 305 men). After adjusting for potential covariates, the pooled HR for the highest compared with the lowest quintile of dietary nicotine intake was 0.70 (95% CI: 0.51, 0.94). The significant inverse association was, however, only observed in women (adjusted HR: 0.64; 95% CI: 0.42, 0.96), not in men (adjusted HR: 0.77; 95% CI: 0.50, 1.20). Further adjusting for environmental tobacco smoke exposure, family history of PD, and use of ibuprofen generated similar significant results in women. Consistently, greater consumption of peppers was associated with lower risk of PD (adjusted HR for ≥5 times/wk compared with ≤3 times/mo: 0.49; 95% CI: 0.25, 0.94) in women but not in men (adjusted HR: 1.04; 95% CI: 0.57, 1.90).
Women with greater dietary nicotine intake had a lower risk of PD than those with lower intake.","Ma, Molsberry, Li, Schwarzschild, Ascherio, Gao",2020-07-30,The American journal of clinical nutrition,10.1093/ajcn/nqaa186,"Parkinson disease, cohort, dietary nicotine, neurodegenerative disease, prospective study"
37292848,Population fraction of Parkinson's disease attributable to preventable risk factors,"Payami H, Cohen G, Murchison CF, Sampson TR, Standaert DG, Wallen ZD.",medRxiv [Preprint]. 2023 May 19:2023.05.19.23290231. doi: 10.1101/2023.05.19.23290231.,Payami H,medRxiv,2023,2023/06/09,PMC10246145,,10.1101/2023.05.19.23290231,37292848,Population fraction of Parkinson's disease attributable to preventable risk factors.,"Parkinson's disease is the fastest growing neurologic disease with seemingly no means for prevention. Intrinsic risk factors (age, sex, genetics) are inescapable, but environmental factors are not. We studied population attributable fraction and estimated fraction of PD that could be reduced if modifiable risk factors were eliminated. Assessing several known risk factors simultaneously in one study, we demonstrate that all were operative and independent, underscoring etiological heterogeneity within a single population. We investigated repeated blows to head in sports or combat as a potential new risk factor, and found it was associated with two-fold increased risk of PD. Considering modifiable risk factors, 23% of PD cases in females were attributable to pesticides/herbicides exposure, and 30% of PD cases in males was attributable to pesticides/herbicides, Agent Orange/chemical warfare, and repeated blows to the head. Thus, one-in-three cases of PD in males, and one-in-four cases in females could have potentially been prevented.","Payami, Cohen, Murchison, Sampson, Standaert, Wallen",2023-06-09,medRxiv : the preprint server for health sciences,"10.1101/2023.05.19.23290231
10.1016/S1474-4422(18)30295-3
10.3233/JPD-181474
10.1038/s41531-020-0117-1
10.1002/mds.27115
10.1016/S0140-6736(21)00218-X
10.1016/j.neuron.2010.10.014
10.1016/j.nbd.2012.06.025
10.3233/JPD-212922
10.1038/s41531-022-00410-y
10.1159/000445751
10.1101/cshperspect.a008888
10.1016/S1474-4422(19)30320-5
10.1016/j.envres.2021.111161
10.1016/j.apmr.2013.08.298
10.1136/bmj.a2494
10.1002/ana.25074
10.1056/NEJMoa1908483
10.1016/j.parkreldis.2015.12.008
10.1212/WNL.0000000000005473
10.1097/JSM.0000000000000918
10.1212/WNL.0000000000010813
10.1017/S1368980020003225
10.1016/S2214-109X(19)30074-9
10.1016/j.jns.2003.09.014
10.1186/s40478-020-00924-7
10.1016/j.ncl.2020.08.003
10.1212/WNL.0000000000005522
10.1007/s10654-016-0137-7
10.1007/s00401-019-02033-9
10.1177/1091581815583561
10.1016/j.jenvman.2021.113611
10.1186/s12940-018-0441-7
10.1186/s12940-019-0488-0
10.1016/j.envint.2019.104994
10.1007/s40572-016-0083-2
10.1001/jama.2017.8334
10.1016/S1474-4422(23)00109-6
10.1093/brain/awx118
10.1038/s41467-022-34667-x",
37588481,Automated Real-World Video Analysis of Sit-to-Stand Transitions Predicts Parkinson's Disease Severity,"Morgan C, Masullo A, Mirmehdi M, Isotalus HK, Jovan F, McConville R, Tonkin EL, Whone A, Craddock I.",Digit Biomark. 2023 Aug 14;7(1):92-103. doi: 10.1159/000530953. eCollection 2023 Jan-Dec.,Morgan C,Digit Biomark,2023,2023/08/17,PMC10425718,,10.1159/000530953,37588481,Automated Real-World Video Analysis of Sit-to-Stand Transitions Predicts Parkinson's Disease Severity.,"Technology holds the potential to track disease progression and response to neuroprotective therapies in Parkinson's disease (PD). The sit-to-stand (STS) transition is a frequently occurring event which is important to people with PD. The aim of this study was to demonstrate an automatic approach to quantify STS duration and speed using a real-world free-living dataset and look at clinical correlations of the outcomes, including whether STS parameters change when someone withholds PD medications.
Eighty-five hours of video data were collected from 24 participants staying in pairs for 5-day periods in a naturalistic setting. Skeleton joints were extracted from the video data; the head trajectory was estimated and used to estimate the STS parameters of duration and speed.
3.14 STS transitions were seen per hour per person on average. Significant correlations were seen between automatic and manual STS duration (Pearson rho - 0.419, 
We demonstrate a novel approach to automatically quantify and ecologically validate two STS parameters which correlate with gold-standard clinical tools measuring disease severity in PD.","Morgan, Masullo, Mirmehdi, Isotalus, Jovan, McConville, Tonkin, Whone, Craddock",2023-08-17,Digital biomarkers,"10.1159/000530953
10.1002/mds.20640
10.1002/mds.22340
10.1016/j.parkreldis.2017.07.022
10.1002/mds.27671
10.1371/JOURNAL.PONE.0124763
10.1186/s41983-021-00396-z
10.1016/j.clinph.2004.12.017
10.1016/j.parkreldis.2018.12.012
10.1016/j.neuroscience.2018.03.021
10.1123/jab.2013-0319
10.1016/j.parkreldis.2022.11.007
10.1186/S12984-019-0579-8
10.1007/s11517-017-1728-5
10.3389/fneur.2018.00652
10.1016/j.ibror.2018.06.002
10.1016/j.jns.2018.02.001
10.1186/S12883-020-01996-7
10.1371/journal.pone.0189161
10.2196/36370
10.1145/3134702
10.1109/TPAMI.2019.2929257
10.1016/j.gaitpost.2014.01.008
10.1109/TNSRE.2018.2875738
10.1159/000381804
10.1136/bmjopen-2020-041303
10.1002/mds.25383
10.2307/3001968
10.2307/2331554
10.1214/aoms/1177730491
10.1038/s41746-019-0214-x
10.1097/00002826-200003000-00003
10.1002/mds.20383
10.1002/mds.22049
10.3233/JPD-150740
10.1038/S41531-021-00227-1
10.1016/j.jamda.2021.12.045
10.3233/IES-2010-0389
10.3389/fnagi.2021.702639
10.1109/mis.2015.57","Home environment, Influence and/or predict health-related outcomes, Mobility, Objective data, Parkinson’s disease-related motor symptoms, Video recording"
35111593,Longitudinal clustering analysis and prediction of Parkinson's disease progression using radiomics and hybrid machine learning,"Salmanpour MR, Shamsaei M, Hajianfar G, Soltanian-Zadeh H, Rahmim A.",Quant Imaging Med Surg. 2022 Feb;12(2):906-919. doi: 10.21037/qims-21-425.,Salmanpour MR,Quant Imaging Med Surg,2022,2022/02/03,PMC8739095,,10.21037/qims-21-425,35111593,Longitudinal clustering analysis and prediction of Parkinson's disease progression using radiomics and hybrid machine learning.,"We employed machine learning approaches to (I) determine distinct progression trajectories in Parkinson's disease (PD) (unsupervised clustering task), and (II) predict progression trajectories (supervised prediction task), from early (years 0 and 1) data, making use of clinical and imaging features.
We studied PD-subjects derived from longitudinal datasets (years 0, 1, 2 & 4; Parkinson's Progressive Marker Initiative). We extracted and analyzed 981 features, including motor, non-motor, and radiomics features extracted for each region-of-interest (ROIs: left/right caudate and putamen) using our standardized standardized environment for radiomics analysis (SERA) radiomics software. Segmentation of ROIs on dopamine transposer - single photon emission computed tomography (DAT SPECT) images were performed via magnetic resonance images (MRI). After performing cross-sectional clustering on 885 subjects (original dataset) to identify disease subtypes, we identified optimal longitudinal trajectories using hybrid machine learning systems (HMLS), including principal component analysis (PCA) + K-Means algorithms (KMA) followed by Bayesian information criterion (BIC), Calinski-Harabatz criterion (CHC), and elbow criterion (EC). Subsequently, prediction of the identified trajectories from early year data was performed using multiple HMLSs including 16 Dimension Reduction Algorithms (DRA) and 10 classification algorithms.
We identified 3 distinct progression trajectories. Hotelling's t squared test (HTST) showed that the identified trajectories were distinct. The trajectories included those with (I, II) disease escalation (2 trajectories, 27% and 38% of patients) and (III) stable disease (1 trajectory, 35% of patients). For trajectory prediction from early year data, HMLSs including the stochastic neighbor embedding algorithm (SNEA, as a DRA) as well as locally linear embedding algorithm (LLEA, as a DRA), linked with the new probabilistic neural network classifier (NPNNC, as a classifier), resulted in accuracies of 78.4% and 79.2% respectively, while other HMLSs such as SNEA + Lib_SVM (library for support vector machines) and t_SNE (t-distributed stochastic neighbor embedding) + NPNNC resulted in 76.5% and 76.1% respectively.
This study moves beyond cross-sectional PD subtyping to clustering of longitudinal disease trajectories. We conclude that combining medical information with SPECT-based radiomics features, and optimal utilization of HMLSs, can identify distinct disease trajectories in PD patients, and enable effective prediction of disease trajectories from early year data.","Salmanpour, Shamsaei, Hajianfar, Soltanian-Zadeh, Rahmim",2022-02-04,Quantitative imaging in medicine and surgery,"10.21037/qims-21-425
10.1002/ana.21472
10.1016/S1353-8020(09)70770-9
10.1016/j.jns.2009.08.022
10.1007/PL00007856
10.1002/mds.25844
10.1136/jnnp.2003.033530
10.1371/journal.pone.0046813
10.3892/br.2014.220
10.1111/j.1460-9568.2009.06873.x
10.1002/gps.2374
10.1002/hbm.22701
10.1016/j.bbr.2009.12.048
10.1016/j.neuropsychologia.2013.02.003
10.1016/j.neuropsychologia.2012.04.018
10.1002/mds.22896
10.1002/mds.21500
10.1212/01.wnl.0000252368.25106.b6
10.1056/NEJM199810153391607
10.1172/JCI29178
10.1136/jnnp.67.3.300
10.1093/brain/awx118
10.1002/1531-8257(199901)14:1<10::AID-MDS1005>3.0.CO;2-4
10.1371/journal.pone.0070244
10.1007/s00415-008-0782-1
10.1007/s100720200078
10.1007/s00415-010-5878-8
10.1016/j.compbiomed.2020.104142
10.1001/jamaneurol.2015.0703
10.1038/s41598-018-37545-z
10.1191/0269215502cr573oa
10.3233/JPD-2011-11016
10.1002/mds.27190
10.1038/s41582-018-0004-0
10.1038/s41598-018-24783-4
10.1016/j.compbiomed.2019.103347
10.1016/j.ejmp.2019.12.022
10.1001/jamaneurol.2014.391
10.1007/s00415-008-5006-1
10.1016/j.nicl.2017.08.021
10.1016/j.pneurobio.2011.09.005
10.1155/2019/5679187
10.1007/s10072-018-3522-z
10.1186/s12859-020-03936-1
10.1007/s10278-020-00413-2
10.1002/ima.22253
10.1016/j.cmpb.2015.08.001
10.1007/s12021-013-9204-3
10.1016/j.patcog.2013.10.009
10.1016/j.nicl.2015.11.003
10.1016/0169-7439(87)80084-9
10.1007/s11063-004-0036-x
10.1037/0022-0167.34.4.414
10.1109/T-C.1969.222678
10.1016/j.ins.2011.10.013
10.1126/science.290.5500.2319
10.1126/science.290.5500.2323
10.1073/pnas.0500334102
10.1016/j.acha.2006.04.006
10.1002/jcc.10234
10.1016/j.trit.2016.11.004
10.1126/science.1127647
10.1145/331499.331504
10.1371/journal.pone.0210236
10.1080/03610927408827101
10.1145/1961189.1961199
10.1007/BF00994018
10.1109/TNNLS.2018.2844332
10.1002/sam.11367
10.1007/s10489-014-0562-9
10.1109/72.80210
10.1155/2016/3025057
10.1002/j.1538-7305.1950.tb00463.x
10.1038/323533a0
10.1023/A:1010933404324
10.1111/biom.12984
10.1016/j.cmpb.2021.106131
10.2174/1386207319666160610080716
10.1001/archneur.59.11.1724
10.1093/bioinformatics/btm344
10.1148/radiol.2021202553
10.3389/fnagi.2019.00167","Parkinson’s disease (PD), hybrid machine learning methods, longitudinal clustering, outcome prediction"
35474118,Mechanisms of enhanced aggregation and fibril formation of Parkinson's disease-related variants of α-synuclein,"Ohgita T, Namba N, Kono H, Shimanouchi T, Saito H.",Sci Rep. 2022 Apr 26;12(1):6770. doi: 10.1038/s41598-022-10789-6.,Ohgita T,Sci Rep,2022,2022/04/27,PMC9043213,,10.1038/s41598-022-10789-6,35474118,Mechanisms of enhanced aggregation and fibril formation of Parkinson's disease-related variants of α-synuclein.,"Aggregation of α-synuclein (α-syn) into amyloid fibrils is closely associated with Parkinson's disease (PD). Familial mutations or posttranslational truncations in α-syn are known as risk factor for PD. Here, we examined the effects of the PD-related A30P or A53T point mutation and C-terminal 123-140 or 104-140 truncation on the aggregating property of α-syn based on the kinetic and thermodynamic analyses. Thioflavin T fluorescence measurements indicated that A53T, Δ123‒140, and Δ104-140 variants aggregated faster than WT α-syn, in which the A53T mutation markedly increases nucleation rate whereas the Δ123‒140 or Δ104‒140 truncation significantly increases both nucleation and fibril elongation rates. Ultracentrifugation and western blotting analyses demonstrated that these mutations or truncations promote the conversion of monomer to aggregated forms of α-syn. Analysis of the dependence of aggregation reaction of α-syn variants on the monomer concentration suggested that the A53T mutation enhances conversion of monomers to amyloid nuclei whereas the C-terminal truncations, especially the Δ104-140, enhance autocatalytic aggregation on existing fibrils. In addition, thermodynamic analysis of the kinetics of nucleation and fibril elongation of α-syn variants indicated that both nucleation and fibril elongation of WT α-syn are enthalpically and entropically unfavorable. Interestingly, the unfavorable activation enthalpy of nucleation greatly decreases for the A53T and becomes reversed in sign for the C-terminally truncated variants. Taken together, our results indicate that the A53T mutation and the C-terminal truncation enhance α-syn aggregation by reducing unfavorable activation enthalpy of nucleation, and the C-terminal truncation further triggers the autocatalytic fibril elongation on the fibril surfaces.","Ohgita, Namba, Kono, Shimanouchi, Saito",2022-04-28,Scientific reports,"10.1038/s41598-022-10789-6
10.1073/pnas.1906124116
10.1101/cshperspect.a009399
10.1111/jnc.14810
10.1038/nrn3406
10.1186/s13024-019-0329-1
10.1016/j.febslet.2013.06.034
10.1038/s41586-019-1808-9
10.1111/jnc.14808
10.1016/j.ijbiomac.2016.10.021
10.1074/jbc.RA119.007743
10.1038/s41593-019-0423-2
10.1038/s41374-019-0195-z
10.1038/s41531-019-0095-3
10.3389/fnins.2016.00408
10.1038/nm.4269
10.1007/s00401-019-01977-2
10.1074/jbc.REV120.011743
10.1111/jnc.13529
10.1016/j.expneurol.2017.10.003
10.1016/j.tips.2013.12.005
10.3390/ijms19092677
10.1073/pnas.1807884115
10.1016/S1353-8020(13)70010-5
10.1126/science.276.5321.2045
10.1038/ng0298-106
10.1002/ana.10795
10.1002/mds.25421
10.1016/j.parkreldis.2013.07.011
10.1007/s00401-013-1096-7
10.1073/pnas.1604645113
10.1074/jbc.274.14.9843
10.1016/S0896-6273(02)00682-7
10.1074/jbc.M111.306902
10.1016/S0161-813X(02)00066-9
10.1021/bi010616g
10.1016/S0022-2836(02)00735-0
10.1073/pnas.97.2.571
10.1073/pnas.0406976102
10.1038/nsmb.3433
10.1074/jbc.RA119.008930
10.1039/C8SC01109E
10.1016/j.jmb.2019.07.001
10.1523/JNEUROSCI.0285-07.2007
10.1038/nature15368
10.1038/s41594-020-0384-x
10.1038/s41422-018-0075-x
10.1038/s41467-018-05971-2
10.7554/eLife.36402
10.1016/j.bbapap.2008.10.016
10.1016/j.bpc.2008.11.003
10.1021/bi701899y
10.1073/pnas.1218402110
10.1038/nprot.2016.010
10.1080/13506129.2017.1304905
10.1039/D0SM01884H
10.21769/BioProtoc.2941
10.1039/C5CP07845H
10.1021/acs.jpcc.6b12021
10.1038/s41557-020-0465-9
10.1111/jnc.14955
10.1371/journal.pone.0245548
10.1039/C7SC01965C
10.1038/s41557-018-0023-x
10.1039/C8CC02204F
10.1017/S0033583516000172
10.1039/C4CP05563B
10.1007/s12551-016-0217-7
10.1016/S0006-3495(84)84062-X
10.1021/acschemneuro.9b00527
10.1038/s41467-020-16564-3
10.1016/j.bpj.2017.08.027
10.1021/acschemneuro.7b00149
10.1074/jbc.C500288200
10.1074/jbc.RA119.008000
10.1073/pnas.1315346111
10.1073/pnas.97.2.571
10.1073/pnas.1100976108
10.1016/j.bbrc.2007.01.162
10.1371/journal.pgen.1004741
10.1016/j.bpc.2020.106520
10.1021/jacs.1c07228
10.1038/nphys3828
10.1038/s42003-022-03059-8
10.1016/j.conb.2020.01.014
10.1073/pnas.2012171118
10.3389/fnhum.2016.00608
10.1074/jbc.RA118.001862
10.1074/jbc.RA118.005603
10.1111/febs.15487
10.1021/bi011711s
10.1016/j.bpj.2009.12.4290
10.1021/bi002555c",
34181919,Parkinson's disease aggravation in association with fine particle components in New York State,"Nunez Y, Boehme AK, Li M, Goldsmith J, Weisskopf MG, Re DB, Navas-Acien A, van Donkelaar A, Martin RV, Kioumourtzoglou MA.",Environ Res. 2021 Oct;201:111554. doi: 10.1016/j.envres.2021.111554. Epub 2021 Jun 25.,Nunez Y,Environ Res,2021,2021/06/28,PMC8478789,NIHMS1721132,10.1016/j.envres.2021.111554,34181919,Parkinson's disease aggravation in association with fine particle components in New York State.,"Long-term exposure to fine particulate matter (PM
To characterize the association between specific PM
We obtained data on hospitalizations from the New York Department of Health Statewide Planning and Research Cooperative System (2000-2014) to calculate annual first PD hospitalization counts in New York State per county. We used well-validated prediction models at 1 km
We observed a total of 197,545 PD first hospitalizations in NYS from 2000 to 2014. The annual average count per county was 212 first hospitalizations. The RR (95% confidence interval) for PD aggravation was 1.06 (1.03, 1.10) per one standard deviation (SD) increase in nitrate concentrations and 1.06 (1.04, 1.09) for the corresponding increase in OM concentrations. We also found a nonlinear inverse association between PD aggravation and BC at concentrations above the 96th percentile. We found a marginal association with SS and no association with sulfate or soil exposure.
In this study, we detected associations between the PM","Nunez, Boehme, Li, Goldsmith, Weisskopf, Re, Navas-Acien, van Donkelaar, Martin, Kioumourtzoglou",2021-06-29,Environmental research,10.1016/j.envres.2021.111554,"Air pollution, Epidemiology, Long-term exposures, Neurodegenerative diseases, PM2.5 chemical composition, Parkinson's disease"
35393289,"Impact of occupational pesticide exposure assessment method on risk estimates for prostate cancer, non-Hodgkin's lymphoma and Parkinson's disease: results of three meta-analyses","Ohlander J, Fuhrimann S, Basinas I, Cherrie JW, Galea KS, Povey AC, van Tongeren M, Harding AH, Jones K, Vermeulen R, Huss A, Kromhout H.",Occup Environ Med. 2022 Aug;79(8):566-574. doi: 10.1136/oemed-2021-108046. Epub 2022 Apr 7.,Ohlander J,Occup Environ Med,2022,2022/04/08,PMC9304108,,10.1136/oemed-2021-108046,35393289,"Impact of occupational pesticide exposure assessment method on risk estimates for prostate cancer, non-Hodgkin's lymphoma and Parkinson's disease: results of three meta-analyses.","Assessment of occupational pesticide exposure in epidemiological studies of chronic diseases is challenging. Biomonitoring of current pesticide levels might not correlate with past exposure relevant to disease aetiology, and indirect methods often rely on workers' imperfect recall of exposures, or job titles. We investigated how the applied exposure assessment method influenced risk estimates for some chronic diseases. In three meta-analyses the influence of exposure assessment method type on the summary risk ratio (sRR) of prostate cancer (PC) (25 articles), non-Hodgkin's lymphoma (NHL) (29 articles) and Parkinson's disease (PD) (32 articles) was investigated. Exposure assessment method types analysed were: group-level assessments (eg, job titles), self-reported exposures, expert-level assessments (eg, job-exposure matrices) and biomonitoring (eg, blood, urine). Additionally, sRRs were estimated by study design, publication year period and geographic location where the study was conducted. Exposure assessment method types were not associated with statistically significant different sRRs across any of the health outcomes. Heterogeneity in results varied from high in cancer studies to moderate and low in PD studies. Overall, case-control designs showed significantly higher sRR estimates than prospective cohort designs. Later NHL publications showed significantly higher sRR estimates than earlier. For PC, studies from North America showed significantly higher sRR estimates than studies from Europe. We conclude that exposure assessment method applied in studies of occupational exposure to pesticides appears not to have a significant effect on risk estimates for PC, NHL and PD. In systematic reviews of chronic health effects of occupational exposure to pesticides, epidemiological study design, publication year and geographic location, should primarily be considered.","Ohlander, Fuhrimann, Basinas, Cherrie, Galea, Povey, van Tongeren, Harding, Jones, Vermeulen, Huss, Kromhout",2022-04-09,Occupational and environmental medicine,"10.1136/oemed-2021-108046
10.1016/j.toxlet.2011.08.008
10.1016/S0003-4878(00)00093-4
10.1136/oemed-2019-106348
10.1136/oemed-2019-105880
10.1007/s10552-005-0443-y
10.1136/oem.60.9.634
10.1007/s10552-015-0643-z
10.15430/JCP.2019.24.2.91
10.1136/oemed-2014-102692
10.1186/1476-069X-11-5
10.1177/1557988312458792
10.1093/ije/dyz017
10.1016/j.mrrev.2019.02.001
10.1016/S1047-2797(97)00120-8
10.1002/(SICI)1097-0274(199704)31:4&lt;442::AID-AJIM10&gt;3.0.CO;2-#
10.3390/ijerph110404449
10.1007/s10552-007-9061-1
10.1016/j.envpol.2017.08.028
10.1016/j.annepidem.2017.03.003
10.3390/ijerph16030337
10.5271/sjweh.3641
10.1016/j.yrtph.2018.05.005
10.3109/10408444.2013.798719
10.1289/ehp.1103881
10.1016/j.envint.2012.05.004
10.1212/WNL.0b013e318294b3c8
10.1080/19338244.2018.1492894
10.1136/bmj.327.7414.557
10.1016/j.cct.2015.09.002
10.1007/s10552-019-01140-y
10.1038/bjc.1996.418
10.1093/oxfordjournals.aje.a008750
10.5271/sjweh.997
10.1002/pros.20713
10.1093/occmed/kqr067
10.1038/bjc.1987.234
10.1016/0045-6535(89)90148-3
10.1196/annals.1371.036
10.1080/10428190290021560
10.1212/WNL.42.7.1328
10.1212/WNL.40.8.1218
10.1093/ije/dyx225
10.1016/j.envres.2020.110186
10.1002/mds.21009
10.1002/mds.10440
10.1159/000026185
10.1186/1471-2377-11-83
10.1002/1531-8257(199911)14:6&lt;928::AID-MDS1004&gt;3.0.CO;2-Z
10.1186/s12940-019-0488-0
10.1093/aje/kws225
10.1136/oem.53.10.652
10.1136/oemed-2014-102170
10.5271/sjweh.3142
10.1093/annweh/wxy080
10.5271/sjweh.3894
10.1136/oem.2008.041566
10.1038/sj.jea.7500232
10.1038/srep25768
10.1016/j.envint.2021.106825
10.1016/j.ejca.2006.10.008","agriculture, epidemiology, meta-analysis, occupational health, pesticides"
33382126,Cholinergic Basal Forebrain Volumes Predict Gait Decline in Parkinson's Disease,"Wilson J, Yarnall AJ, Craig CE, Galna B, Lord S, Morris R, Lawson RA, Alcock L, Duncan GW, Khoo TK, O'Brien JT, Burn DJ, Taylor JP, Ray NJ, Rochester L.",Mov Disord. 2021 Mar;36(3):611-621. doi: 10.1002/mds.28453. Epub 2020 Dec 31.,Wilson J,Mov Disord,2021,2020/12/31,PMC8048433,,10.1002/mds.28453,33382126,Cholinergic Basal Forebrain Volumes Predict Gait Decline in Parkinson's Disease.,"Gait disturbance is an early, disabling feature of Parkinson's disease (PD) that is typically refractory to dopaminergic medication. The cortical cholinergic system, originating in the nucleus basalis of Meynert of the basal forebrain, has been implicated. However, it is not known if degeneration in this region relates to a worsening of disease-specific gait impairment.
To evaluate associations between sub-regional cholinergic basal forebrain volumes and longitudinal progression of gait impairment in PD.
99 PD participants and 47 control participants completed gait assessments via an instrumented walkway during 2 minutes of continuous walking, at baseline and for up to 3 years, from which 16 spatiotemporal characteristics were derived. Sub-regional cholinergic basal forebrain volumes were measured at baseline via MRI and a regional map derived from post-mortem histology. Univariate analyses evaluated cross-sectional associations between sub-regional volumes and gait. Linear mixed-effects models assessed whether volumes predicted longitudinal gait changes.
There were no cross-sectional, age-independent relationships between sub-regional volumes and gait. However, nucleus basalis of Meynert volumes predicted longitudinal gait changes unique to PD. Specifically, smaller nucleus basalis of Meynert volume predicted increasing step time variability (P = 0.019) and shortening swing time (P = 0.015); smaller posterior nucleus portions predicted shortening step length (P = 0.007) and increasing step time variability (P = 0.041).
This is the first study to demonstrate that degeneration of the cortical cholinergic system predicts longitudinal progression of gait impairments in PD. Measures of this degeneration may therefore provide a novel biomarker for identifying future mobility loss and falls. © 2020 The Authors. Movement Disorders published by Wiley Periodicals LLC on behalf of International Parkinson and Movement Disorder Society.","Wilson, Yarnall, Craig, Galna, Lord, Morris, Lawson, Alcock, Duncan, Khoo, O'Brien, Burn, Taylor, Ray, Rochester",2021-01-01,Movement disorders : official journal of the Movement Disorder Society,"10.1002/mds.28453
10.1007/s00415-020-10111-2",Parkinson's disease; structural MRI; gait; NBM; acetylcholine
33887274,"Air pollution, surrounding green, road proximity and Parkinson's disease: A prospective cohort study","Yu Z, Wei F, Zhang X, Wu M, Lin H, Shui L, Jin M, Wang J, Tang M, Chen K.",Environ Res. 2021 Jun;197:111170. doi: 10.1016/j.envres.2021.111170. Epub 2021 Apr 19.,Yu Z,Environ Res,2021,2021/04/22,,,10.1016/j.envres.2021.111170,33887274,"Air pollution, surrounding green, road proximity and Parkinson's disease: A prospective cohort study.","Though growing evidence has linked air pollution to Parkinson's disease (PD), the results remain inconsistent. Less is known about the relevance of road proximity and surrounding green. We aimed to investigate the individual and joint associations of air pollution, road proximity and surrounding green with the incidence of PD in a prospective cohort study.
We used data from a prospective cohort of 47,516 participants recruited from July 2015 to January 2018 in Ningbo, China. Long-term exposure to particulate matter with aerodynamic diameter ≤2.5 μm (PM
In single-exposure models, PM
We found that PM","Yu, Wei, Zhang, Wu, Lin, Shui, Jin, Wang, Tang, Chen",2021-04-23,Environmental research,10.1016/j.envres.2021.111170,"Air pollution, Cohort study, Greenness, Parkinson's disease, Road proximity"
36766984,A Novel Physical Mobility Task to Assess Freezers in Parkinson's Disease,"Nóbrega LR, Rocon E, Pereira AA, Andrade AO.",Healthcare (Basel). 2023 Jan 31;11(3):409. doi: 10.3390/healthcare11030409.,Nóbrega LR,Healthcare (Basel),2023,2023/02/11,PMC9914147,,10.3390/healthcare11030409,36766984,A Novel Physical Mobility Task to Assess Freezers in Parkinson's Disease.,"Freezing of gait (FOG), one of the most disabling features of Parkinson's disease (PD), is a brief episodic absence or marked reduction in stride progression despite the intention to walk. Progressively more people who experience FOG restrict their walking and reduce their level of physical activity. The purpose of this study is to develop and validate a physical mobility task that induces freezing of gait in a controlled environment, employing known triggers of FOG episodes according to the literature. To validate the physical mobility tasks, we recruited 10 volunteers that suffered PD-associated freezing (60.6 ± 7.29 years-old) with new FOG-Q ranging from 12 to 26. The validation of the proposed method was carried out using inertial sensors and video recordings. All subjects were assessed during the OFF and ON medication states. The total number of FOG occurrences during data collection was 144. The proposed tasks were able to trigger 120 FOG episodes, while the TUG test caused 24. The Inertial Measurement Unit (IMU) with accelerometer and gyroscope could not only detect FOG episodes but also allowed us to visualize the three types of FOG: akinesia, festination and trembling in place.","Nóbrega, Rocon, Pereira, Andrade",2023-02-12,"Healthcare (Basel, Switzerland)","10.3390/healthcare11030409
10.1016/j.neuroscience.2016.11.045
10.1136/practneurol-2013-000743
10.1016/S0967-5868(03)00192-9
10.2217/nmt-2018-0022
10.1002/mds.21974
10.1590/S0100-879X2010007500077
10.3233/JPD-130282
10.1016/j.jneumeth.2007.08.023
10.1046/j.1468-1331.2003.00611.x
10.1002/mds.23327
10.1093/brain/awt272
10.1371/journal.pone.0144986
10.1002/mds.22340
10.3390/healthcare10060976
10.1111/j.1532-5415.1991.tb01616.x
10.3389/fnhum.2016.00649
10.3389/fnsys.2013.00061
10.1109/JBHI.2015.2479625
10.1016/j.clinph.2016.09.014
10.1109/MMUL.2018.011921232
10.1007/s10072-018-3564-2
10.1109/TNSRE.2014.2381254
10.1109/EMBC44109.2020.9175288
10.1136/jnnp.2008.160580
10.1002/mds.1206
10.1016/j.gaitpost.2009.07.108
10.5281/zenodo.3735485
10.1016/j.jneumeth.2018.02.015
10.1109/TITB.2009.2036165
10.1109/RBME.2016.2543683
10.1016/j.bspc.2016.10.008
10.1016/j.clineuro.2014.06.026","Parkinson’s disease, dual task, freezing of gait, inertial sensors, mobility task"
34754467,Parkinson's disease in a worker exposed to insecticides at a greenhouse,"Kim Y, Kim I, Sung JM, Song J.",Ann Occup Environ Med. 2021 Feb 5;33:e6. doi: 10.35371/aoem.2021.33.e6. eCollection 2021.,Kim Y,Ann Occup Environ Med,2021,2021/11/10,PMC7952772,,10.35371/aoem.2021.33.e6,34754467,Parkinson's disease in a worker exposed to insecticides at a greenhouse.,"Parkinson's disease (PD) is a rare, neurodegenerative disease with various occupational and environmental risk factors. Exposure to specific pesticides contributes significantly to the incidence of PD. However, it is difficult to measure the level of pesticide exposure in workers. This study presents the first case recognized the work-relatedness between PD and pesticide exposure.
A 68-year-old male was diagnosed with PD after working with pesticides at a tomato greenhouse for 12 years and 5 months. From the results of a field study, it was reasonable to assume that the patient had been exposed to a significant level of various insecticides. In the present report, we described the first accepted case of work-relatedness between PD and exposure to pesticides. The evaluation was conducted using the following steps: we ruled out other possible risk factors including additional occupational history and personal risk factors, we assessed the work environment, surveyed possible exposures, found proper epidemiological evidence, and calculated the probability of causation. The work-relatedness was determined through the review of epidemiological evidence and estimation of exposure situation and level, and biological plausibility. We also decided work-relatedness based on the exposure of PD related pesticides with identified biologically plausible and the presumption that the exposure level would be high due to the working process.
In this case, the field study and epidemiological results supported the work-relatedness of PD and exposure to pesticides. Moreover, the results of previous studies have confirmed a causal relationship between exposure to pesticides and PD.","Kim, Kim, Sung, Song",2021-11-11,Annals of occupational and environmental medicine,10.35371/aoem.2021.33.e6,"Occupational exposure, Farmers, Parkinson disease, Pesticides"
40370594,Beyond clinical scales: an observational study on instrumental gait analysis and biomechanical patterns in patients with Parkinson's disease,"De Pasquale P, Bonanno M, De Marchis C, Pergolizzi L, Lombardo Facciale A, Paladina G, Maggio MG, Impellizzeri F, Ciancarelli I, Quartarone A, Calabrò RS.",Front Bioeng Biotechnol. 2025 Apr 30;13:1541240. doi: 10.3389/fbioe.2025.1541240. eCollection 2025.,De Pasquale P,Front Bioeng Biotechnol,2025,2025/05/15,PMC12075126,,10.3389/fbioe.2025.1541240,40370594,Beyond clinical scales: an observational study on instrumental gait analysis and biomechanical patterns in patients with Parkinson's disease.,"Parkinson's disease (PD), a common neurodegenerative disorder affecting motor functions, is associated with abnormal gait patterns characterized by altered kinematic, kinetic, and electrophysiological parameters. This observational study aims to instrumentally identify and quantify these gait dysfunctions in PD patients compared to normal values from healthy subjects.
Sixty-nine PD patients underwent clinical and instrumental evaluations to assess gait. Demographic and clinical data were collected before motor assessment. Clinical scales evaluated the level of impairment, gait, balance, risk of falls and ability to complete activities of daily living. Instrumental evaluations were conducted using optoelectronic, force plates and electromyographic (EMG) systems in a motion analysis laboratory. Statistical analysis involved a non-parametric test to compare pathological and normal data, clustering methods to identify groups based on clinical evaluations, and a combination of non-parametric analysis and linear models to assess dependencies on clinical scales.
The results showed that PD patients had significant gait kinematic differences compared to normal values, with increased temporal and shortened spatial parameters. In addition, PD patients were grouped into four clusters based on clinical scales. While some gait features were influenced by clinical scales reflecting impairment, gait and balance, and independence, others were more affected by the perceived fear of falling (FoF).
In conclusion, the study identified specific biomechanical gait dysfunctions in kinematic, kinetic, and electrophysiological parameters in PD patients, undetectable by standard clinical scales. Additionally, higher FoF was associated with dysfunctional biomechanical patterns, independent of impairment severity, gait and balance dysfunction, or overall independence.","De Pasquale, Bonanno, De Marchis, Pergolizzi, Lombardo Facciale, Paladina, Maggio, Impellizzeri, Ciancarelli, Quartarone, Calabrò",2025-05-15,Frontiers in bioengineering and biotechnology,"10.3389/fbioe.2025.1541240
10.1371/journal.pone.0175951
10.3389/fneur.2013.00067
10.2340/1650197719952736
10.3390/s20123529
10.3390/bioengineering10070785
10.3389/fbioe.2024.1385280
10.3109/09638288.2013.814722
10.3390/brainsci11121605
10.1177/02692155211062110
10.1371/journal.pone.0087640
10.1007/978-3-319-30808-1_31-1
10.1016/0167-9457(91)90046-Z
10.1080/00222895.2012.664180
10.1007/s10072-021-05772-4
10.1016/S1050-6411(00)00027-4
10.1016/S1353-8020(13)70029-4
10.1016/j.prdoa.2024.100277
10.1038/s41531-020-00119-w
10.1016/B978-0-12-386456-7.04605-0
10.1186/s12877-018-0735-1
10.1002/jor.1100080310
10.1002/jor.1100070611
10.1159/000331635
10.2490/prm.20220048
10.1002/brb3.2690
10.1007/s00415-009-5184-5
10.1016/j.gaitpost.2019.11.011
10.1589/jpts.27.3675
10.1016/j.parkreldis.2012.05.007
10.1016/j.gaitpost.2006.11.207
10.11138/FNeur/2017.32.1.028
10.1007/s10439-024-03567-0
10.3390/s23083921
10.3390/s25020338
10.1109/MetroXRAINE58569.2023.10405572
10.1007/s00415-021-10504-x
10.1016/j.gaitpost.2008.05.001
10.1186/s12984-022-01116-1
10.1590/bjpt-rbf.2014.0049
10.1111/j.1532-5415.1986.tb05480.x
10.3390/s23031111
10.3390/s23031111
10.1038/s41598-020-80768-2
10.1186/s12984-024-01364-3
10.1002/mds.22875","Parkinson’s disease, biomechanics of gait, fear of falling, gait analysis, neurorehabilitation, neurorehabilitation gait analysis, optoelectronic motion capture system"
38596350,Real-World Experiences of Parkinson's Disease OFF Time and Role of Demographics,"Devraj R, Elkouzi A, Tracey MR.",J Patient Cent Res Rev. 2024 Apr 2;11(1):8-17. doi: 10.17294/2330-0698.2057. eCollection 2024 Spring.,Devraj R,J Patient Cent Res Rev,2024,2024/04/10,PMC11000704,,10.17294/2330-0698.2057,38596350,Real-World Experiences of Parkinson's Disease OFF Time and Role of Demographics.,"OFF periods are episodes when Parkinson's disease (PD) medications work suboptimally, with symptoms returning and impacting quality of life. We aimed to characterize OFF periods using patient-reported frequency, severity, and duration, as well as determine these characteristics' associations with demographics.
A retrospective cohort study using Fox Insight Data Exploration Network (Fox DEN) database was conducted. Eligible patients had PD and were >18 years. The experience of OFF periods was characterized by frequency (number of episodes/day), duration (duration/episode), and severity (impact on activities). Significance level was Bonferroni-corrected for multivariate analyses.
From a population of 6,757 persons with PD, 88% were non-Hispanic Whites (mean age: 66 ± 8.8 years); 52.7% were males versus 47.3% females; mean PD duration was 5.7 ± 5.2; and 51% experienced OFF periods. Subsequent analyses were limited to non-Hispanic Whites, as they constituted a large majority of the participants and were the subgroup that had the sample size to derive reliable inferences. The analyses showed that 67% experienced 1-2 episodes/day, 90% experienced >15-minute episodes, and 55% reported slight-mild severity/episode. Lower age was associated with a higher frequency (incidence rate ratio [IRR]: 0.992; P<0.001) and severity (odds ratio [OR]: 0.985; P=0.001) of OFF episodes. Income of <$35,000 was associated with 15.1% more episodes/day (IRR: 1.15, p<0.001) and 66.5% higher odds of a severe episode (OR: 1.66; P<0.001). Females experienced 7.5% more episodes compared to males (IRR: 1.075; P=0.003). Longer PD duration was associated with 1.3% more episodes/day (IRR: 1.013; P<0.001) and 10% higher odds of a severe episode (OR: 1.10; P<0.001).
Lower age, income <$35,000, longer PD duration, female gender, and being unemployed are associated with a higher frequency and severity of OFF periods with no associations for duration/episode among non-Hispanic Whites with PD. In time-constrained clinic environments, clinicians should tailor OFF periods management counseling to vulnerable demographic groups to enhance care delivery.(","Devraj, Elkouzi, Tracey",2024-04-10,Journal of patient-centered research and reviews,"10.17294/2330-0698.2057
10.1002/mdc3.12915
10.37765/ajmc.2020.88517
10.1136/jnnp.52.suppl.29
10.1002/mdc3.12672
10.1002/mds.23875
10.1007/s00702-006-0554-y
10.1007/s00702-010-0424-5
10.1002/mds.20383
10.1097/01.WNF.0000232277.68501.08
10.3389/fneur.2019.00892
10.1371/journal.pone.0215384
10.1111/hex.12884
10.1590/0004-282X20180074
10.17294/2330-0698.1836
10.1185/03007990902779319
10.2169/internalmedicine.56.7667
10.1371/journal.pone.0123231
10.1038/s41597-020-0401-2
10.25549/bxya-6133
10.1155/2015/787451
10.1186/s12889-020-08498-8
10.1007/s11136-016-1298-2
10.1007/s11606-017-4265-x
10.1016/j.expneurol.2011.09.035
10.1002/mds.27906
10.1212/WNL.0000000000004025
10.1002/mds.22557
10.3233/JPD-191808
10.3233/JPD-191901","OFF periods, Parkinson’s disease, associations, demographics, risk factors"
31996877,"Trichloroethylene, a ubiquitous environmental contaminant in the risk for Parkinson's disease","De Miranda BR , Greenamyre JT .",Environ Sci Process Impacts. 2020 Mar 1;22(3):543-554. doi: 10.1039/c9em00578a. Epub 2020 Jan 30.,De Miranda BR,Environ Sci Process Impacts,2020,2020/01/31,PMC7941732,NIHMS1554841,10.1039/c9em00578a,31996877,"Trichloroethylene, a ubiquitous environmental contaminant in the risk for Parkinson's disease.","Organic solvents are common chemicals used in industry throughout the world, however, there is evidence for adverse health effects from exposure to these compounds. Trichloroethylene (TCE) is a halogenated solvent that has been used as a degreasing agent since the early 20","De Miranda, Greenamyre",2020-01-31,Environmental science. Processes & impacts,10.1039/c9em00578a,
36213098,Current Evidence for the Association between Air Pollution and Parkinson's Disease,"Saitoh Y, Mizusawa H.",Ann Indian Acad Neurol. 2022 Sep;25(Suppl 1):S41-S46. doi: 10.4103/aian.aian_62_22. Epub 2022 Mar 21.,Saitoh Y,Ann Indian Acad Neurol,2022,2022/10/10,PMC9540826,,10.4103/aian.aian_62_22,36213098,Current Evidence for the Association between Air Pollution and Parkinson's Disease.,"Parkinson's disease (PD) is a progressive neurodegenerative disorder, and its global incidence is on the rise. There is increasing interest in understanding the role of air pollution in the development of human disease. Although the precise mechanisms are not understood, several epidemiological studies have reported a positive association between air pollution and the risk of PD. However, the various pollutants studied, endpoints measured, and differences in study design yield conflicting results. This review summarizes recent evidence regarding the relationship between particulate matter, ozone, nitrogen dioxide, sulfur dioxide, and carbon monoxide and PD. Limitations and challenges are also discussed, with suggestions for future work to understand the true effects of air pollution on PD.","Saitoh, Mizusawa",2022-10-11,Annals of Indian Academy of Neurology,10.4103/aian.aian_62_22,"Air pollutant, Parkinson's disease, air pollution, environmental factor"
33408141,Dietary Antioxidants and the Risk of Parkinson Disease: The Swedish National March Cohort,"Hantikainen E, Trolle Lagerros Y, Ye W, Serafini M, Adami HO, Bellocco R, Bonn S.",Neurology. 2021 Feb 9;96(6):e895-e903. doi: 10.1212/WNL.0000000000011373. Epub 2021 Jan 6.,Hantikainen E,Neurology,2021,2021/01/07,,,10.1212/WNL.0000000000011373,33408141,Dietary Antioxidants and the Risk of Parkinson Disease: The Swedish National March Cohort.,"To determine whether high baseline dietary antioxidants and total nonenzymatic antioxidant capacity (NEAC) is associated with a lower risk of Parkinson disease (PD) in men and women, we prospectively studied 43,865 men and women from a large Swedish cohort.
In the Swedish National March Cohort, 43,865 men and women aged 18-94 years were followed through record linkages to National Health Registries from 1997 until 2016. Baseline dietary vitamin E, vitamin C, and beta-carotene intake, as well as NEAC, were assessed by a validated food frequency questionnaire collected at baseline. All exposure variables were adjusted for energy intake and categorized into tertiles. Multivariable Cox proportional hazard regression models were fitted to estimate hazard ratios (HRs) with 95% confidence intervals (CIs) for PD.
After a mean follow-up time of 17.6 years, we detected 465 incidence cases of PD. In the multivariable adjusted model, dietary vitamin E (HR 0.68, 95% CI 0.52-0.90; 
Our findings suggest that dietary vitamin E and C intake might be inversely associated with the risk of PD. No association was found with dietary beta-carotene or NEAC.
This study provides Class III evidence that dietary vitamin E and C intake are inversely associated with the risk of PD.","Hantikainen, Trolle Lagerros, Ye, Serafini, Adami, Bellocco, Bonn",2021-01-08,Neurology,10.1212/WNL.0000000000011373,
38117804,Mental flexibility assessment: A research protocol for patients with Parkinson's Disease and Anorexia Nervosa,"Borghesi F, Mancuso V, Bruni F, Cremascoli R, Bianchi L, Mendolicchio L, Cattaldo S, Chirico A, Mauro A, Pedroli E, Cipresso P.",PLoS One. 2023 Dec 20;18(12):e0293921. doi: 10.1371/journal.pone.0293921. eCollection 2023.,Borghesi F,PLoS One,2023,2023/12/20,PMC10732438,,10.1371/journal.pone.0293921,38117804,Mental flexibility assessment: A research protocol for patients with Parkinson's Disease and Anorexia Nervosa.,"Mental Flexibility oscillates between adaptive variability in behavior and the capacity to restore homeostasis, linked to mental health. It has recently been one of the most investigated abilities in mental and neurological diseases such as Anorexia nervosa and Parkinson's disease, studied for rigidity or cognitive inflexibility. Patients with anorexia nervosa have rigid cognitive processes about food and weight, which leads to restrictive eating and excessive exercise. People who struggle to adapt their cognitive processes and actions to change their diet and exercise habits may have a harder time recovering from the disorder. On the other hand, research suggests that Parkinson's disease patients may have cognitive flexibility impairments that impair their ability to perform daily tasks and adapt to new environments. Although of clinical interest, mental flexibility lacks theoretical liberalization and unified assessment. This study introduces ""IntellEGO"" a protocol for a new, multidimensional psychometric assessment of flexibility. This assessment evaluates a person's authentic ability to handle daily challenges using cognitive, emotional, and behavioral factors. Since traditional assessments often focus on one domain, we aim to examine flexibility from multiple angles, acknowledging the importance of viewing people as whole beings with mental and physical aspects. The study protocol includes two assessment phases separated by a rehabilitation period. T0, the acute phase upon admission, and T1, the post-rehabilitation phase lasting 15 days for Parkinson's patients and 4 weeks for eating disorder patients, will be assessed. Neuropsychological performance, self-report questionnaires, psychophysiological measures, and neuroendocrine measures will be collected from Anorexia Nervosa and Parkinson's Disease patients during each study phase. The objective of this procedure is to provide clinicians with a comprehensive framework for conducting meticulous assessments of mental flexibility. This framework considers emotional, cognitive, and behavioral factors, and is applicable to various patient populations.","Borghesi, Mancuso, Bruni, Cremascoli, Bianchi, Mendolicchio, Cattaldo, Chirico, Mauro, Pedroli, Cipresso",2023-12-20,PloS one,"10.1371/journal.pone.0293921
10.1038/s41583-021-00428-w
10.1016/j.beth.2023.01.002
10.1016/j.cpr.2010.03.001
10.1037/a0037913
10.1371/journal.pone.0281269
10.3389/fpsyg.2022.1069748
10.1111/jnu.12874
10.3389/fpsyg.2021.637802
10.3390/s23156983
10.1016/j.ijchp.2023.100381
10.1016/j.tics.2011.11.009
10.1523/JNEUROSCI.0601-07.2007
10.1176/appi.ajp.2014.14020138
10.1016/j.neuropsychologia.2015.01.044
10.1093/brain/124.12.2503
10.1017/S1355617720001204
10.1017/s1355617700000679
10.3390/ijerph20054232
10.3389/fnbeh.2022.924305
10.3389/fnagi.2020.00250
10.1017/S104161021600034X
10.1002/erv.2973
10.1016/j.jpsychires.2010.03.001
10.1016/S1474-4422(05)70285-4
10.1016/j.neubiorev.2005.03.024
10.1162/089892906775990570
10.1016/s1364-6613(03)00028-7
10.1007/s00213-004-1899-2
10.1155/2008/310437
10.3233/BEN-129017
10.1016/j.psychres.2014.06.024
10.1371/journal.pone.0043382
10.1016/j.cpr.2020.101905
10.1016/j.jpsychires.2022.05.043
10.1080/10640266.2022.2076337
10.1016/j.ijchp.2023.100383
10.1016/j.eatbeh.2019.01.003
10.3389/fpsyt.2019.00102
10.1002/eat.22332
10.1080/13546805.2022.2038554
10.1037/abn0000446
10.1037/neu0000796
10.3758/s13415-020-00800-w
10.1037/a0029980
10.1016/0005-7916(94)90063-9
10.1016/j.tins.2015.07.003
10.1542/peds.2008-0170
10.1007/s11011-014-9551-2
10.1016/j.psyneuen.2011.03.014
10.1016/j.jpsychires.2023.09.001
10.1002/mds.26424
10.3389/fpsyg.2021.723732
10.1016/j.jns.2015.12.007
10.1007/BF01997792
10.1007/s10072-013-1520-8
10.1016/s0010-9452(76)80035-4
10.1002/pchj.401
10.3389/fpsyg.2018.02219
10.1002/erv.2781
10.1037/emo0000703
10.1007/s10072-022-06047-2
10.1371/journal.pone.0158678
10.1371/journal.pone.0206433",
38446581,Trafficking in Disease: More Evidence for Air Pollution-Parkinson's Association,Nicole W.,Environ Health Perspect. 2024 Mar;132(3):34001. doi: 10.1289/EHP14469. Epub 2024 Mar 6.,Nicole W,Environ Health Perspect,2024,2024/03/06,PMC10917083,,10.1289/EHP14469,38446581,Trafficking in Disease: More Evidence for Air Pollution-Parkinson's Association.,"Research using Sister Study data has implicated nitrogen dioxide (vehicle exhaust is a major source), and possibly fine particulate matter, in increased risk for Parkinson's disease.",Nicole,2024-03-06,Environmental health perspectives,"10.1289/EHP14469
10.1289/EHP13009
10.1001/jamaneurol.2021.1335
10.1093/ije/dyy172
10.1212/WNL.0000000000207871",
38863783,The mechanisms of white matter injury and immune system crosstalk in promoting the progression of Parkinson's disease: a narrative review,"Ma W, Geng Y, Liu Y, Pan H, Wang Q, Zhang Y, Wang L.",Front Aging Neurosci. 2024 May 28;16:1345918. doi: 10.3389/fnagi.2024.1345918. eCollection 2024.,Ma W,Front Aging Neurosci,2024,2024/06/12,PMC11165104,,10.3389/fnagi.2024.1345918,38863783,The mechanisms of white matter injury and immune system crosstalk in promoting the progression of Parkinson's disease: a narrative review.,"Parkinson's disease (PD) is neurodegenerative disease in middle-aged and elderly people with some pathological mechanisms including immune disorder, neuroinflammation, white matter injury and abnormal aggregation of alpha-synuclein, etc. New research suggests that white matter injury may be important in the development of PD, but how inflammation, the immune system, and white matter damage interact to harm dopamine neurons is not yet understood. Therefore, it is particularly important to delve into the crosstalk between immune cells in the central and peripheral nervous system based on the study of white matter damage in PD. This crosstalk could not only exacerbate the pathological process of PD but may also reveal new therapeutic targets. By understanding how immune cells penetrate through the blood-brain barrier and activate inflammatory responses within the central nervous system, we can better grasp the impact of structural destruction of white matter in PD and explore how this process can be modulated to mitigate or combat disease progression. Microglia, astrocytes, oligodendrocytes and peripheral immune cells (especially T cells) play a central role in its pathological process where these immune cells produce and respond to pro-inflammatory cytokines such as tumor necrosis factor (TNF-α), interleukin-1β(IL-1β) and interleukin-6(IL-6), and white matter injury causes microglia to become pro-inflammatory and release inflammatory mediators, which attract more immune cells to the damaged area, increasing the inflammatory response. Moreover, white matter damage also causes dysfunction of blood-brain barrier, allows peripheral immune cells and inflammatory factors to invade the brain further, and enhances microglia activation forming a vicious circle that intensifies neuroinflammation. And these factors collectively promote the neuroinflammatory environment and neurodegeneration changes of PD. Overall, these findings not only deepen our understanding of the complexity of PD, but also provide new targets for the development of therapeutic strategies focused on inflammation and immune regulation mechanisms. In summary, this review provided the theoretical basis for clarifying the pathogenesis of PD, summarized the association between white matter damage and the immune cells in the central and peripheral nervous systems, and then emphasized their potential specific mechanisms of achieving crosstalk with further aggravating the pathological process of PD.","Ma, Geng, Liu, Pan, Wang, Zhang, Wang",2024-06-12,Frontiers in aging neuroscience,"10.3389/fnagi.2024.1345918
10.1038/nrn1824
10.1002/glia.22575
10.1016/j.parkreldis.2005.07.005
10.1186/s13041-023-01055-5
10.1038/nrneurol.2011.21
10.1016/j.tips.2018.11.006
10.1172/jci36470
10.1002/glia.22674
10.3390/ijms18030551
10.1016/j.pneurobio.2020.101845
10.1038/ncomms4633
10.1186/s12868-017-0367-y
10.1146/annurev-immunol-051116-052358
10.1186/1742-2094-2-14
10.1016/s0896-6273(03)00568-3
10.1161/strokeaha.112.657130
10.1038/s41586-023-06120-6
10.1016/j.stemcr.2018.12.011
10.1186/s40478-014-0090-1
10.1186/s12974-018-1202-9
10.1186/1742-2094-9-1
10.1161/strokeaha.115.010351
10.1038/ni.3666
10.3389/fncel.2020.554613
10.1002/glia.22437
10.1016/j.tins.2023.11.003
10.1186/s13578-023-01126-z
10.1007/s12035-021-02571-y
10.1016/j.nbd.2005.08.002
10.1186/1758-5996-6-80
10.1186/s12974-020-01944-9
10.1186/s13024-024-00713-z
10.1186/1756-6606-3-12
10.3389/fncel.2022.1083159
10.1038/mt.2010.217
10.1007/s00401-021-02268-5
10.1034/j.1600-0404.2000.101003159.x
10.1001/archneur.58.10.1580
10.1136/jnnp.2007.131045
10.3390/biom11071058
10.4049/jimmunol.1400716
10.1002/ana.20369
10.1002/glia.22690
10.1073/pnas.1322174111
10.55782/ane-1999-1289
10.1186/s40035-020-00221-2
10.1186/s40478-023-01526-9
10.3389/fnmol.2016.00089
10.3390/ijms21197152
10.1074/jbc.M109.081125
10.3389/fnins.2022.1032140
10.1016/j.immuni.2017.06.006
10.1038/nature21029
10.1038/s41593-018-0227-9
10.3389/fnagi.2023.1278323
10.1080/15548627.2021.2016256
10.1212/wnl.38.8.1285
10.1016/0304-3940(94)90508-8
10.1016/0304-3940(94)90746-3
10.1007/978-3-7091-6284-2_12
10.1186/s40035-022-00332-y
10.1002/ana.410220415
10.1016/j.ebiom.2021.103380
10.1002/ana.20338
10.1001/jamaneurol.2021.3996
10.1016/j.jneuroim.2010.02.018
10.1093/brain/awn101
10.1586/14737175.2014.868306
10.4049/jimmunol.0901852
10.1111/imm.12922
10.1016/j.peptides.2014.09.018
10.1038/nature22815
10.1038/s41582-020-0344-4
10.1038/s41577-022-00684-6
10.1097/NEN.0b013e31818e5e99
10.1016/s1474-4422(21)00030-2
10.1111/cns.13221
10.1016/b978-0-12-398314-5.00004-0
10.1111/febs.14323
10.1038/nrn1722
10.3390/cells12192336
10.1186/s40035-021-00265-y
10.1016/j.molmed.2022.02.003
10.1038/s41423-022-00941-7
10.1001/jamaneurol.2017.0469
10.3389/fphar.2021.659584
10.3390/ijms22147710
10.1186/s12920-023-01481-3
10.1186/s12883-021-02250-4
10.1038/s41531-023-00592-z
10.1038/s41591-018-0051-5
10.3389/fncel.2023.1281763
10.7150/thno.35841
10.1038/s41380-019-0569-z
10.1007/s10072-022-06494-x","Parkinson’s disease, T cells, immune modulation, microglia, oligodendrocytes, white matter damage"
38325344,Associations between Sleep Disorders and Impulsive-Compulsive Behaviors in Parkinson's Disease: A Prospective Cohort Study,"Ye M, Kang X, Karlsson IK, Wang Y, Ji Q, Liu Q, Xu X, Hägg S, Fang F, Wirdefeldt K, Zhan Y.",Neuroepidemiology. 2024;58(4):256-263. doi: 10.1159/000536555. Epub 2024 Feb 7.,Ye M,Neuroepidemiology,2024,2024/02/07,PMC11302741,,10.1159/000536555,38325344,Associations between Sleep Disorders and Impulsive-Compulsive Behaviors in Parkinson's Disease: A Prospective Cohort Study.,"To examine the associations of excessive daytime sleepiness (EDS) and probable rapid eye movement sleep behavior disorder (pRBD), respectively, with impulsive-compulsive behaviors (ICBs) over a 5-year follow-up in patients with early Parkinson's disease (PD).
The Parkinson's Progression Markers Initiative is a multicenter cohort study based on an ongoing and open-ended registry. Longitudinal associations of sleep disorders with ICB over 5-year follow-up visits were estimated using generalized linear mixed-effects models among PD participants.
A total of 825 PD participants were enrolled at baseline. The study sample had a median baseline age of 63.1 (interquartile range: 55.6-69.3) years and comprised 496 (61.5%) men. Among them, 201 (24.9%) had ICB at baseline. In the generalized mixed-effects models, EDS (odds ratio [OR] = 1.09, 95% confidence interval [CI] 1.05, 1.12) and RBD (OR = 1.07, 95% CI 1.03, 1.12) were substantially associated with higher odds of developing ICB over time in PD patients, after multivariate adjustment including age, gender, family history, GDS score, STAI-Y score, MDS-UPDRS part III score, LEDD, and disease duration. Consistent results were observed when stratifying by age at baseline, gender, and PD family history.
The study findings suggest a longitudinal association between EDS and pRBD with an increased risk of developing ICB in patients with PD. The findings emphasize the significance of evaluating and addressing sleep disorders in PD patients as a potential approach to managing ICB.","Ye, Kang, Karlsson, Wang, Ji, Liu, Xu, Hägg, Fang, Wirdefeldt, Zhan",2024-02-08,Neuroepidemiology,10.1159/000536555,"Excessive daytime sleepiness, Impulsive-compulsive behaviors, Parkinson’s disease, Probable rapid eye movement sleep behavior disorder, Sleep disorders"
36875701,Recent trends in wearable device used to detect freezing of gait and falls in people with Parkinson's disease: A systematic review,"Huang T, Li M, Huang J.",Front Aging Neurosci. 2023 Feb 15;15:1119956. doi: 10.3389/fnagi.2023.1119956. eCollection 2023.,Huang T,Front Aging Neurosci,2023,2023/03/06,PMC9975590,,10.3389/fnagi.2023.1119956,36875701,Recent trends in wearable device used to detect freezing of gait and falls in people with Parkinson's disease: A systematic review.,"The occurrence of freezing of gait (FOG) is often observed in moderate to last-stage Parkinson's disease (PD), leading to a high risk of falls. The emergence of the wearable device has offered the possibility of FOG detection and falls of patients with PD allowing high validation in a low-cost way.
This systematic review seeks to provide a comprehensive overview of existing literature to establish the forefront of sensors type, placement and algorithm to detect FOG and falls among patients with PD.
Two electronic databases were screened by title and abstract to summarize the state of art on FOG and fall detection with any wearable technology among patients with PD. To be eligible for inclusion, papers were required to be full-text articles published in English, and the last search was completed on September 26, 2022. Studies were excluded if they; (i) only examined cueing function for FOG, (ii) only used non-wearable devices to detect or predict FOG or falls, and (iii) did not provide sufficient details about the study design and results. A total of 1,748 articles were retrieved from two databases. However, only 75 articles were deemed to meet the inclusion criteria according to the title, abstract and full-text reviewed. Variable was extracted from chosen research, including authorship, details of the experimental object, type of sensor, device location, activities, year of publication, evaluation in real-time, the algorithm and detection performance.
A total of 72 on FOG detection and 3 on fall detection were selected for data extraction. There were wide varieties of the studied population (from 1 to 131), type of sensor, placement and algorithm. The thigh and ankle were the most popular device location, and the combination of accelerometer and gyroscope was the most frequently used inertial measurement unit (IMU). Furthermore, 41.3% of the studies used the dataset as a resource to examine the validity of their algorithm. The results also showed that increasingly complex machine-learning algorithms had become the trend in FOG and fall detection.
These data support the application of the wearable device to access FOG and falls among patients with PD and controls. Machine learning algorithms and multiple types of sensors have become the recent trend in this field. Future work should consider an adequate sample size, and the experiment should be performed in a free-living environment. Moreover, a consensus on provoking FOG/fall, methods of assessing validity and algorithm are necessary.","Huang, Li, Huang",2023-03-07,Frontiers in aging neuroscience,"10.3389/fnagi.2023.1119956
10.1007/s11517-015-1395-3
10.1109/TBME.2017.2655344
10.3390/s18103287
10.1002/mds.26125
10.1109/TNSRE.2019.2933626
10.3390/s21196446
10.1007/s40846-020-00512-z
10.1109/TNSRE.2015.2508960
10.3390/s140406819
10.1109/TITB.2009.2036165
10.3389/frobt.2021.537384
10.1097/WCO.0b013e328305bdaf
10.3390/s21020614
10.1007/s40860-019-00086-x
10.1016/j.knosys.2017.10.017
10.1016/j.gaitpost.2016.08.018
10.1007/s00702-019-02020-0
10.1002/mds.25380
10.1002/mds.26718
10.1109/JBHI.2019.2952618
10.3389/fneur.2021.720516
10.1080/0952813X.2018.1519000
10.1109/ACCESS.2021.3117543
10.1002/mds.23829
10.1016/j.iot.2019.100068
10.1002/mds.21745
10.1007/s00415-010-5866-z
10.1016/j.compbiomed.2022.105629
10.1109/TNSRE.2019.2938301
10.1212/WNL.0000000000009946
10.1109/TIM.2021.3090153
10.1049/htl.2016.0064
10.1212/WNL.0b013e3181e7b688
10.1089/tmj.2017.0215
10.1109/JSEN.2017.2659780
10.1016/j.patrec.2020.09.011
10.2147/CIA.S69773
10.3390/electronics9111919
10.1186/1743-0003-7-51
10.1002/mds.20475
10.1007/s00415-009-5007-8
10.1186/s12984-020-00774-3
10.3390/s21010128
10.1016/j.pmcj.2015.12.007
10.1109/JBHI.2015.2465134
10.3390/s19040948
10.3390/s22072613
10.1109/TBCAS.2019.2914253
10.1016/j.jneumeth.2007.08.023
10.1186/1743-0003-10-19
10.3390/s19183898
10.1109/TNSRE.2019.2910165
10.1109/JBHI.2021.3103071
10.1016/j.parkreldis.2014.01.017
10.1016/S1474-4422(15)00041-1
10.1186/s12984-022-00992-x
10.1016/S1471-1931(00)00031-8
10.1016/j.parkreldis.2017.10.013
10.3389/fneur.2017.00394
10.3389/fneur.2022.831063
10.1371/journal.pone.0258544
10.3390/s21062246
10.1186/1743-0003-9-21
10.1109/TBME.2017.2665438
10.1109/JSEN.2019.2932584
10.1109/TMRB.2021.3091526
10.1109/TBME.2017.2785625
10.1155/2008/456298
10.3390/s20164474
10.1186/s12883-022-02732-z
10.3390/s16040475
10.3390/s17040827
10.1016/j.neucom.2014.09.084
10.1371/journal.pone.0171764
10.1007/s13042-015-0480-0
10.1016/j.patrec.2017.05.009
10.1016/S0140-6736(04)16305-8
10.3390/electronics8020119
10.1046/j.1468-1331.2003.00611.x
10.1186/s12984-021-00958-5
10.1109/TBME.2022.3140258
10.3390/s20071895
10.3389/fneur.2017.00406
10.2196/mhealth.2539
10.1007/s10072-014-2037-5
10.1007/s40846-020-00564-1
10.1002/14651858.CD002815.pub2
10.1016/j.cmpb.2012.10.016
10.3390/s141121329
10.3109/17483107.2010.507856
10.1155/2014/606427
10.1016/j.parkreldis.2015.09.051
10.1038/s41597-022-01713-8","FOG detection algorithm, Parkinson’s disease, fall – Wound, freezing of gait (FOG), wearable device"
39313236,Adjustability of Gait Speed in Clinics and Free-Living Environments for People With Parkinson's Disease,"Nishi Y, Fujii S, Ikuno K, Terasawa Y, Morioka S.",J Mov Disord. 2024 Oct;17(4):416-424. doi: 10.14802/jmd.24167. Epub 2024 Sep 23.,Nishi Y,J Mov Disord,2024,2024/09/23,PMC11540547,,10.14802/jmd.24167,39313236,Adjustability of Gait Speed in Clinics and Free-Living Environments for People With Parkinson's Disease.,"Gait speed is regulated by varying gait parameters depending on the diverse contexts of the environment. People with Parkinson's disease (PwPD) have difficulty adapting to gait control in their environment; however, the relationships between gait speed and spatiotemporal parameters in free-living environments have not been clarified. This study aimed to compare gait parameters according to gait speed in clinics and free-living environments.
PwPD were assessed at the clinic and in a free-living environment using an accelerometer on the lower back. By fitting a bimodal Gaussian model to the gait speed distribution, gait speed was divided into lower and higher speeds. We compared the spatiotemporal gait parameters using a 2 × 2 (environment [clinic/free-living] × speed [lower/higher]) repeated-measures analysis of variance. Associations between Parkinson's disease symptoms and gait parameters were evaluated using Bayesian Pearson's correlation coefficients.
In the 41 PwPD included in this study, spatiotemporal gait parameters were significantly worse in free-living environments than in clinics and at lower speeds than at higher speeds. The fit of the walking speed distribution to the bimodal Gaussian model (adjustability of gait speed) in free-living environments was related to spatiotemporal gait parameters, severity of Parkinson's disease, number of falls, and quality of life.
The findings suggest that gait control, which involves adjusting gait speed according to context, differs between clinics and free-living environments in PwPD. Gait assessments for PwPD in both clinical and free-living environments should interpret gait impairments in a complementary manner.","Nishi, Fujii, Ikuno, Terasawa, Morioka",2024-09-24,Journal of movement disorders,10.14802/jmd.24167,"Bayesian analysis, Free-living environments, Gait speed, Parkinson’s disease"
35962541,Differentiation of the motor cost associated with cognitive tasks in Parkinson's disease: A dual-task study,"Uribe P, Fuentes N, Álvarez-Ruf J, Cornejo I, Mariman JJ.",Eur J Neurosci. 2022 Oct;56(7):5106-5115. doi: 10.1111/ejn.15792. Epub 2022 Aug 23.,Uribe P,Eur J Neurosci,2022,2022/08/13,,,10.1111/ejn.15792,35962541,Differentiation of the motor cost associated with cognitive tasks in Parkinson's disease: A dual-task study.,"Parkinson's disease is a neurodegenerative condition associated with motor and cognitive impairments. While the execution of dual cognitive-motor tasks imposes a cost on gait velocity, it has been barely determined if the gait deterioration depends on the specific cognitive domain involved in the dual-task. Twenty-four subjects (12 patients with Parkinson's disease and 12 healthy subjects) carried out a single task (gait alone) and several dual tasks where the concurrent second task was the Trail Making Test (Part A) and the six tasks of the Frontal Assessment Battery. Gait variables were measured by accelerometry via smartphone. Data analysis included analysis of variance (ANOVA) and exploratory factorial analysis. Both groups showed a similar gait performance, except for velocity, where patients exhibited a bradykinetic profile. The dual-task during the Trail Making Test showed the highest motor cost. Frontal Assessment Battery's tasks as conceptualization, mental flexibility and motor programming showed a higher motor cost than the other tasks (sensibility to interference, inhibitory control and environmental autonomy). The factorial analysis applied to the motor costs confirmed two profiles, grouping those related to the dorsolateral prefrontal cortex (mental flexibility and motor programming tasks) in an independent factor. Among cognitive functions, attention is critical for gait control in Parkinson's disease and healthy elderly people. The interference posed by several executive operations suggests a specific competition in prefrontal regions that support dual tasks. Moreover, the higher cost for patients with Parkinson's disease patients emphasizes the cognitive decline and compensatory cognitive strategy for gait control related to attention and executive functions.","Uribe, Fuentes, Álvarez-Ruf, Cornejo, Mariman",2022-08-14,The European journal of neuroscience,10.1111/ejn.15792,"Parkinson's disease, attention, executive functions, motor cost, multitasking behavior"
35442761,Minimally Detectable Change of Speech Intelligibility in Speakers With Multiple Sclerosis and Parkinson's Disease,"Stipancic KL, Tjaden K.",J Speech Lang Hear Res. 2022 May 11;65(5):1858-1866. doi: 10.1044/2022_JSLHR-21-00648. Epub 2022 Apr 20.,Stipancic KL,J Speech Lang Hear Res,2022,2022/04/20,PMC9559772,,10.1044/2022_JSLHR-21-00648,35442761,Minimally Detectable Change of Speech Intelligibility in Speakers With Multiple Sclerosis and Parkinson's Disease.,"This study sought to determine the minimally detectable change (MDC) of sentence intelligibility for speakers with multiple sclerosis (MS) and Parkinson's disease (PD).
Speakers included 78 participants consisting of 32 neurologically healthy control speakers, 30 speakers with MS, and 16 speakers with PD. All speakers were recorded reading 11 sentences comprising the Speech Intelligibility Test (SIT), which were subsequently transcribed by inexperienced listeners. Percent correct scores were calculated for each sentence. An average percent correct score was also calculated for each speaker. The MDC at the 95% confidence interval was calculated using the following formula: MDC
The average MDC
In agreement with previous work in ALS conducted under similar conditions (i.e., orthographic transcription of SIT sentences in a quiet listening environment), the MDC","Stipancic, Tjaden",2022-04-21,"Journal of speech, language, and hearing research : JSLHR",10.1044/2022_JSLHR-21-00648,
38243743,Fatigue in Parkinson's Disease: A Proteomic Study of Cerebrospinal Fluid,"Eidem LE, Birkeland E, Austdal M, Bårdsen K, Lange J, Alves G, Berven F, Nilsen MM, Herlofson K, Tysnes OB, Omdal R.",Mov Disord. 2024 Apr;39(4):749-751. doi: 10.1002/mds.29715. Epub 2024 Jan 20.,Eidem LE,Mov Disord,2024,2024/01/20,,,10.1002/mds.29715,38243743,Fatigue in Parkinson's Disease: A Proteomic Study of Cerebrospinal Fluid.,,"Eidem, Birkeland, Austdal, Bårdsen, Lange, Alves, Berven, Nilsen, Herlofson, Tysnes, Omdal",2024-01-20,Movement disorders : official journal of the Movement Disorder Society,10.1002/mds.29715,
37184848,Risk of Parkinson Disease Among Service Members at Marine Corps Base Camp Lejeune,"Goldman SM, Weaver FM, Stroupe KT, Cao L, Gonzalez B, Colletta K, Brown EG, Tanner CM.",JAMA Neurol. 2023 Jul 1;80(7):673-681. doi: 10.1001/jamaneurol.2023.1168.,Goldman SM,JAMA Neurol,2023,2023/05/15,PMC10186205,,10.1001/jamaneurol.2023.1168,37184848,Risk of Parkinson Disease Among Service Members at Marine Corps Base Camp Lejeune.,"An increased risk of Parkinson disease (PD) has been associated with exposure to the solvent trichloroethylene (TCE), but data are limited. Millions of people in the US and worldwide are exposed to TCE in air, food, and water.
To test whether the risk of PD is higher in veterans who served at Marine Corps Base Camp Lejeune, whose water supply was contaminated with TCE and other volatile organic compounds (VOCs), compared with veterans who did not serve on that base.
This population-based cohort study examined the risk for PD among all Marines and Navy personnel who resided at Camp Lejeune, North Carolina (contaminated water) (n = 172 128), or Camp Pendleton, California (uncontaminated water) (n = 168 361), for at least 3 months between 1975 and 1985, with follow-up from January 1, 1997, until February 17, 2021. Veterans Health Administration and Medicare databases were searched for International Classification of Diseases diagnostic codes for PD or other forms of parkinsonism and related medications and for diagnostic codes indicative of prodromal disease. Parkinson disease diagnoses were confirmed by medical record review.
Water supplies at Camp Lejeune were contaminated with several VOCs. Levels were highest for TCE, with monthly median values greater than 70-fold the permissible amount.
Risk of PD in former residents of Camp Lejeune relative to residents of Camp Pendleton. In those without PD or another form of parkinsonism, the risk of being diagnosed with features of prodromal PD were assessed individually and cumulatively using likelihood ratio tests.
Health data were available for 158 122 veterans (46.4%). Demographic characteristics were similar between Camp Lejeune (5.3% women, 94.7% men; mean [SD] attained age of 59.64 [4.43] years; 29.7% Black, 6.0% Hispanic, 67.6% White; and 2.7% other race and ethnicity) and Camp Pendleton (3.8% women, 96.2% men; mean [SD] age, 59.80 [4.62] years; 23.4% Black, 9.4% Hispanic, 71.1% White, and 5.5% other race and ethnicity). A total of 430 veterans had PD, with 279 from Camp Lejeune (prevalence, 0.33%) and 151 from Camp Pendleton (prevalence, 0.21%). In multivariable models, Camp Lejeune veterans had a 70% higher risk of PD (odds ratio, 1.70; 95% CI, 1.39-2.07; P < .001). No excess risk was found for other forms of neurodegenerative parkinsonism. Camp Lejeune veterans also had a significantly increased risk of prodromal PD diagnoses, including tremor, anxiety, and erectile dysfunction, and higher cumulative prodromal risk scores.
The study's findings suggest that the risk of PD is higher in persons exposed to TCE and other VOCs in water 4 decades ago. Millions worldwide have been and continue to be exposed to this ubiquitous environmental contaminant.","Goldman, Weaver, Stroupe, Cao, Gonzalez, Colletta, Brown, Tanner",2023-05-15,JAMA neurology,"10.1001/jamaneurol.2023.1168
10.1002/ana.22629
10.1002/ana.21288
10.1111/j.1471-4159.2009.06497.x
10.1039/C9EM00578A
10.1016/j.neulet.2019.134437
10.1007/s12035-017-0830-x
10.1046/j.1468-1331.1999.650609.x
10.1007/978-1-4615-0135-0_29
10.1289/ehp.00108s2359
10.1186/1476-069X-13-68
10.1186/1476-069X-13-10
10.1038/nrdp.2017.13
10.1002/mds.27802
10.1136/pgmj.64.751.345
10.1186/s12916-018-1016-8
10.1002/mds.26431
10.1002/ana.20882
10.1001/jamaneurol.2016.1948
10.1002/1531-8249(199910)46:4<598::AID-ANA7>3.0.CO;2-F
10.1007/s00415-003-1306-7
10.21203/rs.3.rs-2203458/v1
10.1016/j.expneurol.2011.12.012
10.1111/j.1471-4159.2006.04333.x
10.1289/ehp.1002839
10.1093/toxsci/kfl133
10.1016/j.nbd.2021.105312
10.1016/j.taap.2021.115597
10.1016/S0014-2999(02)01308-0
10.1016/j.tox.2019.152283
10.2131/jts.28.1
10.1080/15459620701301763
10.1021/jf0303159
10.1021/es301380d
10.1186/1476-069X-12-104
10.1186/1476-069X-13-99
10.1186/s12940-015-0061-4
10.1038/s41531-018-0058-0",
32211390,Gait Initiation in Parkinson's Disease: Impact of Dopamine Depletion and Initial Stance Condition,"Palmisano C, Brandt G, Vissani M, Pozzi NG, Canessa A, Brumberg J, Marotta G, Volkmann J, Mazzoni A, Pezzoli G, Frigo CA, Isaias IU.",Front Bioeng Biotechnol. 2020 Mar 6;8:137. doi: 10.3389/fbioe.2020.00137. eCollection 2020.,Palmisano C,Front Bioeng Biotechnol,2020,2020/03/27,PMC7068722,,10.3389/fbioe.2020.00137,32211390,Gait Initiation in Parkinson's Disease: Impact of Dopamine Depletion and Initial Stance Condition.,"Postural instability, in particular at gait initiation (GI), and resulting falls are a major determinant of poor quality of life in subjects with Parkinson's disease (PD). Still, the contribution of the basal ganglia and dopamine on the feedforward postural control associated with this motor task is poorly known. In addition, the influence of anthropometric measures (AM) and initial stance condition on GI has never been consistently assessed. The biomechanical resultants of anticipatory postural adjustments contributing to GI [imbalance (IMB), unloading (UNL), and stepping phase) were studied in 26 unmedicated subjects with idiopathic PD and in 27 healthy subjects. A subset of 13 patients was analyzed under standardized medication conditions and the striatal dopaminergic innervation was studied in 22 patients using FP-CIT and SPECT. People with PD showed a significant reduction in center of pressure (CoP) displacement and velocity during the IMB phase, reduced first step length and velocity, and decreased velocity and acceleration of the center of mass (CoM) at toe off of the stance foot. All these measurements correlated with the dopaminergic innervation of the putamen and substantially improved with levodopa. These results were not influenced by anthropometric parameters or by the initial stance condition. In contrast, most of the measurements of the UNL phase were influenced by the foot placement and did not correlate with putaminal dopaminergic innervation. Our results suggest a significant role of dopamine and the putamen particularly in the elaboration of the IMB phase of anticipatory postural adjustments and in the execution of the first step. The basal ganglia circuitry may contribute to defining the optimal referent body configuration for a proper initiation of gait and possibly gait adaptation to the environment.","Palmisano, Brandt, Vissani, Pozzi, Canessa, Brumberg, Marotta, Volkmann, Mazzoni, Pezzoli, Frigo, Isaias",2020-03-27,Frontiers in bioengineering and biotechnology,"10.3389/fbioe.2020.00137
10.1098/rsif.2017.0043
10.1371/journal.pone.0198691
10.1523/JNEUROSCI.3245-14.2015
10.1002/mds.870120211
10.1523/JNEUROSCI.1258-12.2012
10.1007/s00221-006-0360-7
10.1113/jphysiol.1991.sp018616
10.1002/mds.26269
10.1371/journal.pone.0156420
10.1016/S0966-6362(98)00020-4
10.1016/j.apmr.2005.05.013
10.1002/mds.20909
10.1371/journal.pone.0092736
10.1523/JNEUROSCI.3583-11.2011
10.1016/j.neuroscience.2009.08.002
10.1152/jn.01136.2006
10.1016/j.parkreldis.2008.02.012
10.1093/ptj/82.6.566
10.1016/0301-0082(92)90034-c
10.1523/JNEUROSCI.0264-07.2007
10.1152/jn.00668.2014
10.1016/j.gaitpost.2011.11.006
10.1007/s00259-012-2304-8
10.1016/0021-9290(95)00088-7
10.1016/j.clinbiomech.2019.03.002
10.1152/physiol.00034.2015
10.1093/cercor/bhj088
10.1093/brain/awz141
10.1016/j.neulet.2006.07.027
10.1152/jn.00005.2010
10.3389/fnagi.2018.00036
10.1111/ejn.14114
10.1016/0966-6362(96)82849-9","Parkinson’s disease, anthropometric measurements, basal ganglia, base of support, dopamine, gait initiation"
34693879,Lower calcium levels in hair of Parkinson's disease patients are associated with presence of sleeping disturbances,"Dos Santos AB, Bezerra MA, Rocha ME, Barreto GE, Kohlmeier KA.",Nutr Neurosci. 2022 Dec;25(12):2577-2587. doi: 10.1080/1028415X.2021.1990464. Epub 2021 Oct 25.,Dos Santos AB,Nutr Neurosci,2022,2021/10/25,,,10.1080/1028415X.2021.1990464,34693879,Lower calcium levels in hair of Parkinson's disease patients are associated with presence of sleeping disturbances.,,"Dos Santos, Bezerra, Rocha, Barreto, Kohlmeier",2021-10-26,Nutritional neuroscience,10.1080/1028415X.2021.1990464,"Flame atomic absorption spectrometry, Metal imbalance, REM Sleep Behavior Disorder, biomarker, comorbidities, neurodegenerative disease, sleep disorder, sleep evaluation, sleep quality"
33467634,Analysis of Gait for Disease Stage in Patients with Parkinson's Disease,"Vila MH, Pérez R, Mollinedo I, Cancela JM.",Int J Environ Res Public Health. 2021 Jan 15;18(2):720. doi: 10.3390/ijerph18020720.,Vila MH,Int J Environ Res Public Health,2021,2021/01/20,PMC7830506,,10.3390/ijerph18020720,33467634,Analysis of Gait for Disease Stage in Patients with Parkinson's Disease.,"Understanding the motor patterns underlying the movement of individuals with Parkinson's disease (PD) is fundamental to the effective targeting of non-pharmacological therapies. This study aimed to analyze the gait pattern in relation to the evolutionary stages I-II and III-IV according to the Hoehn and Yahr (H&Y) scale in individuals affected by PD. The study was conducted with the participation of 37 PD patients with a mean age of 70.09 ± 9.53 years, and of whom 48.64% were women. The inclusion criteria were (1) to be diagnosed with PD; (2) to be in an evolutionary stage of the disease between I and IV: and (3) to be able to walk independently and without any assistance. Kinematic and spatial-temporal parameters of the gait were analyzed. The results showed differences in speed of movement, cadence, stride length, support duration, swing duration, step width, walking cycle duration, and double support time between the stages analyzed. These results confirmed the differences in PD gait pattern between stages I-II and III-IV. Different behaviors of the same variable were recorded depending on whether the right or left side was affected by PD.","Vila, Pérez, Mollinedo, Cancela",2021-01-21,International journal of environmental research and public health,"10.3390/ijerph18020720
10.1038/nrneurol.2017.27
10.3988/jcn.2019.15.4.473
10.1111/j.1472-8206.2009.00798.x
10.1002/mds.21667
10.1111/j.1524-4733.2006.00131.x
10.1212/WNL.17.5.427
10.1001/archneur.56.1.33
10.1371/journal.pone.0183989
10.1186/s12883-020-01759-4
10.1089/rej.2017.1924
10.1089/rej.2017.2007
10.1016/j.archger.2019.05.003
10.1016/j.gaitpost.2017.06.266
10.1007/s11910-018-0828-4
10.11138/FNeur/2017.32.1.028
10.1038/ijo.2008.179
10.3390/diseases7010018
10.1016/j.parkreldis.2018.07.008
10.1093/gerona/62.9.983
10.3389/fnagi.2018.00387
10.1179/1743132815Y.0000000043
10.1097/MRR.0000000000000312","cadence, gait oscillation, locomotion disorder, neurodegenerative disease, speed of movement"
33570475,Peptide Profile of Zebrafish Brain in a 6-OHDA-Induced Parkinson Model,"Fiametti LO, Correa CN, Castro LM.",Zebrafish. 2021 Feb;18(1):55-65. doi: 10.1089/zeb.2020.1945. Epub 2021 Feb 9.,Fiametti LO,Zebrafish,2021,2021/02/11,,,10.1089/zeb.2020.1945,33570475,Peptide Profile of Zebrafish Brain in a 6-OHDA-Induced Parkinson Model.,"Parkinson's disease (PD) is a chronic neurodegenerative disorder mainly attributed to the progressive loss of dopaminergic neurons in the substantia nigra, which leads to uncontrolled voluntary movements causing tremors, postural instability, joint stiffness, and speech and locomotion difficulties, among other symptoms. Previous studies have shown the participation of specific peptides in neurodegenerative diseases. In this context, the present work analyzed changes in the peptide profile in zebrafish brain induced to parkinsonian conditions with 6-hydroxydopamine, using isotopic labeling techniques plus mass spectrometry. These analyses allowed the relative quantitation and identification of 118 peptides. Of these, nine peptides showed significant changes, one peptide was increased and eight decreased. The most altered sequences were fragment of cytosolic and extracellular proteins related to lipid metabolism and dynamic cytoskeleton. These results open new perspectives of study about the function of peptides in PD.","Fiametti, Correa, Castro",2021-02-12,Zebrafish,10.1089/zeb.2020.1945,"mass spectrometry, neurodegenerative disease, peptidomics, zebrafish"
40980939,Association between the degree of Parkinson's disease progression and the oral environment,"Yamamoto A, Umemoto G, Mizutani S, Fujioka S, Tsuboi Y, Kashiwazaki H.",Neurol Neurochir Pol. 2025;59(5):487-490. doi: 10.5603/pjnns.106300. Epub 2025 Sep 22.,Yamamoto A,Neurol Neurochir Pol,2025,2025/09/22,,,10.5603/pjnns.106300,40980939,Association between the degree of Parkinson's disease progression and the oral environment.,"Aim of this study was to examine the relationship between the degree of Parkinson's disease (PD) progression and the oral environment in patients with PD.
Fifty patients with PD [mean age, 64.9 ± 8.5 years old; mean Hoehn and Yahr (HY) stage, 3.2 ± 0.8] were recruited. The patients were divided into a mild/moderate group (HY stage 2-3) and a severe group (HY stage 4-5), and the oral environment was assessed using the Oral Health Assessment Tool (OHAT) score.
The OHAT scores for all participants were positively correlated with the age (rho = 0.27, p < 0.05), disease duration (rho = 0.28, p < 0.05), and MMSE score (rho = -0.28, p < 0.05). Multiple linear regression analyses showed that, among the OHAT items, ""tongue,"" ""saliva,"" and ""lips"" were associated with the age, disease duration, and MMSE, respectively (β = 0.021, p = 0.008; β = 0.027, p = 0.010; β = -1.974, p = 0.041, respectively).
The results of this study suggest the possibility of an association between the degree of PD progression, such as age and disease duration, and the deterioration of the oral environment. These results encourage specialized personnel to pay attention to the tongue and dry mouth condition, especially for older PD patients with a long disease duration.","Yamamoto, Umemoto, Mizutani, Fujioka, Tsuboi, Kashiwazaki",2025-09-22,Neurologia i neurochirurgia polska,10.5603/pjnns.106300,"OHAT, Parkinson’s disease, disease duration, saliva, tongue"
34602498,Development of a Multidimensional Assessment Tool for the Evaluation of Holistic Quality of Life in Parkinson's Disease,"Thieken F, Timmermann L, Sohrabi K, Woopen C, Schmitz-Luhn B, Janhsen A, Eggers C.",J Parkinsons Dis. 2022;12(1):361-370. doi: 10.3233/JPD-202391.,Thieken F,J Parkinsons Dis,2022,2021/10/04,,,10.3233/JPD-202391,34602498,Development of a Multidimensional Assessment Tool for the Evaluation of Holistic Quality of Life in Parkinson's Disease.,"Parkinsonian syndromes are heterogeneous chronic neurodegenerative disorders associated with both motor and non-motor symptoms. The symptoms have major psychosocial effects on the quality of life of patients and can be a burden for caregivers. So far, several questionnaires have been developed to assess quality of life in Parkinsonism, but none of these include the positive sides on well-being such as personal and social resilience factors.
The aim of this study is to develop a digital framework for a longitudinal assessment of quality of life during the progression of Parkinson's disease.
The CHAPO model (Challenges and Potentials) has been established in a vast study by Wagner et al. to assess the quality of life of older people. This model includes environmental and individual factors, life chances, and life results, such as individual life evaluation, from a subjective as well as an objective point of view. Therefore, it has been adapted in several development steps to include the specific aspects that affect quality of life in Parkinsonian syndromes. The development process included 6 steps: definition, refinement, operationalization, piloting/debriefing, adjustment, and integration.
The development of the CHAPO-PD model has been completed and it represents the first main result of this study.
By taking a holistic understanding of quality of life into account, we expect to detect previously unrecognized factors, which correlate to the subjective well-being of Parkinson's disease patients, and aim to use these findings to improve the health care structures for patients with Parkinson's disease and related disorders.","Thieken, Timmermann, Sohrabi, Woopen, Schmitz-Luhn, Janhsen, Eggers",2021-10-05,Journal of Parkinson's disease,10.3233/JPD-202391,"Parkinson’s disease, assessment tool, health-related quality of life, holistic, personalized care, prognostication"
38052871,Population fraction of Parkinson's disease attributable to preventable risk factors,"Payami H, Cohen G, Murchison CF, Sampson TR, Standaert DG, Wallen ZD.",NPJ Parkinsons Dis. 2023 Dec 5;9(1):159. doi: 10.1038/s41531-023-00603-z.,Payami H,NPJ Parkinsons Dis,2023,2023/12/05,PMC10698155,,10.1038/s41531-023-00603-z,38052871,Population fraction of Parkinson's disease attributable to preventable risk factors.,"Parkinson's disease is the fastest-growing neurologic disease with seemingly no means of prevention. Intrinsic risk factors (age, sex, and genetics) are inescapable, but environmental factors are not. We identified repeated blows to the head in sports/combat as a potential new risk factor. 23% of PD cases in females were attributable to pesticide/herbicide exposure, and 30% of PD in males were attributable to pesticides/herbicides, military-related chemical exposures, and repeated blows to the head, and therefore could have potentially been prevented.","Payami, Cohen, Murchison, Sampson, Standaert, Wallen",2023-12-06,NPJ Parkinson's disease,"10.1038/s41531-023-00603-z
10.1016/S1474-4422(18)30295-3
10.1016/j.parkreldis.2015.12.008
10.1093/oxfordjournals.aje.a121617
10.1016/S2214-109X(19)30074-9
10.1097/JSM.0000000000000918
10.1186/s12940-019-0488-0",
36389219,Parkinson's disease resting tremor severity classification using machine learning with resampling techniques,"Channa A, Cramariuc O, Memon M, Popescu N, Mammone N, Ruggeri G.",Front Neurosci. 2022 Oct 28;16:955464. doi: 10.3389/fnins.2022.955464. eCollection 2022.,Channa A,Front Neurosci,2022,2022/11/17,PMC9650529,,10.3389/fnins.2022.955464,36389219,Parkinson's disease resting tremor severity classification using machine learning with resampling techniques.,"In resting tremor, the body part is in complete repose and often dampens or subsides entirely with action. The most frequent cause of resting tremors is known as idiopathic Parkinson's disease (PD). For examination, neurologists of patients with PD include tests such as finger-to-nose tests, walking back and forth in the corridor, and the pull test. This evaluation is focused on Unified Parkinson's disease rating scale (UPDRS), which is subjective as well as based on some daily life motor activities for a limited time frame. In this study, severity analysis is performed on an imbalanced dataset of patients with PD. This is the reason why the classification of various data containing imbalanced class distribution has endured a notable drawback of the performance achievable by various standard classification learning algorithms. In this work, we used resampling techniques including under-sampling, over-sampling, and a hybrid combination. Resampling techniques are incorporated with renowned classifiers, such as XGBoost, decision tree, and K-nearest neighbors. From the results, it is concluded that the Over-sampling method performed much better than under-sampling and hybrid sampling techniques. Among the over-sampling techniques, random sampling has obtained 99% accuracy using XGBoost classifier and 98% accuracy using the decision tree. Besides, it is observed that different resampling methods performed differently with various classifiers.","Channa, Cramariuc, Memon, Popescu, Mammone, Ruggeri",2022-11-18,Frontiers in neuroscience,"10.3389/fnins.2022.955464
10.1088/1742-6596/1538/1/012024
10.1007/s42979-021-00953-6
10.3390/s140406474
10.1145/1007730.1007735
10.4103/jmss.JMSS_50_17
10.1016/j.clineuro.2019.105442
10.3390/s21030981
10.1613/jair.953
10.1016/j.parkreldis.2016.09.009
10.1002/mds.22340
10.1016/j.eswa.2016.12.035
10.1109/TIT.1968.1054155
10.1109/TKDE.2008.239
10.1145/3343440
10.1016/j.knosys.2019.105292
10.1016/j.ins.2013.07.007
10.1016/j.parkreldis.2020.02.018
10.3389/fpubh.2021.776847
10.1111/j.1365-2648.2010.05313.x
10.1109/TITB.2009.2033471
10.4249/scholarpedia.1883
10.1002/mds.20640
10.1002/mds.28494
10.1109/TITB.2011.2182616
10.1016/S0072-9752(07)83013-2
10.1002/mds.10011
10.1142/S0218001409007326
10.1109/TSMC.1976.4309452
10.1109/TSMC.1972.4309137","Parkinson's disease, accelerometer data, imbalance data, machine learning, resampling techniques, resting tremor, severity analysis"
40782651,Acamprosate and risk of parkinsonism,"d'Errico A, Strippoli E, Goldman SM, Blanc PD.",Parkinsonism Relat Disord. 2025 Oct;139:107986. doi: 10.1016/j.parkreldis.2025.107986. Epub 2025 Aug 7.,d'Errico A,Parkinsonism Relat Disord,2025,2025/08/09,,,10.1016/j.parkreldis.2025.107986,40782651,Acamprosate and risk of parkinsonism.,,"d'Errico, Strippoli, Goldman, Blanc",2025-08-10,Parkinsonism & related disorders,10.1016/j.parkreldis.2025.107986,
40678252,"Remote AI Screening for Parkinson's Disease: A Multimodal, Cross-Setting Validation Study","Islam MS, Adnan T, Abdelkader A, Liu Z, Ma E, Park S, Azad A, Liu P, Pawlik M, Hartman E, Shelton E, Larson KB, Rahman MS, Schwartz C, Jaffe K, Adams JL, Schneider RB, Freyberg J, Dorsey ER, Hoque E.",Res Sq [Preprint]. 2025 Jun 26:rs.3.rs-6844936. doi: 10.21203/rs.3.rs-6844936/v1.,Islam MS,Res Sq,2025,2025/07/18,PMC12270200,,10.21203/rs.3.rs-6844936/v1,40678252,"Remote AI Screening for Parkinson's Disease: A Multimodal, Cross-Setting Validation Study.","PARK is a web-based artificial intelligence (AI) tool for remote screening of Parkinson's disease (PD) using video and audio recordings of speech, facial expression, and motor tasks performed via webcam. The study draws on data from 1,865 participants across diverse global demographics and recording environments, including supervised clinical settings and unsupervised home use. On three independent test sets (n=389; 188 with PD), PARK achieved strong predictive performance on classifying individuals with and without PD, with accuracy ranging from 80.2% to 80.6% and area under the receiver operating characteristic curve (AUROC) from 0.85 to 0.87. When evaluated on 30 randomly selected individuals, PARK's assessments were 83.7% accurate and showed high agreement with three movement disorder specialists. The model generalized well across age, sex, and ethnic subgroups and incorporated mechanisms to withhold uncertain predictions to support safe use in unsupervised settings. Usability studies confirmed high participant satisfaction and preference for remote screening. These findings support the potential of PARK as an accessible, scalable, and clinically aligned tool to identify individuals with PD when access to traditional healthcare settings is scarce.","Islam, Adnan, Abdelkader, Liu, Ma, Park, Azad, Liu, Pawlik, Hartman, Shelton, Larson, Rahman, Schwartz, Jaffe, Adams, Schneider, Freyberg, Dorsey, Hoque",2025-07-18,Research square,"10.21203/rs.3.rs-6844936/v1
10.1145/3459669","AI screening, Parkinsonian disorders, Parkinson’s disease, artificial intelligence, home assessment, movement disorders, remote assessment"
34068631,Tooth Loss and Blood Pressure in Parkinson's Disease Patients: An Exploratory Study on NHANES Data,"Lyra P, Machado V, Proença L, Mendes JJ, Botelho J.",Int J Environ Res Public Health. 2021 May 10;18(9):5032. doi: 10.3390/ijerph18095032.,Lyra P,Int J Environ Res Public Health,2021,2021/06/02,PMC8126086,,10.3390/ijerph18095032,34068631,Tooth Loss and Blood Pressure in Parkinson's Disease Patients: An Exploratory Study on NHANES Data.,,"Lyra, Machado, Proença, Mendes, Botelho",2021-06-03,International journal of environmental research and public health,"10.3390/ijerph18095032
10.1007/s00702-017-1686-y
10.1038/s41531-018-0058-0
10.1016/S1474-4422(06)70471-9
10.1016/S0140-6736(09)60492-X
10.1016/S0140-6736(14)61393-3
10.1038/nm.2165
10.1038/nrdp.2017.13
10.2188/jea.14.143
10.3390/ijms20153723
10.1038/nri3785
10.1155/2018/9315285
10.1016/j.jocn.2008.12.027
10.1016/j.bandc.2011.06.003
10.1007/s00784-016-1879-z
10.3390/jpm10030069
10.1097/00004872-199816080-00004
10.1097/HJH.0000000000001186
10.1161/JAHA.118.008888
10.3390/jcm9051585
10.1093/cvr/cvz201
10.1186/s12903-019-0966-3
10.1016/j.atherosclerosis.2008.07.017
10.1177/2150132720928670
10.1016/j.ijcard.2014.07.083
10.1002/brb3.179
10.2337/diacare.16.1.329
10.1007/s40496-017-0121-7
10.2337/dc11-1584
10.1111/j.1600-051X.2012.01916.x
10.1093/ajh/hpv025
10.1902/jop.2012.110664
10.2471/BLT.07.045120
10.3390/ijerph18010285
10.1002/JPER.17-0426
10.1111/idj.12399
10.1186/s12903-020-01219-y
10.1111/joim.13180
10.1111/j.1600-0765.2012.01498.x
10.1093/eurheartj/ehy339
10.1038/s41598-020-79496-4
10.3390/nu13041194
10.1111/j.1600-0528.2001.290502.x
10.1080/00016350601058069
10.1111/ger.12188
10.1038/nrmicro2337
10.1007/s00784-011-0625-9
10.1111/prd.12221
10.1111/jcpe.12881
10.1111/j.1600-0528.1994.tb02056.x
10.3390/medicina56080383
10.1111/j.1532-849X.2009.00437.x
10.2105/AJPH.2005.071209
10.1093/eurheartj/ehz646
10.1007/s40292-018-0290-z","Parkinson’s disease, diabetes mellitus, edentulism, hypertension, oral health, tooth loss"
36253999,Dietary β-carotene and vitamin A and risk of Parkinson disease: A protocol for systematic review and meta-analysis,"Wu LY, Chen JX, Chen GS, Gao H, Huo JH, Pang YF, Gao QH.",Medicine (Baltimore). 2022 Oct 14;101(41):e31002. doi: 10.1097/MD.0000000000031002.,Wu LY,Medicine (Baltimore),2022,2022/10/18,PMC9575799,,10.1097/MD.0000000000031002,36253999,Dietary β-carotene and vitamin A and risk of Parkinson disease: A protocol for systematic review and meta-analysis.,"The beneficial effects of dietary β-carotene and vitamin A on Parkinson disease (PD) have been confirmed, but some studies have yielded questionable results. Therefore, this meta-analysis investigated the effect of dietary β-carotene and vitamin A on the risk of PD.
The following databases were searched for relevant paper: PubMed, Embase, Medline, Scopus, Cochrane Library, CNKI, Wanfang Med online, and Weipu databases for the relevant paper from 1990 to March 28, 2022. The studies included were as follows: β-carotene and vitamin A intake was measured using scientifically recognized approaches, such as food frequency questionnaire (FFQ); evaluation of odds ratios using OR, RR, or HR; β-carotene and vitamin A intake for three or more quantitative categories; and PD diagnosed by a neurologist or hospital records.
This study included 11 studies (four cohort studies, six case-control studies, and one cross-sectional study). The high β-carotene intake was associated with a significantly lower chance of developing PD than low β-carotene intake (pooled OR = 0.83, 95%CI = 0.74-0.94). Whereas the risk of advancement of PD was not significantly distinctive among the highest and lowest vitamin A intake (pooled OR = 1.08, 95%CI = 0.91-1.29).
Dietary β-carotene intake may have a protective effect against PD, whereas dietary vitamin A does not appear to have the same effect. More relevant studies are needed to include into meta-analysis in the further, as the recall bias and selection bias in retrospective and cross-sectional studies cause misclassifications in the assessment of nutrient intake.","Wu, Chen, Chen, Gao, Huo, Pang, Gao",2022-10-19,Medicine,10.1097/MD.0000000000031002,
35329176,Association between Residential Greenness and Incidence of Parkinson's Disease: A Population-Based Cohort Study in South Korea,"Jung J, Park JY, Myung W, Lee JY, Ko H, Lee H.",Int J Environ Res Public Health. 2022 Mar 15;19(6):3491. doi: 10.3390/ijerph19063491.,Jung J,Int J Environ Res Public Health,2022,2022/03/25,PMC8951185,,10.3390/ijerph19063491,35329176,Association between Residential Greenness and Incidence of Parkinson's Disease: A Population-Based Cohort Study in South Korea.,"It is widely known that exposure to residential greenness is beneficial for health. However, few studies have analyzed the association between greenery and Parkinson's disease (PD). We selected 313,355 participants who matched the inclusion criteria from the National Health Insurance Service-National Sample Cohort, followed up from 2007 to 2015. Residential greenness, represented by the normalized difference vegetation index (NDVI), was obtained from satellite measurements. We estimated hazard ratios of PD associated with a 0.1-unit increase in long-term greenness exposure at the district level for the previous 1 year of each year until a censoring/event occurred, using time-varying Cox proportional hazard models, adjusted for individual- and area-level characteristics. During the 2,745,389 person-years of follow-up, 2621(0.8%) participants developed PD. Exposure to higher levels of residential greenness was found to be associated with a decreased risk of PD incidence (21% per 0.1-unit increase, 95% confidence interval (CI): 0.74-0.84). In subgroup analyses, stronger protective effects were observed in participants aged over 50 years, females, overweight/obese participants, non-urban residents, non-smokers, alcoholics, and those with comorbidities. Long-term exposure to greenness was beneficial to incident PD, and our findings could aid in the development of public-health strategies.","Jung, Park, Myung, Lee, Ko, Lee",2022-03-26,International journal of environmental research and public health,"10.3390/ijerph19063491
10.1016/S1474-4422(06)70471-9
10.1016/S1474-4422(18)30295-3
10.1016/S1474-4422(19)30195-4
10.1038/nrn.2017.62
10.1001/jama.2019.22360
10.1136/jnnp.69.3.308
10.1002/mdc3.12599
10.1101/cshperspect.a008888
10.1016/S1474-4422(16)30230-7
10.1289/EHP6161
10.1016/j.envpol.2021.118372
10.3233/JAD-201179
10.1289/EHP1229
10.1289/EHP2875
10.1016/j.scitotenv.2021.146129
10.1016/j.envres.2021.111170
10.1186/s12940-020-0565-4
10.1093/ije/dyv319
10.1289/ehp.1510363
10.1161/JAHA.118.009117
10.5067/MODIS/MOD13Q1.006
10.1016/0034-4257(79)90013-0
10.1016/j.cageo.2007.07.010
10.1016/j.amepre.2004.10.024
10.1001/jamanetworkopen.2018.2633
10.1016/j.ijheh.2018.12.006
10.1016/j.ufug.2006.01.007
10.1016/j.envres.2014.11.010
10.1289/EHP2854
10.1016/S2542-5196(18)30051-2
10.1016/S2542-5196(17)30118-3
10.1016/j.xinn.2020.100054
10.1016/S2542-5196(20)30027-9
10.1007/s11356-021-14201-0
10.1016/j.scitotenv.2021.150628
10.1016/j.envint.2021.106797
10.1016/j.ufug.2020.126907
10.1016/j.envres.2021.110836
10.3390/ijerph17124525
10.1136/jech.2005.043125
10.1136/jech.2006.053553
10.1016/j.jamda.2019.11.006
10.1001/jamanetworkopen.2019.8209
10.1016/j.scitotenv.2016.05.159","Parkinson’s disease, cohort study, long-term exposure, residential greenness"
34204597,Acid Precipitation and the Prevalence of Parkinson's Disease: An Ecologic Study in U.S. States,"Schwartz GG, Williamson MR.",Brain Sci. 2021 Jun 12;11(6):779. doi: 10.3390/brainsci11060779.,Schwartz GG,Brain Sci,2021,2021/07/02,PMC8231258,,10.3390/brainsci11060779,34204597,Acid Precipitation and the Prevalence of Parkinson's Disease: An Ecologic Study in U.S. States.,"Although the etiology of Parkinson's disease (PD) is unknown, potentially informative clues lie in its geographic distribution. PD prevalence rates within the U.S. are significantly higher in the Midwest and Northeast, a pattern that resembles the geographic distribution of acid precipitation (""acid rain""). Using linear and multivariable regression, we examined state-wide data on PD prevalence in relation to environmental factors including total precipitation, the acidity of precipitation, the use of well water, and industrial releases of sulfuric acid. In multivariate analyses, age-, race-, and gender-adjusted prevalence rates for PD were inversely correlated with well water use and positively correlated with industrial releases of sulfuric acid and with the quantity of acid precipitation (","Schwartz, Williamson",2021-07-03,Brain sciences,"10.3390/brainsci11060779
10.1016/S1474-4422(18)30295-3
10.3233/JPD-181474
10.1111/ene.14108
10.3233/JPD-179006
10.1146/annurev-pharmtox-011613-135937
10.1159/000275491
10.1289/ehp.8560355
10.1016/0048-9697(94)90299-2
10.1038/s41531-019-0074-8
10.1080/21678421.2016.1195409
10.12659/MSM.912840
10.1093/ije/3.4.325
10.1212/WNL.0b013e318294b3c8
10.1371/journal.pone.0151841
10.3233/JPD-191793
10.1641/0006-3568(2001)051[0180:ADITNU]2.0.CO;2
10.1016/0300-483X(94)02962-T
10.1093/aje/kwq303
10.1289/ehp.8563169
10.1007/s11356-018-2816-2
10.1021/es00139a002
10.5942/jawwa.2016.108.0086
10.1289/ehp.8563121
10.1289/ehp.1002339
10.1016/j.envres.2017.07.048
10.1016/j.jns.2018.01.008
10.1039/C4CS00138A
10.3390/ijerph13090881
10.1515/znc-2003-9-1028
10.1289/ehp.8563149
10.2174/0929867325666171129124616
10.1017/S0317167100037823","Parkinson’s disease, acid rain, epidemiology, etiology, hypothesis"
35777740,Association between care rehabilitation and the risk of fracture hospitalization in people with Parkinson's disease,"Liu N, Babazono A, Ishihara R, Li Y, Jamal A, Kim SA, Matsuda S.",Geriatr Gerontol Int. 2022 Aug;22(8):628-634. doi: 10.1111/ggi.14428. Epub 2022 Jul 1.,Liu N,Geriatr Gerontol Int,2022,2022/07/01,,,10.1111/ggi.14428,35777740,Association between care rehabilitation and the risk of fracture hospitalization in people with Parkinson's disease.,"This study examined whether there is an association between continuous care rehabilitation (CR) and the risk of fracture hospitalization among people with Parkinson's disease (PwP) aged >75 years with mild-to-moderate care needs level.
A retrospective study design based on the merging of medical claims and long-term care insurance claims data was used. Before propensity score matching, of the 2177 participants, 222 received continuous CR, whereas 1955 did not. After matching using a 1:4 ratio, we identified 222 patients in the CR group and 888 patients in the non-CR groups. We carried out a survival analysis to clarify the association between CR and the risk of fracture hospitalization.
After matching, there was a significant difference between the CR and non-CR groups in 3 years (stratified log-rank test by age P = 0.036) and in 4 years (stratified log-rank test by age P = 0.011). The CR group was significantly associated with delays of hospital admission due to fracture within 3 years (hazard ratio 0.54; 95% confidence interval 0.29-0.99; P = 0.047) and within 4 years (hazard ratio 0.52; 95% confidence interval 0.30-0.88; P = 0.010).
Our study showed that older people with Parkinson's disease who continuously received CR had a lower risk of fracture hospitalization in 3 and 4 years than those who did not receive CR or received interrupted CR. Considering our participants with a mild-to-moderate care needs level, a sustainable CR service might benefit people with Parkinson's disease from an early time when their activities of daily living are still intact and cognitive function has not deteriorated. Geriatr Gerontol Int 2022; 22: 628-634.","Liu, Babazono, Ishihara, Li, Jamal, Kim, Matsuda",2022-07-02,Geriatrics & gerontology international,10.1111/ggi.14428,"Parkinson's disease, fracture, hospitalization, long-term care insurance, rehabilitation"
31786292,Associations between long-term exposure to ambient air pollution and Parkinson's disease prevalence: A cross-sectional study,"Salimi F, Hanigan I, Jalaludin B, Guo Y, Rolfe M, Heyworth JS, Cowie CT, Knibbs LD, Cope M, Marks GB, Morgan GG.",Neurochem Int. 2020 Feb;133:104615. doi: 10.1016/j.neuint.2019.104615. Epub 2019 Nov 29.,Salimi F,Neurochem Int,2020,2019/12/02,,,10.1016/j.neuint.2019.104615,31786292,Associations between long-term exposure to ambient air pollution and Parkinson's disease prevalence: A cross-sectional study.,"Epidemiological studies have reported contradictory results regarding the effects of ambient air pollution on Parkinson's disease (PD). This study investigated the associations between long-term exposure to particulate matter <2.5 μm in diameter (PM
We conducted a cross-sectional analysis of long-term exposure to PM
Among the 236,390 participants with complete data, 1,428 (0.6%) reported physician-diagnosed PD. Annual mean PM
Overall, we found limited evidence of associations between long-term exposure to NO","Salimi, Hanigan, Jalaludin, Guo, Rolfe, Heyworth, Cowie, Knibbs, Cope, Marks, Morgan",2019-12-02,Neurochemistry international,10.1016/j.neuint.2019.104615,"45 and up study, Air pollution, Parkinson's disease, Particulate matter"
39855059,Cropland associated with risk of Parkinson's disease in the northern Great Plains,"Krzyzanowski B, Beyene KM, Nielsen SS, Killion JA, Racette BA.",Parkinsonism Relat Disord. 2025 Mar;132:107288. doi: 10.1016/j.parkreldis.2025.107288. Epub 2025 Jan 14.,Krzyzanowski B,Parkinsonism Relat Disord,2025,2025/01/24,,,10.1016/j.parkreldis.2025.107288,39855059,Cropland associated with risk of Parkinson's disease in the northern Great Plains.,"We sought to identify regional associations between cropland density and crop types and PD in the U.S.
We conducted a population-based study of 21,639,190 Medicare beneficiaries, 89,790 with incident PD in 2009. We used county-level geographic weighted regression (GWR) to identify region(s) of the U.S. where the association between PD RR and cropland density was strongest. In a broad region identified by GWR in which cropland density was associated with PD, we performed logistic regression using individual-level beneficiary data (2733 cases and 805,984 non-cases) with high-resolution cropland density data. We adjusted for age, sex, race, smoking, healthcare utilization, and PM
GWR identified a 9-state region in the Great Plains in which county-level cropland density and PD RR were associated. Within this region, the strongest GWR coefficients centered around the Williston Basin. High-resolution analysis demonstrated an association between cropland density within a 5-mile radius of residential zip+4 and PD. When comparing the highest to lowest quartile of cropland density, the odds ratio (OR) for PD was 1.14 (95 % confidence interval [CI] 1.01-1.27) in the 9-state region and 1.99 (95 % CI 1.09-3.61) in the Williston Basin. In the Williston Basin, percentage of sunflowers, winter wheat, and alfalfa within 5 miles of a beneficiary's zip+4 was associated with PD.
We identified a region-specific association between cropland and crop type and PD in the Williston Basin.","Krzyzanowski, Beyene, Nielsen, Killion, Racette",2025-01-25,Parkinsonism & related disorders,10.1016/j.parkreldis.2025.107288,"Cropland density, Environmental, Epidemiology, Geographic, PM2.5, Parkinson"
35005616,Automatic Speech Recognition in Noise for Parkinson's Disease: A Pilot Study,"Goudarzi A, Moya-Galé G.",Front Artif Intell. 2021 Dec 22;4:809321. doi: 10.3389/frai.2021.809321. eCollection 2021.,Goudarzi A,Front Artif Intell,2021,2022/01/10,PMC8727902,,10.3389/frai.2021.809321,35005616,Automatic Speech Recognition in Noise for Parkinson's Disease: A Pilot Study.,"The sophistication of artificial intelligence (AI) technologies has significantly advanced in the past decade. However, the observed unpredictability and variability of AI behavior in noisy signals is still underexplored and represents a challenge when trying to generalize AI behavior to real-life environments, especially for people with a speech disorder, who already experience reduced speech intelligibility. In the context of developing assistive technology for people with Parkinson's disease using automatic speech recognition (ASR), this pilot study reports on the performance of Google Cloud speech-to-text technology with dysarthric and healthy speech in the presence of multi-talker babble noise at different intensity levels. Despite sensitivities and shortcomings, it is possible to control the performance of these systems with current tools in order to measure speech intelligibility in real-life conditions.","Goudarzi, Moya-Galé",2022-01-11,Frontiers in artificial intelligence,"10.3389/frai.2021.809321
10.3758/BF03193014
10.1044/2019_JSLHR-19-00134
10.1212/01.wnl.0000247740.47667.03
10.3233/JPD-181474
10.12968/bjon.2002.11.2.9309
10.1136/jnnp.2006.100107
10.1044/jshd.5404.482
10.1016/S1353-8020(09)70839-9
10.1044/jshd.4301.47
10.1080/J148v21n03_02
10.1155/2010/926951
10.1038/s41531-018-0058-0
10.1037/0096-3445.134.4.477
10.1136/jnnp.2006.110171
10.1044/2017_AJSLP-17-0032
10.1001/archneur.58.2.259
10.1093/cercor/bht355
10.1007/s00405-005-0974-6
10.1016/j.csl.2012.10.002
10.1121/1.4967208","Parkinson's disease, automatic speech recognition, dysarthria, intelligibility, multi-talker babble noise"
35440140,Living in a rural area: a potential risk factor for falls in people with Parkinson disease,"Zheng XX, Wu L, Yang C, Yang HT, Ding XL.",Rural Remote Health. 2022 Apr;22(2):7096. doi: 10.22605/RRH7096. Epub 2022 Apr 20.,Zheng XX,Rural Remote Health,2022,2022/04/20,,,10.22605/RRH7096,35440140,Living in a rural area: a potential risk factor for falls in people with Parkinson disease.,"Falls are prevalent in patients with Parkinson disease (PD). Previous work focused on the impact of motor and non-motor symptoms on falls and ignored the impact of environmental factors, such as residence, economic level, and nursing status. The aim of this study was to investigate the prevalence and risk factors of falls in patients with PD and explore the impact of residence on falls.
A cross-sectional study of 100 patients with PD was carried out. Patients were recruited from Anhui Provincial Hospital (Hefei, Anhui province, China) between July 2017 and December 2020. Participants were grouped based on whether they had fallen in the previous 3 months, and demographic information was collected through detailed interviews. In addition, severity of motor symptoms, cognitive function, and self-care abilities were assessed with the Unified Parkinson's Disease Rating Scale part III (UPDRS-III), the Hoehn-Yahr (H&Y) scale, the Mini-Mental State Examination (MMSE), and the Barthel Index. The results were analyzed using student t-test, Mann-Whitney U-test, χ2 test and multivariate binary logistic regression analyses.
A total of 42% of the patients had fallen in the previous 3 months. The patients who had fallen were older and with a longer disease period, a higher UPDRS-III score, a higher H&Y stage, a lower MMSE score, and a lower Barthel Index score (all p<0.05). According to the logistic regression analysis, living in a rural area (odds ratio (OR)=3.34, 95% confidence interval (CI) 1.15-9.65), MMSE<24 (OR=4.79, 95%CI 1.17-19.65), having sleep disorders (OR=4.97, 95%CI 1.74-14.2), and having a high UPDRS-III score (OR=1.07, 95%CI 1.02-1.11) were independent risk factors for falls. The incidence of falls was higher in rural areas. Urban and rural patients showed different levels of disease severity; rural patients had higher H&Y stages, higher UPDRS-III scores and lower Barthel Index scores.
Falls are caused by a variety of factors in people with PD. Multidimensional factors should be considered comprehensively to develop a personalized plan to prevent falls in PD patients.","Zheng, Wu, Yang, Yang, Ding",2022-04-21,Rural and remote health,10.22605/RRH7096,"Parkinson disease, falls, risk factors, rural–urban difference, China"
39444804,Neural effects of multisensory dance training in Parkinson's disease: evidence from a longitudinal neuroimaging single case study,"Simon JR, Bek J, Ghanai K, Bearss KA, Barnstaple RE, Bar RJ, DeSouza JFX.",Front Aging Neurosci. 2024 Oct 9;16:1398871. doi: 10.3389/fnagi.2024.1398871. eCollection 2024.,Simon JR,Front Aging Neurosci,2024,2024/10/24,PMC11496053,,10.3389/fnagi.2024.1398871,39444804,Neural effects of multisensory dance training in Parkinson's disease: evidence from a longitudinal neuroimaging single case study.,"Dance is associated with beneficial outcomes in motor and non-motor domains in Parkinson's disease (PD) and regular participation may help delay symptom progression in mild PD. However, little is known about the neurobiological mechanisms of dance interventions for PD. The present case study explored potential neuroplastic changes in a 69-year-old male with mild PD participating in regular dance classes over 29 weeks. Functional MRI was performed at four timepoints (pre-training, 11 weeks, 18 weeks, 29 weeks), where the individual imagined a dance choreography while listening to the corresponding music. Neural activity was compared between dance-imagery and fixation blocks at each timepoint. Analysis of functionally defined regions revealed significant blood-oxygen-level-dependent (BOLD) signal activation in the supplementary motor area, right and left superior temporal gyri and left and right insula, with modulation of these regions observed over the training period except for the left insula. The results suggest the potential for dance to induce neuroplastic changes in people with PD in regions associated with motor planning and learning, auditory processing, rhythm, emotion, and multisensory integration. The findings are consistent with dance being a multimodal therapeutic activity that could provide long-term benefits for people with PD.","Simon, Bek, Ghanai, Bearss, Barnstaple, Bar, DeSouza",2024-10-24,Frontiers in aging neuroscience,"10.3389/fnagi.2024.1398871
10.3389/fnagi.2021.724064
10.1371/journal.pone.0147731
10.1016/j.neuron.2014.12.018
10.3109/02703181.2014.927946
10.3390/brainsci11070895
10.1016/j.neubiorev.2019.12.023
10.3389/fnhum.2017.00566
10.1111/ejn.12764
10.1038/nrn2555
10.1002/mds.1181
10.3389/fpsyg.2014.01478
10.3233/JPD-181474
10.1016/j.nicl.2016.09.011
10.5137/1019-5149.JTN.32559-20.4
10.1080/026870399402325
10.1002/mds.21198
10.1016/j.neuropsychologia.2007.02.024
10.1155/2020/8961493
10.1101/2021.07.16.21260219v1
10.1007/s10465-015-9196-7
10.3389/fnhum.2013.00260
10.20517/2347-8659.2020.58
10.1016/j.jphysparis.2006.03.012
10.1038/s41582-018-0128-2
10.1212/WNL.0000000000004576
10.1016/j.neuroimage.2007.03.007
10.3389/fnagi.2023.1188855
10.1016/j.parkreldis.2018.05.006
10.3389/fnhum.2013.00150
10.1016/j.parkreldis.2021.07.021
10.1016/j.bandl.2014.06.003
10.1016/0028-3932(71)90067-4
10.1080/13554794.2014.960428
10.1371/journal.pone.0019165
10.1111/j.1468-1331.2008.02056.x
10.1177/20592043231197919
10.1111/jnp.12293
10.1371/journal.pone.0196636
10.1006/nimg.1997.0304
10.1016/j.parkreldis.2023.105858
10.1007/s00221-019-05608-w
10.1152/jn.1998.80.6.3247
10.1152/jn.2000.84.4.2148
10.1016/j.neubiorev.2018.12.010
10.3390/brainsci4020428
10.3389/fnhum.2018.00496
10.1002/mds.26229
10.1038/nrn2152","Parkinson’s disease, dance, fMRI, learning, motor imagery, neuroplasticity, neurorehabilitation"
33396272,Association between Cardiac Autonomic Control and Postural Control in Patients with Parkinson's Disease,"Espinoza-Valdés Y, Córdova-Arellano R, Espinoza-Espinoza M, Méndez-Alfaro D, Bustamante-Aguirre JP, Maureira-Pareja HA, Zamunér AR.",Int J Environ Res Public Health. 2020 Dec 31;18(1):249. doi: 10.3390/ijerph18010249.,Espinoza-Valdés Y,Int J Environ Res Public Health,2020,2021/01/05,PMC7796175,,10.3390/ijerph18010249,33396272,Association between Cardiac Autonomic Control and Postural Control in Patients with Parkinson's Disease.,"Parkinson's disease (PD) is a neurodegenerative disorder that affects postural and cardiac autonomic control. However, since it is unknown whether these changes are associated, the objective of this study was to determine whether such a relationship exists. Twenty-three patients with PD participated. The RR intervals were recorded in different positions and heart rate variability (HRV) was analyzed. Postural sway was analyzed based on the center of pressure. No significant differences on HRV indices were induced by postural change. A correlation was found between these indices and postural control, high frequency (HF), and anterior-posterior (AP) root mean square (RMS-AP) (","Espinoza-Valdés, Córdova-Arellano, Espinoza-Espinoza, Méndez-Alfaro, Bustamante-Aguirre, Maureira-Pareja, Zamunér",2021-01-06,International journal of environmental research and public health,"10.3390/ijerph18010249
10.1002/mds.20806
10.2741/S415
10.1007/s11940-003-0005-0
10.1136/jnnp-2012-303135
10.1016/j.nbd.2011.10.025
10.1016/S0197-4580(01)00210-X
10.1177/1756285609348902
10.1101/cshperspect.a008870
10.1007/s100720300035
10.4067/S0034-98872011000100014
10.1007/s10286-006-0317-8
10.1002/cphy.c130026
10.1016/j.parkreldis.2011.08.022
10.1080/14737175.2017.1345307
10.1002/mds.22457
10.1016/j.apmr.2017.06.009
10.1590/S0102-76382009000200018
10.1093/europace/eus341
10.1210/jc.2015-1748
10.1080/00207454.2012.642038
10.1515/revneuro-2014-0011
10.1212/WNL.0000000000000356
10.1001/archneur.56.1.33
10.1056/NEJMcp043908
10.1161/01.CIR.93.5.1043
10.3389/fphys.2011.00086
10.1161/01.CIR.96.9.3224
10.1590/S1413-35552010000300003
10.1109/10.532130
10.1155/2015/891390
10.1186/1743-0003-9-59
10.1016/j.gaitpost.2010.09.012
10.1161/01.HYP.0000250939.71343.7c
10.1002/mds.24929
10.1136/jnnp.2007.131045
10.1093/ageing/afl077
10.1093/brain/awg100
10.1186/s12984-019-0574-0
10.1136/jnnp.73.3.267
10.1155/NP.2003.107
10.1007/s00702-007-0657-0
10.1177/1073858416654115
10.1111/j.1532-5415.1990.tb01588.x
10.1016/j.mayocp.2012.10.013
10.1152/ajpheart.00171.2014
10.1016/j.resp.2020.103384
10.1038/srep45301
10.1098/rsta.2015.0176","Parkinson’s disease, autonomic nervous system, elderly, heart rate, heart rate variability, postural balance"
35856921,Small Extracellular Vesicles Secreted by Nigrostriatal Astrocytes Rescue Cell Death and Preserve Mitochondrial Function in Parkinson's Disease,"Leggio L, L'Episcopo F, Magrì A, Ulloa-Navas MJ, Paternò G, Vivarelli S, Bastos CAP, Tirolo C, Testa N, Caniglia S, Risiglione P, Pappalardo F, Serra A, García-Tárraga P, Faria N, Powell JJ, Peruzzotti-Jametti L, Pluchino S, García-Verdugo JM, Messina A, Marchetti B, Iraci N.",Adv Healthc Mater. 2022 Oct;11(20):e2201203. doi: 10.1002/adhm.202201203. Epub 2022 Aug 15.,Leggio L,Adv Healthc Mater,2022,2022/07/20,PMC11468249,,10.1002/adhm.202201203,35856921,Small Extracellular Vesicles Secreted by Nigrostriatal Astrocytes Rescue Cell Death and Preserve Mitochondrial Function in Parkinson's Disease.,"Extracellular vesicles (EVs) are emerging as powerful players in cell-to-cell communication both in healthy and diseased brain. In Parkinson's disease (PD)-characterized by selective dopaminergic neuron death in ventral midbrain (VMB) and degeneration of their terminals in striatum (STR)-astrocytes exert dual harmful/protective functions, with mechanisms not fully elucidated. Here, this study shows that astrocytes from the VMB-, STR-, and VMB/STR-depleted brains release a population of small EVs  in a region-specific manner. Interestingly, VMB-astrocytes secreted the highest rate of EVs, which is further exclusively increased in response to CCL3, a chemokine that promotes robust dopaminergic neuroprotection in different PD models. The neuroprotective potential of nigrostriatal astrocyte-EVs is investigated in differentiated versus undifferentiated SH-SY5Y cells exposed to oxidative stress and mitochondrial toxicity. EVs from both VMB- and STR-astrocytes counteract H","Leggio, L'Episcopo, Magrì, Ulloa-Navas, Paternò, Vivarelli, Bastos, Tirolo, Testa, Caniglia, Risiglione, Pappalardo, Serra, García-Tárraga, Faria, Powell, Peruzzotti-Jametti, Pluchino, García-Verdugo, Messina, Marchetti, Iraci",2022-07-21,Advanced healthcare materials,10.1002/adhm.202201203,"Parkinson's disease, astrocytes, exosomes, extracellular vesicles, high-resolution respirometry, mitochondria"
36395336,A neurocomputational theory of action regulation predicts motor behavior in neurotypical individuals and patients with Parkinson's disease,"Zhong S, Choi JW, Hashoush NG, Babayan D, Malekmohammadi M, Pouratian N, Christopoulos V.",PLoS Comput Biol. 2022 Nov 17;18(11):e1010111. doi: 10.1371/journal.pcbi.1010111. eCollection 2022 Nov.,Zhong S,PLoS Comput Biol,2022,2022/11/17,PMC9714880,,10.1371/journal.pcbi.1010111,36395336,A neurocomputational theory of action regulation predicts motor behavior in neurotypical individuals and patients with Parkinson's disease.,"Surviving in an uncertain environment requires not only the ability to select the best action, but also the flexibility to withhold inappropriate actions when the environmental conditions change. Although selecting and withholding actions have been extensively studied in both human and animals, there is still lack of consensus on the mechanism underlying these action regulation functions, and more importantly, how they inter-relate. A critical gap impeding progress is the lack of a computational theory that will integrate the mechanisms of action regulation into a unified framework. The current study aims to advance our understanding by developing a neurodynamical computational theory that models the mechanism of action regulation that involves suppressing responses, and predicts how disruption of this mechanism can lead to motor deficits in Parkinson's disease (PD) patients. We tested the model predictions in neurotypical individuals and PD patients in three behavioral tasks that involve free action selection between two opposed directions, action selection in the presence of conflicting information and abandoning an ongoing action when a stop signal is presented. Our results and theory suggest an integrated mechanism of action regulation that affects both action initiation and inhibition. When this mechanism is disrupted, motor behavior is affected, leading to longer reaction times and higher error rates in action inhibition.","Zhong, Choi, Hashoush, Babayan, Malekmohammadi, Pouratian, Christopoulos",2022-11-18,PLoS computational biology,"10.1371/journal.pcbi.1010111
10.1136/jnnp.2003.016469
10.1016/j.neuropsychologia.2008.08.001
10.1016/j.ridd.2016.12.007
10.1017/S003329170999033X
10.3389/fnhum.2014.00419
10.1098/rstb.2007.2054
10.1146/annurev.neuro.051508.135409
10.1038/ncomms8428
10.1038/nn.4214
10.1038/s41583-018-0045-9
10.1152/jn.00657.2002
10.1016/j.neuron.2005.01.027
10.1523/JNEUROSCI.5479-08.2009
10.3758/BF03198804
10.1016/j.cognition.2010.04.008
10.1016/S0042-6989(99)00133-9
10.1371/journal.pcbi.1009429
10.1126/science.7455683
10.1371/journal.pcbi.1004171
10.1038/ncomms14624
10.1038/s41598-017-10996-6
10.7554/eLife.67019
10.1093/cercor/bhm022
10.1523/JNEUROSCI.3741-05.2006
10.1016/j.neuroimage.2011.12.035
10.1038/ncomms11195
10.3758/s13415-016-0434-3
10.1162/jocn_a_01183
10.1038/tp.2014.73
10.1016/j.cortex.2016.09.006
10.1523/JNEUROSCI.2669-10.2010
10.1038/s41598-018-32669-8
10.1038/nn.3456
10.1016/0165-0173(94)00007-C
10.1038/nn1003
10.1162/jocn.2006.18.3.444
10.1523/JNEUROSCI.4674-12.2013
10.1523/JNEUROSCI.4682-05.2006
10.1523/JNEUROSCI.0519-07.2007
10.1523/JNEUROSCI.3093-13.2015
10.3389/fnins.2013.00276
10.3389/fnbot.2017.00009
10.1162/0899766053491887
10.1016/j.tics.2009.11.004
10.1371/journal.pcbi.1004104
10.1371/journal.pcbi.1004402
10.1016/j.bandc.2004.07.002
10.1027/1618-3169/a000019
10.1016/j.tics.2008.07.005
10.1037/a0012726
10.1002/hbm.22047
10.7554/eLife.46323
10.1162/jocn.2009.21307
10.1523/JNEUROSCI.2623-10.2011
10.1037/0033-295X.114.2.376
10.1152/jn.00319.2016
10.1037/0033-295X.91.3.295
10.1523/JNEUROSCI.3359-09.2009
10.1523/JNEUROSCI.3468-13.2013
10.1152/jn.01071.2011
10.1073/pnas.1101328108
10.1068/p140471
10.1523/JNEUROSCI.11-05-01210.1991
10.1016/0001-6918(82)90006-3
10.1016/j.neuron.2014.12.015
10.31887/DCNS.2004.6.3/galexander
10.1016/j.neuron.2009.08.028
10.3389/fncir.2019.00015
10.1038/nature04676
10.1111/j.1749-6632.2011.06290.x
10.1126/science.285.5425.257
10.1523/JNEUROSCI.5681-10.2011
10.3389/fneng.2012.00005
10.1016/j.tics.2004.02.010
10.1016/j.neuroimage.2009.12.109
10.1037/a0031542
10.1002/mds.26072
10.5662/wjm.v4.i3.133
10.3389/fnagi.2018.00331
10.1523/JNEUROSCI.2259-12.2012
10.1002/mds.23708
10.1037/0033-295X.113.4.700
10.1016/j.neunet.2006.03.006
10.1038/nn.2925
10.1016/j.cub.2016.01.051
10.1523/JNEUROSCI.0264-07.2007
10.1016/j.cortex.2015.04.003
10.1007/s00213-006-0668-9
10.1016/j.neunet.2006.03.005
10.1016/S0166-4328(02)00282-6
10.1007/s00415-015-7749-9
10.1101/cshperspect.a009282
10.1093/brain/104.1.167
10.1371/journal.pcbi.1009718
10.1016/S0925-2312(00)00328-3
10.1080/09297040500499081
10.3758/BF03203267
10.1016/S0005-1098(99)00214-9",
33476876,Geospatial analysis of individual-based Parkinson's disease data supports a link with air pollution: A case-control study,"Fleury V, Himsl R, Joost S, Nicastro N, Bereau M, Guessous I, Burkhard PR.",Parkinsonism Relat Disord. 2021 Feb;83:41-48. doi: 10.1016/j.parkreldis.2020.12.013. Epub 2021 Jan 12.,Fleury V,Parkinsonism Relat Disord,2021,2021/01/21,,,10.1016/j.parkreldis.2020.12.013,33476876,Geospatial analysis of individual-based Parkinson's disease data supports a link with air pollution: A case-control study.,"The etiology of Parkinson's disease (PD) remains unknown. To approach the issue of PD's risk factors from a new perspective, we hypothesized that coupling the geographic distribution of PD with spatial statistics may provide new insights into environmental epidemiology research. The aim of this case-control study was to examine the spatial dependence of PD prevalence in the Canton of Geneva, Switzerland (population = 474,211).
PD cases were identified through Geneva University Hospitals, private neurologists and nursing homes medical records (n = 1115). Controls derived from a population-based study (n = 12,614) and a comprehensive population census dataset (n = 237,771). All individuals were geographically localized based on their place of residence. Spatial Getis-Ord Gi* statistics were used to identify clusters of high versus low disease prevalence. Confounder-adjustment was performed for age, sex, nationality and income. Tukey's honestly significant difference was used to determine whether nitrogen dioxide and particulate matters PM
Confounder-adjustment greatly reduced greatly the spatial association. Characteristics of the geographic space influenced PD prevalence in 6% of patients. PD hotspots were concentrated in the urban centre. There was a significant difference in mean annual nitrogen dioxide and PM
PD prevalence exhibited a spatial dependence for a small but significant proportion of patients. A positive association was detected between PD clusters and air pollution. Our data emphasize the multifactorial nature of PD and support a link between PD and air pollution.","Fleury, Himsl, Joost, Nicastro, Bereau, Guessous, Burkhard",2021-01-22,Parkinsonism & related disorders,10.1016/j.parkreldis.2020.12.013,"Air pollution, Environment, Epidemiology, Parkinson's disease, Prevalence, Spatial dependence"
33337294,"Effects of domotics on cognitive, social and personal functioning in patients with Parkinson's disease: A pilot study","Latella D, Maggio MG, Maresca G, Andaloro A, Anchesi S, Pajno V, De Luca R, Di Lorenzo G, Manuli A, Calabrò RS.",Assist Technol. 2022 Jul 4;34(4):423-428. doi: 10.1080/10400435.2020.1846095. Epub 2021 Apr 6.,Latella D,Assist Technol,2022,2020/12/18,,,10.1080/10400435.2020.1846095,33337294,"Effects of domotics on cognitive, social and personal functioning in patients with Parkinson's disease: A pilot study.","Home automation (HA) is either a ""smart"" house or a supportive environment, which enables the patients to regain an active role in daily life. HA could allow people affected by Parkinson Disease (PD) to better manage their daily lives. This study aims to evaluate the effects of domotics on quality of life, and personal/social autonomy in PD patients. We enrolled 40 with PD undergoing neurorehabilitation, who were randomized into either the control (CG) or the experimental group (EG). Two different rehabilitative approaches were used: the CG was submitted to a traditional training, whilst the EG underwent HA training, in which the activities were carried out through the use of assistive technologies. In both the training, the exercises were performed in small samples of 3-5 patients. Results showed that both CG and EG had a significant improvement in global cognitive functioning, executive functions, and instrumental autonomy. However, only in the EG, we observed a significant increase in social adaptation, activities of daily living and quality of life. This pilot study suggests that HA training could be a useful tool for the rehabilitation of patients with PD, improving social and cognitive functioning, personal autonomy and quality of life.","Latella, Maggio, Maresca, Andaloro, Anchesi, Pajno, De Luca, Di Lorenzo, Manuli, Calabrò",2020-12-19,Assistive technology : the official journal of RESNA,10.1080/10400435.2020.1846095,"Parkinson’s disease, daily life autonomy, home automation, neurorehabilitation, quality of life"
38887056,Association Between Exposure to Particulate Matter and the Incidence of Parkinson's Disease: A Nationwide Cohort Study in Taiwan,"Chen TB, Liang CS, Chang CM, Yang CC, Yu HL, Wu YS, Huang WJ, Tsai IJ, Yan YH, Wei CY, Yang CP.",J Mov Disord. 2024 Jul;17(3):313-321. doi: 10.14802/jmd.24003. Epub 2024 Jun 18.,Chen TB,J Mov Disord,2024,2024/06/18,PMC11300401,,10.14802/jmd.24003,38887056,Association Between Exposure to Particulate Matter and the Incidence of Parkinson's Disease: A Nationwide Cohort Study in Taiwan.,"Emerging evidence suggests that air pollution exposure may increase the risk of Parkinson's disease (PD). We aimed to investigate the association between exposure to fine particulate matter (PM2.5) and the risk of incident PD nationwide.
We utilized data from the Taiwan National Health Insurance Research Database, which is spatiotemporally linked with air quality data from the Taiwan Environmental Protection Administration website. The study population consisted of participants who were followed from the index date (January 1, 2005) until the occurrence of PD or the end of the study period (December 31, 2017). Participants who were diagnosed with PD before the index date were excluded. To evaluate the association between exposure to PM2.5 and incident PD risk, we employed Cox regression to estimate the hazard ratio and 95% confidence interval (CI).
A total of 454,583 participants were included, with a mean (standard deviation) age of 63.1 (9.9) years and a male proportion of 50%. Over a mean follow-up period of 11.1 (3.6) years, 4% of the participants (n = 18,862) developed PD. We observed a significant positive association between PM2.5 exposure and the risk of PD, with a hazard ratio of 1.22 (95% CI, 1.20-1.23) per interquartile range increase in exposure (10.17 μg/m3) when adjusting for both SO2 and NO2.
We provide further evidence of an association between PM2.5 exposure and the risk of PD. These findings underscore the urgent need for public health policies aimed at reducing ambient air pollution and its potential impact on PD.","Chen, Liang, Chang, Yang, Yu, Wu, Huang, Tsai, Yan, Wei, Yang",2024-06-18,Journal of movement disorders,10.14802/jmd.24003,"Air pollution, Neurological disease, Parkinson’s disease"
32539544,Acoustic characteristics in relation to intelligibility reduction in noise for speakers with Parkinson's disease,"Chiu Y, Neel A, Loux T.",Clin Linguist Phon. 2021 Mar 4;35(3):222-236. doi: 10.1080/02699206.2020.1777585. Epub 2020 Jun 15.,Chiu Y,Clin Linguist Phon,2021,2020/06/17,,,10.1080/02699206.2020.1777585,32539544,Acoustic characteristics in relation to intelligibility reduction in noise for speakers with Parkinson's disease.,"Decreased speech intelligibility in noisy environments is frequently observed in speakers with Parkinson's disease (PD). This study investigated which acoustic characteristics across the speech subsystems contributed to poor intelligibility in noise for speakers with PD. Speech samples were obtained from 13 speakers with PD and five healthy controls reading 56 sentences. Intelligibility analysis was conducted in quiet and noisy listening conditions. Seventy-two young listeners transcribed the recorded sentences in quiet and another 72 listeners transcribed in noise. The acoustic characteristics of the speakers with PD who experienced large intelligibility reduction from quiet to noise were compared to those with smaller intelligibility reduction in noise and healthy controls. The acoustic measures in the study included second formant transitions, cepstral and spectral measures of voice (cepstral peak prominence and low/high spectral ratio), pitch variation, and articulation rate to represent speech components across speech subsystems of articulation, phonation, and prosody. The results show that speakers with PD who had larger intelligibility reduction in noise exhibited decreased second formant transition, limited cepstral and spectral variations, and faster articulation rate. These findings suggest that the adverse effect of noise on speech intelligibility in PD is related to speech changes in the articulatory and phonatory systems.","Chiu, Neel, Loux",2020-06-17,Clinical linguistics & phonetics,10.1080/02699206.2020.1777585,"Acoustics, Parkinson’s disease, dysarthria, intelligibility, noise"
35270499,Bone Quality in Patients with Parkinson's Disease Determined by Quantitative Ultrasound (QUS) of the Calcaneus: Influence of Sex Differences,"Caplliure-Llopis J, Escrivá D, Navarro-Illana E, Benlloch M, de la Rubia Ortí JE, Barrios C.",Int J Environ Res Public Health. 2022 Feb 28;19(5):2804. doi: 10.3390/ijerph19052804.,Caplliure-Llopis J,Int J Environ Res Public Health,2022,2022/03/10,PMC8910506,,10.3390/ijerph19052804,35270499,Bone Quality in Patients with Parkinson's Disease Determined by Quantitative Ultrasound (QUS) of the Calcaneus: Influence of Sex Differences.,"(1) Background: Parkinson’s disease (PD) is a relatively common neurodegenerative disease in elderly individuals, with a high risk of falls. There is abundant literature on the relationship between PD and osteoporosis. The aim of this study is to describe the bone quality of a population with PD by calcaneal ultrasound and to compare it with a healthy control, assessing the influence of possible sex differences. (2) Methods: 21 patients diagnosed with PD were recruited. The control group was composed of 30 healthy individuals with similar sociodemographic characteristics. The bone quality of all participants was assessed using calcaneal quantitative ultrasound (QUS). The parameters recorded were broadband ultrasound attenuation (BUA, in decibels per megahertz), imaging speed of sound (SOS, in meters per second), stiffness index (SI) and T-score of each participant. Bone mineral density (BMD) was estimated using the equation BMD = 0.002592 × (BUA + SOS) − 3.687 (g/cm2). (3) Results: significant differences were observed between the healthy control and the PD group: the T-score was lower in the PD group (p < 0.05) and SOS was higher in Parkinson’s disease patients (p < 0.05), while 28.6% of the PD patients were osteoporotic with T-score values lower than −1.5 compared to 16.7% of osteoporotic individuals in the control group (p < 0.01). Regarding the sex, there were significant differences (p < 0.05) between the females of the PD group vs. control group, showing a significant difference in the SI (71.4 ± 14.7 vs. 87.8 ± 12), T-score (−2.19 ± 1.1 vs. −0.15 ± 0.8), BUA (104.5 ± 13 vs. 116 ± 10.6) and BMD (0.49 ± 0.09 vs. 0.60 ± 0.08), with no difference in the comparison between the male groups; and the comparison between both sexes in T-score only showed significant differences for the PD group (p < 0.05), with worse bone quality in women. (4) Conclusions: this study shows poorer bone quality in female patients with PD, who have a higher percentage of osteoporosis than healthy patients. The QUS technique of the calcaneus seems adequate for these determinations in patients with Parkinson’s disease.","Caplliure-Llopis, Escrivá, Navarro-Illana, Benlloch, de la Rubia Ortí, Barrios",2022-03-11,International journal of environmental research and public health,"10.3390/ijerph19052804
10.1016/j.ncl.2016.06.012
10.1016/S0733-8619(05)70259-0
10.1101/cshperspect.a008888
10.1002/ana.10795
10.1016/S0197-4580(02)00065-9
10.1038/nm1001-1144
10.1101/cshperspect.a009357
10.1016/j.neuint.2012.12.016
10.1016/S0140-6736(04)16305-8
10.1007/s00198-006-0172-4
10.1136/jnnp-2013-307307
10.1016/j.bone.2012.02.639
10.1136/practneurol-2012-000435
10.1016/j.parkreldis.2012.01.014
10.1016/j.bone.2012.09.013
10.1159/000323665
10.1159/000445751
10.1016/j.parkreldis.2018.05.011
10.3233/JPD-191683
10.1212/CPJ.0000000000000461
10.4067/s0034-98872018001201471
10.1016/j.jocd.2017.06.018
10.1016/S1132-8460(07)73510-9
10.2214/ajr.163.6.7992742
10.1007/s001980070059
10.1016/S1699-258X(06)73050-9
10.7150/ijms.6765
10.1016/j.ejrad.2008.11.024
10.1007/s00774-013-0474-5
10.1007/s002230020014
10.1001/jama.2013.281053
10.1007/s00198-018-4389-9
10.1001/archneurol.2010.120
10.1007/s11914-010-0041-0
10.1210/edrv.22.4.0437
10.1016/j.bone.2010.04.401
10.1007/s00198-009-0849-6
10.1007/s00223-009-9327-6
10.1016/j.parkreldis.2010.05.002
10.1016/j.parkreldis.2006.12.010
10.1007/BF03324774
10.1001/archinte.166.1.88
10.3233/JPD-181535
10.1016/j.endonu.2016.08.005
10.1016/j.numecd.2011.04.004
10.5114/ms.2018.76872
10.1016/j.clnu.2013.12.012
10.1007/s10067-019-04876-9
10.7556/jaoa.2019.025","Parkinson’s disease, bone quality, quantitative ultrasound, sex"
41430044,Muscle bursting and corticomotor excitability mark impaired impulse control in Parkinson's disease,"Warden ACM, McAllister CJ, Cruse D, Wright B, MacDonald HJ.",NPJ Parkinsons Dis. 2025 Dec 23;12(1):11. doi: 10.1038/s41531-025-01207-5.,Warden ACM,NPJ Parkinsons Dis,2025,2025/12/22,PMC12796308,,10.1038/s41531-025-01207-5,41430044,Muscle bursting and corticomotor excitability mark impaired impulse control in Parkinson's disease.,"Dopamine agonists in Parkinson's disease increase the risk of impulse control disorders, yet the underlying neural mechanisms remain unclear. This study aimed to identify objective neurophysiological markers of impaired impulse control in Parkinson's linking to impulsivity problems. Nineteen people with Parkinson's (PwPD) on ropinirole and 18 healthy older adults performed an impulse control task requiring response withholding and inhibition. Transcranial magnetic stimulation was delivered, with corticomotor excitability (CME) and muscle bursts measured via electromyography. During response withholding, PwPD showed early relative increases in CME and more frequent dysfunctional muscle bursts, leading to more variable responses. During response inhibition, PwPD exhibited reduced CME suppression and increased muscle bursting, leading to delayed inhibition which was associated with problematic impulsive behaviours. The neurophysiological measures were associated with more advanced disease and may serve as early, objective markers of impulse control dysfunction, with future work required to assess their utility in predicting impulsive disorders.","Warden, McAllister, Cruse, Wright, MacDonald",2025-12-23,NPJ Parkinson's disease,"10.1038/s41531-025-01207-5
10.1007/s00702-017-1686-y
10.3233/JPD-181474
10.1111/j.1360-0443.2010.03218.x
10.1017/S104161021600096X
10.1136/jnnp-2013-306787
10.1016/j.biopsych.2011.03.028
10.1016/j.neubiorev.2005.03.024
10.1212/CPJ.0b013e318278be9b
10.1016/bs.irn.2017.04.006
10.1111/jocn.15499
10.1016/j.neubiorev.2025.106026
10.1016/j.neuropsychologia.2004.08.010
10.1371/journal.pone.0085747
10.1038/s41531-017-0024-2
10.1371/journal.pone.0210880
10.1016/j.neurobiolaging.2018.02.003
10.1007/s00221-011-2736-6
10.1016/j.neubiorev.2021.04.023
10.1007/s00221-020-05768-0
10.1002/mds.29214
10.1016/j.clinph.2024.06.002
10.3758/s13428-021-01680-9
10.1101/lm.040501.115
10.1080/00222895.2014.941784
10.1016/j.cortex.2024.05.010
10.1152/jn.01184.2011
10.1007/s00221-004-1891-4
10.3389/fpsyg.2019.00340
10.1523/jneurosci.0607-20.2020
10.1162/jocn.2009.21248
10.1152/jn.00144.2016
10.1152/jn.00366.2014
10.1152/jn.00688.2020
10.1152/jn.01334.2005
10.1162/0898929052880093
10.1126/science.1102941
10.1093/brain/awp054
10.1038/nn.2925
10.1016/j.parkreldis.2014.10.026
10.1080/13803390490918318
10.1016/j.neuropsychologia.2007.03.022
10.1016/j.parkreldis.2012.11.001
10.1007/s00221-021-06113-9
10.1016/j.neuropsychologia.2004.05.007
10.1523/jneurosci.2869-17.2017
10.1093/brain/awaa274
10.1007/s00221-011-2829-2
10.3389/fnhum.2020.00190
10.1136/jnnp.2003.016469
10.3758/s13423-017-1384-7
10.1016/j.parkreldis.2017.07.033
10.1016/j.arr.2023.102097
10.3389/fneur.2013.00090
10.1073/pnas.1000175107
10.1016/j.neuroimage.2011.09.049
10.3389/fnagi.2018.00331
10.1002/mds.21288
10.1038/nrn4038
10.1037/0033-295X.91.3.295
10.3758/s13428-015-0695-8
10.5334/joc.264
10.1007/s11065-023-09592-5
10.1037/abn0000732
10.3389/fnhum.2015.00529
10.1152/jn.00571.2020
10.1007/s00415-024-12870-
10.4061/2011/572743
10.1093/brain/111.2.299
10.1016/j.neurobiolaging.2014.07.031
10.1016/j.jns.2016.12.061
10.2165/11539720-000000000-00000
10.1016/j.neuroimage.2020.117305
10.1016/j.clinph.2020.10.003
10.1212/WNL.0b013e3182a05ba5
10.1016/j.parkreldis.2020.05.034
10.1212/wnl.17.5.427
10.1523/jneurosci.22-12-05198.2002
10.1016/0013-4694(94)90029-9
10.1016/s0013-4694(96)95190-5
10.1002/cpns.41
10.1002/1097-4679(199511)51:6<768::AID-JCLP2270510607>3.0.CO;2-1
10.1002/mds.24023
10.1002/mds.29410",
39702743,Longitudinal associations of lipid profiles with sleep disorders in patients with Parkinson's disease,"Ye M, Ji Q, Liu Q, Kang X, Zhan Y.",Lipids. 2025 May;60(3):115-123. doi: 10.1002/lipd.12428. Epub 2024 Dec 19.,Ye M,Lipids,2025,2024/12/20,,,10.1002/lipd.12428,39702743,Longitudinal associations of lipid profiles with sleep disorders in patients with Parkinson's disease.,"To examine the associations of apolipoprotein E (APOE) carrier status and lipid profiles with sleep disorders, including excessive daytime sleepiness (EDS) and probable rapid eye movement sleep behavior disorder (pRBD), among patients with early Parkinson's disease (PD) over 5-year follow-up periods. The Parkinson's Progression Markers Initiative is a multicenter cohort study based on an ongoing and open-ended registry. Data from baseline and 5-year follow-up visits from participants of de novo PD were analyzed. Longitudinal associations of APOE carrier status and lipid profiles with sleep disorders were estimated via linear mixed-effects models. A total of 657 participants with complete APOE genotypes were enrolled at baseline. Among them, 153 (25.3%) had available lipid profiles at baseline. In the linear mixed-effects models, baseline APOE ε2/ε3/ε4 carrier status did not exhibit significant associations with EDS and pRBD (all p > 0.05) in all models. However, reduced high-density lipoprotein (HDL) and elevated triglycerides (TG) were associated with developing EDS (β = -0.04, 95% CI: -0.07, -0.00) and pRBD (β = 0.01, 95% CI: 0.00, 0.02) in PD patients, respectively. In the APOE ε4+ subgroup, decreased HDL and increased TG displayed substantial associations with developing EDS and sleep disorders (all p < 0.05) in all models, respectively, whereas no significant differences were noted in the APOE ε4- subgroup (all p > 0.05). Our study did not demonstrate a clear association between APOE ε2/ε3/ε4 and sleep disorders in PD patients. However, the presence of APOE ε4 was associated with changes in lipid profiles, notably affecting TG and HDL levels.","Ye, Ji, Liu, Kang, Zhan",2024-12-20,Lipids,10.1002/lipd.12428,"Parkinson's disease, apolipoprotein E, excessive daytime sleepiness, lipid profiles, rapid eye movement sleep behavior disorder"
37430896,Multiscale Entropy Algorithms to Analyze Complexity and Variability of Trunk Accelerations Time Series in Subjects with Parkinson's Disease,"Castiglia SF, Trabassi D, Conte C, Ranavolo A, Coppola G, Sebastianelli G, Abagnale C, Barone F, Bighiani F, De Icco R, Tassorelli C, Serrao M.",Sensors (Basel). 2023 May 22;23(10):4983. doi: 10.3390/s23104983.,Castiglia SF,Sensors (Basel),2023,2023/07/11,PMC10221101,,10.3390/s23104983,37430896,Multiscale Entropy Algorithms to Analyze Complexity and Variability of Trunk Accelerations Time Series in Subjects with Parkinson's Disease.,"The aim of this study was to assess the ability of multiscale sample entropy (MSE), refined composite multiscale entropy (RCMSE), and complexity index (CI) to characterize gait complexity through trunk acceleration patterns in subjects with Parkinson's disease (swPD) and healthy subjects, regardless of age or gait speed. The trunk acceleration patterns of 51 swPD and 50 healthy subjects (HS) were acquired using a lumbar-mounted magneto-inertial measurement unit during their walking. MSE, RCMSE, and CI were calculated on 2000 data points, using scale factors (","Castiglia, Trabassi, Conte, Ranavolo, Coppola, Sebastianelli, Abagnale, Barone, Bighiani, De Icco, Tassorelli, Serrao",2023-07-11,"Sensors (Basel, Switzerland)","10.3390/s23104983
10.1016/S1474-4422(19)30044-4
10.1002/mds.27195
10.3233/JPD-201969
10.1002/14651858.CD011574.PUB2
10.1080/00207454.2020.1849189
10.1063/1.3147408
10.1111/ane.12505
10.1002/mds.870130310
10.1007/s00221-007-0955-7
10.3389/fnagi.2018.00435
10.3390/s22103700
10.1371/journal.pone.0244396
10.3390/s21103449
10.1016/j.parkreldis.2019.05.006
10.1016/j.gaitpost.2021.10.029
10.3390/s22020412
10.3389/fneur.2019.00826
10.1007/s00415-015-7883-4
10.3389/fneur.2019.00902
10.1016/j.gaitpost.2022.07.235
10.3389/fneur.2021.723468
10.1002/mds.23007
10.1007/s12311-021-01361-5
10.3390/diseases7010018
10.1097/PHM.0000000000000858
10.3390/s19245571
10.3390/s20030577
10.1016/j.gaitpost.2017.10.024
10.1007/s00415-010-5789-8
10.1093/gerona/glx254
10.1002/pri.1579
10.1016/j.gaitpost.2013.05.002
10.1016/j.gaitpost.2015.06.008
10.1123/jab.24.4.360
10.1016/j.gaitpost.2009.11.014
10.1186/1475-925X-13-56
10.1016/j.gaitpost.2016.04.001
10.3390/s22124408
10.1063/1.1324008
10.1007/s10439-020-02616-8
10.1016/j.compbiomed.2018.10.008
10.1073/pnas.88.6.2297
10.1152/ajpheart.2000.278.6.H2039
10.1103/PhysRevLett.89.068102
10.1016/j.gaitpost.2022.07.250
10.1109/TNSRE.2023.3248322
10.1115/1.4028410
10.1186/1743-0003-11-131
10.3390/s20092631
10.1186/s12984-018-0465-9
10.1109/IEMBS.2007.4353701
10.1007/s10439-012-0668-3
10.1016/j.physa.2003.08.022
10.1016/j.physa.2005.10.008
10.1142/S1793536909000035
10.3390/electronics10212604
10.1016/j.gaitpost.2016.11.009
10.3390/s22062140
10.5277/ABB-00987-2017-02
10.1016/j.compbiomed.2014.04.001
10.1016/j.physleta.2014.03.034
10.1016/j.clinbiomech.2019.05.032
10.1016/j.neulet.2018.05.010
10.1186/s12984-021-00807-5
10.1016/j.gaitpost.2011.08.004
10.1007/s10439-010-0137-9
10.1007/s10439-013-0790-x
10.3390/e20080579
10.1186/s13643-019-1063-z
10.1002/mds.26693
10.1136/jnnp.55.3.181
10.1212/WNL.17.5.427
10.1016/0022-3956(75)90026-6
10.1097/01.JGP.0000192478.82189.a8
10.1001/archpsyc.1961.01710120031004
10.1212/WNL.0000000000002898
10.1002/art.1780340502
10.1016/j.joca.2015.03.013
10.1186/s13075-018-1785-7
10.1093/jnci/djw323
10.3233/JPD-191682
10.1016/j.gaitpost.2018.07.004
10.1016/j.gaitpost.2022.01.001
10.1007/s00391-019-01520-8
10.1371/journal.pone.0218594
10.1080/03610929208830963
10.1109/IEMBS.2010.5627570
10.1016/j.physa.2006.10.077
10.3390/e17053110
10.1371/journal.pone.0162034
10.1103/PhysRevE.71.021906
10.1002/mds.22340
10.1016/j.parkreldis.2022.105235
10.3233/JPD-140438
10.1212/WNL.0b013e3181e7b688
10.1016/j.surg.2015.12.029
10.11613/BM.2018.010101
10.1016/j.amjmed.2017.11.051
10.1016/S0895-4356(03)00177-X
10.1016/j.jphys.2016.08.008
10.1016/j.parkreldis.2014.10.026
10.14340/spp.2015.09A0001
10.1016/j.gaitpost.2018.11.036
10.1080/10255842.2018.1448392
10.1007/s40520-018-1036-4
10.1016/j.gaitpost.2018.04.016
10.1016/j.parkreldis.2018.07.008
10.1093/gerona/glp009
10.1371/journal.pone.0183989
10.3390/s20072132
10.1098/rsif.2011.0416
10.1016/j.gaitpost.2017.11.023","Parkinson’s disease, cerebellar ataxia, complexity index, gait complexity, gait pattern, gait variability, movement disorders, multiscale sample entropy, refine composite multiscale entropy, trunk acceleration time series"
40567285,Parkinson's disease-related pattern (PDRP) identified using resting-state functional MRI: Validation study,"Rommal A, Vo A, Schindlbeck KA, Greuel A, Ruppert MC, Eggers C, Eidelberg D.",Neuroimage Rep. 2021 Jun 26;1(3):100026. doi: 10.1016/j.ynirp.2021.100026. eCollection 2021 Sep.,Rommal A,Neuroimage Rep,2021,2025/06/26,PMC12172760,,10.1016/j.ynirp.2021.100026,40567285,Parkinson's disease-related pattern (PDRP) identified using resting-state functional MRI: Validation study.,"Spatial covariance mapping of brain activity has been used increasingly with metabolic imaging to detect and quantify abnormal disease patterns in patient populations. Metabolic topographies such as the Parkinson's disease-related pattern (PDRP), while extensively validated, require access to positron emission tomography (PET) and radiation exposure. Recently, we developed a fully non-invasive approach to identify analogous disease networks with resting-state functional MRI (rs-fMRI) using independent component analysis (ICA) and bootstrap resampling. We designated the original rs-fMRI PD topography as fPDRP","Rommal, Vo, Schindlbeck, Greuel, Ruppert, Eggers, Eidelberg",2021-06-26,Neuroimage. Reports,"10.1016/j.ynirp.2021.100026
10.3389/fnhum.2019.00164
10.1093/brain/awl162
10.1093/cercor/10.5.529
10.1038/npjparkd.2016.25
10.1016/j.tins.2009.06.003
10.3389/fnins.2015.00395
10.1073/pnas.0811879106
10.1016/j.neuroimage.2016.12.036
10.1093/brain/awz007
10.1212/WNL.0000000000000130
10.1002/hbm.22863
10.1093/brain/awm086
10.1136/jnnp.55.3.181
10.1016/j.parkreldis.2007.06.008
10.1371/journal.pone.0088119
10.1016/j.neuroimage.2019.06.012
10.1093/cercor/bhx267
10.1016/j.neuroimage.2016.09.008
10.3389/fnagi.2020.00125
10.1136/jnnp-2013-306237
10.3389/fnins.2019.00825
10.2967/jnumed.117.202242
10.1007/s00259-019-04570-7
10.1016/j.neuroimage.2010.09.028
10.1002/ana.23631
10.3389/fneur.2017.00346
10.1093/brain/awq212
10.1007/s00259-020-04785-z
10.1016/S1474-4422(18)30169-8
10.1093/cercor/bhz280
10.1016/j.neuroimage.2011.07.012
10.1016/j.neuroimage.2010.10.025
10.1016/j.neuroimage.2020.117568
10.1073/pnas.1411011112
10.1523/JNEUROSCI.4188-09.2010
10.3233/JPD-202117
10.1007/s00234-017-1821-3
10.1016/j.parkreldis.2018.02.013
10.1006/nimg.2001.0978
10.1002/hbm.23260
10.3389/fnhum.2018.00422
10.1371/journal.pone.0063691
10.1038/nn.4478
10.1016/j.parkreldis.2013.02.013
10.1038/jcbfm.2015.118
10.1007/s12311-016-0781-1
10.3389/fnins.2020.00779
10.1109/JBHI.2020.2983456","Brain network, Independent component analysis, Parkinson's disease, Resting-state functional MRI"
37615914,The association between intermediate-term sulfur dioxide exposure and outpatient visits for Parkinson's disease: a time-series study in southwestern China,"Hu Y, Zhou C, Tan C, Liu J, Huang X, Liu X, Yao C, Li D, Huang Q, Li N, Long J, Li X, Li Y, Zhou L, Cai T.",Environ Sci Pollut Res Int. 2023 Sep;30(44):99694-99703. doi: 10.1007/s11356-023-29408-6. Epub 2023 Aug 24.,Hu Y,Environ Sci Pollut Res Int,2023,2023/08/24,,,10.1007/s11356-023-29408-6,37615914,The association between intermediate-term sulfur dioxide exposure and outpatient visits for Parkinson's disease: a time-series study in southwestern China.,"Parkinson's disease (PD) is the second most common human neurodegenerative disorder, and the pathogenesis of it remains poorly understood. Limited studies have shown that both long- and short-term exposure to air pollutants may be associated with increased risk of PD while lacking evidence on the effects of intermediate-term exposure. In this study, over-dispersed Poisson generalized additive models (GAMs) were applied to explore the association between intermediate-term sulfur dioxide (SO","Hu, Zhou, Tan, Liu, Huang, Liu, Yao, Li, Huang, Li, Long, Li, Li, Zhou, Cai",2023-08-24,Environmental science and pollution research international,"10.1007/s11356-023-29408-6
10.1016/j.parkreldis.2019.10.019
10.1007/s11356-020-10574-w
10.3389/fnagi.2018.00065
10.1016/s0140-6736(21)00218-x
10.1371/journal.pone.0182834
10.1164/rccm.201609-1862OC
10.1289/ehp2711
10.1016/s1474-4422(06)70471-9
10.3233/jpd-181474
10.1093/ije/dyy230
10.1016/j.yfrne.2014.02.002
10.1001/jamaneurol.2021.1335
10.1016/j.ijheh.2018.12.006
10.1038/srep44741
10.1186/s40035-019-0162-z
10.1016/j.envres.2022.113188
10.1016/j.envpol.2018.09.142
10.1016/j.chemosphere.2020.126615
10.1038/s41467-020-17987-8
10.1097/md.0000000000029309
10.1016/s1382-6689(02)00106-0
10.1212/wnl.0000000000013303
10.1038/s41531-020-0109-1
10.1289/ehp.1409313
10.1001/jama.283.20.2674
10.1093/toxsci/kfr224
10.1093/ije/dyy172
10.1016/j.scitotenv.2022.156027
10.1136/bmj.l6258
10.1016/j.envres.2015.02.022
10.1016/j.envres.2021.111170
10.1002/mds.29181
10.1186/s12940-020-0565-4
10.1016/j.chemosphere.2013.08.063
10.1186/1476-069x-13-38
10.2147/copd.S260988
10.1016/j.chemosphere.2019.124497","Air pollution, Intermediate-term exposure, Monthly outpatient visits, Parkinson’s disease, Sulfur dioxide, Time-series study"
38730245,Untargeted serum metabolic profiling of diabetes mellitus among Parkinson's disease patients,"Li S, Lin Y, Jones D, Walker DI, Duarte Folle A, Del Rosario I, Yu Y, Zhang K, Keener AM, Bronstein J, Ritz B, Paul KC.",NPJ Parkinsons Dis. 2024 May 10;10(1):100. doi: 10.1038/s41531-024-00711-4.,Li S,NPJ Parkinsons Dis,2024,2024/05/10,PMC11087477,,10.1038/s41531-024-00711-4,38730245,Untargeted serum metabolic profiling of diabetes mellitus among Parkinson's disease patients.,"Type 2 diabetes mellitus (T2DM) is a common comorbidity among Parkinson's disease (PD) patients. Yet, little is known about dysregulated pathways that are unique in PD patients with T2DM. We applied high-resolution metabolomic profiling in serum samples of 636 PD and 253 non-PD participants recruited from Central California. We conducted an initial discovery metabolome-wide association and pathway enrichment analysis. After adjusting for multiple testing, in positive (or negative) ion mode, 30 (25) metabolic features were associated with T2DM in both PD and non-PD participants, 162 (108) only in PD participants, and 32 (7) only in non-PD participants. Pathway enrichment analysis identified 17 enriched pathways associated with T2DM in both the PD and non-PD participants, 26 pathways only in PD participants, and 5 pathways only in non-PD participants. Several amino acid, nucleic acids, and fatty acid metabolisms were associated with T2DM only in the PD patient group suggesting a possible link between PD and T2DM.","Li, Lin, Jones, Walker, Duarte Folle, Del Rosario, Yu, Zhang, Keener, Bronstein, Ritz, Paul",2024-05-11,NPJ Parkinson's disease,"10.1038/s41531-024-00711-4
10.3389/fpubh.2021.776847
10.1016/j.jns.2016.12.046
10.3389/fneur.2018.00162
10.2337/dc19-0760
10.1002/mds.29298
10.1016/j.jns.2011.11.002
10.3389/fnagi.2017.00394
10.2337/dc11-1584
10.1016/j.molmed.2013.01.002
10.1021/ac403845u
10.1016/j.neulet.2021.135626
10.1186/s13024-018-0304-2
10.1038/s41467-021-21669-4
10.1186/s13024-023-00694-5
10.1530/JOE-14-0024
10.1007/s11011-020-00665-5
10.18632/aging.103776
10.1002/mds.27063
10.1186/s12963-018-0166-4
10.1016/j.nbd.2015.04.008
10.1016/j.parkreldis.2014.10.008
10.1002/mds.28551
10.1002/acn3.51343
10.1212/WNL.0000000000005475
10.1111/nan.12728
10.1016/j.plipres.2009.03.002
10.1371/journal.pone.0223302
10.3945/an.110.1008
10.1097/MCO.0000000000000704
10.1042/BST0351180
10.1002/adbi.202100663
10.1016/S0014-2999(99)00196-X
10.1016/j.coi.2020.12.001
10.3389/fmed.2022.811526
10.3389/fcimb.2018.00013
10.3389/fmed.2021.648259
10.1002/mds.28004
10.1016/S0014-5793(01)02437-1
10.1007/s00726-013-1493-1
10.1016/S0021-9258(19)43375-9
10.1038/aps.2009.24
10.1074/jbc.M210432200
10.1371/journal.pone.0091006
10.1016/j.isci.2020.101797
10.1080/10715762.2017.1315114
10.1385/MN:31:1-3:081
10.1515/cclm.2011.250
10.1172/JCI37672
10.1016/j.kint.2017.08.033
10.3389/fnmol.2021.711396
10.3389/fphys.2020.593026
10.1113/jphysiol.1962.sp006987
10.3390/metabo12040277
10.1016/j.numecd.2021.04.021
10.1371/journal.pone.0234970
10.1080/13813455.2019.1663219
10.3390/metabo7030042
10.1159/000448357
10.1016/j.bbalip.2009.09.014
10.1002/mds.26992
10.1038/s41598-017-06767-y
10.1016/j.tem.2020.12.003
10.1021/pr800643w
10.1002/mds.28119
10.1021/acs.analchem.0c00338
10.1371/journal.pcbi.1003123
10.1016/j.parkreldis.2019.01.018
10.1007/s40572-016-0083-2
10.1021/acs.chemrestox.0c00523
10.1093/bioinformatics/btp291
10.1186/1471-2105-14-15
10.1093/bioinformatics/bts034
10.1093/toxsci/kfv198
10.1021/acs.analchem.6b01214
10.1371/journal.pone.0064433",
35328925,Direct Medical Costs of Parkinson's Disease in Southern China: A Cross-Sectional Study Based on Health Insurance Claims Data in Guangzhou City,"Zhang H, Zhou W, Zhang D.",Int J Environ Res Public Health. 2022 Mar 9;19(6):3238. doi: 10.3390/ijerph19063238.,Zhang H,Int J Environ Res Public Health,2022,2022/03/25,PMC8953775,,10.3390/ijerph19063238,35328925,Direct Medical Costs of Parkinson's Disease in Southern China: A Cross-Sectional Study Based on Health Insurance Claims Data in Guangzhou City.,"Background: Parkinson’s disease (PD) is the second most common neurodegenerative disorder. This study aims to evaluate the direct medical costs of patients with PD using a large sample from an entire city and to identity the potential factors correlating with their inpatient costs in Guangzhou City, Southern China. Methods: This retrospective cross-sectional study uses data obtained from the Urban Employee-based Basic Medical Insurance (UEBMI) and the Urban Resident-based Basic Medical Insurance (URBMI) administrative claims databases in Guangzhou City from 2008 to 2012. The total sample was comprised of 2660 patients with PD. Costs were evaluated for the total sample and by types of insurance. The composition of costs was compared between the UEBMI and URBMI subgroups. The extended estimating-equations model was applied to identify the potential impact factors influencing the inpatient costs. Results: The direct medical costs per patient with PD were CNY 14,514.9 (USD 2299.4) in 2012, consisting of inpatient costs of CNY 13,551.4 and outpatient costs of CNY 963.5. The medication costs accounted for the largest part (50.3%). The inpatient costs of PD patients under the UEBMI scheme (CNY 13,651.0) were significantly higher than those of patients in the URBMI subgroup (CNY 12,402.2) (p < 0.05). The proportion of out-of-pocket spending out of inpatient and outpatient costs for UEBMI beneficiaries (24.3% and 56.1%) was much lower than that for patients under the URBMI scheme (47.9% and 76.2%). The regression analysis suggested that types of insurance, age, hospital levels, length of stay (LOS) and comorbidities were significantly correlated with the inpatient costs of patients with PD. Conclusions: The direct medical costs of patients with PD in China were high compared to the GDP per capita in Guangzhou City and different between the two evaluated types of insurance. Patients with the UEBMI scheme, of older age, with comorbidities, staying in tertiary hospitals and with longer LOS had significantly higher inpatient costs. Thus, policymakers need to reduce the gaps between the two urban insurance schemes in benefit levels, provide support for the development of a comprehensive long-term care insurance system and promote the use of telemedicine in China.","Zhang, Zhou, Zhang",2022-03-26,International journal of environmental research and public health,"10.3390/ijerph19063238
10.3233/JPD-181474
10.1016/S0140-6736(21)00218-X
10.1007/s00702-017-1686-y
10.1016/S1474-4422(17)30299-5
10.1016/S0140-6736(14)61393-3
10.1002/mds.26424
10.1517/14740338.2013.787065
10.1016/S1474-4422(18)30295-3
10.1002/mds.28762
10.1212/01.wnl.0000247740.47667.03
10.1002/mds.25945
10.1002/mds.23878
10.1016/S1016-3190(10)60044-4
10.1038/s41531-020-0117-1
10.1186/s40035-019-0162-z
10.1016/S0140-6736(15)00342-6
10.1186/s12939-018-0765-5
10.1146/annurev-publhealth-031816-044247
10.1002/mds.28265
10.1155/2017/5932675
10.1111/ane.13502
10.1016/j.euroneuro.2010.08.002
10.1371/journal.pone.0107704
10.1080/13696998.2018.1522638
10.1111/j.1468-1331.2010.03210.x
10.1016/j.jocn.2020.01.057
10.2147/CIA.S151919
10.1155/2017/8762939
10.1002/mds.20999
10.1186/s12889-021-10456-x
10.1016/j.jad.2021.10.008
10.1002/cam4.2184
10.1186/s13033-018-0251-x
10.3390/ijerph16152781
10.1186/s12913-019-4530-2
10.2307/2137284
10.1186/1472-6963-14-71
10.1186/s12913-021-06677-w
10.1002/mds.25292
10.1002/mds.21360
10.1159/000302644
10.1016/j.parkreldis.2009.07.005
10.2165/11310160-000000000-00000
10.2169/internalmedicine.55.4484
10.1002/mds.10507
10.1136/bmjopen-2020-040437
10.1002/mds.27302
10.3389/fmed.2021.806616
10.1002/mdc3.13309
10.4081/ni.2020.8401
10.1002/mds.28484
10.1016/j.biopsych.2020.01.026
10.1016/j.prdoa.2021.100119
10.1093/biostatistics/kxh020
10.1002/hec.1498
10.1097/MLR.0000000000000558
10.1097/MLR.0000000000000780
10.1155/2017/3410946
10.1186/s12913-016-1261-5
10.1017/S1744133118000385
10.1002/hec.3322
10.12669/pjms.293.3273
10.1038/nrdp.2017.13
10.1056/NEJMoa1205158
10.1002/mdc3.12765
10.2165/11598540-000000000-00000
10.1016/j.cdtm.2018.01.001
10.1371/journal.pone.0013041
10.1186/s12913-020-05758-6
10.1007/s13311-020-00875-w
10.2174/1570159X14666151208112754
10.1111/j.1468-1331.2010.02984.x
10.1007/s40266-012-0038-8
10.1016/j.socscimed.2020.113150
10.1177/0164027520938764
10.1002/hpm.2879
10.1016/S0140-6736(20)32136-X
10.1016/j.socscimed.2020.113081
10.1080/21548331.2016.1166922
10.1016/j.puhe.2018.07.007","China, Parkinson’s disease, direct medical costs, health insurance"
32925107,The Effect of the COVID-19 Pandemic on People with Parkinson's Disease,"Brown EG, Chahine LM, Goldman SM, Korell M, Mann E, Kinel DR, Arnedo V, Marek KL, Tanner CM.",J Parkinsons Dis. 2020;10(4):1365-1377. doi: 10.3233/JPD-202249.,Brown EG,J Parkinsons Dis,2020,2020/09/14,PMC7683050,,10.3233/JPD-202249,32925107,The Effect of the COVID-19 Pandemic on People with Parkinson's Disease.,"The effect of the COVID-19 pandemic on people with Parkinson's disease (PD) is poorly understood.
To rapidly identify areas of need and improve care in people with PD during the COVID-19 pandemic, we deployed a survey to assess COVID-19 symptoms and the pandemic's effect among those with and without COVID-19.
People with and without PD participating in the online study Fox Insight (FI) were invited to complete a survey between April 23 and May 23, 2020. Among people reporting COVID-19 diagnoses, we compared symptoms and outcomes in people with and without PD. Among people not reporting COVID-19, we assessed access to healthcare and services and PD symptoms.
7,209/9,762 active FI users responded (approximately 74% response rate), 5,429 people with PD and 1,452 without PD. COVID-19 diagnoses were reported by 51 people with and 26 without PD. Complications were more frequent in people with longer PD duration. People with PD and COVID-19 experienced new or worsening motor (63%) and nonmotor (75%) symptoms. People with PD not diagnosed with COVID-19 reported disrupted medical care (64%), exercise (21%), and social activities (57%), and worsened motor (43%) and non-motor (52%) symptoms. Disruptions were more common for those living alone, with lower income and non-White race.
The COVID-19 pandemic is associated with wide-ranging effects on people with PD, and certain groups may be at particular risk. FI provides a rapid, patient-centered means to assess these effects and identify needs that can be used to improve the health of people with PD.","Brown, Chahine, Goldman, Korell, Mann, Kinel, Arnedo, Marek, Tanner",2020-09-15,Journal of Parkinson's disease,"10.3233/JPD-202249
10.1001/jama-neurol.2020.1452
10.1093/gerona/glaa131
10.1001/jmaneurol.2020.2581
10.1212/WNL.0000000000010116
10.1016/j.tmaid.2020.101642
10.1212/WNL.0000000000010250
10.1056/NEJMc2019373
10.1002/air.22680
10.1002/jmv.26137
10.1093/cid/ciaa683
10.1007/s00405-020-06102-8
10.1001/jamaneurol.2020.2125
10.1001/jamaneurol.2020.1065
10.1212/WNL.0000000000009937","COVID-19, Parkinson’s disease, health care access, social isolation, telemedicine"
36825056,Effect of Levodopa and Environmental Setting on Gait and Turning Digital Markers Related to Falls in People with Parkinson's Disease,"Shah VV, McNames J, Carlson-Kuhta P, Nutt JG, El-Gohary M, Sowalsky K, Mancini M, Horak FB.",Mov Disord Clin Pract. 2022 Nov 4;10(2):223-230. doi: 10.1002/mdc3.13601. eCollection 2023 Feb.,Shah VV,Mov Disord Clin Pract,2022,2023/02/24,PMC9941945,,10.1002/mdc3.13601,36825056,Effect of Levodopa and Environmental Setting on Gait and Turning Digital Markers Related to Falls in People with Parkinson's Disease.,"It is unknown whether medication status (
To investigate which specific digital gait and turning measures, obtained with body-worn sensors, best discriminated fallers from non-fallers with PD in the clinic and during daily life.
We recruited 34 subjects with PD (17 fallers and 17 non-fallers based on the past 6 month's falls). Subjects wore three inertial sensors attached to both feet and the lumbar region in the laboratory for a 3-minute walking task (both 
In clinic, none of the gait and turning measures collected during 
Digital measures of turning, but not gait, were different in fallers compared to non-fallers with PD, in the laboratory when ","Shah, McNames, Carlson-Kuhta, Nutt, El-Gohary, Sowalsky, Mancini, Horak",2023-02-25,Movement disorders clinical practice,"10.1002/mdc3.13601
10.1002/mds.20115
10.1111/ene.13238
10.1111/j.1445-5994.2006.01123.x
10.1155/2013/906274
10.3390/ijerph16122216
10.1080/09638280701828930
10.1111/j.1532-5415.1994.tb06540.x
10.1016/j.gaitpost.2012.02.009
10.1002/mds.26269
10.1016/S0022-510X(03)00104-7
10.1002/mds.22131
10.1016/j.parkreldis.2019.01.022
10.1016/S1474-4422(19)30397-7
10.1186/s12984-016-0154-5
10.3390/s21123974
10.1038/s41598-018-24783-4
10.3390/s20236992
10.1016/j.parkreldis.2018.07.008
10.1016/j.clinph.2020.11.027
10.1371/journal.pone.0139849
10.1093/gerona/glx254
10.1002/mds.22340
10.4172/2155-9538.s1-007
10.1016/j.gaitpost.2017.04.013
10.1088/1361-6579/ab4023
10.1007/s00415-020-09696-5
10.3390/s140100356
10.1177/1545968308320639
10.1016/j.gaitpost.2007.04.010
10.1007/s00221-008-1446-1
10.3109/09638288.2014.961661
10.1186/s12984-016-0147-4
10.3390/s20185377
10.1109/TBME.2020.3037820
10.1136/jnnp.2009.173740
10.1038/s41598-018-22492-6
10.1093/gerona/glw019
10.1016/j.gaitpost.2012.05.013
10.1093/ptj/80.12.1174
10.1186/1743-Received
10.1093/ageing/afr055
10.1063/1.3147408
10.1016/j.parkreldis.2010.12.007
10.3233/NRE-151236
10.3389/fnagi.2018.00078
10.1177/1545968311424869
10.1177/1545968313491004","Parkinson's disease, clinic, daily life, levodopa, mobility"
33031131,Parkinson Disease and Occupational and Environmental Exposure to Pesticides in a Region of Intense Agribusiness Activity in Brazil: A Case-Control Study,"Silvestre GCSB, Ferreira MJM, Figueiredo SEFMR, Silva CALD, Siqueira HH, Silva AMCD.",J Occup Environ Med. 2020 Dec;62(12):e732-e737. doi: 10.1097/JOM.0000000000002043.,Silvestre GCSB,J Occup Environ Med,2020,2020/10/08,,,10.1097/JOM.0000000000002043,33031131,Parkinson Disease and Occupational and Environmental Exposure to Pesticides in a Region of Intense Agribusiness Activity in Brazil: A Case-Control Study.,"To evaluate the relationship between occupational and environmental exposure to pesticides and Parkinson disease in a region of intense agribusiness activity in the state of Mato Grosso/Brazil.
Case-control study carried out in a referral hospital for chronic neurodegenerative diseases. Non-conditional logistic regression analyses were performed.
Having performed direct management of pesticides in the workplace (odds ratio [OR]: 3.43; 95% confidence interval [CI]: 1.55 to 7.28), having a family history of Parkinson (OR: 3.42; 95% CI: 1.61 to 7.28) and being men (OR: 3.01; 95% CI: 1.66 to 5.45) were all factors that contributed to a greater chance for the development of the disease.
Our study reinforces the associations between occupational and environmental exposure to pesticides and the occurrence of Parkinson disease in regions of intense agribusiness activity in Brazil.","Silvestre, Ferreira, Figueiredo, Silva, Siqueira, Silva",2020-10-09,Journal of occupational and environmental medicine,10.1097/JOM.0000000000002043,
38894948,Statin use and risk of Parkinson's disease among older adults in Japan: a nested case-control study using the Longevity Improvement and Fair Evidence study,"Ge S, Zha L, Kimura Y, Shimomura Y, Komatsu M, Gon Y, Komukai S, Murata F, Maeda M, Kiyohara K, Sobue T, Kitamura T, Fukuda H.",Brain Commun. 2024 Jun 4;6(3):fcae195. doi: 10.1093/braincomms/fcae195. eCollection 2024.,Ge S,Brain Commun,2024,2024/06/19,PMC11184346,,10.1093/braincomms/fcae195,38894948,Statin use and risk of Parkinson's disease among older adults in Japan: a nested case-control study using the Longevity Improvement and Fair Evidence study.,"The association between statin use and the risk of Parkinson's disease remains inconclusive, particularly in Japan's super-ageing society. This study aimed to investigate the potential association between statin use and the risk of Parkinson's disease among Japanese participants aged ≥65 years. We used data from the Longevity Improvement and Fair Evidence Study, which included medical and long-term care claim data from April 2014 to December 2020 across 17 municipalities. Using a nested case-control design, we matched one case to five controls based on age, sex, municipality and cohort entry year. A conditional logistic regression model was used to estimate the odds ratios with 95% confidence intervals. Among the 56 186 participants (9397 cases and 46 789 controls), 53.6% were women. The inverse association between statin use and Parkinson's disease risk was significant after adjusting for multiple variables (odds ratio: 0.61; 95% confidence interval: 0.56-0.66). Compared with non-users, the dose analysis revealed varying odds ratios: 1.30 (1.12-1.52) for 1-30 total standard daily doses, 0.77 (0.64-0.92) for 31-90 total standard daily doses, 0.62 (0.52-0.75) for 91-180 total standard daily doses and 0.30 (0.25-0.35) for >180 total standard daily doses. Statin use among older Japanese adults was associated with a decreased risk of Parkinson's disease. Notably, lower cumulative statin doses were associated with an elevated risk of Parkinson's disease, whereas higher cumulative doses exhibited protective effects against Parkinson's disease development.","Ge, Zha, Kimura, Shimomura, Komatsu, Gon, Komukai, Murata, Maeda, Kiyohara, Sobue, Kitamura, Fukuda",2024-06-19,Brain communications,"10.1093/braincomms/fcae195
10.1097/EDE.0000000000000864","Japanese older adults, Parkinson’s disease, longevity improvement and fair evidence study, statin"
35391750,Investigating the Impact of Environment and Data Aggregation by Walking Bout Duration on Parkinson's Disease Classification Using Machine Learning,"Rehman RZU, Guan Y, Shi JQ, Alcock L, Yarnall AJ, Rochester L, Del Din S.",Front Aging Neurosci. 2022 Mar 22;14:808518. doi: 10.3389/fnagi.2022.808518. eCollection 2022.,Rehman RZU,Front Aging Neurosci,2022,2022/04/08,PMC8981298,,10.3389/fnagi.2022.808518,35391750,Investigating the Impact of Environment and Data Aggregation by Walking Bout Duration on Parkinson's Disease Classification Using Machine Learning.,"Parkinson's disease (PD) is a common neurodegenerative disease. PD misdiagnosis can occur in early stages. Gait impairment in PD is typical and is linked with an increased fall risk and poorer quality of life. Applying machine learning (ML) models to real-world gait has the potential to be more sensitive to classify PD compared to laboratory data. Real-world gait yields multiple walking bouts (WBs), and selecting the optimal method to aggregate the data (e.g., different WB durations) is essential as this may influence classification performance. The objective of this study was to investigate the impact of environment (laboratory vs. real world) and data aggregation on ML performance for optimizing sensitivity of PD classification. Gait assessment was performed on 47 people with PD (age: 68 ± 9 years) and 52 controls [Healthy controls (HCs), age: 70 ± 7 years]. In the laboratory, participants walked at their normal pace for 2 min, while in the real world, participants were assessed over 7 days. In both environments, 14 gait characteristics were evaluated from one tri-axial accelerometer attached to the lower back. The ability of individual gait characteristics to differentiate PD from HC was evaluated using the Area Under the Curve (AUC). ML models (i.e., support vector machine, random forest, and ensemble models) applied to real-world gait showed better classification performance compared to laboratory data. Real-world gait characteristics aggregated over longer WBs (WB 30-60 s, WB > 60 s, WB > 120 s) resulted in superior discriminative performance (PD vs. HC) compared to laboratory gait characteristics (0.51 ≤ AUC ≤ 0.77). Real-world gait speed showed the highest AUC of 0.77. Overall, random forest trained on 14 gait characteristics aggregated over WBs > 60 s gave better performance (F1 score = 77.20 ± 5.51%) as compared to laboratory results (F1 Score = 68.75 ± 12.80%). Findings from this study suggest that the choice of environment and data aggregation are important to achieve maximum discrimination performance and have direct impact on ML performance for PD classification. This study highlights the importance of a harmonized approach to data analysis in order to drive future implementation and clinical use.
[09/H0906/82].","Rehman, Guan, Shi, Alcock, Yarnall, Rochester, Del Din",2022-04-09,Frontiers in aging neuroscience,"10.3389/fnagi.2022.808518
10.1038/s41531-021-00171-0
10.1016/j.gaitpost.2015.07.062
10.3390/brainsci9020034
10.1682/jrrd.2006.01.0003
10.1093/gerona/glx254
10.1186/s12984-016-0154-5
10.1002/mds.26718
10.1109/JBHI.2015.2419317
10.1088/0967-3334/37/10/1785
10.3233/JPD-191773
10.1016/S1474-4422(18)30295-3
10.1212/WNL.0b013e318293e2ce
10.3390/s140100356
10.3389/fnins.2018.00612
10.2196/19068
10.1016/S1474-4422(18)30499-X
10.1016/j.parkreldis.2019.01.022
10.1109/JBHI.2019.2943866
10.1016/j.medengphy.2015.02.003
10.1093/ageing/aft168
10.1002/mds.22340
10.1016/j.gaitpost.2009.11.014
10.1088/1361-6579/38/1/N1
10.1186/s11556-019-0214-5
10.3389/fnagi.2019.00022
10.1212/wnl.50.2.318
10.1212/WNL.0b013e31827deb74
10.1016/j.parkreldis.2016.04.009
10.1093/gerona/gls255
10.1002/mds.25628
10.1002/mds.28377
10.4172/2155-9538.S1-007
10.1016/j.gaitpost.2012.02.019
10.1016/s0268-0033(98)00090-4
10.1111/j.1532-5415.2005.53221.x
10.1682/jrrd.2007.11.0197
10.1080/13696998.2019.1666854
10.1136/bmj.316.7139.1236
10.1002/mds.26424
10.1089/brain.2021.0059
10.1038/s41598-019-53656-7
10.3390/s19245363
10.3390/s20185377
10.1212/wnl.0000000000002350
10.1123/jab.2013-0319
10.3390/s20205769
10.3233/JPD-201914
10.1186/s12984-020-00781-4
10.1038/s41598-019-39695-0
10.1002/mds.23429
10.1016/j.maturitas.2018.12.008
10.3390/s20205920
10.1016/j.euroneuro.2010.08.002
10.1016/S1474-4422(19)30397-7
10.1177/1545968313491004
10.1371/journal.pone.0096675
10.1212/WNL.0000000000000066
10.1016/j.gaitpost.2013.04.021
10.1016/s0966-6362(02)00190-x","Parkinson’s disease, accelerometer, gait, gait aggregation, laboratory, machine learning, real-world, wearables"
35230633,Improved neuroprotective activity of Fisetin through SNEDDS in ameliorating the behavioral alterations produced in rotenone-induced Parkinson's model,"Kumar R, Kumar R, Khurana N, Singh SK, Khurana S, Verma S, Sharma N, Vyas M, Dua K, Khursheed R, Awasthi A, Vishwas S.",Environ Sci Pollut Res Int. 2022 Jul;29(33):50488-50499. doi: 10.1007/s11356-022-19428-z. Epub 2022 Mar 1.,Kumar R,Environ Sci Pollut Res Int,2022,2022/03/01,,,10.1007/s11356-022-19428-z,35230633,Improved neuroprotective activity of Fisetin through SNEDDS in ameliorating the behavioral alterations produced in rotenone-induced Parkinson's model.,"Fisetin is a polyphenolic flavonoid reported to have antioxidant, anti-inflammatory, and anti-cancer activities. However, it loses its importance as an effective phytochemical due to its poor water solubility and lower bioavailability. In the present study, the self-nanoemulsifying drug delivery system (SNEDDS) of fisetin was developed in order to improve its pharmacological activity. The developed SNEDDS of fisetin was evaluated for improving the rotenone-induced behavioral changes in the rats, and its efficacy was compared with naïve fisetin. It was noticed that fisetin loaded in the SNEDDS formulation significantly (p < 0.001) ameliorated the rotenone-induced alteration in the body weight, grip strength, beam walk, postural instability, etc., in rats when compared to the effect of naïve fisetin. Naïve fisetin significantly (p < 0.05) ameliorated the effect of rotenone on the level of dopamine only at a higher dose. Whereas, SNEDDS of fisetin produced a significant (p < 0.05) effect at both dose levels when compared with the diseased group as well as also produced a significant (p < 0.05) effect when compared with the naïve fisetin group. The results of histopathological examination revealed about the neuroprotective effect of SNEDDS loaded with fisetin as observed through the protection of neuronal damage. From this study, it was concluded that SNEDDS improved the anti-Parkinsonian activity of fisetin by improving the behavioral alteration produced by rotenone due to enhancement in its solubility and bioavailability.","Kumar, Kumar, Khurana, Singh, Khurana, Verma, Sharma, Vyas, Dua, Khursheed, Awasthi, Vishwas",2022-03-02,Environmental science and pollution research international,"10.1007/s11356-022-19428-z
10.1016/J.JDDST.2018.12.027
10.1080/19390211.2019.1710646
10.1080/03639045.2019.1593440
10.4103/2231-0738.114849
10.3390/medicina55050210
10.3389/fnana.2015.00091
10.1016/j.nbd.2009.01.016
10.1002/0471142301.ns0812s15
10.1016/J.JDDST.2018.04.009
10.4155/tde-2019-0019
10.1089/adt.2018.902
10.1016/j.ejps.2017.08.022
10.1038/jcbfm.2011.189
10.1016/j.neurobiolaging.2018.01.020
10.1016/j.ejphar.2012.01.002
10.1016/j.ejphar.2016.07.013
10.7888/juoeh.38.139
10.1080/09205063.2017.1354673
10.22159/ajpcr.2016.v9i5.13370
10.1080/10717544.2016.1245366
10.22159/ajpcr.2017.v10s4.21335
10.3389/fphar.2019.00459
10.1016/j.neuro.2013.08.005
10.1016/J.IJBIOMAC.2021.08.170
10.1016/j.powtec.2017.12.005
10.1097/00008877-200609000-00014
10.1016/j.jddst.2019.101252
10.1016/j.fct.2020.111590
10.1002/mnfr.201600025
10.1007/s12272-013-0226-z
10.1371/journal.pone.0068388
10.1046/j.1471-4159.2001.00490.x
10.1021/jf8007212
10.1017/S0317167100032212
10.1080/10715760600672509
10.1007/S11356-020-11985-5/FIGURES/4
10.1016/j.ijbiomac.2015.12.025
10.1016/j.pbb.2009.03.008
10.1016/j.brainres.2008.01.074
10.1080/22311866.2014.902753
10.1016/J.JDDST.2020.102083
10.3233/JPD-012110
10.1016/j.ijpharm.2012.02.025
10.1080/03639045.2018.1431656
10.1007/BF03033450
10.1016/j.jddst.2016.04.003
10.1016/j.msec.2016.06.042
10.1016/j.ijpharm.2013.01.050
10.1016/j.powtec.2018.07.092
10.1016/j.biomag.2013.08.005
10.1089/adt.2018.913
10.1016/J.JDDST.2018.06.014
10.1002/jnr.22201
10.1080/21691401.2019.1581791
10.1016/j.ijpharm.2008.05.018
10.1016/j.neuint.2009.04.001
10.1001/JAMANEUROL.2020.3311
10.1208/s12249-018-0991-6","Dopamine, Fisetin, Parkinson’s disease, Rotenone, SNEDDS"
34921567,"Long non-coding RNA ANRIL interacts with microRNA-34a and microRNA-125a, and they all correlate with disease risk and severity of Parkinson's disease","Yang P, Lin G, Wang M, Chen X, Huang J.",J Clin Lab Anal. 2022 Jan;36(1):e24037. doi: 10.1002/jcla.24037. Epub 2021 Dec 17.,Yang P,J Clin Lab Anal,2022,2021/12/18,PMC8761463,,10.1002/jcla.24037,34921567,"Long non-coding RNA ANRIL interacts with microRNA-34a and microRNA-125a, and they all correlate with disease risk and severity of Parkinson's disease.","This study aimed to investigate the correlation of long non-coding RNA antisense non-coding RNA in the INK4 locus (lncRNA ANRIL) and its target microRNAs (microRNA-34a (miR-34a) and microRNA-125a (miR-125a)) with disease risk and severity of Parkinson's disease (PD).
Seventy-eight PD patients and 78 age-/gender-matched controls were consecutively enrolled. Their peripheral blood mononuclear cell samples were collected and proposed for the reverse-transcription quantitative polymerase chain reaction to complete lncRNA ANRIL, miR-34a, and miR-125a measurements.
LncRNA ANRIL was upregulated, while miR-34a and miR-125a were downregulated in PD patients compared to controls (all p < 0.001). Further, they all showed certain values for PD risk identification by ROC curve analyses, among which lncRNA ANRIL showed the highest AUC (AUC: 0.879, 95% CI: 0.824-0.934). Furthermore, lncRNA ANRIL negatively correlated with miR-34a (p = 0.016) and miR-125a (p = 0.005) in PD patients, but not in controls. In addition, lncRNA ANRIL was observed to positively associate with UPDRS-I score (p = 0.029), UPDRS-III score (p = 0.006), and UPDRS-IV score (p = 0.033), while negatively correlated with MMSE score (p = 0.003). These associations were less distinct as to miR-34a and miR-125a.
LncRNA ANRIL interacts with miR-34a and miR-125a in PD patients, and they all correlate with disease risk and severity of PD.","Yang, Lin, Wang, Chen, Huang",2021-12-19,Journal of clinical laboratory analysis,"10.1002/jcla.24037
10.7754/Clin.Lab.2019.190916","LncRNA ANRIL, miR-125a, miR-34a, parkinson’s disease, risk, severity"
36458742,"Escape, expand, embrace: the transformational lived experience of rediscovering the self and the other while dancing with Parkinson's or Multiple Sclerosis","Carapellotti AM, Meijerink HJEM, Gravemaker-Scott C, Thielman L, Kool R, Lewin N, Abma TA.",Int J Qual Stud Health Well-being. 2023 Dec;18(1):2143611. doi: 10.1080/17482631.2022.2143611.,Carapellotti AM,Int J Qual Stud Health Well-being,2023,2022/12/02,PMC9721429,,10.1080/17482631.2022.2143611,36458742,"Escape, expand, embrace: the transformational lived experience of rediscovering the self and the other while dancing with Parkinson's or Multiple Sclerosis.","The purpose of this study was to explore the lived experience of dancing with Parkinson's and Multiple Sclerosis in an inclusive dance group called ReDiscoverMe (RDM).
Participatory research approaches and interpretative phenomenological analysis were used to make sense of the lived experience captured in interviews and observations. Arthur Frank's conceptual framework on embodied storytelling from his book 
Dancing in a nonjudgmental environment was described by participants as a way to rediscover themselves while continually adapting to living with chronic illness. We interpreted this experience of rediscovery as an active, recursive process involving three ""movements"": escaping, expanding, and embracing. Through these movements, participants could rise above the self and illness.
The lived experience of dancing in this group was characterized by transformations of the body, self, and life. Through escaping, expanding, and embracing, participants could more easily embrace the body's contingency, integrate the self and body by becoming dancers, connect with others living with illness, and produce desire through passion. Participants could therefore experience illness as a journey and gain something from the experience.","Carapellotti, Meijerink, Gravemaker-Scott, Thielman, Kool, Lewin, Abma",2022-12-03,International journal of qualitative studies on health and well-being,"10.1080/17482631.2022.2143611
10.1093/heapro/dai013
10.1177/1049732309331869
10.1177/1049732314543196
10.1016/j.emospa.2013.11.004
10.1016/j.ctim.2019.102221
10.1080/09638288.2016.1175037
10.1080/08870440412331296053
10.1016/j.jaging.2021.100978
10.1111/hex.13093
10.3109/09638288.2016.1170212
10.1111/j.1365-2648.2010.05459.x
10.1089/acm.1995.1.323
10.1123/apaq.2015-0113
10.1016/j.aip.2012.06.001
10.3109/09638288.2015.1035457
10.1016/j.ctim.2014.03.005
10.1080/09638288.2018.1516817
10.1016/j.heliyon.2018.e00584
10.1177/10497323211003863
10.1080/17533010903488582
10.3233/JPD-202299
10.1007/s10465-010-9087-x
10.1371/journal.pone.0205382
10.1177/1356389015577512
10.1080/17533015.2020.1852435
10.1155/2014/613592
10.1080/09602011.2014.993403
10.1016/s0277-9536(01)00069-7
10.1093/intqhc/mzm042
10.1007/978-94-015-7924-7_8
10.12968/bjnn.2013.9.4.172","Multiple Sclerosis, Parkinson’s disease, chronic illness, dance, inclusive dance, lived experience, participatory health research"
34365911,Does cybersickness affect virtual reality training using the Computer Assisted Rehabilitation Environment (CAREN)? Preliminary results from a case-control study in Parkinson's disease,"Impellizzeri F, Naro A, Basile G, Bramanti A, Gazia F, Galletti F, Militi D, Petralito F, Calabrò RS, Milardi D.",Physiother Theory Pract. 2022 Nov;38(13):2603-2611. doi: 10.1080/09593985.2021.1964117. Epub 2021 Aug 7.,Impellizzeri F,Physiother Theory Pract,2022,2021/08/09,,,10.1080/09593985.2021.1964117,34365911,Does cybersickness affect virtual reality training using the Computer Assisted Rehabilitation Environment (CAREN)? Preliminary results from a case-control study in Parkinson's disease.,"This pilot study aimed to evaluate whether and to what extent cybersickness (CS) may affect a rehabilitation program using the Computer-assisted Rehabilitation Environment (CAREN), a virtual reality (VR) computer-assisted device for clinical rehabilitation.
The study was carried out on 30 subjects, 15 patients with Parkinson's Disease (PD) and 15 healthy controls (HC), which underwent a set of four exergames programmed by our team for PD rehabilitation training.
All participants completed the Motion Sickness Susceptibility Questionnaire Short-form (MSSQ) before the training and the Motion Symptoms Assessment Questionnaire (MSAQ) immediately after a single CAREN session. Overall, mean MSAQ scores remained low after the session, suggesting that the users did not experience severe discomfort. We found no significant difference in MSAQ scores between the two groups, while there was a statistically significant difference for the subsection of MSAQ regarding the peripheral symptoms (i.e. sweating, cold sweating, feeling warm), which were higher in HC. Moreover, the results highlighted some correlation between MSSQ and MSAQ. Gastrointestinal symptoms in PD, as well as MSSQ and sopite-related symptoms in HC, were also correlated with susceptibility to CS.
As CS is rarely reported after CAREN, this and similar devices may be considered comfortable and safe for patients' rehabilitation involving VR training, including PD persons.","Impellizzeri, Naro, Basile, Bramanti, Gazia, Galletti, Militi, Petralito, Calabrò, Milardi",2021-08-10,Physiotherapy theory and practice,10.1080/09593985.2021.1964117,"CAREN, Cybersickness, Parkinson’s disease, virtual reality"
34886289,"Perceived Health, Psychological Distress, and Subjective Well-Being among Older Adults with Parkinson's Disease: A Cross-Lagged Analysis",Lee S.,Int J Environ Res Public Health. 2021 Nov 29;18(23):12566. doi: 10.3390/ijerph182312566.,Lee S,Int J Environ Res Public Health,2021,2021/12/10,PMC8657129,,10.3390/ijerph182312566,34886289,"Perceived Health, Psychological Distress, and Subjective Well-Being among Older Adults with Parkinson's Disease: A Cross-Lagged Analysis.","A growing aging population leads to a gradual increase in the number of patients with Parkinson's disease (PD). This study examines how perceived health, psychological distress, and subjective well-being evolve in older adults with PD. A cross-lagged study design was employed using data from Waves 4 and 6 of the Survey of Health, Aging and Retirement in Europe (SHARE). In total, 421 older adults diagnosed with PD at baseline (46% women; mean age 74.98  ±  9.05 years) were included in the study and were followed up after a four-year lag. Auto-regressive and cross-lagged associations between the measured variables were examined in reciprocal models. Individual differences in perceived health, psychological distress, and subjective well-being were relatively stable over the 4-year lag. A final reciprocal model with significant cross-lagged effects explained the underlying structure of the sample data well: χ2 (49) = 101.876, ",Lee,2021-12-11,International journal of environmental research and public health,"10.3390/ijerph182312566
10.1212/01.wnl.0000247740.47667.03
10.3233/JPD-181474
10.1097/SMJ.0b013e318273a60d
10.1038/s41531-020-0117-1
10.1037/neu0000045
10.5014/ajot.2020.74S1-PO6722
10.1002/mds.22121
10.1002/mds.23462
10.1016/j.parkreldis.2004.12.005
10.3389/fneur.2018.00589
10.1155/2020/1561037
10.1080/14737167.2021.1841638
10.1016/j.ncl.2004.05.003
10.1176/jnp.2010.22.4.390
10.4061/2011/143547
10.1002/mds.25689
10.1176/jnp.2009.21.4.413
10.1002/ana.10513
10.1016/j.parkreldis.2014.03.020
10.1016/j.parkreldis.2016.06.004
10.1016/j.psym.2020.03.006
10.1177/1049732317707494
10.1016/S1353-8020(11)70013-X
10.1111/ane.12946
10.1017/S109285290002040X
10.1002/mds.21667
10.1093/ageing/afr078
10.1002/mds.1099
10.1093/ije/dyt088
10.1016/S0895-4356(98)00081-X
10.1001/jama.1963.03060120024016
10.1093/geront/9.3_Part_1.179
10.1192/bjp.174.4.339
10.1177/0164027504268574
10.1080/1360786031000101157
10.1007/s11136-014-0726-4
10.1037/0033-2909.107.2.238
10.1080/10705519909540118
10.1007/s10880-019-09633-3
10.1037/h0100957
10.1080/10413200.2016.1266711","Parkinson’s disease, cross-lagged study, psychological distress, quality of life, subjective well-being"
40970415,Prevalence of Parkinson's Disease in a Town of the Central Highlands of Peru: A Population-Based Study,"Sarapura-Castro E, Milla-Neyra K, Ríos-Pinto J, Maguiña JL, Rivera-Valdivia A, Inca-Martinez M, Illanes-Manrique M, Galecio-Castillo M, Montano S, Mata IF, Cornejo-Olivas M.",Mov Disord Clin Pract. 2026 Mar;13(3):692-701. doi: 10.1002/mdc3.70354. Epub 2025 Sep 19.,Sarapura-Castro E,Mov Disord Clin Pract,2026,2025/09/19,PMC12919289,NIHMS2140697,10.1002/mdc3.70354,40970415,Prevalence of Parkinson's Disease in a Town of the Central Highlands of Peru: A Population-Based Study.,"The global prevalence of Parkinson's disease (PD) is estimated to be 315 per 100,000 inhabitants, with variations across regions and depending on the epidemiological methods used. Door-to-door prevalence studies in Andean communities are notably underrepresented in the literature.
The aim of this study was to estimate the PD prevalence in Jauja.
A cross-sectional community-based door-to-door prevalence study was conducted from April 2018 to September 2019. We used a Spanish version of the 9-item screening questionnaire (9-item SQ). Trained interviewers conducted face-to-face screening surveys. Participants presenting ""suspected parkinsonism"" underwent further neurological assessment. PD cases responded to the LARGE-PD questionnaire and ""pesticide exposure questionnaire."" We calculated the crude prevalence, gender- and age-specific rates, and age-adjusted rates.
Out of 2527 eligible individuals, 1960 completed the screening survey. Of these, 563 were selected for neurological assessment, and 337 underwent neurological examination. PD was confirmed in 21 individuals, 16 of whom were identified using the 9-item SQ with a crude prevalence of 816/100,000. We observed higher rates of PD in older age groups and in males compared to females (1.6 vs. 0.3%, P < 0.05). The age-standardized prevalence was 566/100,000 (95% confidence interval [CI]: 496.6-635.2). Among PD cases, the most common environmental exposures were living near farming fields and pesticide exposure.
The observed prevalence of PD in this town in the central highlands of Peru aligns with previous reports, with notably higher rates among individuals over the age of 80. Further prospective studies are warranted to investigate the potential influence of environmental factors on PD prevalence in this region.","Sarapura-Castro, Milla-Neyra, Ríos-Pinto, Maguiña, Rivera-Valdivia, Inca-Martinez, Illanes-Manrique, Galecio-Castillo, Montano, Mata, Cornejo-Olivas",2025-09-19,Movement disorders clinical practice,10.1002/mdc3.70354,"Parkinson's disease, door‐to‐door, highlands, prevalence"
33887276,Pesticides expenditures by farming type and incidence of Parkinson disease in farmers: A French nationwide study,"Perrin L, Spinosi J, Chaperon L, Kab S, Moisan F, Ebaz A.",Environ Res. 2021 Jun;197:111161. doi: 10.1016/j.envres.2021.111161. Epub 2021 Apr 19.,Perrin L,Environ Res,2021,2021/04/22,,,10.1016/j.envres.2021.111161,33887276,Pesticides expenditures by farming type and incidence of Parkinson disease in farmers: A French nationwide study.,"Professional pesticides exposure is associated with PD risk, but it remains unclear whether specific products, which strongly depend on farming type, are specifically involved. We performed a nationwide ecological study to examine the association of pesticides expenditures for the main farming types with PD incidence in French farmers.
We used the French National Health Insurance database to identify incident PD cases in farmers (2010-2015). We combined data on pesticides expenditures with the agricultural census to compute pesticides expenditures for nine farming types in 2000 in 3571 French cantons. The association between pesticides expenditures and PD age/sex standardized incidence was examined using multilevel Poisson regression, adjusted for smoking, neurologists' density, and deprivation index.
10,282 incident PD cases were identified. Cantons with the highest pesticides expenditures for vineyards without designation of origin were characterized by 16% (95% CI = 6-28%) higher PD incidence (p-trend corrected for multiple testing = 0.006). This association was significant in men and older farmers. There was no association with pesticides expenditures for other farming types, including vineyards with designation of origin.
PD incidence increased significantly with pesticides expenditures in vineyards without designation of origin characterized by high fungicide use. This result suggests that agricultural practices and pesticides used in these vineyards may play a role in PD and that farmers in these farms should benefit from preventive measures aiming at reducing exposure. Our study highlights the importance of considering farming type in studies on pesticides and PD and the usefulness of pesticides expenditures for exposure assessment.","Perrin, Spinosi, Chaperon, Kab, Moisan, Ebaz",2021-04-23,Environmental research,10.1016/j.envres.2021.111161,"Farmers, Incidence, Parkinson's disease, Pesticides expenditures, Type of farming"
33383608,Functional connectivity between resting-state networks reflects decline in executive function in Parkinson's disease: A longitudinal fMRI study,"Boon LI, Hepp DH, Douw L, van Geenen N, Broeders TAA, Geurts JJG, Berendse HW, Schoonheim MM.",Neuroimage Clin. 2020;28:102468. doi: 10.1016/j.nicl.2020.102468. Epub 2020 Oct 15.,Boon LI,Neuroimage Clin,2020,2021/01/01,PMC7581965,,10.1016/j.nicl.2020.102468,33383608,Functional connectivity between resting-state networks reflects decline in executive function in Parkinson's disease: A longitudinal fMRI study.,"Deficits in cognitive functioning are a common yet poorly understood symptom in Parkinson's disease (PD). Recent studies have highlighted the importance of (dynamic) interactions between resting-state networks for cognition, which remains understudied in PD. We investigated how altered (dynamic) functional interactions between brain networks relate to cognitive dysfunction in PD patients. In this fMRI study, 50 PD patients (mean age 65.5 years ± 6.27) on dopaminergic medication were studied cross-sectionally, and of this cohort 31 PD patients were studied longitudinally. MRI imaging and neuropsychological testing was performed at two time points, with a follow-up duration of approximately three years. Functional connectivity within and between seven resting-state networks was calculated (both statically and dynamically) and correlated with four neuropsychological test scores; a combined score of (four) executive tasks, a motor perseveration, memory, and category fluency task. Cognitive dysfunction was determined based on a longitudinal sample of age-matched healthy controls (n = 13). PD patients showed dysfunction on six out of seven cognitive tasks when compared to healthy controls. Severity of executive dysfunction was correlated with higher static and lower dynamic functional connectivity between deep gray matter regions and the frontoparietal network (DGM-FPN). Over time, declining executive function was related to increasing static DGM-FPN connectivity, together with changes of connectivity involving the dorsal attention network (amongst others with the ventral attention network). Static functional connectivity between the ventral and dorsal attention network correlated with motor perseveration. Our findings demonstrate that in PD patients, dysfunctional communication between (i) subcortical, fronto-parietal and attention networks mostly underlies worsening of executive functioning, (ii) attention networks are involved in motor perseveration.","Boon, Hepp, Douw, van Geenen, Broeders, Geurts, Berendse, Schoonheim",2021-01-02,NeuroImage. Clinical,"10.1016/j.nicl.2020.102468
10.1038/nrneurol.2017.27
10.1159/000341998
10.1016/j.neubiorev.2005.03.02
10.1093/brain/awt337
10.1093/brain/awp245
10.1159/000316613
10.1212/WNL.0b013e31827689d6
10.1002/hbm.2249
10.1002/hbm.22622
10.1073/pnas.1422487112
10.1148/radiol.2017170438
10.1212/wnl.0000000000001020
10.1159/000109915
10.1016/s0028-3932(00)00099-3
10.1016/j.neuroimage.2015.02.064
10.1093/cercor/bhw157
10.1212/wnl.0000000000003982
10.1073/pnas.0905267106
10.3389/fnagi.2018.00388
10.1103/PhysRevLett.73.951
10.3389/fnsys.2010.00143
10.1212/wnl.0000000000000592
10.1093/brain/awt007
10.1073/pnas.0604187103
10.1523/jneurosci.3921-07.2008
10.1016/j.expneurol.2014.04.032
10.1093/brain/awz192
10.1016/j.neuroimage.2013.05.079
10.1038/srep23176
10.1016/j.neuroimage.2015.11.055","(Dynamic) functional connectivity, Cognition, Functional MRI, Parkinson's disease, Resting-state networks"
32552814,Occupational pesticide exposure and the risk of death in patients with Parkinson's disease: an observational study in southern Brazil,"Schneider Medeiros M, P Reddy S, P Socal M, Schumacher-Schuh AF, Mello Rieder CR.",Environ Health. 2020 Jun 17;19(1):68. doi: 10.1186/s12940-020-00624-8.,Schneider Medeiros M,Environ Health,2020,2020/06/20,PMC7298782,,10.1186/s12940-020-00624-8,32552814,Occupational pesticide exposure and the risk of death in patients with Parkinson's disease: an observational study in southern Brazil.,"Multiple studies have suggested that various pesticides are associated with a higher risk of developing Parkinson's disease (PD) and may influence the progression of the disease. However, the evidence regarding the impact of pesticide exposure on mortality among patients with PD is equivocal. This study examines whether pesticide exposure influences the risk of mortality among patients with PD in Southern Brazil.
A total of 150 patients with idiopathic PD were enrolled from 2008 to 2013 and followed until 2019. In addition to undergoing a detailed neurologic evaluation, patients completed surveys regarding socioeconomic status and environmental exposures.
Twenty patients (13.3%) reported a history of occupational pesticide exposure with a median duration of exposure of 10 years (mean = 13.1, SD = 11.2). Patients with a history of occupational pesticide exposure had higher UPDRS-III scores, though there were no significant differences in regards to age, sex, disease duration, Charlson Comorbidity Index, and age at symptom onset. Patients with occupational pesticide exposure were more than twice as likely to die than their unexposed PD counterparts (HR = 2.32, 95% CI [1.15, 4.66], p = 0.018). Occupational pesticide exposure was also a significant predictor of death in a cox-proportional hazards model which included smoking and caffeine intake history (HR = 2.23, 95% CI [1.09, 4.59], p = 0.03)) and another which included several measures of socioeconomic status (HR = 3.91, 95% CI [1.32, 11.58], p = 0.01).
In this prospective cohort study, we found an increased all-cause mortality risk in PD patients with occupational exposure to pesticides. More studies are needed to further analyze this topic with longer follow-up periods, more detailed exposure information, and more specific causes of mortality.","Schneider Medeiros, P Reddy, P Socal, Schumacher-Schuh, Mello Rieder",2020-06-20,Environmental health : a global access science source,"10.1186/s12940-020-00624-8
10.3389/fneur.2019.00218
10.1016/B978-0-444-62627-1.00013-5
10.1016/j.envint.2017.06.018
10.4103/ijoem.IJOEM_45_18
10.1080/19338244.2018.1492894
10.1212/WNL.0b013e318294b3c8
10.5271/sjweh.3641
10.1006/enrs.2001.4264
10.1289/ehp.1103881
10.1016/j.envint.2012.05.004
10.1002/mds.25898
10.1136/oemed-2014-102209
10.1093/ije/29.2.323
10.2217/pgs.12.149
10.1093/gerona/53A.5.M337
10.1093/oxfordjournals.aje.a009034
10.1016/j.yrtph.2018.05.005
10.1371/journal.pone.0131809
10.1080/19485561003727372
10.1590/S0034-89101992000600008
10.1097/MD.0000000000004337
10.15585/mmwr.mm6627a2
10.3233/JAD-2010-091525
10.1002/mds.21706
10.1002/ana.10277
10.1002/mds.25076
10.1002/mds.27577
10.1186/s40035-017-0090-8
10.1017/cjn.2015.244","Environmental exposure, Mortality, Occupational exposure, Parkinson, Pesticides"
38332372,FastEval Parkinsonism: an instant deep learning-assisted video-based online system for Parkinsonian motor symptom evaluation,"Yang YY, Ho MY, Tai CH, Wu RM, Kuo MC, Tseng YJ.",NPJ Digit Med. 2024 Feb 8;7(1):31. doi: 10.1038/s41746-024-01022-x.,Yang YY,NPJ Digit Med,2024,2024/02/09,PMC10853559,,10.1038/s41746-024-01022-x,38332372,FastEval Parkinsonism: an instant deep learning-assisted video-based online system for Parkinsonian motor symptom evaluation.,"The Motor Disorder Society's Unified Parkinson's Disease Rating Scale (MDS-UPDRS) is designed to assess bradykinesia, the cardinal symptoms of Parkinson's disease (PD). However, it cannot capture the all-day variability of bradykinesia outside the clinical environment. Here, we introduce FastEval Parkinsonism ( https://fastevalp.cmdm.tw/ ), a deep learning-driven video-based system, providing users to capture keypoints, estimate the severity, and summarize in a report. Leveraging 840 finger-tapping videos from 186 individuals (103 patients with Parkinson's disease (PD), 24 participants with atypical parkinsonism (APD), 12 elderly with mild parkinsonism signs (MPS), and 47 healthy controls (HCs)), we employ a dilated convolution neural network with two data augmentation techniques. Our model achieves acceptable accuracies (AAC) of 88.0% and 81.5%. The frequency-intensity (FI) value of thumb-index finger distance was indicated as a pivotal hand parameter to quantify the performance. Our model also shows the usability for multi-angle videos, tested in an external database enrolling over 300 PD patients.","Yang, Ho, Tai, Wu, Kuo, Tseng",2024-02-09,NPJ digital medicine,"10.1038/s41746-024-01022-x
10.1016/S0896-6273(03)00568-3
10.1002/mds.26424
10.1002/mds.22340
10.1109/ACCESS.2022.3183232
10.1038/s41746-022-00611-y
10.1038/s41746-019-0155-4
10.1136/svn-2017-000101
10.1371/journal.pone.0276501
10.1007/s41649-019-00096-0
10.1038/s41746-019-0090-4
10.1016/j.patter.2020.100042
10.1109/TPAMI.2019.2929257
10.1038/s41531-023-00454-8
10.7717/peerj.7702
10.1111/cts.12884
10.3233/JPD-202402
10.1126/scitranslmed.abd7865
10.3389/fnins.2017.00555
10.1038/s41746-022-00568-y
10.1109/JBHI.2022.3162386
10.1016/j.media.2023.102754
10.1007/s40846-022-00701-y
10.1038/s41746-023-00905-9
10.1371/journal.pone.0092878
10.1002/mds.28777
10.1212/01.wnl.0000324625.00404.15
10.1109/ACCESS.2022.3185112
10.1109/ACCESS.2022.3151048
10.1016/j.neucom.2021.02.011
10.1016/j.media.2022.102560
10.1016/j.jns.2020.117003
10.3233/JPD-223493
10.1016/j.pmcj.2017.12.005
10.3390/s21165437
10.1038/s41531-020-00135-w
10.1016/S0140-6736(20)30367-6
10.1186/s12864-019-6413-7
10.1016/j.gltp.2022.04.020
10.1002/sim.1180",
40611023,Understanding the public knowledge and awareness of parkinson's disease in Ireland: a cross-sectional survey,"Crooks S, Mitchell G, Wynne L, Carter G.",BMC Public Health. 2025 Jul 3;25(1):2339. doi: 10.1186/s12889-025-23573-8.,Crooks S,BMC Public Health,2025,2025/07/03,PMC12224858,,10.1186/s12889-025-23573-8,40611023,Understanding the public knowledge and awareness of parkinson's disease in Ireland: a cross-sectional survey.,"Parkinson's disease (PD) is a progressive neurological disorder characterised by motor and non-motor symptoms that significantly impact quality of life (QoL). Despite its growing prevalence, public awareness and understanding of PD remain limited, contributing to stigma and social isolation. This study evaluates public knowledge and perceptions of PD across Ireland to identify educational gaps and inform public health initiatives.
A cross-sectional survey was conducted from January to April 2024, using a modified version of existing questionnaires on PD knowledge. The survey was distributed online via social media platforms and charity networks, targeting adults residing in Ireland. Descriptive statistics and chi-square tests were employed to analyse the data. Ethical approval for this study was obtained from the Faculty of Medicine and Health Sciences, Queen's University Belfast (MHLS23_132).
A total of 796 respondents completed the survey, predominantly female (83.4%) and aged 18-24 (31.7%). While 92.9% recognised PD as a neurological disorder, misconceptions about its classification persisted. Awareness of motor symptoms like tremor and bradykinesia was high, but non-motor symptoms such as chronic fatigue were less recognised. Only 42% were aware of available treatments, and 33.7% had encountered PD-related stigma. Social media emerged as the preferred platform for raising awareness, cited by 46.2% of participants.
The findings reveal critical knowledge gaps and stigma regarding PD, emphasising the need for targeted educational initiatives. Public health campaigns, particularly leveraging social media, are essential to enhance understanding, reduce misconceptions, and improve QoL for individuals with PD. By addressing awareness and encouraging a supportive environment, these initiatives can contribute to better public perception and management of PD.","Crooks, Mitchell, Wynne, Carter",2025-07-04,BMC public health,"10.1186/s12889-025-23573-8
10.1136/jnnp-2019-322338
10.1016/j.arr.2014.01.004
10.1016/j.gerinurse.2022.10.010
10.1037/0022-3514.90.4.556
10.1016/j.jns.2016.12.063
10.1080/09638288.2022.2037743
10.1159/000452500
10.3233/JPD-150594
10.4103/jfmpc.jfmpc_335_18
10.1007/s10823-014-9233-x
10.1590/1980-57642020dn14-030002
10.1055/s-0041-1734009
10.1007/s12529-021-10030-0
10.3233/JAD-201004
10.1093/pm/pnab157
10.34172/hpp.2023.13","Awareness, Experiences, Healthcare, Parkinson’s disease, Public, Public knowledge, Public perception, Quality of life, Stigma"
40764154,Parkinson's Disease Detection Using Hybrid Siamese Neural Network and Support Vector Machine in Multilingual Voice Signal,"Pandey PVK, Sahu SS.",J Voice. 2025 Aug 4:S0892-1997(25)00261-9. doi: 10.1016/j.jvoice.2025.06.036. Online ahead of print.,Pandey PVK,J Voice,2025,2025/08/05,,,10.1016/j.jvoice.2025.06.036,40764154,Parkinson's Disease Detection Using Hybrid Siamese Neural Network and Support Vector Machine in Multilingual Voice Signal.,"Parkinson's disease (PD) is a neurodegenerative disorder that affects speech in earlier stage as a motor functions due to dopamine depletion in the substantia nigra. Voice signals serve as key markers for early PD detection. Most of the studies of the voice change in PD are focused in particular language. However, limited studies address the issue in multilingual scenarios. Detection of PD in multilingual environments poses several challenges due to language-specific acoustic variations and unavailability of large dataset. To overcome these challenges, this study proposes a hybrid Siamese Neural Network (SNN) with support vector machine (SVM) for effective detection across multiple languages. The proposed study captures the patterns of PD and healthy in varied acoustic conditions of different languages by contrastive learning. The sustained vowel phonation /a/, /e/, /i/, /o/, and /u/ in Italian and the vowel /a/ in US-English and Spanish are used in the study. Experimental results demonstrate that the hybrid SNN-SVM achieved the highest accuracy of 93% in the vowel /o/ in the Italian dataset. In cross-language scenarios when model trained in Spanish and tested in US-English an accuracy of 82.7% is achieved. The hybrid approach enhances PD detection accuracy despite language variations, providing a potential solution for real-time scenario.","Pandey, Sahu",2025-08-06,Journal of voice : official journal of the Voice Foundation,10.1016/j.jvoice.2025.06.036,"Euclidian distance, Parkinson's disease, Siamese neural network, Speech signal, Support vector machine"
40535452,The global rise in Parkinson's disease: a critical analysis of causes and future directions,Leon-Rojas JE.,Front Public Health. 2025 Jun 4;13:1606732. doi: 10.3389/fpubh.2025.1606732. eCollection 2025.,Leon-Rojas JE,Front Public Health,2025,2025/06/19,PMC12174424,,10.3389/fpubh.2025.1606732,40535452,The global rise in Parkinson's disease: a critical analysis of causes and future directions.,,Leon-Rojas,2025-06-19,Frontiers in public health,"10.3389/fpubh.2025.1606732
10.1016/S1474-4422(18)30295-3
10.1016/S1474-4422(24)00038-3
10.1016/j.arr.2014.01.004
10.3389/fneur.2019.00218
10.1186/s40035-019-0165-9
10.1289/ehp.1002839
10.1016/j.nbd.2022.105685
10.1523/JNEUROSCI.23-34-10756.2003
10.1016/j.yrtph.2018.05.005
10.1002/ana.22629
10.1016/j.taap.2012.11.016
10.1001/jamaneurol.2023.1168
10.1289/ehp.1409313
10.1080/01926230252929954
10.4103/aian.aian_62_22
10.1016/S1474-4422(19)30287-X
10.1016/j.neuro.2010.04.007
10.1212/NXG.0000000000000354
10.1002/mds.25216
10.1016/j.mad.2023.111821
10.1016/S1474-4422(16)30230-7
10.1002/mds.27489
10.1001/archneurol.2009.247
10.1001/jama.2021.10207
10.1007/s00415-024-12672-y
10.3389/fneur.2019.01143
10.7759/cureus.54021
10.1001/jamanetworkopen.2018.2421
10.1002/mds.21772
10.1016/j.yfrne.2014.02.002
10.1249/mss.0b013e31815a51b3
10.1038/s41386-018-0125-6
10.1002/mds.26069
10.4103/1673-5374.373673
10.1002/mds.29116
10.1016/j.parkreldis.2010.06.012
10.1016/j.parkreldis.2015.05.015
10.4103/aian.aian_539_23
10.1001/jamaneurol.2021.3895
10.1016/S1474-4422(20)30308-2
10.1016/S2215-0366(21)00084-5","Parkinson's disease, environmental toxic pollutants, exposome, pesticide and insecticide, toxins"
35961132,Harmonic ratio is the most responsive trunk-acceleration derived gait index to rehabilitation in people with Parkinson's disease at moderate disease stages,"Castiglia SF, Trabassi D, De Icco R, Tatarelli A, Avenali M, Corrado M, Grillo V, Coppola G, Denaro A, Tassorelli C, Serrao M.",Gait Posture. 2022 Sep;97:152-158. doi: 10.1016/j.gaitpost.2022.07.235. Epub 2022 Jul 21.,Castiglia SF,Gait Posture,2022,2022/08/12,,,10.1016/j.gaitpost.2022.07.235,35961132,Harmonic ratio is the most responsive trunk-acceleration derived gait index to rehabilitation in people with Parkinson's disease at moderate disease stages.,"Harmonic ratios (HRs), recurrence quantification analysis in the antero-posterior direction (RQA
This study aimed to i) assess the internal and external responsiveness to rehabilitation of HR, RQA
The trunk acceleration patterns of 21 pwPD and 21 age- and speed-matched healthy subjects (HSmatched) were acquired during gait using an inertial measurement unit at baseline (T0). pwPD were also assessed after a 4-week rehabilitation period (T1). Each participant's HR in the antero-posterior (HR
At T1, HR
When using inertial measurement units, HR","Castiglia, Trabassi, De Icco, Tatarelli, Avenali, Corrado, Grillo, Coppola, Denaro, Tassorelli, Serrao",2022-08-13,Gait & posture,10.1016/j.gaitpost.2022.07.235,"Accelerometry, Gait, Movement analysis, Movement disorder, Parkinsonism"
36931779,"Reply to Rumrich and colleagues (What does ""Parkinson's disease mortality"" mean?)","Cole-Hunter T, Zhang J, Lim YH, Samoli E, Chen J, Strak M, Wolf K, Weinmayr G, Zitt E, Hoffmann B, Jöckel KH, Mortensen LH, Ketzel M, Méndez DY, Ljungman P, Nagel G, Pershagen G, Rizzuto D, Schramm S, Brunekreef B, Hoek G, Andersen ZJ.",Environ Int. 2023 Mar;173:107853. doi: 10.1016/j.envint.2023.107853. Epub 2023 Mar 15.,Cole-Hunter T,Environ Int,2023,2023/03/17,,,10.1016/j.envint.2023.107853,36931779,"Reply to Rumrich and colleagues (What does ""Parkinson's disease mortality"" mean?).",,"Cole-Hunter, Zhang, Lim, Samoli, Chen, Strak, Wolf, Weinmayr, Zitt, Hoffmann, Jöckel, Mortensen, Ketzel, Méndez, Ljungman, Nagel, Pershagen, Rizzuto, Schramm, Brunekreef, Hoek, Andersen",2023-03-18,Environment international,10.1016/j.envint.2023.107853,
38393921,Remote Sensing Data as a Tool for Studying Environmental Aspects of Parkinson's Disease,"Hegazi MN, El-Jaafary S, Shebl N, El-Fawal H, Rizig M, Salama M.",J Parkinsons Dis. 2024;14(3):619-622. doi: 10.3233/JPD-230382.,Hegazi MN,J Parkinsons Dis,2024,2024/02/23,PMC11091563,,10.3233/JPD-230382,38393921,Remote Sensing Data as a Tool for Studying Environmental Aspects of Parkinson's Disease.,,"Hegazi, El-Jaafary, Shebl, El-Fawal, Rizig, Salama",2024-02-23,Journal of Parkinson's disease,10.3233/JPD-230382,
39498114,The association between brominated flame retardants exposure with Parkinson's disease in US adults: a cross-sectional study of the National Health and Nutrition Examination Survey 2009-2016,"Lv JJ, Zhang YC, Li XY, Zhang LJ, Yixi ZM, Yang CH, Wang XH.",Front Public Health. 2024 Oct 21;12:1451686. doi: 10.3389/fpubh.2024.1451686. eCollection 2024.,Lv JJ,Front Public Health,2024,2024/11/05,PMC11532090,,10.3389/fpubh.2024.1451686,39498114,The association between brominated flame retardants exposure with Parkinson's disease in US adults: a cross-sectional study of the National Health and Nutrition Examination Survey 2009-2016.,"Increasing evidence suggests that environmental factors play a crucial role in the pathogenesis of Parkinson's disease (PD). Humans are simultaneously exposed to multiple brominated flame retardants (BFRs) in the environment. However, the relationship between BFRs and PD remains unclear. This study was designed to investigate the overall association between BFRs and PD in a nationally representative US population and to further identify significant chemicals.
This study used data from 7,161 NHANES participants from 2009 through 2016. The serum BFRs registry included PBDE-28, PBDE-47, PBDE-85, PBDE-99, PBDE-100, PBDE-153, PBDE-154, PBDE-183, PBDE-209, and PBB-153. A survey-weighted generalized logistic regression model with restricted cubic splines (RCS) was used to evaluate the association between single BFRs exposure and periodontitis. Meanwhile, weighted quantile sum (WQS) regression and Bayesian kernel machine regression (BKMR) were used to evaluate the overall association of mixed frankincense powder with periodontitis and to identify significant chemicals. Sensitivity analysis was performed to evaluate the robustness of the results.
Among the 7,161 participants, 65 had PD. PD patients were older (mean age 57.79 vs. 46.57 years) and had a higher proportion of females (70.86%) compared to non-PD participants. Serum levels of PBB-153 were significantly higher in those with PD. Logistic regression analyses revealed a non-linear, inverted U-shaped relationship between serum PBB-153 and PD risk. The risk of PD increased with higher PBB-153 levels up to the 3rd quartile (Q3), beyond which the risk declined (Q3 vs. Q1: OR = 4.98, 95% CI = 1.79-13.86; Q4 vs. Q1: OR = 3.23, 95% CI = 1.03-10.08). PBB-153 (43.40%), PBDE-153 (24.75%), and PBDE-85 (19.51%) contributed most to the weighted quantile sum index associated with PD risk. Bayesian kernel machine regression confirmed the inverted U-shaped dose-response pattern for PBB-153 and the overall BFR mixture. Restricted cubic spline analyses corroborated the non-linear relationship between PBB-153 and PD, which was more pronounced among women and those aged 37-58 years. Sensitivity analyses substantiated these findings.
This nationally representative cross-sectional study revealed a novel non-linear, inverted U-shaped relationship between serum levels of the brominated flame retardant PBB-153 and Parkinson's disease risk in U.S. adults. The risk increased with higher PBB-153 exposure up to a point, beyond which it declined. This complex dose-response pattern highlights the importance of considering potential hormetic mechanisms and effect modifiers when evaluating environmental exposures and neurodegenerative diseases. Further research is warranted to elucidate the underlying biological pathways and inform risk mitigation strategies.","Lv, Zhang, Li, Zhang, Yixi, Yang, Wang",2024-11-05,Frontiers in public health,"10.3389/fpubh.2024.1451686
10.1016/S0140-6736(04)16305-8
10.1002/mds.25945
10.1289/ehp.6559
10.1289/ehp.0901340
10.1007/s11356-015-4515-6
10.1016/j.expneurol.2012.12.013
10.1186/1756-6606-1-12
10.1016/j.toxlet.2013.11.011
10.1146/annurev-pharmtox-011613-135937
10.1016/j.envint.2020.105941
10.3389/fnins.2023.1203979
10.1007/s11356-023-30337-7
10.31887/DCNS.2009.11.2/cqiu
10.1186/1476-069X-12-41
10.1073/pnas.1614902114
10.1016/j.pneurobio.2013.04.004
10.1038/s41401-020-0487-2
10.1007/s11064-011-0471-9
10.1007/s12035-012-8318-1
10.1074/jbc.R900010200
10.1016/j.taap.2014.09.015
10.1021/acs.est.2c08627
10.1016/j.arr.2007.08.007
10.1080/01480545.2018.1504961
10.1146/annurev.publhealth.22.1.15
10.1007/978-1-4612-2864-6_5
10.1016/j.brainresrev.2007.02.006
10.1021/acschemneuro.8b00460
10.1016/j.jsbmb.2022.106079
10.1021/es304691a
10.1289/ehp.6991
10.1016/j.envres.2022.112788
10.1007/s12325-019-01201-3
10.3390/biom12101462
10.1002/brb3.2517
10.1007/s40572-022-00380-6
10.1042/CS20201474
10.1016/j.etap.2014.06.007
10.1016/j.ntt.2015.06.003","BKMR analysis, Parkinson’s disease, The National Health and Nutrition Examination Survey, brominated flame retardants, cross-sectional study"
32986011,"Asymmetrical nigral iron accumulation in Parkinson's disease with motor asymmetry: an explorative, longitudinal and test-retest study","Guan X, Guo T, Zhou C, Wu J, Gao T, Bai X, Wei H, Zhang Y, Xuan M, Gu Q, Huang P, Liu C, Zhang B, Pu J, Song Z, Yan Y, Cui F, Zhang M, Xu X.",Aging (Albany NY). 2020 Sep 27;12(18):18622-18634. doi: 10.18632/aging.103870. Epub 2020 Sep 27.,Guan X,Aging (Albany NY),2020,2020/09/28,PMC7585099,,10.18632/aging.103870,32986011,"Asymmetrical nigral iron accumulation in Parkinson's disease with motor asymmetry: an explorative, longitudinal and test-retest study.","Parkinson's disease (PD) is commonly characterized by asymmetrical motor impairment. This study aimed to clarify the iron distributions in PD patients with significant motor asymmetry and their longitudinal alterations. This study included 123 PD patients and 121 normal controls. Thirty-eight PD patients were revisited. PD patients with significant motor asymmetry were identified by using an objective criterion. Inter-group, inter-hemisphere and inter-visit differences of regional tissue susceptibility were analyzed. Iron accumulation in dominantly and non-dominantly affected substantia nigra (SN) were observed in PD patients with motor asymmetry compared with normal controls (p < 0.005, Bonferroni corrected). Iron accumulation in the dominantly affected SN was significantly higher than that in the non-dominantly affected SN (p < 0.01, Bonferroni corrected). After follow-up, time effect on the iron content in SN was observed, directing to decrease in PD patients with motor asymmetry without hemispherical difference (p < 0.05). In conclusion, asymmetrical iron accumulation in SN was associated with the motor asymmetry in PD at baseline, while along the disease evolution iron content in SN became longitudinally decreased. All these findings provide new evidence for PD pathogenesis that the abnormal iron metabolism in SN is complicated and not always unidirectional.","Guan, Guo, Zhou, Wu, Gao, Bai, Wei, Zhang, Xuan, Gu, Huang, Liu, Zhang, Pu, Song, Yan, Cui, Zhang, Xu",2020-09-29,Aging,"10.18632/aging.103870
10.1002/mds.27431
10.1016/S0140-6736(09)60492-X
10.1002/mds.10685
10.1136/jnnp.55.3.181
10.1001/archneur.56.1.33
10.1016/S1474-4422(06)70549-X
10.1016/j.jns.2018.08.001
10.1136/jnnp.52.1.72
10.1016/S1474-4422(14)70117-6
10.1111/j.1471-4159.1991.tb02017.x
10.1089/ars.2013.5593
10.1074/jbc.M600933200
10.1523/JNEUROSCI.20-16-06048.2000
10.1016/j.neurobiolaging.2018.11.013
10.1007/s12264-017-0138-x
10.1002/nbm.3489
10.3174/ajnr.A4645
10.1002/hbm.22928
10.1016/j.parkreldis.2015.03.012
10.3389/fnhum.2018.00117
10.1212/01.WNL.0000163993.82388.C8
10.1016/s0197-4580(02)00065-9
10.1007/s004150170114
10.1056/NEJM198804073181402
10.1002/jmri.25434
10.1016/j.parkreldis.2013.08.011
10.1016/j.neurobiolaging.2012.10.025
10.1007/s00234-007-0260-y
10.1038/s41598-018-37381-1
10.1371/journal.pone.0162460
10.1186/s12868-019-0505-9
10.1002/mds.27360
10.1093/brain/aww022
10.1002/mds.27318
10.1016/j.parkreldis.2014.11.017
10.1002/mds.27730
10.1371/journal.pone.0057904
10.1016/j.neuroimage.2014.12.043
10.1002/nbm.3056
10.1002/mrm.23000
10.1002/nbm.3501
10.1002/nbm.3383
10.1016/j.media.2007.06.004
10.1016/j.neuroimage.2018.01.008
10.1016/j.neurobiolaging.2014.05.032","Parkinson’s disease, iron, motor asymmetry, quantitative susceptibility mapping"
41095938,Exploring the Effectiveness of Immersive Virtual Reality Rehabilitation for Parkinson's Disease: A Narrative Review,"Nartea R, Poenaru D, Constantinovici MI, Potcovaru CG, Cinteza D.",J Clin Med. 2025 Sep 28;14(19):6858. doi: 10.3390/jcm14196858.,Nartea R,J Clin Med,2025,2025/10/16,PMC12525201,,10.3390/jcm14196858,41095938,Exploring the Effectiveness of Immersive Virtual Reality Rehabilitation for Parkinson's Disease: A Narrative Review.,"Parkinson's disease (PD) presents an association of motor and non-motor impairments that impact the independence and quality of life of individuals. Rehabilitation programs must address multiple domains, simultaneously maintaining patients' adherence and the implications of the disease. Immersive virtual-reality-based rehabilitation (IVRBR) is a promising alternative tool, or can be used in conjunction with traditional or passive programs, using interactive tasks in valid environments with specific training programs adapted to each individual's needs. This narrative review synthesizes the medical literature published in the last decade from PubMed, Scopus, and Web of Science, on the effectiveness, limitations, and implementations of IVRBR in PD patients. Evidence from RTCs and non-RTCs suggests that IVRBR can improve balance, motor learning, and dual task performance. At the same time, the evidence suggests that it can improve cognitive and emotional status. The integration of objective assessment tools (motion and posture analyses, wearable sensors, center of pressures and machine learning models capable of predicting freezing gait-FoG) enhances clinical and individualized rehabilitation programs. However, the evidence base remains limited, with a small sample size, heterogeneity in measured outcomes, and short follow-up duration. In general, reported adverse reactions were minor, but required standardized reporting patterns. Implementation is challenging due to the equipment cost and varying technological demands, but also due to patient selection and training of the medical personnel. IVRBR is a feasible and engaging alternative or can form part of an individualized rehabilitation program in PD patients; however, future large RTCs, long-term follow-up with standardized protocols, cost-effectiveness analyses, and integration of predictive modeling are essential for its broader clinical usage.","Nartea, Poenaru, Constantinovici, Potcovaru, Cinteza",2025-10-16,Journal of clinical medicine,"10.3390/jcm14196858
10.1016/j.neurol.2017.12.003
10.2174/1381612824666180820150150
10.1111/ene.14108
10.1038/s41572-021-00280-3
10.3390/ijms25137183
10.1016/S1474-4422(21)00061-2
10.3390/ijms23031184
10.1080/09638288.2023.2266178
10.1016/S0140-6736(21)00218-X
10.3390/ijerph17010161
10.1080/07853890.2023.2285907
10.3389/fnins.2023.1201865
10.1089/g4h.2020.0162
10.1186/s12984-023-01219-3
10.23736/S1973-9087.22.07643-2
10.1016/j.physio.2022.07.001
10.3390/jpm12030450
10.1186/s12984-024-01430-w
10.3389/fnagi.2021.753381
10.1016/j.jns.2025.123507
10.1186/s12984-023-01256-y
10.1186/s12984-025-01640-w
10.1016/j.jbmt.2024.11.019
10.3390/s23094529
10.47197/retos.v63.109749
10.3390/medicina61020248
10.1016/j.prdoa.2025.100316
10.3390/s24248188
10.1016/j.parkreldis.2024.107019
10.3390/app14114708
10.1016/j.prdoa.2024.100277
10.1186/s12984-023-01215-7
10.1016/j.gaitpost.2021.12.013
10.2196/28315
10.3389/fphys.2020.572063
10.3390/s20102773
10.3390/s20082168
10.1186/s12984-019-0601-1
10.1186/s12984-017-0225-2
10.1371/journal.pone.0030021
10.1007/s10916-018-1100-9
10.3389/fneur.2025.1616780
10.3390/jfmk9030156
10.3390/medicina61030524
10.1007/s10072-019-04144-3
10.2196/30882
10.2196/58422
10.1007/s00221-021-06219-0
10.3390/fi16090305
10.1186/s40035-020-00191-5
10.3390/s21020614
10.1371/journal.pone.0183989","Parkinson’s disease, immersive virtual rehabilitation, rehabilitation, virtual reality"
39534388,Directions of Longitudinal Relationships between Housing-related Control Beliefs and Activities of Daily Living among People with Parkinson's disease,"Andersson N, Iwarsson S, Ullén S, Slaug B, Nilsson MH.",Gerontol Geriatr Med. 2024 Nov 11;10:23337214241299084. doi: 10.1177/23337214241299084. eCollection 2024 Jan-Dec.,Andersson N,Gerontol Geriatr Med,2024,2024/11/13,PMC11555731,,10.1177/23337214241299084,39534388,Directions of Longitudinal Relationships between Housing-related Control Beliefs and Activities of Daily Living among People with Parkinson's disease.,"The gerontological literature suggests that external housing-related control beliefs (HCB) influence activities of daily living (ADL) among older people, but knowledge is scarce for people with Parkinson's disease (PD). This longitudinal study aimed to explore the directions of the relationship between external HCB and ADL among people with PD.
Baseline (T1) and 3-year follow-up data (T2) were collected from 154 people with PD (mean age = 68 years, T1). Two regression analyses were applied, where dependent (T2 values) and independent (T1 values) variables-external HCB score and PD specific ADL (PADLS)-were switched, adjusting for age, disease severity, cognitive functioning, and accessibility problems.
There was a significant effect of ADL on external HCB (β = 3.07, 
ADL difficulties seem to lead to higher external HCB, but not the other way around, which contradicts assumptions in environmental gerontology theories. This new knowledge can promote theory development. While additional studies are required to verify whether this is a disease-specific finding, this indicates the importance of targeting ADL if the purpose is to influence external HCB among people with PD.","Andersson, Iwarsson, Ullén, Slaug, Nilsson",2024-11-14,Gerontology & geriatric medicine,"10.1177/23337214241299084
10.1007/s40520-020-01477-4
10.1093/oxfordjournals.aje.a115109
10.3390/ijerph18084273
10.1016/j.jaging.2019.100821
10.3233/JPD-181474
10.1186/s12877-016-0265-7
10.1186/s12877-020-01574-z
10.1007/s10901-019-09717-4
10.1111/j.1600-0404.2010.01344.x
10.1191/026921501666767060
10.1212/WNL.17.5.427
10.1002/hsr2.511
10.4276/030802212x13522194759978
10.1080/11038120601094732
10.1155/2017/4151738
10.1016/j.jenvp.2017.04.006
10.1186/1471-2377-14-19
10.1093/arclin/acw049
10.1111/j.1532-5415.2005.53221.x
10.1155/2013/710839
10.1186/1471-2377-13-142
10.1186/s12877-016-0319-x
10.1016/j.jenvp.2006.07.002
10.1300/j081v17n01_10
10.1080/11038120601151615
10.1093/geront/47.1.96
10.1155/2021/9475026
10.1093/geronb/54b.3.p139
10.1155/2018/4598651
10.1007/s10433-018-0480-5
10.1111/ane.13189
10.1007/s40520-013-0050-9
10.3390/biology9050103
10.1093/geront/gnr154
10.1007/s10433-009-0114-z","daily activities, environmental gerontology, neurological disease, perceived housing"
38632283,Towards a methodological uniformization of environmental risk studies in Parkinson's disease,Santos-Lobato BL.,NPJ Parkinsons Dis. 2024 Apr 17;10(1):86. doi: 10.1038/s41531-024-00709-y.,Santos-Lobato BL,NPJ Parkinsons Dis,2024,2024/04/17,PMC11024193,,10.1038/s41531-024-00709-y,38632283,Towards a methodological uniformization of environmental risk studies in Parkinson's disease.,,Santos-Lobato,2024-04-18,NPJ Parkinson's disease,"10.1038/s41531-024-00709-y
10.1038/s41531-023-00603-z
10.1016/j.parkreldis.2023.105493
10.1093/oxfordjournals.aje.a121617
10.1093/ije/dyt170
10.5271/sjweh.785
10.1016/j.scitotenv.2022.160851",
39910845,New Insights into the Association of Pesticide Exposure and Parkinson's Disease,Santos-Lobato BL.,Mov Disord. 2025 Mar;40(3):579-580. doi: 10.1002/mds.30135. Epub 2025 Feb 5.,Santos-Lobato BL,Mov Disord,2025,2025/02/06,,,10.1002/mds.30135,39910845,New Insights into the Association of Pesticide Exposure and Parkinson's Disease.,,Santos-Lobato,2025-02-06,Movement disorders : official journal of the Movement Disorder Society,10.1002/mds.30135,"Parkinson's disease, environment, pesticide, risk factor"
34015757,Feature selection and machine learning methods for optimal identification and prediction of subtypes in Parkinson's disease,"Salmanpour MR, Shamsaei M, Rahmim A.",Comput Methods Programs Biomed. 2021 Jul;206:106131. doi: 10.1016/j.cmpb.2021.106131. Epub 2021 Apr 29.,Salmanpour MR,Comput Methods Programs Biomed,2021,2021/05/20,,,10.1016/j.cmpb.2021.106131,34015757,Feature selection and machine learning methods for optimal identification and prediction of subtypes in Parkinson's disease.,"The present work focuses on assessment of Parkinson's disease (PD), including both PD subtype identification (unsupervised task) and prediction (supervised task). We specifically investigate optimal feature selection and machine learning algorithms for these tasks.
We selected 885 PD subjects as derived from longitudinal datasets (years 0-4; Parkinson's Progressive Marker Initiative), and investigated 981 features including motor, non-motor, and imaging features (SPECT-based radiomics features extracted using our standardized SERA software). Two different hybrid machine learning systems (HMLS) were constructed and applied to the data in order to select optimal combinations in both tasks: (i) identification of subtypes in PD (unsupervised-clustering), and (ii) prediction of these subtypes in year 4 (supervised-classification). From the original data based on years 0 (baseline) and 1, we created new datasets as inputs to the prediction task: (i,ii) CSD0 and CSD01: cross-sectional datasets from year 0 only and both years 0 & 1, respectively; (iii) TD01: timeless dataset from both years 0 & 1. In addition, PD subtype in year 4 was considered as outcome. Finally, high score features were derived via ensemble voting based on their prioritizations from feature selector algorithms (FSAs).
In clustering task, the most optimal combinations (out of 981) were selected by individual FSAs to enable high correlation compared to using all features (arriving at 547). In prediction task, we were able to select optimal combinations, resulting in an accuracy >90% only for timeless dataset (TD01); there, we were able to select the most optimal combination using 77 features, directly selected by FSAs. In both tasks, however, using combination of only high score features from ensemble voting did not enable acceptable performances, showing optimal feature selection via individual FSAs to be more effective.
Combining non-imaging information with SPECT-based radiomics features, and optimal utilization of HMLSs, can enable robust identification of subtypes as well as appropriate prediction of these subtypes in PD patients. Moreover, use of timeless dataset, beyond cross-sectional datasets, enabled predictive accuracies over 90%. Overall, we showed that radiomics features extracted from SPECT images are important in clustering as well as prediction of PD subtypes.","Salmanpour, Shamsaei, Rahmim",2021-05-21,Computer methods and programs in biomedicine,10.1016/j.cmpb.2021.106131,"Ensemble Voting, Feature Selection Algorithms, Outcome prediction, Parkinson's disease, Radiomics, Subtype identification"
33609950,Microalbuminuria as a potential biomarker for Parkinson's disease severity: A hypothesis,"Meléndez-Flores JD, Cavazos-Benítez AC, Estrada-Bellmann I.",Med Hypotheses. 2021 Apr;149:110510. doi: 10.1016/j.mehy.2021.110510. Epub 2021 Jan 26.,Meléndez-Flores JD,Med Hypotheses,2021,2021/02/20,,,10.1016/j.mehy.2021.110510,33609950,Microalbuminuria as a potential biomarker for Parkinson's disease severity: A hypothesis.,"Parkinson's disease (PD) is the second most common neurodegenerative condition characterized by motor and non-motor symptoms causing a great burden in patients' quality of life. PD has been associated with various metabolic factors such as diabetes, hypertension, and more recently chronic kidney disease where proteinuria has been associated with an increased risk. The presence of small amounts of albumin in urine, microalbuminuria, is a common biomarker for endothelial damage and a predictive factor for not only cardiovascular but also neurological dysfunction. Multiple studies have assessed potential biomarkers for PD progression with great heterogeneity, we hypothesize the use of microalbuminuria as a potential marker that correlates with PD severity and might represent a feasible and simple method of evaluating PD patients in clinical practice. Evidence supporting the present hypothesis comes from oxidative stress, insulin resistance, and endothelial dysfunction. Oxidative stress is a key element in PD pathogenesis; studies have shown lower antioxidant capacity as PD progresses. On the other side, insulin signaling plays an important role in neuronal growth and survival, with its resistance being associated with PD. Microalbuminuria has been associated with both processes; increased levels of oxidative stress markers and decreased insulin sensitivity, hence its screening in PD might reflect these common pathological mechanisms. Moreover, the low vitamin D levels observed in PD patients, which are correlated with endothelial dysfunction and disease severity, might contribute to microalbuminuria induction. More evidence on this vascular approach comes from white matter lesions (WML), observed in brain imaging, which have been significantly associated with motor and non-motor function in PD patients and are independently associated with microalbuminuria. In this manner, an oxidant and insulin resistant environment, along with low vitamin D levels in PD patients, which are associated with microalbuminuria, might contribute altogether to WML. As the latter are correlated with motor and non-motor function, microalbuminuria might thus give insight on PD status. Prospective cohort studies with an adequate sample size, follow-up, and a thorough battery of clinical tests for PD are needed to confirm this hypothesis.","Meléndez-Flores, Cavazos-Benítez, Estrada-Bellmann",2021-02-21,Medical hypotheses,10.1016/j.mehy.2021.110510,"Biomarker, Leucoaraiosis, Microalbuminuria, Oxidative stress, Parkinson disease"
34231163,How far can I reach? The perception of upper body action capabilities in Parkinson's disease,"Readman MR, McLatchie NM, Poliakoff E, Crawford TJ, Linkenauger SA.",Atten Percept Psychophys. 2021 Nov;83(8):3259-3274. doi: 10.3758/s13414-021-02340-y. Epub 2021 Jul 6.,Readman MR,Atten Percept Psychophys,2021,2021/07/07,PMC8260152,,10.3758/s13414-021-02340-y,34231163,How far can I reach? The perception of upper body action capabilities in Parkinson's disease.,"Successful interaction within the environment is contingent upon one's ability to accurately perceive the extent over which they can successfully perform actions, known as action boundaries. Healthy young adults are accurate in estimating their action boundaries and can flexibly update them to accommodate stable changes in their action capabilities. However, there are conditions in which motor abilities are subject to variability over time such as in Parkinson's disease (PD). PD impairs the ability to perform actions and can lead to variability in perceptual-motor experience, but the effect on the perceptions of their action boundaries remains unknown. This study investigated the influence of altered perceptual-motor experience during PD, on the perceptions of action boundaries for reaching, grasping, and aperture passing. Thirty participants with mild-to-moderate idiopathic PD and 26 healthy older adults provided estimates of their reaching, grasping, and aperture-passing ability. Participants' estimates were compared with their actual capabilities. There was no evidence that individuals with PD's perceptions were less accurate than those of healthy controls. Furthermore, there was some evidence for more conservative estimates than seen in young healthy adults in reaching (both groups) and aperture passing (PD group). This suggests that the ability to judge action capabilities is preserved in mild to moderate PD.","Readman, McLatchie, Poliakoff, Crawford, Linkenauger",2021-07-08,"Attention, perception & psychophysics","10.3758/s13414-021-02340-y
10.1177/0956797612446346
10.1016/j.neuropsychologia.2007.02.018
10.1371/journal.pone.0075454
10.1093/brain/124.11.2131
10.1093/brain/124.11.2131
10.1016/S0301-0082(99)00067-2
10.1016/j.neubiorev.2016.11.005
10.1016/1353-8020(95)00026-7
10.1207/s15326969eco0101_3
10.1177/1756285613495723
10.3389/fpsyg.2017.01184
10.1212/WNL.0b013e318219dc77
10.1016/j.visres.2004.11.006
10.1093/brain/awn237
10.3758/s13423-017-1266-z
10.1016/0028-3932(95)00008-Q
10.2174/1389202914666131210213042
10.1111/j.1600-0404.1996.tb00163.x
10.1037/0096-1523.31.5.1107
10.3758/BF03193146
10.1016/S0167-9457(00)00016-6
10.1080/10407413.2014.874923
10.3758/s13414-013-0578-y
10.1007/s00221-017-5049-6
10.1001/archneur.62.5.828
10.1080/02699931.2012.667391
10.3389/fpsyg.2017.02294
10.1212/WNL.0b013e3181c34b47
10.1152/japplphysiol.00475.2016
10.1037/a0011393
10.1016/j.jecp.2013.09.003
10.7771/1932-6246.1167
10.1016/j.parkreldis.2014.08.002
10.1016/j.parkreldis.2004.10.010
10.1016/j.tics.2006.05.003
10.1093/geronb/gby065
10.1136/jnnp.45.9.823
10.1016/S0028-3932(01)00032-X
10.1136/jnnp.52.Suppl.29
10.1037/xhp0000724
10.1111/j.1467-9280.2009.02447.x
10.1037/a0024248
10.1136/jnnp.53.3.220
10.1002/mds.25079
10.1016/S0140-6736(77)91146-1
10.1111/j.1532-5415.2005.53221.x
10.1016/0028-3932(71)90067-4
10.1111/jnp.12005
10.1002/mds.23135
10.1037/a0012613
10.3758/APP.72.4.1110
10.1093/geronb/60.4.P174
10.1016/j.nicl.2018.07.003
10.1007/s00221-019-05608-w
10.1113/jphysiol.1984.sp015057
10.1017/S1355617711000853
10.1037/0894-4105.22.4.450
10.1002/mds.20383
10.1111/jnc.13691
10.1007/s11556-008-0030-9
10.1016/S0028-3932(03)00128-3
10.1037/0096-1523.10.5.683
10.1037/0096-1523.13.3.371
10.1111/j.1600-0447.1983.tb09716.x","Affordance perception, Movement disorder, Parkinson’s disease, Perceptual-motor integration"
34405101,Impulse Control Disorders in Parkinson's Disease: Has COVID-19 Related Lockdown Been a Trigger?,"Rábano-Suárez P, Martínez-Fernández R, Natera-Villalba E, Pareés I, Martínez-Castrillo JC, Alonso-Canovas A.",Mov Disord Clin Pract. 2021 Jul 9;8(6):940-943. doi: 10.1002/mdc3.13276. eCollection 2021 Aug.,Rábano-Suárez P,Mov Disord Clin Pract,2021,2021/08/18,PMC8354062,,10.1002/mdc3.13276,34405101,Impulse Control Disorders in Parkinson's Disease: Has COVID-19 Related Lockdown Been a Trigger?,"Parkinson's disease (PD) patients, especially those on dopamine agonists (DA), are at risk of impulse control disorders (ICD). Little attention has been paid to the influence of environmental factors.
Retrospective analysis of consecutive PD patients seen in our outpatient Movement Disorders Clinic during 2 months (September-November 2020) to explore the frequency of ICD during the preceding 2-month lockdown period, and comparison with an equivalent control group (September-November 2019). Among 114 patients assessed, 15 (13%) presented ICD during the lockdown, versus 6 (4.5%, 
During COVID-19 lockdown, the occurrence of ICD in PD patients taking DA was higher than expected, and with increased severity. Environmental stressors may play a role in ICD presentation in vulnerable patients.","Rábano-Suárez, Martínez-Fernández, Natera-Villalba, Pareés, Martínez-Castrillo, Alonso-Canovas",2021-08-19,Movement disorders clinical practice,10.1002/mdc3.13276,"COVID‐19, Impulse, Parkinson's, dopamine, lockdown"
34776132,Effects of a posture shirt with back active correction keeper on static and dynamic balance in Parkinson's disease,"Morone G, Iosa M, Cocchi I, Paolucci T, Arengi A, Bini F, Marinozzi F, Ciancarelli I, Paolucci S, De Angelis D.",J Bodyw Mov Ther. 2021 Oct;28:138-143. doi: 10.1016/j.jbmt.2021.06.011. Epub 2021 Jun 12.,Morone G,J Bodyw Mov Ther,2021,2021/11/15,,,10.1016/j.jbmt.2021.06.011,34776132,Effects of a posture shirt with back active correction keeper on static and dynamic balance in Parkinson's disease.,"Patients with Parkinson's disease (PD) suffer from postural disorders. This study aims at investigating the short- and medium-term effects of a shirt with appropriate tie-rods that allows to correct the posture of the trunk.
This is a longitudinal clinical study in which a pressure platform was used to assess the static and dynamic baropodometry and the static stabilometry of 20 patients with PD (70.95 ± 8.39 years old; 13 males, time from the onset of symptoms: 6.95 ± 4.04 years, Unified Parkinson's Disease Rating Scale score: UPDRS = 7.25 ± 6.26) without and with a shirt, specifically designed for improving posture, at baseline and after one month of wearing.
The results showed a significant improvement in symmetry of loads (p = 0.015) and an enlargement of the foot contact surface (p = 0.038). A significant correlation was found between the change in forefoot load and time spent daily in wearing the shirt (R = 0.575, p = 0.008), with an optimal value identified at 8 h per day.
The use of a postural shirt in patients with PD symmetrized the postural load and enlarged the foot contact surface improving their balance.","Morone, Iosa, Cocchi, Paolucci, Arengi, Bini, Marinozzi, Ciancarelli, Paolucci, De Angelis",2021-11-16,Journal of bodywork and movement therapies,10.1016/j.jbmt.2021.06.011,"Baropodometry, Gait, Parkinson's disease, Posture, Stabilometry, Walking"
38890480,Association of accelerometer-measured physical activity and incident Parkinson's disease: insights and future research directions,"Chen LH, Liu T.",NPJ Digit Med. 2024 Jun 18;7(1):158. doi: 10.1038/s41746-024-01154-0.,Chen LH,NPJ Digit Med,2024,2024/06/18,PMC11187200,,10.1038/s41746-024-01154-0,38890480,Association of accelerometer-measured physical activity and incident Parkinson's disease: insights and future research directions.,,"Chen, Liu",2024-06-19,NPJ digital medicine,"10.1038/s41746-024-01154-0
10.1038/s41746-023-00969-7
10.1186/s13024-021-00504-w
10.1093/brain/awz113
10.1212/01.wnl.0000183056.89590.0d
10.1001/jamaneurol.2020.1623
10.1097/GME.0000000000001918
10.1002/ana.1052
10.1212/WNL.30.8.839
10.1002/mds.21706
10.1038/s41531-023-00623-9",
38768570,Olfactory Dysfunction and Long-Term Trajectories of Sleep Disorders among early Parkinson's Disease: Findings from a Longitudinal Cohort,"Ye M, Ji Q, Liu Q, Xu Y, Tao E, Zhan Y.",Neuroepidemiology. 2025;59(1):68-77. doi: 10.1159/000539330. Epub 2024 May 20.,Ye M,Neuroepidemiology,2025,2024/05/20,PMC11797938,,10.1159/000539330,38768570,Olfactory Dysfunction and Long-Term Trajectories of Sleep Disorders among early Parkinson's Disease: Findings from a Longitudinal Cohort.,"Previous studies have suggested a connection between impaired olfactory function and an increased risk of rapid eye movement sleep behavior disorder (RBD) in individuals diagnosed with Parkinson's disease (PD). However, there is a gap in knowledge regarding the potential impact of olfactory dysfunction on the long-term patterns of sleep disorders among early PD patients.
Data from the Parkinson's Progression Markers Initiative program included 589 participants with assessments of sleep disorders using the Epworth Sleepiness Scale (ESS) and RBD Screening Questionnaire (RBDSQ). Olfactory dysfunction at baseline was measured using the University of Pennsylvania Smell Identification Test. Trajectories of sleep disorders over a 5-year follow-up were identified using group-based trajectory modeling, and the relationship between olfactory dysfunction and sleep disorder trajectories was examined through binomial logistic regression.
Two distinct trajectories of sleep disorders over the 5-year follow-up period were identified, characterized by maintaining a low or high ESS score and a low or high RBDSQ score. An inversion association was observed between olfactory function measures and trajectories of excessive daytime sleepiness (odds ratio [OR] = 0.97, 95% confidence interval [CI] 0.95, 1.00, p = 0.038), after controlling for potential covariates. Similarly, olfactory function showed a significant association with lower trajectories of probable RBD (OR = 0.96, 95% CI 0.94, 0.98, p = 0.001) among early PD individuals. Consistent findings were replicated across alternative analytical models.
Our findings indicated that olfactory dysfunction was associated with unfavorable long-term trajectories of sleep disorders among early PD.
Previous studies have suggested a connection between impaired olfactory function and an increased risk of rapid eye movement sleep behavior disorder (RBD) in individuals diagnosed with Parkinson's disease (PD). However, there is a gap in knowledge regarding the potential impact of olfactory dysfunction on the long-term patterns of sleep disorders among early PD patients.
Data from the Parkinson's Progression Markers Initiative program included 589 participants with assessments of sleep disorders using the Epworth Sleepiness Scale (ESS) and RBD Screening Questionnaire (RBDSQ). Olfactory dysfunction at baseline was measured using the University of Pennsylvania Smell Identification Test. Trajectories of sleep disorders over a 5-year follow-up were identified using group-based trajectory modeling, and the relationship between olfactory dysfunction and sleep disorder trajectories was examined through binomial logistic regression.
Two distinct trajectories of sleep disorders over the 5-year follow-up period were identified, characterized by maintaining a low or high ESS score and a low or high RBDSQ score. An inversion association was observed between olfactory function measures and trajectories of excessive daytime sleepiness (odds ratio [OR] = 0.97, 95% confidence interval [CI] 0.95, 1.00, p = 0.038), after controlling for potential covariates. Similarly, olfactory function showed a significant association with lower trajectories of probable RBD (OR = 0.96, 95% CI 0.94, 0.98, p = 0.001) among early PD individuals. Consistent findings were replicated across alternative analytical models.
Our findings indicated that olfactory dysfunction was associated with unfavorable long-term trajectories of sleep disorders among early PD.","Ye, Ji, Liu, Xu, Tao, Zhan",2024-05-21,Neuroepidemiology,10.1159/000539330,"Group-based trajectory modeling, Longitudinal cohort, Olfactory dysfunction, Parkinson’s disease, Sleep disorders trajectories"
34054697,A Rapid Motor Task-Based Screening Tool for Parkinsonism in Community-Based Studies,"Dlamini WW, Nielsen S, Ushe M, Nelson G, Racette BA.",Front Neurol. 2021 May 13;12:653066. doi: 10.3389/fneur.2021.653066. eCollection 2021.,Dlamini WW,Front Neurol,2021,2021/05/31,PMC8155367,,10.3389/fneur.2021.653066,34054697,A Rapid Motor Task-Based Screening Tool for Parkinsonism in Community-Based Studies.,,"Dlamini, Nielsen, Ushe, Nelson, Racette",2021-06-01,Frontiers in neurology,"10.3389/fneur.2021.653066
10.1016/S1474-4422(17)30299-5
10.1016/S1474-4422(18)30499-X
10.1002/mds.21153
10.14802/jmd.17028
10.1002/mds.870090112
10.1002/mds.22340
10.1212/WNL.0000000000003533
10.1097/JOM.0000000000001634
10.1212/WNL.0000000000006163
10.1186/s12940-021-00712-3
10.1016/j.scitotenv.2010.12.017
10.1016/j.scitotenv.2015.09.084
10.1002/mds.22445
10.1016/j.parkreldis.2015.01.018
10.1002/mds.23893
10.1016/j.parkreldis.2014.02.022
10.1002/mds.23740
10.1093/aje/kwg068
10.1212/WNL.0000000000004536
10.1001/archneur.1989.00520460028009
10.1002/ana.410390107
10.1212/01.wnl.0000277648.63931.c0
10.22037/aaem.v4i2.232
10.1016/j.neuro.2009.08.004
10.1007/BF02371451
10.1016/j.neuro.2017.02.009
10.1016/j.parkreldis.2019.06.012
10.1016/j.neuro.2013.08.010
10.1155/2020/7542138
10.1111/j.1468-1331.2008.02148.x
10.1017/S0317167100001062","kinematics, manganese, parkinsonism, predictive model, receiver operating characteristic"
33689402,"Effect of Care Rehabilitation on Medical Expenses, Care Costs, and Total Costs of Elderly Individuals with Parkinson's Disease","Liu N, Babazono A, Kim SA, Li Y.",Popul Health Manag. 2021 Dec;24(6):738-747. doi: 10.1089/pop.2020.0316. Epub 2021 Mar 9.,Liu N,Popul Health Manag,2021,2021/03/10,,,10.1089/pop.2020.0316,33689402,"Effect of Care Rehabilitation on Medical Expenses, Care Costs, and Total Costs of Elderly Individuals with Parkinson's Disease.","The fast-growing prevalence of Parkinson's disease (PD) creates a heavy burden for society and the health care system. Although different ways to mitigate the economic burden of PD have been discussed in the literature, including several effective treatments, few studies have paid attention to the effect of care rehabilitation (CR) on PD costs over a long-term care period. This study tracked medical expenses, care costs, and total costs of elderly individuals with PD for 3 years based on medical claims data merged with long-term care insurance (LTCI) claims data, and determined whether CR reduced PD costs. Using a retrospective, longitudinal cohort design, 3950 elderly individuals with PD who received LTCI services from April 2014 to March 2017 in Fukuoka Prefecture, Japan were followed. PD costs were compared between the CR group and the non-CR group, and a hierarchical linear model was used to examine whether CR was associated with medical expenses, care costs, and total costs. The mean value of total costs in fiscal years 2014, 2015, and 2016 were ¥3,124,944 (US$29,504), ¥3,328,398 (US$31,425), and ¥3,615,892 (US$34,140), respectively. In a hierarchical linear model, CR alone was not associated with medical expenses and care costs; additionally, CR had a positive association with higher total costs. However, the interaction term between CR and baseline care needs level significantly reduced care costs and total costs. That indicates that if older PD patients with higher care needs level receive CR, their care costs and total costs will be reduced. Further research is needed to clarify how CR reduces these patients' costs.","Liu, Babazono, Kim, Li",2021-03-11,Population health management,10.1089/pop.2020.0316,"Parkinson's disease, care costs, care rehabilitation, cost of Parkinson's disease, medical expenses, total costs"
39244698,Socioenvironmental Factors are Associated With Dopamine Transporter Availability in Healthy Individuals but not in Parkinson's Disease,"Cayir S, Tezel M, Matuskey D.",J Geriatr Psychiatry Neurol. 2025 Mar;38(2):143-149. doi: 10.1177/08919887241281062. Epub 2024 Sep 7.,Cayir S,J Geriatr Psychiatry Neurol,2025,2024/09/08,PMC12473387,NIHMS2110261,10.1177/08919887241281062,39244698,Socioenvironmental Factors are Associated With Dopamine Transporter Availability in Healthy Individuals but not in Parkinson's Disease.,"Social factors can influence the brain's dopaminergic function. This study investigated the relationship between socioenvironmental factors and dopamine transporter (DaT) availability in healthy individuals (n = 74) and those with Parkinson's disease (PD) (n = 240).
All single photon emission computed tomography (SPECT) DaT data and clinical data used in this study were obtained from the Parkinson's Progression Markers Initiative (PPMI) dataset. Socioenvironmental data was obtained from Social Explorer analyses of the American Community Survey (2014-2018) using the residential ZIP codes of the subjects available in the PPMI dataset.
Participants resided in 302 ZIP code tabulation areas across 38 U.S. states. In healthy individuals
The study findings suggest that socioenvironmental factors, such as median household income, education level, and poverty rate, are significantly associated with DaT availability in the caudate of healthy individuals but not in those with PD. This indicates that PD might disrupt the connection between the social environment and dopaminergic function. These results underscore the importance of considering socioenvironmental variables when studying dopaminergic function in the human brain.","Cayir, Tezel, Matuskey",2024-09-08,Journal of geriatric psychiatry and neurology,"10.1177/08919887241281062
10.1016/j.yfrne.2005.03.001
10.1038/nn798
10.1007/s00213-015-4122-8
10.1038/nn.4108
10.1038/s41380-024-02581-x
10.1016/j.biopsych.2009.07.037
10.1016/j.neulet.2016.01.056
10.1016/j.drugalcdep.2015.06.039
10.1016/j.neulet.2022.136463
10.1038/mp.2017.208
10.1016/j.pscychresns.2005.02.002
10.1016/j.brainres.2014.09.010
10.1016/j.jns.2016.01.030
10.1016/j.clineuro.2016.05.009
10.1016/j.parkreldis.2023.105844
10.1016/j.taap.2004.08.013
10.1097/rlu.0000000000001885
10.1016/j.neuroimage.2017.02.067
10.1080/13825585.2019.1653445
10.1097/wco.0000000000000582
10.1098/rspb.2014.2516
10.1002/hbm.20392","Parkinson’s disease, dopamine transporter, socioenvironmental factors"
39846578,Exploring Context Allows Us to Better Understand Physical Activity in People with and Without Parkinson's Who Have Fallen: A Mixed Methods Study,"Baker K, Das J, Rochester L, Del Din S, Naisby J.",Geriatrics (Basel). 2025 Jan 7;10(1):8. doi: 10.3390/geriatrics10010008.,Baker K,Geriatrics (Basel),2025,2025/01/23,PMC11755437,,10.3390/geriatrics10010008,39846578,Exploring Context Allows Us to Better Understand Physical Activity in People with and Without Parkinson's Who Have Fallen: A Mixed Methods Study.,,"Baker, Das, Rochester, Del Din, Naisby",2025-01-23,"Geriatrics (Basel, Switzerland)","10.3390/geriatrics10010008
10.1002/mds.27195
10.1155/2013/906274
10.1007/s00415-017-8620-y
10.1016/j.parkreldis.2013.10.030
10.3233/JPD-150640
10.1016/j.parkreldis.2014.12.014
10.1002/mds.21598
10.1002/mds.20115
10.2217/nmt.14.22
10.1080/09638288.2017.1417498
10.1186/s12877-018-0735-1
10.1093/gerona/glaa007
10.1093/gerona/glx254
10.1080/09638288.2018.1471167
10.3233/JPD-181489
10.1177/1545968320952799
10.3233/JPD-202247
10.1186/1479-5868-10-22
10.1016/j.amepre.2012.11.006
10.1111/j.1532-5415.1991.tb01616.x
10.2340/16501977-0537
10.1093/ageing/afi196
10.1002/mds.20213
10.1002/mds.22340
10.1016/j.gaitpost.2009.07.108
10.1186/1471-2288-13-117
10.1136/bmj.320.7226.50
10.1123/japa.2013-0236
10.2147/CIA.S197857
10.2522/ptj.20120279
10.5507/euj.2020.012
10.1016/j.rcsop.2023.100309
10.1016/S2468-2667(21)00302-9
10.1007/s00415-013-7037-5
10.3390/s23218971
10.1136/practneurol-2018-001930
10.1093/ptj/81.2.810
10.2522/ptj.20130028
10.1519/JPT.0000000000000236
10.3390/ijerph191610002
10.1016/j.physio.2020.10.004
10.1007/s11910-021-01096-0
10.1186/s12877-021-02050-y","Parkinson’s, exercise, falls, mixed methods, physical activity"
41090034,SHAP-based interpretable machine learning for Parkinson's disease severity prediction: integrated analysis of clinical and environmental features,"Jin Y, Li X, Han X, Qiu Y, Zhang H, Xu J, Han M.",Front Neurol. 2025 Sep 29;16:1678463. doi: 10.3389/fneur.2025.1678463. eCollection 2025.,Jin Y,Front Neurol,2025,2025/10/15,PMC12515681,,10.3389/fneur.2025.1678463,41090034,SHAP-based interpretable machine learning for Parkinson's disease severity prediction: integrated analysis of clinical and environmental features.,"Parkinson's Disease (PD) represents the second most prevalent neurodegenerative disorder globally, with traditional assessment methods suffering from limitations including substantial inter-rater variability and inability to capture multifactorial complexity underlying disease progression.
Based on data from 500 Parkinson's disease patients, we integrated 7 standardized clinical phenotypes (excluding UPDRS to prevent data leakage) and 8 environmental exposure factors, compared 10 machine learning algorithms using 5-fold cross-validation, and applied SHAP interpretability analysis for transparent feature importance assessment.
XGBoost with SMOTE sampling achieved clinically meaningful discriminative performance (AUC = 0.781, precision = 0.548, recall = 0.750) appropriate for screening applications. SHAP analysis revealed non-motor symptoms as the primary predictor (SHAP value = 2.76), followed by serum dopamine concentration (2.39) and age (2.16), while environmental factors demonstrated modest but statistically significant contributions.
This proof-of-concept study developed an interpretable framework with methodological safeguards against data leakage, demonstrating promising screening potential with realistic performance expectations. However, the cross-sectional, single-center design limits generalizability, requiring external validation and longitudinal studies before clinical deployment.","Jin, Li, Han, Qiu, Zhang, Xu, Han",2025-10-15,Frontiers in neurology,"10.3389/fneur.2025.1678463
10.1016/S0140-6736(21)00218-X
10.3233/JPD-202038
10.1002/mds.22340
10.1038/s41746-024-01217-2
10.3390/medicina59020294
10.1038/srep44741
10.3389/fnagi.2021.633752
10.1136/jnnp.55.3.181
10.1002/mds.26424
10.1016/0022-3956(75)90026-6
10.1016/S0140-6736(02)07882-0
10.1161/STROKEAHA.115.007984
10.1038/nclimate1902
10.1097/01.ede.0000181630.15826.7d
10.1001/archinternmed.2011.683
10.1007/s11869-011-0140-9
10.1002/9781118548387
10.1007/BF00994018
10.1023/A:1010933404324
10.1214/aos/1013203451
10.1006/jcss.1997.1504
10.1007/BF00058655
10.1145/2939672.2939785
10.1002/9781119482260
10.1038/s42256-019-0138-9
10.1016/j.ipm.2009.03.002
10.48550/arXiv.2010.16061
10.1016/j.patrec.2005.10.010
10.1148/radiology.143.1.7063747
10.1093/brain/aws055
10.1038/nrneurol.2013.10
10.1007/s40572-016-0083-2
10.1016/j.bj.2018.06.001
10.1016/j.tins.2009.05.009
10.1016/j.envint.2019.04.069
10.1016/S1474-4422(11)70014-X
10.1038/s41591-018-0300-7
10.1038/s41746-020-0221-y
10.1001/jama.2018.17163
10.1038/s41746-018-0029-1
10.1186/s13244-019-0830-7
10.1038/s41551-018-0305-z
10.5334/egems.287
10.1016/j.amepre.2015.08.031
10.1038/s41551-022-00898-y
10.1001/jama.2019.18058","Parkinson's disease, SHAP, disease severity, environmental factors, interpretable artificial intelligence, machine learning"
41140317,Mixture effects of air pollutants on Parkinson's disease in adults ages 40+ in the United States from 2002 to 2016,"Vu BN, Amini H, Qiu X, Feng Y, Wei Y, Schwartz J.",Environ Epidemiol. 2025 Oct 22;9(6):e425. doi: 10.1097/EE9.0000000000000425. eCollection 2025 Dec.,Vu BN,Environ Epidemiol,2025,2025/10/27,PMC12548994,,10.1097/EE9.0000000000000425,41140317,Mixture effects of air pollutants on Parkinson's disease in adults ages 40+ in the United States from 2002 to 2016.,"Recent studies have shown that air pollutants may have adverse effects on neurological disorders. However, few studies have investigated the long-term exposure of particle components in conjunction with NO","Vu, Amini, Qiu, Feng, Wei, Schwartz",2025-10-27,"Environmental epidemiology (Philadelphia, Pa.)",10.1097/EE9.0000000000000425,"Nitrate, Ozone, PM components, Parkinson’s disease, Weighted quantile sum"
39546524,PATIENT WITH PARKINSON'S DISEASE AND DEPRESSIVE SYMPTOMS ASSOCIATED WITH IMPULSE CONTROL DISORDER,"Migita K, Okamoto N, Ikenouchi A, Kijima R, Hashimoto T, Adachi H, Yoshimura R.",Psychiatr Danub. 2024 May;36(1):135-136. doi: 10.24869/psyd.2024.135.,Migita K,Psychiatr Danub,2024,2024/11/15,,,10.24869/psyd.2024.135,39546524,PATIENT WITH PARKINSON'S DISEASE AND DEPRESSIVE SYMPTOMS ASSOCIATED WITH IMPULSE CONTROL DISORDER.,,"Migita, Okamoto, Ikenouchi, Kijima, Hashimoto, Adachi, Yoshimura",2024-11-15,Psychiatria Danubina,10.24869/psyd.2024.135,
35338204,Author Correction: Neuroprotective effects of ATPase inhibitory factor 1 preventing mitochondrial dysfunction in Parkinson's disease,"Chung I, Park HA, Kang J, Kim H, Hah SM, Lee J, Kim HS, Choi WS, Chung JH, Shin MJ.",Sci Rep. 2022 Mar 25;12(1):5203. doi: 10.1038/s41598-022-09076-1.,Chung I,Sci Rep,2022,2022/03/26,PMC8956612,,10.1038/s41598-022-09076-1,35338204,Author Correction: Neuroprotective effects of ATPase inhibitory factor 1 preventing mitochondrial dysfunction in Parkinson's disease.,,"Chung, Park, Kang, Kim, Hah, Lee, Kim, Choi, Chung, Shin",2022-03-27,Scientific reports,10.1038/s41598-022-09076-1,
40201792,"Effect of Short-Term Exposure to Ambient Temperatures on Parkinson's Diseases Mortality Among Elderly Aged 60 Years and Above in China, 2013-2020","Zhang R, Jia A, Zheng H, Li Y, Wang C, Wu S, Wang S, Guo Q, Wang Y, Bi P, Wu J.",Geohealth. 2025 Apr 8;9(4):e2024GH001246. doi: 10.1029/2024GH001246. eCollection 2025 Apr.,Zhang R,Geohealth,2025,2025/04/09,PMC11976458,,10.1029/2024GH001246,40201792,"Effect of Short-Term Exposure to Ambient Temperatures on Parkinson's Diseases Mortality Among Elderly Aged 60 Years and Above in China, 2013-2020.","Parkinson's disease (PD) is a prevalent neurodegenerative disorder with significant negative health and economic implications for individuals, families and society. This study utilized an individual-level time-stratified case-crossover study design to investigate the relationship between ambient temperatures and PD mortality among the elderly in China. A combination of conditional logistic regression and distributed lag non-linear model was employed to analyze the data, and the mortality burden attributed to ambient temperatures was quantified. The study included a total of 59,397 deceased PD patients aged 60 years and above who died between 2013 and 2020. Findings revealed that the effects of extremely low temperature (-1°C) could persist for up to 14 days, while the impacts of extremely high temperature (30°C) were acute and last for 4 days and showing a significant harvest effect. For the overall population, the high temperatures significantly increased the risk of death, where low temperature did not. A lag0-14 cumulative odds ratios (COR) of extremely low temperature compared to the reference temperature (15°C) was 1.024 (95% CI: 0.971, 1.080). The lag0-14 COR of extremely high temperature was 1.206 (95% CI: 1.116, 1.304). Additionally, high temperatures attributed greater AF of 4.013 (95% eCI: 1.990, 5.894) comparing to low temperatures did of 0.762 (95% eCI: -0.624, 2.017). Significant differences were found across regions. No statistically significant differences were found between the sex and age. This nationwide study provides evidence for tailored interventions in specific regions and populations to reduce temperature-related PD mortality among the elderly in China.","Zhang, Jia, Zheng, Li, Wang, Wu, Wang, Guo, Wang, Bi, Wu",2025-04-09,GeoHealth,"10.1029/2024GH001246
10.1097/00001648-199909000-00013
10.1016/j.envres.2021.111511
10.3390/medicina59020294
10.1212/wnl.0b013e3182a4a43c
10.1164/rccm.201609-1862oc
10.1136/bmj.k4306
10.18637/jss.v043.i08
10.1002/sim.3940
10.1016/s0140-6736(14)62114-0
10.1186/1471-2288-14-55
10.1016/j.ebiom.2023.104854
10.1002/brb3.3369
10.1016/j.eclinm.2022.101501
10.1016/j.neulet.2012.09.047
10.4081/ni.2016.6676
10.1016/j.scitotenv.2023.161464
10.1016/j.lanwpc.2023.100778
10.1097/cm9.0000000000002760
10.1002/mds.28762
10.1016/s0140-6736(23)01859-7
10.1177/17423953211039789
10.1097/ee9.0000000000000303
10.1016/j.scitotenv.2021.149548
10.1016/j.parkreldis.2019.02.041
10.1038/s41467-021-21305-1
10.1038/s41467-023-44066-5
10.1016/j.earlhumdev.2020.105217
10.1016/j.lanwpc.2024.101217
10.1016/j.accre.2024.12.002
10.1159/000530593",
34034024,How many gait initiation trials are necessary to reliably detect anticipatory postural adjustments and first step characteristics in healthy elderly and people with Parkinson's disease?,"Seuthe J, D'Cruz N, Ginis P, Blöbaum R, Weisser B, Deuschl G, Nieuwboer A, Schlenstedt C.",Gait Posture. 2021 Jul;88:126-131. doi: 10.1016/j.gaitpost.2021.05.016. Epub 2021 May 18.,Seuthe J,Gait Posture,2021,2021/05/25,,,10.1016/j.gaitpost.2021.05.016,34034024,How many gait initiation trials are necessary to reliably detect anticipatory postural adjustments and first step characteristics in healthy elderly and people with Parkinson's disease?,"The gait initiation (GI) process can be characterized by anticipatory postural adjustments (APAs) and first step characteristics. However, even within a constrained environment, it is unclear how many trials are necessary to obtain a reliable measurement of the GI process within one assessment.
How many gait initiation trials are necessary to reliably detect APAs and first step characteristics in healthy elderly (HC) and people with Parkinson's disease with Freezing of Gait (PD + FOG) under single (ST) and dual task (DT) conditions and are there any potential systematic errors?
Thirty-eight PD + FOG (ON-medication) and 30 HC performed 5 trials of GI under ST and DT (auditory stroop test). APAs and first-step-outcomes were captured with IMUs placed on the lower back and on each foot. Intraclass correlation coefficients (ICCs) and the standard error of measurement (SEM) were computed to investigate reliability and mixed model analysis to find potential systematic errors. Additionally, we computed an estimation for the number of necessary trials to reach acceptable reliability (ICC = 0.75) for each outcome.
ICCs varied from low reliability to excellent reliability across outcomes in PD + FOG and HC. ICCs were comparable under ST and DT for most outcomes. SEM results confirmed the ICC results. A systematic error was found for the first trial in first step ROM. Number of necessary trials varied largely across outcomes.
Within-session reliability varied across outcomes but was similar for PD + FOG and HC, and ST and DT. ML size of APA and first step ROM were most reliable, whereas APA duration and latency were least reliable. Depending on the outcome of interest, future studies should conduct multiple trials of GI to increase reliability.","Seuthe, D'Cruz, Ginis, Blöbaum, Weisser, Deuschl, Nieuwboer, Schlenstedt",2021-05-26,Gait & posture,10.1016/j.gaitpost.2021.05.016,"Anticipatory postural adjustment, Gait initiation, Parkinson’s disease, Reliability"
40150115,A Comparative Study of Machine Learning and Deep Learning Models for Automatic Parkinson's Disease Detection from Electroencephalogram Signals,"Bera S, Geem ZW, Cho YI, Singh PK.",Diagnostics (Basel). 2025 Mar 19;15(6):773. doi: 10.3390/diagnostics15060773.,Bera S,Diagnostics (Basel),2025,2025/03/28,PMC11941155,,10.3390/diagnostics15060773,40150115,A Comparative Study of Machine Learning and Deep Learning Models for Automatic Parkinson's Disease Detection from Electroencephalogram Signals.,,"Bera, Geem, Cho, Singh",2025-03-28,"Diagnostics (Basel, Switzerland)","10.3390/diagnostics15060773
10.1101/cshperspect.a008862
10.1111/cns.13429
10.3389/fnagi.2022.810860
10.1016/j.cub.2018.11.052
10.3390/diagnostics12051033
10.3389/fnagi.2021.633752
10.1093/med/9780190497774.001.0001
10.3390/app12115413
10.1001/archneurol.2009.15
10.1155/2020/8875426
10.1007/s12559-023-10171-2
10.3390/bios12121153
10.1016/j.parkreldis.2020.08.001
10.1016/j.parkreldis.2022.01.011
10.1007/s00521-024-09521-4
10.1007/s00521-024-09569-2
10.3390/electronics10141740
10.3389/fnins.2022.957181
10.1109/TIM.2024.3351248
10.1109/JBHI.2023.3292452
10.3389/fnins.2013.00267
10.3390/diagnostics13101779
10.1007/s11042-020-09537-7
10.3390/bios12060393
10.1016/j.bspc.2022.104000
10.1016/j.ipm.2022.102909
10.1007/978-3-540-31865-1_25
10.3389/fnhum.2019.00118","IOWA dataset, Parkinson’s disease detection, UC San Diego Resting State EEG dataset, convolutional neural network, electroencephalogram signals, power spectral density, support vector machine"
33130433,Signal intensity of cerebral gyri in corticobasal syndrome on phase difference enhanced magnetic resonance images: Comparison of progressive supranuclear palsy and Parkinson's disease,"Miyata M, Kakeda S, Yoneda T, Ide S, Okada K, Adachi H, Korogi Y.",J Neurol Sci. 2020 Dec 15;419:117210. doi: 10.1016/j.jns.2020.117210. Epub 2020 Oct 25.,Miyata M,J Neurol Sci,2020,2020/11/01,,,10.1016/j.jns.2020.117210,33130433,Signal intensity of cerebral gyri in corticobasal syndrome on phase difference enhanced magnetic resonance images: Comparison of progressive supranuclear palsy and Parkinson's disease.,"We evaluated cerebral gyri (CG) on phase difference enhanced imaging (PADRE) of corticobasal syndrome (CBS), progressive supranuclear palsy (PSP), and Parkinson's disease (PD) patients to determine whether it is possible to discriminate among them on an individual basis. Two radiologists reviewed appearance of the normal CG and that of CBS patients on PADRE, and deviations from the appearance of the normal CG were recorded. Next, based on the CG abnormalities, two other reviewers reviewed PADRE images from 12 CBS, 14 PSP, and 30 PD patients. In healthy subjects on the PADRE images, the signal intensity (SI) of the gray matter (GM) was homogeneously, slightly hyperintense to the subcortical white matter (SCWM), and the SI of the SCWM was homogeneously hypointense. In CBS patients, hypointense layer in superficial GM and disappearance of hypointense in SCWM. The frequency of the abnormal findings on PADRE in the blinded manner by two readers was 100% (12/12), 3% (1/30), and 29% (4/14 in Reader 1) or 36% (5/14 in Reader 2) in CBS PD, and PSP patients, respectively. Laterality of the PADRE findings was showed in 12 (100%) CBS patients and 3 (21%) PSP, but not in any PD patients. The previously reported typical findings in CBS on conventional magnetic resonance image (MRIs) were observed in only 42% (5/12) of CBS patients. In conclusion, the abnormal findings in CG on PADRE appears more useful than conventional MRI findings for discriminating CBS from PD on an individual basis.","Miyata, Kakeda, Yoneda, Ide, Okada, Adachi, Korogi",2020-11-02,Journal of the neurological sciences,10.1016/j.jns.2020.117210,"Corticobasal syndrome, PADRE, Parkinson's disease, Phase difference enhanced imaging, Progressive supranuclear palsy"
40893506,Association between brain iron deposition and pure apathy in Parkinson's disease: a cross-sectional quantitative susceptibility mapping imaging study,"Zhang L, Chen K, Zhi Y, Ji W, Shi G, You Y, Wang F, Chen K, Xu T, Fang X.",Quant Imaging Med Surg. 2025 Sep 1;15(9):8292-8308. doi: 10.21037/qims-2024-2626. Epub 2025 Aug 12.,Zhang L,Quant Imaging Med Surg,2025,2025/09/02,PMC12397670,,10.21037/qims-2024-2626,40893506,Association between brain iron deposition and pure apathy in Parkinson's disease: a cross-sectional quantitative susceptibility mapping imaging study.,"Apathy, a decline in goal-directed motivated behavior, is a common non-motor symptom (NMS) in Parkinson's disease (PD). Previous studies have suggested that PD patients with apathy exhibit increased iron levels in the cerebrospinal fluid (CSF) and the iron levels are positively correlated with the severity of apathy, indicating that apathy in PD may be related with brain iron accumulation. Specifically, quantitative susceptibility mapping (QSM), an emerging brain magnetic resonance imaging (MRI) technique, can be used to sensitively detect the iron deposition in the brain 
A total of 29 patients with PD-PA, 33 PD without pure apathy (PD-NPA), and 32 healthy controls (HCs) were collected. All participants underwent three-dimensional T1-weighted imaging (3DT1) and QSM scans. The susceptibility values of PD-PA, PD-NPA, and HC groups were compared at whole brain voxel-wise level and the region of interest (ROI)-wise level, respectively. Moreover, correlation analysis between apathy symptoms and brain iron deposition was further performed in the PD-PA group.
Relative to the HCs, patients with PD demonstrated increased susceptibility values (consistent with higher brain tissue iron deposits) in substantia nigra pars compacta (SNc) and ventral tegmental area (VTA) of the midbrain [P
In patients with PD-PA, brain regions associated with brain iron deposition were mainly located in the ""mesocorticolimbic loop"" (SFGmed and ACC), as well as the STG and thalamus. The present study suggested that abnormal iron deposition in these core brain regions may be associated with abnormal top-down and bottom-up neuroregulation and involved in the mechanism of PD apathy. The present study provides new insights into the pathophysiologic mechanism of PD-PA.","Zhang, Chen, Zhi, Ji, Shi, You, Wang, Chen, Xu, Fang",2025-09-02,Quantitative imaging in medicine and surgery,"10.21037/qims-2024-2626
10.1016/j.eurpsy.2018.07.008
10.1002/alz.12358
10.1016/S1474-4422(15)00019-8
10.1002/mds.26208
10.1002/mds.22843
10.1136/jnnp.73.6.636
10.3389/fneur.2021.720921
10.1176/jnp.4.2.134
10.1017/S1355617713000131
10.1212/01.wnl.0000230572.07791.22
10.1080/14737175.2020.1752669
10.1212/WNL.0000000000008683
10.1016/j.neuropsychologia.2017.07.003
10.1016/j.bbadis.2008.07.006
10.1111/j.1471-4159.1992.tb10990.x
10.1046/j.1471-4159.1994.63030793.x
10.1002/ana.410320616
10.1523/JNEUROSCI.20-16-06048.2000
10.3389/fnagi.2022.1062964
10.1177/0891988716632918
10.1136/bmjopen-2020-037632
10.1002/mds.29013
10.1136/jnnp-2018-318265
10.1016/j.neuroimage.2012.05.049
10.1016/j.neuroimage.2014.11.010
10.1093/brain/awab084
10.1002/mds.29062
10.1136/jnnp-2019-322042
10.21037/qims-23-267
10.1007/s10072-021-05223-0
10.3389/fnagi.2023.1116516
10.1002/mds.26424
10.1212/WNL.0b013e3181c34b47
10.1136/jnnp.23.1.56
10.1111/j.2044-8341.1959.tb00467.x
10.1212/wnl.17.5.427
10.1212/wnl.55.11.1621
10.1002/mds.21875
10.1002/mds.22571
10.1002/mrm.24272
10.1016/j.neuroimage.2011.09.015
10.1002/nbm.1670
10.1002/mrm.26946
10.1002/mds.29702
10.1196/annals.1306.017
10.1016/S1474-4422(14)70117-6
10.1016/j.neuroimage.2016.05.024
10.1016/j.jtemb.2013.08.001
10.3389/fnagi.2023.1187684
10.1038/sdata.2018.63
10.1212/01.wnl.0000314686.94007.d0
10.1212/CON.0000000000001009
10.1093/brain/awh628
10.3174/ajnr.A5339
10.1016/j.tics.2004.07.009
10.1523/JNEUROSCI.3741-05.2006
10.1523/JNEUROSCI.1300-09.2009
10.1162/jocn_a_00595
10.1007/s00429-015-1137-1
10.1093/cercor/bhk031
10.1146/annurev-psych-113011-143750
10.1002/hbm.23556
10.1006/nimg.1999.0451
10.1016/j.parkreldis.2018.04.023
10.1038/nn1075
10.1098/rstb.2002.1161
10.1016/j.cortex.2022.05.012
10.1038/s41467-022-28892-7
10.1007/s11682-018-9959-0
10.3389/fnins.2020.00830
10.1016/j.jad.2020.05.145
10.3389/fnins.2022.975189
10.1002/mds.28971
10.1007/s00429-019-01945-2
10.1007/s00429-023-02644-9
10.1080/17470919.2011.556821
10.1093/braincomms/fcab022
10.1097/WAD.0b013e318231e5fc
10.1523/JNEUROSCI.0736-14.2014
10.1162/0898929042947874
10.1016/j.visres.2008.04.015
10.1002/mrm.25420","Parkinson’s disease (PD), apathy, brain iron deposition, quantitative susceptibility mapping (QSM)"
33427697,A novel method for automatic classification of Parkinson gait severity using front-view video analysis,"Khan T, Zeeshan A, Dougherty M.",Technol Health Care. 2021;29(4):643-653. doi: 10.3233/THC-191960.,Khan T,Technol Health Care,2021,2021/01/11,PMC9789477,,10.3233/THC-191960,33427697,A novel method for automatic classification of Parkinson gait severity using front-view video analysis.,"Gait impairment is an essential symptom of Parkinson's disease (PD).
This paper introduces a novel computer-vision framework for automatic classification of the severity of gait impairment using front-view motion analysis.
Four hundred and fifty-six videos were recorded from 19 PD patients using an RGB camera during clinical gait assessment. Gait performance in each video was rated by a neurologist using the unified Parkinson's disease rating scale for gait examination (UPDRS-gait). The proposed algorithm detects and tracks the silhouette of the test subject in the video to generate a height signal. Gait features were extracted from the height signal. Feature analysis was performed using the Kruskal-Wallis rank test. A support vector machine was trained using the features to classify the severity levels according to UPDRS-gait in 10-fold cross-validation.
Features significantly (p< 0.05) differentiated between median-ranks of UPDRS-gait levels. The SVM classified the levels with a promising area under the ROC of 80.88%.
Findings support the feasibility of this model for Parkinson's gait assessment in the home environment.","Khan, Zeeshan, Dougherty",2021-01-12,Technology and health care : official journal of the European Society for Engineering and Medicine,"10.3233/THC-191960
10.1016/j.parkreldis.2006.05.016
10.1002/mdc3.12755
10.1007/s11517-018-1868-2
10.1080/09593985.2019.1594472
10.1016/j.cmpb.2019.04.002
10.1016/S1474-4422(15)00041-1
10.1212/01.WNL.0000149637.70961.4C
10.1109/CVPR.2005.177
10.1023/A:1008162616689
10.1016/j.engappai.2010.07.004
10.1109/TIT.1982.1056489
10.1016/S0378-4371(01)00144-3
10.1093/biomet/57.3.579
10.1162/089976601750264965
10.1016/j.chemolab.2005.09.003
10.1109/NCC48643.2020.9056001
10.11138/FNeur/2017.32.1.028
10.1016/j.cmpb.2009.08.001","Parkinson’s disease, computervision, gait impairment, motion analysis"
40260611,Exploring the interactions of urinary metals and the mediating role of oxidative stress in Parkinson's disease risk: an epidemiological study in the elderly,"Shan C, Zheng Q, Li M, Ge Y, Bian J, Huang Z, Guo Z, Jiang Y, Xu P, Lu S, Chen H.",Environ Sci Process Impacts. 2025 May 21;27(5):1439-1447. doi: 10.1039/d5em00166h.,Shan C,Environ Sci Process Impacts,2025,2025/04/22,,,10.1039/d5em00166h,40260611,Exploring the interactions of urinary metals and the mediating role of oxidative stress in Parkinson's disease risk: an epidemiological study in the elderly.,"Parkinson's disease (PD) ranks as the second most prevalent neurodegenerative disorder, often leading to significant disability in affected individuals. Metal exposure has been implicated in PD, but the overall role, interactions among metal mixtures, and underlying mechanisms remain unclear. In this study, we measured 8 essential and 2 potentially harmful metal trace elements in urine samples from PD patients (","Shan, Zheng, Li, Ge, Bian, Huang, Guo, Jiang, Xu, Lu, Chen",2025-04-22,Environmental science. Processes & impacts,10.1039/d5em00166h,
41381678,A novel cryptographic framework and mathematical modeling for secure transmission of Parkinson's disease data using RSA and block-based secret sharing,"Sambandham T, Srivastava HM, Thangamani S, Yousif MA, Djaouti AM, Mohammed PO.",Sci Rep. 2025 Dec 12;16(1):2489. doi: 10.1038/s41598-025-32227-z.,Sambandham T,Sci Rep,2025,2025/12/11,PMC12820063,,10.1038/s41598-025-32227-z,41381678,A novel cryptographic framework and mathematical modeling for secure transmission of Parkinson's disease data using RSA and block-based secret sharing.,"The secure transmission of medical data is an essential requirement in modern telemedicine systems, particularly for chronic neurological disorders such as Parkinson's disease. This paper proposes a novel hybrid cryptographic framework that combines RSA encryption with block-based secret sharing enhanced by a Hilbert matrix-driven mathematical model. The framework introduces dynamic block-wise key generation and adaptive sharing to strengthen data confidentiality and robustness against cryptanalytic attacks. Mathematical modeling is employed to analyze encryption stability, numerical conditioning of the Hilbert matrix, and the diffusion properties of the key space. The proposed method is validated using publicly available Parkinson's EEG and spiral drawing datasets, with quantitative analysis including encryption/decryption time, computational overhead, and image quality metrics (PSNR, SSIM). The framework is further benchmarked against AES-Shamir and ECC-based hybrid models. Experimental results indicate that the proposed system achieves higher security entropy and lower computational cost, making it suitable for deployment in resource-constrained medical IoT environments.","Sambandham, Srivastava, Thangamani, Yousif, Djaouti, Mohammed",2025-12-12,Scientific reports,"10.1038/s41598-025-32227-z
10.1136/jnnp.2007.131045
10.3233/JPD-181474
10.1016/j.dsp.2024.104717
10.1007/s11042-023-14735-0
10.1007/978-981-99-4713-3_55
10.1145/359340.359342
10.1016/j.dsp.2024.104717
10.1007/s11042-023-14735-0
10.3390/life12060842
10.1109/ICITEE59582.2023.10317684
10.31449/inf.v49i9.6929
10.13052/jcsm2245-1439.1415","Cryptography, Data security, Hilbert matrix, Mathematical modeling, Medical IoT, Parkinson’s disease, RSA, Secret sharing"
40303466,"The innovation and practice of the ""hand as foot"" teaching method in the teaching of Parkinson's disease","Yang J, Yang D, Yu J, Liu J.",Front Aging Neurosci. 2025 Apr 15;17:1519067. doi: 10.3389/fnagi.2025.1519067. eCollection 2025.,Yang J,Front Aging Neurosci,2025,2025/04/30,PMC12037490,,10.3389/fnagi.2025.1519067,40303466,"The innovation and practice of the ""hand as foot"" teaching method in the teaching of Parkinson's disease.","Based on years of clinical teaching experience, the orthopedic team pioneered the ""hand as foot"" teaching method, initially applied in orthopedic teaching. The advantage of ""hand as foot"" teaching lies in the high similarity of anatomical structures between upper and lower limbs, joints, nerves, blood vessels, etc., This method allows using feet to explain knowledge instead of hands. It has since expanded to internal medicine, surgery, obstetrics, and gynecology, significantly impacting clinical teaching and medical education across departments. Utilizing simple gestures or body language to grasp clinical knowledge intuitively and repeatedly has proven effective. Over years of theoretical teaching, understanding brain anatomy, particularly the anatomy and communication of Parkinson's disease (PD), has posed challenges. Recently, after consulting relevant literature and articles on the application of the ""hand as foot"" teaching method in clinical teaching, I have been inspired. The invisibility and inaccessibility of brain anatomy make it challenging for students to comprehend and retain knowledge of basal ganglia anatomy. Through numerous clinical teaching experiences, we have discovered that using ""hand as foot"" is well-suited to address these teaching difficulties. Although there are many existing articles on manualized teaching methods in various disciplines, there is a gap in research on the impact of ""hand as foot"" method on students' academic performance. The aim of this study was to investigate the impact of the ""hand as foot"" teaching method on knowledge related to PD.
A self-designed questionnaire was used to validate the effectiveness of the ""Hand and Foot"" teaching method for teaching key points to undergraduate clinical medical students in Inner Mongolia Medical University.
There were a total of 81 participants of which 41 were in class 1 (students using ""hand as foot"" teaching method) and 40 were in class 2 (students using ""hand as foot"" teaching method), 75.61% of the students in class 1 found the ""hand as foot"" method useful and only 19.51% found the ""hand as foot"" method average. Of the students who were taught ""hand as foot,"" 80.49% correctly answered the option ""Main pathological changes in PD."" A total of 70.73% correctly answered the option ""Main components of the basal ganglia."" A total of 82.93% correctly answered the option ""Typical symptoms of PD."" A total of 51.22% correctly answered the question related to the swallow tail sign. The percentage of correct answers was much higher than that of the students in the class 2. From the questionnaire survey of medical students' knowledge of PD, we can draw several important conclusions. A total of 75.61% of the students in class 1 who had used the ""hand as foot"" method teaching in PD found the method helpful. The results with statistical difference (
The ""hand as foot"" teaching method is generally well-received by medical students. The teacher-student interaction is good, and the understanding and memorization of difficult knowledge points are effective. It also helps visualize knowledge and strengthens students' understanding and memory of complex concepts. This teaching approach has garnered positive feedback from both teachers and students. As basic education evolves, classroom teaching methods are continuously being reformed and advanced. Therefore, it is crucial to establish engaging teaching methods in the classroom. The analogy teaching method effectively stimulates students' interest in learning and encourages their self-directed learning. In comparison to the indoctrination teaching model, which focuses on rote memorization, this teaching method is more likely to spark students' interest in knowledge and boost their enthusiasm for learning. The results showed that the ""hand as foot"" teaching method significantly improved the correctness of the knowledge related to PD. In general, the use of ""hand as foot"" in the classroom can enliven the educational environment and enhance students' understanding and retention of abstract concepts. It aids in consolidation and review after class, simplifying complex questions into an intuitive and concrete form, which is highly beneficial for clinical teaching.","Yang, Yang, Yu, Liu",2025-04-30,Frontiers in aging neuroscience,"10.3389/fnagi.2025.1519067
10.1212/WNL.0b013e31829e6fd2
10.1016/j.asjsur.2020.12.030
10.1038/s41593-023-01518-x
10.1038/nrn.2016.57
10.1016/j.asjsur.2021.08.070
10.1186/s12909-021-02944-w
10.1016/j.asjsur.2024.09.114
10.1016/j.asjsur.2024.09.075
10.1016/j.asjsur.2021.11.022
10.1016/j.asjsur.2021.11.033
10.1016/j.asjsur.2022.03.067
10.1016/j.asjsur.2021.04.016
10.1016/j.asjsur.2022.12.048
10.1371/journal.pone.0093814
10.1016/j.asjsur.2022.04.017
10.1016/j.asjsur.2023.02.029
10.1016/j.asjsur.2023.06.012
10.1016/j.asjsur.2021.10.019","Parkinson’s disease, dopaminergic neurons, innovation, medical education, “hand as foot” teaching method"
33018103,Unsupervised Pre-trained Models from Healthy ADLs Improve Parkinson's Disease Classification of Gait Patterns,"Som A, Krishnamurthi N, Buman M, Turaga P.",Annu Int Conf IEEE Eng Med Biol Soc. 2020 Jul;2020:784-788. doi: 10.1109/EMBC44109.2020.9176572.,Som A,Annu Int Conf IEEE Eng Med Biol Soc,2020,2020/10/06,PMC7545260,NIHMS1605050,10.1109/EMBC44109.2020.9176572,33018103,Unsupervised Pre-trained Models from Healthy ADLs Improve Parkinson's Disease Classification of Gait Patterns.,"Application and use of deep learning algorithms for different healthcare applications is gaining interest at a steady pace. However, use of such algorithms can prove to be challenging as they require large amounts of training data that capture different possible variations. This makes it difficult to use them in a clinical setting since in most health applications researchers often have to work with limited data. Less data can cause the deep learning model to over-fit. In this paper, we ask how can we use data from a different environment, different use-case, with widely differing data distributions. We exemplify this use case by using single-sensor accelerometer data from healthy subjects performing activities of daily living - ADLs (source dataset), to extract features relevant to multi-sensor accelerometer gait data (target dataset) for Parkinson's disease classification. We train the pre-trained model using the source dataset and use it as a feature extractor. We show that the features extracted for the target dataset can be used to train an effective classification model. Our pretrained source model consists of a convolutional autoencoder, and the target classification model is a simple multi-layer perceptron model. We explore two different pre-trained source models, trained using different activity groups, and analyze the influence the choice of pre-trained model has over the task of Parkinson's disease classification.","Som, Krishnamurthi, Buman, Turaga",2020-10-07,Annual International Conference of the IEEE Engineering in Medicine and Biology Society. IEEE Engineering in Medicine and Biology Society. Annual International Conference,10.1109/EMBC44109.2020.9176572,
40070212,JLeNeT: Jaccard LeNet for Parkinson's disease detection and severity level classification using voice signal in IoT environment,"Pragadeeswaran S, Kannimuthu S.",Network. 2025 Mar 12:1-30. doi: 10.1080/0954898X.2025.2453032. Online ahead of print.,Pragadeeswaran S,Network,2025,2025/03/12,,,10.1080/0954898X.2025.2453032,40070212,JLeNeT: Jaccard LeNet for Parkinson's disease detection and severity level classification using voice signal in IoT environment.,"The neurodegenerative disorder called Parkinson's disease (PD) is one of the most common diseases now a day. In this research, PD is detected and severity classification is done using the proposed Jaccard LeNet (JLeNet) with the help of voice signal in the IoT environment. Here, the IoT simulation is done. Initially, from which voice signal is collected and the routing process is done by the proposed Chimp Wild Geese Algorithm (ChWGA). This ChWGA is the combination of the Wild Geese Algorithm (WGA) and Chimp Optimization Algorithm (ChOA). Finally, at Base Station (BS), PD is detected and classified. The input voice signal is fed for pre-processing conducted by an adaptive Kalman filter. Following this, feature extraction and feature selection are conducted, where Harmonic mean similarity helps in feature selection. Here, PD is detected using JLeNet, which is the hybridization of LeNet with the Jaccard similarity measure. In this work, routing metrics of energy and delay are superior and recorded with the values of 0.309 J and 0.434 ms for the ChWGA. Moreover, the proposed method attains an Accuracy of 0.910, True Positive Rate (TPR) of 0.903, and True Negative Rate (TNR) of 0.918.","Pragadeeswaran, Kannimuthu",2025-03-12,"Network (Bristol, England)",10.1080/0954898X.2025.2453032,"Jaccard similarity, Parkinson’s disease, Wild Geese Algorithm, internet of things"
41076900,"Green analytical methods for simultaneous determination of levodopa, carbidopa, and benserazide in Parkinson's drugs: The preferable superiority of the capillary electrophoresis comparing to the standard high performance liquid chromatography","Nguyen TD, Tu TH, Nguyen TMT, Nguyen MH, Duong HA, Pham HV.",J Chromatogr A. 2025 Nov 22;1763:466443. doi: 10.1016/j.chroma.2025.466443. Epub 2025 Oct 5.,Nguyen TD,J Chromatogr A,2025,2025/10/12,,,10.1016/j.chroma.2025.466443,41076900,"Green analytical methods for simultaneous determination of levodopa, carbidopa, and benserazide in Parkinson's drugs: The preferable superiority of the capillary electrophoresis comparing to the standard high performance liquid chromatography.","In this study, the green analytical methods based on capillary electrophoresis with capacitively coupled contactless conductivity detection (CE-C⁴D) and high-performance liquid chromatography with diode-array detection (HPLC-DAD) were developed for the simultaneous analysis of levodopa (LVDP), carbidopa (CBDP), and benserazide (BSRZ) as main active ingredients of Parkinson's drugs. Optimal conditions for both CE and HPLC methods were established using response surface methodology with central composite design (RSM-CCD), considering the important parameters as variable factors such as background electrolyte (BGE) concentration and applied voltage for CE; mobile phase concentration, pH-value, surfactant concentration, and flow rate for HPLC. For CE-C⁴D, formic acid (2.5 M, pH 1.68) at 18 kV was identified as optimal, and limits of detections (LODs) were determined to be 0.29 - 0.47 mg/L. For HPLC-DAD, a phosphate buffer (54.2 mM, pH 3.80) with 121 μM sodium 1-octanesulfonate at a flow rate of 1.06 mL/min was optimized, providing LODs of 0.18 - 0.35 mg/L. The greenness degree of the developed procedures was evaluated using the AGREE metric, with CE-C","Nguyen, Tu, Nguyen, Nguyen, Duong, Pham",2025-10-13,Journal of chromatography. A,10.1016/j.chroma.2025.466443,"Benserazide, Capillary electrophoresis, Carbidopa, Green analytical method, High-performance liquid chromatography, Levodopa, Parkinson"
33802532,Facilitatory rTMS over the Supplementary Motor Cortex Impedes Gait Performance in Parkinson Patients with Freezing of Gait,"Brugger F, Wegener R, Baty F, Walch J, Krüger MT, Hägele-Link S, Bohlhalter S, Kägi G.",Brain Sci. 2021 Mar 3;11(3):321. doi: 10.3390/brainsci11030321.,Brugger F,Brain Sci,2021,2021/04/03,PMC7999694,,10.3390/brainsci11030321,33802532,Facilitatory rTMS over the Supplementary Motor Cortex Impedes Gait Performance in Parkinson Patients with Freezing of Gait.,"Freezing of gait (FOG) in Parkinson's disease (PD) occurs frequently in situations with high environmental complexity. The supplementary motor cortex (SMC) is regarded as a major network node that exerts cortical input for motor control in these situations. We aimed at assessing the impact of single-session (excitatory) intermittent theta burst stimulation (iTBS) of the SMC on established walking during FOG provoking situations such as passing through narrow spaces and turning for directional changes. Twelve PD patients with FOG underwent two visits in the off-medication state with either iTBS or sham stimulation. At each visit, spatiotemporal gait parameters were measured during walking without obstacles and in FOG-provoking situations before and after stimulation. When patients passed through narrow spaces, decreased stride time along with increased stride length and walking speed (i.e., improved gait) was observed after both sham stimulation and iTBS. These effects, particularly on stride time, were attenuated by real iTBS. During turning, iTBS resulted in decreased stride time along with unchanged stride length, a constellation compatible with increased stepping frequency. The observed iTBS effects are regarded as relative gait deterioration. We conclude that iTBS over the SMC increases stepping frequency in PD patients with FOG, particularly in FOG provoking situations.","Brugger, Wegener, Baty, Walch, Krüger, Hägele-Link, Bohlhalter, Kägi",2021-04-04,Brain sciences,"10.3390/brainsci11030321
10.1016/S1474-4422(11)70143-0
10.1002/mds.21934
10.1002/mds.1206
10.1007/s00221-002-1354-8
10.1002/ana.20452
10.1177/1073858414559101
10.1093/brain/awz141
10.1038/nrn2478
10.3389/fnhum.2014.00960
10.3389/fneur.2015.00209
10.1136/jnnp.72.1.77
10.1371/journal.pone.0052602
10.1093/brain/awq324
10.1093/brain/awt272
10.1016/j.clinph.2020.05.023
10.1016/j.clinph.2016.04.004
10.1016/S1353-8020(13)70013-0
10.1016/j.neuron.2007.06.026
10.1212/WNL.0b013e31828c2f66
10.1016/j.neulet.2016.05.061
10.3988/jcn.2018.14.3.320
10.3233/RNN-140397
10.1016/j.parkreldis.2019.10.009
10.1016/S1353-8020(99)00062-0
10.1371/journal.pone.0060358
10.1016/j.neuron.2004.12.033
10.1016/j.clinph.2007.05.062
10.1016/j.gaitpost.2004.12.008
10.1016/j.parkreldis.2012.05.019
10.1111/j.1460-9568.2008.06167.x
10.1016/j.neuroimage.2013.05.084
10.1002/1531-8257(199905)14:3<423::AID-MDS1006>3.0.CO;2-V
10.1002/ana.25047
10.1016/j.nbd.2013.12.005
10.7554/eLife.38983
10.3389/fnhum.2017.00582
10.3109/09638289809166074
10.1016/j.bandc.2014.03.005
10.1038/s41598-020-58034-2","Parkinson’s disease, freezing of gait, rTMS, supplementary motor cortex"
41450755,"Short-term associations between ambient air pollution and emergency department visits for Parkinson disease, multiple sclerosis, migraine, and seizure in California, 2005-2018","Chen S, Zhang D, Zhang R, Lane M, Scovronick NC, Ebelt ST, Chang HH.",Environ Epidemiol. 2025 Dec 23;10(1):e444. doi: 10.1097/EE9.0000000000000444. eCollection 2026 Feb.,Chen S,Environ Epidemiol,2025,2025/12/26,PMC12737864,,10.1097/EE9.0000000000000444,41450755,"Short-term associations between ambient air pollution and emergency department visits for Parkinson disease, multiple sclerosis, migraine, and seizure in California, 2005-2018.","Previous studies have linked ambient air pollution to worsening neurological conditions, but research in the United States is limited. This study aims to investigate short-term associations between emergency department (ED) visits for four disorders affecting the nervous system (Parkinson disease, multiple sclerosis, migraine, and seizure) and three major air pollutants: fine particulate matter (PM
Daily estimated exposure concentrations at 12 km were aggregated to the ZIP-code level and linked to 6 million ED visits in California (2005-2018). Using a time-stratified case-crossover design with conditional quasi-Poisson regression, we evaluated lag-specific associations and stratified analysis by patient characteristics. Risk ratios (RRs) are reported per interquartile range increase in exposure.
For Parkinson disease, CO showed the strongest short-term association at lag 0 (RR = 1.007, 95% confidence interval [CI]: 1.003, 1.011). No associations were found for multiple sclerosis. For migraines, same-day PM
Same-day high ambient air pollution levels were associated with increased ED visits for migraine, Parkinson disease, and seizures. These findings support the growing evidence that short-term air pollution exposure may adversely impact patients with neurological conditions.","Chen, Zhang, Zhang, Lane, Scovronick, Ebelt, Chang",2025-12-26,"Environmental epidemiology (Philadelphia, Pa.)",10.1097/EE9.0000000000000444,"Air pollution, Emergency department visits, Health effect, Migraine, Multiple sclerosis, Parkinson disease, Seizure"
38948151,Variable frequency deep brain stimulation of subthalamic nucleus to improve freezing of gait in Parkinson's disease,"Jia F, Wagle Shukla A, Hu W, Ma Y, Zhang J, Almeida L, Kao C, Guo Y, Zhang S, Tao Y, Ling Z, Xu X, Yang Z, Meng FG, Wan X, Liu H, Konard PE, Li L.",Natl Sci Rev. 2024 Jun 7;11(6):nwae187. doi: 10.1093/nsr/nwae187. eCollection 2024 Jun.,Jia F,Natl Sci Rev,2024,2024/07/01,PMC11214434,,10.1093/nsr/nwae187,38948151,Variable frequency deep brain stimulation of subthalamic nucleus to improve freezing of gait in Parkinson's disease.,,"Jia, Wagle Shukla, Hu, Ma, Zhang, Almeida, Kao, Guo, Zhang, Tao, Ling, Xu, Yang, Meng, Wan, Liu, Konard, Li",2024-07-01,National science review,"10.1093/nsr/nwae187
10.1038/s41582-019-0166-4
10.1016/j.neucli.2015.07.001
10.1038/nrneurol.2014.252
10.1016/j.parkreldis.2017.03.015
10.1002/mdc3.12658
10.1016/j.brs.2011.07.001
10.1212/WNL.0000000000001184
10.1002/mds.25810
10.1212/01.wnl.0000303972.16279.46
10.1093/brain/awac121",
36931780,"Letter in response to Cole-Hunter et al., 2023: What does ""Parkinson's disease mortality"" mean?","Rumrich IK, Kaasinen V, Hänninen O, Hartikainen S, Tolppanen AM.",Environ Int. 2023 Mar;173:107852. doi: 10.1016/j.envint.2023.107852. Epub 2023 Mar 15.,Rumrich IK,Environ Int,2023,2023/03/17,,,10.1016/j.envint.2023.107852,36931780,"Letter in response to Cole-Hunter et al., 2023: What does ""Parkinson's disease mortality"" mean?",,"Rumrich, Kaasinen, Hänninen, Hartikainen, Tolppanen",2023-03-18,Environment international,10.1016/j.envint.2023.107852,
35017428,Designing nanocarriers to overcome the limitations in conventional drug administration for Parkinson's disease,"Garcia-Munoz RA, McConnell J, Morales V, Sanz R.",Neural Regen Res. 2022 Aug;17(8):1743-1744. doi: 10.4103/1673-5374.332143.,Garcia-Munoz RA,Neural Regen Res,2022,2022/01/12,PMC8820718,,10.4103/1673-5374.332143,35017428,Designing nanocarriers to overcome the limitations in conventional drug administration for Parkinson's disease.,,"Garcia-Munoz, McConnell, Morales, Sanz",2022-01-13,Neural regeneration research,10.4103/1673-5374.332143,
40469913,Learning to suppress tremors: a deep reinforcement learning-enabled soft exoskeleton for Parkinson's patients,"Endrei T, Földi S, Makk Á, Cserey G.",Front Robot AI. 2025 May 21;12:1537470. doi: 10.3389/frobt.2025.1537470. eCollection 2025.,Endrei T,Front Robot AI,2025,2025/06/05,PMC12133501,,10.3389/frobt.2025.1537470,40469913,Learning to suppress tremors: a deep reinforcement learning-enabled soft exoskeleton for Parkinson's patients.,"Neurological tremors, prevalent among a large population, are one of the most rampant movement disorders. Biomechanical loading and exoskeletons show promise in enhancing patient well-being, but traditional control algorithms limit their efficacy in dynamic movements and personalized interventions. Furthermore, a pressing need exists for more comprehensive and robust validation methods to ensure the effectiveness and generalizability of proposed solutions.
This paper proposes a physical simulation approach modeling multiple arm joints and tremor propagation. This study also introduces a novel adaptable reinforcement learning environment tailored for disorders with tremors. We present a deep reinforcement learning-based encoder-actor controller for Parkinson's tremors in various shoulder and elbow joint axes displayed in dynamic movements.
Our findings suggest that such a control strategy offers a viable solution for tremor suppression in real-world scenarios.
By overcoming the limitations of traditional control algorithms, this work takes a new step in adapting biomechanical loading into the everyday life of patients. This work also opens avenues for more adaptive and personalized interventions in managing movement disorders.","Endrei, Földi, Makk, Cserey",2025-06-05,Frontiers in robotics and AI,"10.3389/frobt.2025.1537470
10.1007/s00415-023-11705-2
10.1039/d0bm00809e
10.1002/mds.27121
10.3389/fphar.2023.1123188
10.1115/1.4043442
10.1007/s10439-016-1765-5
10.1002/mds.870131303
10.3389/fnins.2017.00178
10.1126/scirobotics.aar5438
10.1109/tnsre.2014.2328296
10.1016/j.bspc.2022.104410
10.1186/s12891-020-03665-9
10.1504/ijhfms.2012.051092
10.1038/539179a
10.1186/s13287-022-03050-4
10.3389/fbioe.2016.00029
10.1038/s42256-022-00576-3
10.1016/j.jns.2017.08.3246
10.1115/1.3662552
10.1038/s41586-023-06419-4
10.1049/htl.2013.0030
10.3390/ijms23031851
10.1056/nejm199810083391506
10.1056/nejm199810153391607
10.3389/fneur.2021.700600
10.1001/archneur.1995.00540360079019
10.1186/s12984-023-01147-2
10.3389/frobt.2021.702845
10.1038/s41586-024-07382-4
10.1007/s00415-023-11873-1
10.1177/036354659001800201
10.1109/tbme.2020.3015572
10.1145/3197517.3201311
10.1109/icra.2018.8460528
10.1080/02701367.1983.10605290
10.1016/s0165-0270(97)02263-2
10.1109/tnsre.2007.903917
10.1080/14734220601103037
10.1038/s41551-022-00984-1
10.1038/s41586-022-05191-1
10.1109/tnsre.2013.2295034
10.1109/iros.2017.8202133
10.1609/aaai.v30i1.10295
10.1109/lra.2023.3270747
10.1109/tmech.2024.3375911
10.1089/soro.2019.0194
10.1016/j.robot.2016.12.009
10.1177/1758573217728711","Parkinson’s disease, deep reinforcement learning, human–robot interaction, physics simulation, soft exoskeleton, tremor"
36870913,"Erratum to ""Neuroprotective repositioning and anti-tau effect of carvedilol on rotenone induced neurotoxicity in rats: Insights from an insilico & in vivo anti-Parkinson's disease study"" [Eur. J. Pharmacol. 932 (2022) 175204]","Kamal RE, Menze E, Albohy A, Ahmed HI, Azab SS.",Eur J Pharmacol. 2023 Apr 15;945:175534. doi: 10.1016/j.ejphar.2023.175534. Epub 2023 Mar 2.,Kamal RE,Eur J Pharmacol,2023,2023/03/04,,,10.1016/j.ejphar.2023.175534,36870913,"Erratum to ""Neuroprotective repositioning and anti-tau effect of carvedilol on rotenone induced neurotoxicity in rats: Insights from an insilico & in vivo anti-Parkinson's disease study"" [Eur. J. Pharmacol. 932 (2022) 175204].",,"Kamal, Menze, Albohy, Ahmed, Azab",2023-03-05,European journal of pharmacology,10.1016/j.ejphar.2023.175534,
38211434,"Corrigendum to ""Risk of Parkinson's disease-related death in cancer survivors: A population-based study in Japan"" [Park. Relat. Disord. 119 (2024) 105966]","Hayano E, Gon Y, Kimura Y, Zha L, Morishima T, Ohno Y, Mochizuki H, Sobue T, Miyashiro I.",Parkinsonism Relat Disord. 2024 Mar;120:105990. doi: 10.1016/j.parkreldis.2024.105990. Epub 2024 Jan 10.,Hayano E,Parkinsonism Relat Disord,2024,2024/01/11,,,10.1016/j.parkreldis.2024.105990,38211434,"Corrigendum to ""Risk of Parkinson's disease-related death in cancer survivors: A population-based study in Japan"" [Park. Relat. Disord. 119 (2024) 105966].",,"Hayano, Gon, Kimura, Zha, Morishima, Ohno, Mochizuki, Sobue, Miyashiro",2024-01-12,Parkinsonism & related disorders,10.1016/j.parkreldis.2024.105990,
38302369,"Corrigendum to ""Lapatinib ditosylate rescues motor deficits in rotenone-intoxicated rats: Potential repurposing of anti-cancer drug as a disease-modifying agent in Parkinson's disease"" [Eur. J. Pharmacol. 954 (2023) 175875]","Mansour HM, Mohamed AF, Khattab MM, El-Khatib AS.",Eur J Pharmacol. 2024 Mar 5;966:176371. doi: 10.1016/j.ejphar.2024.176371. Epub 2024 Feb 1.,Mansour HM,Eur J Pharmacol,2024,2024/02/01,,,10.1016/j.ejphar.2024.176371,38302369,"Corrigendum to ""Lapatinib ditosylate rescues motor deficits in rotenone-intoxicated rats: Potential repurposing of anti-cancer drug as a disease-modifying agent in Parkinson's disease"" [Eur. J. Pharmacol. 954 (2023) 175875].",,"Mansour, Mohamed, Khattab, El-Khatib",2024-02-02,European journal of pharmacology,10.1016/j.ejphar.2024.176371,
40413457,Correction: Microglial activation contributes to cognitive impairments in rotenone-induced mouse Parkinson's disease model,"Zhang D, Li S, Hou L, Jing L, Ruan Z, Peng B, Zhang X, Hong JS, Zhao J, Wang Q.",J Neuroinflammation. 2025 May 24;22(1):140. doi: 10.1186/s12974-025-03458-8.,Zhang D,J Neuroinflammation,2025,2025/05/24,PMC12103010,,10.1186/s12974-025-03458-8,40413457,Correction: Microglial activation contributes to cognitive impairments in rotenone-induced mouse Parkinson's disease model.,,"Zhang, Li, Hou, Jing, Ruan, Peng, Zhang, Hong, Zhao, Wang",2025-05-25,Journal of neuroinflammation,"10.1186/s12974-025-03458-8
10.1186/s12974-020-02065-z",
38886949,Transient receptor potential channels and calcium dysregulation: a pathogenic duo in Parkinson's disease,"Saeed I, Ma L.",Neural Regen Res. 2025 Mar 1;20(3):808-810. doi: 10.4103/NRR.NRR-D-24-00172. Epub 2024 May 17.,Saeed I,Neural Regen Res,2025,2024/06/18,PMC11433894,,10.4103/NRR.NRR-D-24-00172,38886949,Transient receptor potential channels and calcium dysregulation: a pathogenic duo in Parkinson's disease.,,"Saeed, Ma",2024-06-18,Neural regeneration research,10.4103/NRR.NRR-D-24-00172,
38672284,"Correction: D'Amico et al. Toxic Exposure to Endocrine Disruptors Worsens Parkinson's Disease Progression through NRF2/HO-1 Alteration. Biomedicines 2022, 10, 1073","D'Amico R, Gugliandolo E, Siracusa R, Cordaro M, Genovese T, Peritore AF, Crupi R, Interdonato L, Di Paola D, Cuzzocrea S, Fusco R, Impellizzeri D, Di Paola R.",Biomedicines. 2024 Apr 10;12(4):834. doi: 10.3390/biomedicines12040834.,D'Amico R,Biomedicines,2024,2024/04/27,PMC11048085,,10.3390/biomedicines12040834,38672284,Correction: D'Amico et al. Toxic Exposure to Endocrine Disruptors Worsens Parkinson's Disease Progression through NRF2/HO-1 Alteration. ,,"D'Amico, Gugliandolo, Siracusa, Cordaro, Genovese, Peritore, Crupi, Interdonato, Di Paola, Cuzzocrea, Fusco, Impellizzeri, Di Paola",2024-04-27,Biomedicines,"10.3390/biomedicines12040834
10.3390/biomedicines10051073",
33284817,The meaning of home questionnaire revisited: Psychometric analyses among people with Parkinson's disease reveals new dimensions,"Andersson N, Nilsson MH, Slaug B, Oswald F, Iwarsson S.",PLoS One. 2020 Dec 7;15(12):e0242792. doi: 10.1371/journal.pone.0242792. eCollection 2020.,Andersson N,PLoS One,2020,2020/12/07,PMC7721182,,10.1371/journal.pone.0242792,33284817,The meaning of home questionnaire revisited: Psychometric analyses among people with Parkinson's disease reveals new dimensions.,"Research addressing perceptions of housing in people with Parkinson's disease (PD) is rare, and existing instruments capturing perceived aspects of housing are rarely used. Perceived housing comprises of several domains and is associated with health in general older populations. One such domain is meaning of home, captured by the Meaning of Home Questionnaire (MOH). The aim of this study was to evaluate psychometric properties of the MOH among people with PD.
The MOH was administrated to 245 participants with PD (mean age = 69.9 years; mean PD duration = 9.7 years). The instrument consisted of four sub-scales with 28 items, each with 11 response options (strongly disagree = 0; strongly agree = 10). We evaluated data quality, structural validity (factor analysis), construct validity (i.e., testing correlations with relevant constructs according to pre-defined hypotheses), corrected item total correlations, floor and ceiling effects and internal consistency.
The data quality was high (0-1.2% missing data). The exploratory factor analysis suggested removal of five items and revealed three new factors; ""My home is my castle"", ""My home is my prison"" and ""My home is my social hub"". The 23-item MOH showed statistically significant correlations with life satisfaction, usability and ADL dependence, while not correlated with number of environmental barriers. These findings were largely as hypothesised, thus supporting construct validity (both convergent and discriminant). The corrected item total correlations were >0.3 for all items and the internal consistency was >0.70 for all sub-scales. No floor or ceiling effects were reported except for the sub-scale ""My home is my castle"" (ceiling effect = 15.6%).
The 23-item MOH version with three new sub-scales is sufficiently reliable and valid for use in PD populations. This paves the way for further research of meaning of home among people with PD, using the 23-item MOH version.","Andersson, Nilsson, Slaug, Oswald, Iwarsson",2020-12-08,PloS one,"10.1371/journal.pone.0242792
10.3310/hta13120
10.1093/geront/47.1.96
10.1016/j.parkreldis.2015.08.025
10.1111/ane.12763
10.1007/s40520-020-01477-4
10.1016/j.jaging.2019.100821
10.1007/s10433-019-00501-5
10.1136/jnnp.2007.131045
10.1016/S0079-6123(10)84017-8
10.1111/j.1600-0404.2010.01344.x
10.1093/geronj/44.2.s45
10.1111/j.1468-1331.2008.02380.x
10.1155/2013/710839
10.1186/s12877-015-0167-0
10.1186/1471-2377-13-142
10.1111/j.1532-5415.2005.53221.x
10.1002/mds.10248
10.1080/165019702760279242
10.1080/09638280310001616286
10.1177/000841749906600507
10.1080/11038120601094732
10.1007/s11136-010-9606-8
10.1016/j.tjem.2018.08.001
10.3310/hta8090
10.3233/JPD-140399
10.1080/09638280701828955
10.1186/s12877-015-0027-y
10.1016/j.jaging.2013.12.005
10.1097/NUR.0000000000000131
10.1212/WNL.0000000000002898",
38705926,Correction to: Connecting the dots between mitochondrial dysfunction and Parkinson's disorder: focus mitochondria-targeting therapeutic paradigm in mitigating the disease severity,"Kaur I, Behl T, Sehgal A, Singh S, Sharma N, Aleya L, Bungau S.",Environ Sci Pollut Res Int. 2024 May;31(23):34757. doi: 10.1007/s11356-024-33597-z.,Kaur I,Environ Sci Pollut Res Int,2024,2024/05/05,,,10.1007/s11356-024-33597-z,38705926,Correction to: Connecting the dots between mitochondrial dysfunction and Parkinson's disorder: focus mitochondria-targeting therapeutic paradigm in mitigating the disease severity.,,"Kaur, Behl, Sehgal, Singh, Sharma, Aleya, Bungau",2024-05-06,Environmental science and pollution research international,10.1007/s11356-024-33597-z,
40189991,"Corrigendum to ""Dysregulation of serotonergic neurotransmission in Parkinson disease: A key duet"" [Eur. J. Pharmacol. 995 (2025) 177419]","Khowdiary MM, Al-Kuraishy HM, Al-Gareeb AI, Albuhadily AK, Elhenawy AA, Babalghith AO, Shokr MM, Alexiou A, Papadakis M, El-Saber Batiha G.",Eur J Pharmacol. 2025 Jun 5;996:177540. doi: 10.1016/j.ejphar.2025.177540. Epub 2025 Apr 3.,Khowdiary MM,Eur J Pharmacol,2025,2025/04/07,,,10.1016/j.ejphar.2025.177540,40189991,"Corrigendum to ""Dysregulation of serotonergic neurotransmission in Parkinson disease: A key duet"" [Eur. J. Pharmacol. 995 (2025) 177419].",,"Khowdiary, Al-Kuraishy, Al-Gareeb, Albuhadily, Elhenawy, Babalghith, Shokr, Alexiou, Papadakis, El-Saber Batiha",2025-04-07,European journal of pharmacology,10.1016/j.ejphar.2025.177540,
37154953,A potential imaging biomarker distinguishing neurodegenerative parkinsonism using brainstem MRI shape analysis,"Tsai MT, Juan CE, Liu YJ, Juan CJ.",Eur Radiol. 2023 Jul;33(7):4537-4539. doi: 10.1007/s00330-023-09683-0. Epub 2023 May 8.,Tsai MT,Eur Radiol,2023,2023/05/08,,,10.1007/s00330-023-09683-0,37154953,A potential imaging biomarker distinguishing neurodegenerative parkinsonism using brainstem MRI shape analysis.,,"Tsai, Juan, Liu, Juan",2023-05-08,European radiology,"10.1007/s00330-023-09683-0
10.1016/j.media.2022.102531
10.1016/j.neuroimage.2017.02.069
10.3389/fnins.2016.00439
10.1016/j.cortex.2022.03.009
10.1001/jamanetworkopen.2019.17257
10.3389/fneur.2020.531993",
34465554,"Corrigendum to ""NADPH oxidase-derived H2O2 mediates the regulatory effects of microglia on astrogliosis in experimental models of Parkinson's disease"" [Redox Biol. 2017, 12: 162-170]","Hou L, Zhou X, Zhang C, Wang K, Liu X, Che Y, Sun F, Li H, Wang Q, Zhang D, Hong JS.",Redox Biol. 2021 Nov;47:102119. doi: 10.1016/j.redox.2021.102119. Epub 2021 Aug 28.,Hou L,Redox Biol,2021,2021/09/01,PMC8577459,,10.1016/j.redox.2021.102119,34465554,"Corrigendum to ""NADPH oxidase-derived H2O2 mediates the regulatory effects of microglia on astrogliosis in experimental models of Parkinson's disease"" [Redox Biol. 2017, 12: 162-170].",,"Hou, Zhou, Zhang, Wang, Liu, Che, Sun, Li, Wang, Zhang, Hong",2021-09-02,Redox biology,10.1016/j.redox.2021.102119,
41184000,Utility of Locus Coeruleus Signal Intensity on High-resolution T1-weighted MR Imaging with Magnetization Transfer for Differentiating Parkinson's Disease from Atypical Parkinsonism,"Yoshimatsu Y, Ide S, Ogawa N, Kajio K, Sakamoto T, Futatsuya K, Murakami Y, Hashimoto T, Adachi H, Aoki T.",Magn Reson Med Sci. 2026 Feb 26;25(1):2025-0126. doi: 10.2463/mrms.mp.2025-0126. Epub 2025 Oct 31.,Yoshimatsu Y,Magn Reson Med Sci,2026,2025/11/03,PMC13218839,,10.2463/mrms.mp.2025-0126,41184000,Utility of Locus Coeruleus Signal Intensity on High-resolution T1-weighted MR Imaging with Magnetization Transfer for Differentiating Parkinson's Disease from Atypical Parkinsonism.,"This study aimed to evaluate the diagnostic utility of locus coeruleus (LC) signal intensity on high-resolution T1-weighted imaging with magnetization transfer (T1WI with MT) for distinguishing Parkinson's disease (PD) from a broad range of atypical parkinsonism (AP) subtypes, including early-stage cases.
We retrospectively analyzed T1WI with MT data from 214 participants, including patients with PD (n = 125), corticobasal syndrome (CBS, n = 12), multiple system atrophy (MSA, n = 16), progressive supranuclear palsy (PSP, n = 19), essential tremor (n = 17), vascular parkinsonism (n = 4), drug-induced parkinsonism (DIP, n = 7), and healthy subjects (HS, n = 14). Circular ROIs were placed on the LC and substantia nigra pars compacta to calculate contrast ratios (CRs). Conventional MRI findings of AP, focusing on characteristic regional atrophy patterns, were also evaluated. Diagnostic performance was assessed using receiver operating characteristic (ROC) analysis. A subanalysis was performed for early-stage cases (within 2 years of onset). Three independent neuroradiologists evaluated T1WI with MT, and interobserver agreement was assessed using intraclass correlation coefficients (ICC).
The LC-CR was significantly lower in PD than in HS (P < 0.01) and all AP subtypes except DIP (P = 0.37). ROC analysis revealed that LC-CR had the highest diagnostic accuracy for differentiating PD from AP (area under the curve [AUC] = 0.83, sensitivity = 67%, specificity = 90%). In early-stage cases, LC-CR maintained high specificity (98%) with an AUC of 0.80. The diagnostic utility of LC-CR was comparable or superior to conventional MRI findings in distinguishing PD from CBS, MSA, and PSP. Interobserver agreement for LC-CR measurements was good, with an ICC of 0.87 (95% confidence interval: 0.85-0.89).
LC-CR measured on T1WI with MT serves as a reliable imaging biomarker for differentiating PD from various forms of AP, even in early disease stages.","Yoshimatsu, Ide, Ogawa, Kajio, Sakamoto, Futatsuya, Murakami, Hashimoto, Adachi, Aoki",2025-11-04,Magnetic resonance in medical sciences : MRMS : an official journal of Japan Society of Magnetic Resonance in Medicine,10.2463/mrms.mp.2025-0126,"Parkinson’s disease, T1-weighted imaging with magnetization transfer, atypical parkinsonism, locus coeruleus"
41216526,"Corrigendum to ""Leveraging ANFIS with Adam and PSO optimizers for Parkinson's disease"" [Heliyon Volume 10, Issue 9, May 15, 2024, Article e30241]","Pasha A, Ahmed ST, Painam RK, Mathivanan SK, P K, Mallik S, Qin H.",Heliyon. 2025 Jun 14;11(12):e43492. doi: 10.1016/j.heliyon.2025.e43492. eCollection 2025 Jul.,Pasha A,Heliyon,2025,2025/11/11,PMC12435064,,10.1016/j.heliyon.2025.e43492,41216526,"Corrigendum to ""Leveraging ANFIS with Adam and PSO optimizers for Parkinson's disease"" [Heliyon Volume 10, Issue 9, May 15, 2024, Article e30241].",[This corrects the article DOI: 10.1016/j.heliyon.2024.e30241.].,"Pasha, Ahmed, Painam, Mathivanan, P, Mallik, Qin",2025-11-11,Heliyon,10.1016/j.heliyon.2025.e43492,
32668658,"Erratum: Cheng, Y.-C., et al. Evidence Supports PA Prescription for Parkinson's Disease: Motor Symptoms and Non-Motor Features: A Scoping Review. Int. J. Environ. Res. Public Health 2020, 17, 2894","Cheng YC, Su CH.",Int J Environ Res Public Health. 2020 Jul 13;17(14):5024. doi: 10.3390/ijerph17145024.,Cheng YC,Int J Environ Res Public Health,2020,2020/07/17,PMC7399979,,10.3390/ijerph17145024,32668658,"Erratum: Cheng, Y.-C., et al. Evidence Supports PA Prescription for Parkinson's Disease: Motor Symptoms and Non-Motor Features: A Scoping Review. Int. J. Environ. Res. Public Health 2020",The authors wish to make the following corrections to their paper published in IJERPH [1]: authors' affiliation [...].,"Cheng, Su",2020-07-17,International journal of environmental research and public health,"10.3390/ijerph17145024
10.3390/ijerph17082894",
33411167,"Letter to the Editor regarding Wang Y, Liu Y, Yan H. 2020. Effect of long-term particulate matter exposure on Parkinson's risk",Kawada T.,Environ Geochem Health. 2021 May;43(5):1759-1760. doi: 10.1007/s10653-020-00789-8. Epub 2021 Jan 7.,Kawada T,Environ Geochem Health,2021,2021/01/07,,,10.1007/s10653-020-00789-8,33411167,"Letter to the Editor regarding Wang Y, Liu Y, Yan H. 2020. Effect of long-term particulate matter exposure on Parkinson's risk.",,Kawada,2021-01-08,Environmental geochemistry and health,10.1007/s10653-020-00789-8,
40138890,Effect of trunk-centered rehabilitation program associated with specific brace in Parkinsonian with low back pain: A 6-year follow-up case report,"David R, Billot M, Cassoudesalle H, Dehail P, Glize B, Compagnat M, de Sèze M.",Parkinsonism Relat Disord. 2025 May;134:107802. doi: 10.1016/j.parkreldis.2025.107802. Epub 2025 Mar 19.,David R,Parkinsonism Relat Disord,2025,2025/03/26,,,10.1016/j.parkreldis.2025.107802,40138890,Effect of trunk-centered rehabilitation program associated with specific brace in Parkinsonian with low back pain: A 6-year follow-up case report.,,"David, Billot, Cassoudesalle, Dehail, Glize, Compagnat, de Sèze",2025-03-27,Parkinsonism & related disorders,10.1016/j.parkreldis.2025.107802,"Camptocormia, Gait, Low back pain, Quality of life, Trunk disorders"
