PMID,Title,Authors,Citation,First Author,Journal/Book,Publication Year,Create Date,PMCID,NIHMS ID,DOI,abstract
35606622,Life style and Parkinson's disease,"Reichmann H, Csoti I, Koschel J, Lorenzl S, Schrader C, Winkler J, Wüllner U.",J Neural Transm (Vienna). 2022 Sep;129(9):1235-1245. doi: 10.1007/s00702-022-02509-1. Epub 2022 May 23.,Reichmann H,J Neural Transm (Vienna),2022,2022/05/23,PMC9463300,,10.1007/s00702-022-02509-1,"The question whether life style may impair the advent or course of the disease in patients with Parkinsonism is of great importance for patients and physicians alike. We present here comprehensive information on the influence of the environment, diet (especially caffeine, nicotine, alcohol, chocolate and dairy products), physical activity and sleep on risk and course of Parkinson's disease."
40338549,Proximity to Golf Courses and Risk of Parkinson Disease,"Krzyzanowski B, Mullan AF, Dorsey ER, Chirag SS, Turcano P, Camerucci E, Bower JH, Savica R.",JAMA Netw Open. 2025 May 1;8(5):e259198. doi: 10.1001/jamanetworkopen.2025.9198.,Krzyzanowski B,JAMA Netw Open,2025,2025/05/08,PMC12062912,,10.1001/jamanetworkopen.2025.9198,"The role of pesticide exposure from golf courses in Parkinson disease (PD) risk remains unclear.
To assess whether proximity to golf courses is associated with increased PD risk and to use information on groundwater vulnerability and municipal well locations to investigate drinking water contamination as a potential route of exposure.
This case-control study included patients with incident PD and matched controls from the Rochester Epidemiology Project from 1991 to 2015. Data were analyzed between June and August 2024.
Distance to golf courses, living in water service areas with a golf course, living in water service areas in vulnerable groundwater regions, living in water service areas with shallow municipal wells, and living in water service areas with a municipal well on a golf course.
Risk of incident PD. All models adjusted for age, sex, race and ethnicity, year of index, median household income, and urban or rural category.
A total of 419 incident PD cases were identified (median [IQR] age, 73 [65-80] years; 257 male [61.3%]) with 5113 matched controls (median [IQR] age, 72 [65-79] years; 3043 male [59.5%]; 4504 White [88.1%]). After adjusting for patient demographics and neighborhood characteristics, living within 1 mile of a golf course was associated with 126% increased odds of developing PD compared with individuals living more than 6 miles away from a golf course (adjusted odds ratio [aOR], 2.26; 95% CI, 1.09-4.70). Individuals living within water service areas with a golf course had nearly double the odds of PD compared with individuals in water service areas without golf courses (aOR, 1.96; 95% CI, 1.20-3.23) and 49% greater odds compared with individuals with private wells (aOR, 1.49; 95% CI, 1.05-2.13). Additionally, individuals living in water service areas with a golf course in vulnerable groundwater regions had 82% greater odds of developing PD compared with those in nonvulnerable groundwater regions (aOR, 1.82; 95% CI, 1.09-3.03).
In this population-based case-control study, the greatest risk of PD was found within 1 to 3 miles of a golf course and risk generally decreased with distance. Associations with the largest effect sizes were in water service areas with a golf course and in vulnerable ground water regions."
41032741,Trichloroethylene and Parkinson Disease,"Dorsey ER, Tanner CM.",Neurology. 2025 Oct 21;105(8):e214245. doi: 10.1212/WNL.0000000000214245. Epub 2025 Oct 1.,Dorsey ER,Neurology,2025,2025/10/01,,,10.1212/WNL.0000000000214245,
38115046,Untargeted serum metabolomics reveals novel metabolite associations and disruptions in amino acid and lipid metabolism in Parkinson's disease,"Paul KC, Zhang K, Walker DI, Sinsheimer J, Yu Y, Kusters C, Del Rosario I, Folle AD, Keener AM, Bronstein J, Jones DP, Ritz B.",Mol Neurodegener. 2023 Dec 19;18(1):100. doi: 10.1186/s13024-023-00694-5.,Paul KC,Mol Neurodegener,2023,2023/12/20,PMC10731845,,10.1186/s13024-023-00694-5,"Untargeted high-resolution metabolomic profiling provides simultaneous measurement of thousands of metabolites. Metabolic networks based on these data can help uncover disease-related perturbations across interconnected pathways.
Identify metabolic disturbances associated with Parkinson's disease (PD) in two population-based studies using untargeted metabolomics.
We performed a metabolome-wide association study (MWAS) of PD using serum-based untargeted metabolomics data derived from liquid chromatography with high-resolution mass spectrometry (LC-HRMS) using two distinct population-based case-control populations. We also combined our results with a previous publication of 34 metabolites linked to PD in a large-scale, untargeted MWAS to assess external validation.
LC-HRMS detected 4,762 metabolites for analysis (HILIC: 2716 metabolites; C18: 2046 metabolites). We identified 296 features associated with PD at FDR<0.05, 134 having a log
Our results revealed PD-associated metabolites, confirming several previous observations, including for p-cresol glucuronide, and newly implicating interesting metabolites, such as itaconate. Our data also suggests metabolic disturbances in amino acid and lipid metabolism and inflammatory processes in PD."
39283636,Air Pollution and Parkinson Disease in a Population-Based Study,"Krzyzanowski B, Mullan AF, Turcano P, Camerucci E, Bower JH, Savica R.",JAMA Netw Open. 2024 Sep 3;7(9):e2433602. doi: 10.1001/jamanetworkopen.2024.33602.,Krzyzanowski B,JAMA Netw Open,2024,2024/09/16,PMC11406396,,10.1001/jamanetworkopen.2024.33602,"The role of air pollution in risk and progression of Parkinson disease (PD) is unclear.
To assess whether air pollution is associated with increased risk of PD and clinical characteristics of PD.
This population-based case-control study included patients with PD and matched controls from the Rochester Epidemiology Project from 1998 to 2015. Data were analyzed from January to June 2024.
Mean annual exposure to particulate matter with a diameter of 2.5 µm or less (PM2.5) from 1998 to 2015 and mean annual exposure to nitrogen dioxide (NO2) from 2000 to 2014.
Outcomes of interest were PD risk, all-cause mortality, presence of tremor-predominant vs akinetic rigid PD, and development of dyskinesia. Models were adjusted for age, sex, race and ethnicity, year of index, and urban vs rural residence.
A total of 346 patients with PD (median [IQR] age 72 [65-80] years; 216 [62.4%] male) were identified and matched on age and sex with 4813 controls (median [IQR] age, 72 [65-79] years, 2946 [61.2%] male). Greater PM2.5 exposure was associated with increased PD risk, and this risk was greatest after restricting to populations within metropolitan cores (odds ratio [OR], 1.23; 95% CI, 1.11-1.35) for the top quintile of PM2.5 exposure compared with the bottom quintile. Greater NO2 exposure was also associated with increased PD risk when comparing the top quintile with the bottom quintile (OR, 1.13; 95% CI, 1.07-1.19). Air pollution was associated with a 36% increased risk of akinetic rigid presentation (OR per each 1-μg/m3 increase in PM2.5, 1.36; 95% CI, 1.02-1.80). In analyses among patients with PD only, higher PM2.5 exposure was associated with greater risk for developing dyskinesia (HR per 1-μg/m3 increase in PM2.5, 1.42; 95% CI, 1.17-1.73), as was increased NO2 exposure (HR per 1 μg/m3 increase in NO2, 1.13; 95% CI, 1.06-1.19). There was no association between PM2.5 and all-cause mortality among patients with PD.
In this case-control study of air pollution and PD, higher levels of PM2.5 and NO2 exposure were associated with increased risk of PD; also, higher levels of PM2.5 exposure were associated with increased risk of developing akinetic rigid PD and dyskinesia compared with patients with PD exposed to lower levels. These findings suggest that reducing air pollution may reduce risk of PD, modify the PD phenotype, and reduce risk of dyskinesia."
38457975,Causal association between long-term exposure to air pollution and incident Parkinson's disease,"Ai B, Zhang J, Zhang S, Chen G, Tian F, Chen L, Li H, Guo Y, Jerath A, Lin H, Zhang Z.",J Hazard Mater. 2024 May 5;469:133944. doi: 10.1016/j.jhazmat.2024.133944. Epub 2024 Mar 2.,Ai B,J Hazard Mater,2024,2024/03/08,,,10.1016/j.jhazmat.2024.133944,"Epidemiological evidence for long-term air pollution exposure and Parkinson's disease (PD) is controversial, and analysis of causality is limited. We identified 293,888 participants who were free of PD at baseline in the UK Biobank (2006-2010). Time-varying air pollution [fine particulate (PM"
38685425,Literature review and meta-analysis of environmental toxins associated with increased risk of Parkinson's disease,"Aravindan A, Newell ME, Halden RU.",Sci Total Environ. 2024 Jun 25;931:172838. doi: 10.1016/j.scitotenv.2024.172838. Epub 2024 Apr 27.,Aravindan A,Sci Total Environ,2024,2024/04/30,,,10.1016/j.scitotenv.2024.172838,"Parkinson's disease (PD) is a neurodegenerative disorder and leading cause of death worldwide, whose pathogenesis has been linked to toxic environmental exposures. We used the Preferred Reporting Items for Systematic Reviews and Meta-Analyses (PRISMA) guidelines (i) to compile, and group by exposure setting (non-specified general; residential; occupational), environmental factors reported to modulate the risk of developing PD and (ii) to map and geospatially analyze global regions of both research activity and paucity. Among the broader environmental settings, occupational exposures had the highest average odds ratio value at 3.82, followed by general (non-specified or mixed) exposures at 3.07, and residential exposures at 2.36. Occupational exposure to industrial toxins was the highest ranked subset of exposures with an odds ratio of 10.74. Among the studies meeting the inclusion criteria, 75 % were conducted in Europe or the Western United States. The number of individuals partaking per study ranged from a high of 55,585 (Taiwan) to a low of 233 (Faroe Islands), with a mean of n = 14,462. The top three environmental factors associated with high odds ratios for increased risk of developing PD were (i) exposure to dyes (25.33), (ii) methylene chloride (16.5) and specifically in adult men (iii) consumption of fatty whale meat (10.57), which is known to harbor a broad spectrum of so called persistent, bioaccumulative, toxic (PBT) pollutants. Geospatially, the highest odds ratio values were identified in European countries, whereas notable data gaps were revealed for South America, Australia, Africa, and the majority of Asia with the exception of Taiwan. Whereas occupational exposures to industrial chemicals, such as harmful dyes and methylene chloride, ranked highest in risk values, available data suggest notable opportunities for reducing PD cases globally by limiting harmful environmental exposures to a spectrum of toxic chemicals, particularly via the food intake route. Thus, current efforts in improving environmental quality globally by limiting toxic emission may deliver the added benefit of helping to reign in PD. Agents of concern in this respect include pesticides (e.g., paraquat, demeton, monocrotophos), particulate matter associated with air pollution, and a spectrum of organic and inorganic neurotoxins including heavy metals."
36717481,SARS-COV-2 infection and Parkinson's disease: Possible links and perspectives,"Al-Kuraishy HM, Al-Gareeb AI, Kaushik A, Kujawska M, Ahmed EA, Batiha GE.",J Neurosci Res. 2023 Jun;101(6):952-975. doi: 10.1002/jnr.25171. Epub 2023 Jan 30.,Al-Kuraishy HM,J Neurosci Res,2023,2023/01/30,,,10.1002/jnr.25171,"Parkinson's disease (PD) is a neurodegenerative disorder characterized by the progressive loss of dopaminergic neurons in the substantia nigra. The hallmarks are the presence of Lewy bodies composed mainly of aggregated α-synuclein and immune activation and inflammation in the brain. The neurotropism of SARS-CoV-2 with induction of cytokine storm and neuroinflammation can contribute to the development of PD. Interestingly, overexpression of α-synuclein in PD patients may limit SARS-CoV-2 neuroinvasion and degeneration of dopaminergic neurons; however, on the other hand, this virus can speed up the α-synuclein aggregation. The review aims to discuss the potential link between COVID-19 and the risk of PD, highlighting the need for further studies to authenticate the potential association. We have also overviewed the influence of SARS-CoV-2 infection on the PD course and management. In this context, we presented the prospects for controlling the COVID-19 pandemic and related PD cases that, beyond global vaccination and novel anti-SARS-CoV-2 agents, may include the development of graphene-based nanoscale platforms offering antiviral and anti-amyloid strategies against PD."
37744289,"Mercury and Parkinson's Disease: Promising Leads, but Research Is Needed","Torrey EF, Simmons W.",Parkinsons Dis. 2023 Sep 16;2023:4709322. doi: 10.1155/2023/4709322. eCollection 2023.,Torrey EF,Parkinsons Dis,2023,2023/09/25,PMC10517869,,10.1155/2023/4709322,"Environmental toxicants are thought to play a major role in the pathogenesis of Parkinson's disease. In reviewing the literature on heavy metals known to be toxicants, we noted several recent studies on mercury suggesting a possible role in the etiology of some cases of this disease. We therefore undertook a review of this association, focusing especially on peer-reviewed articles to avoid the bias inherent in much of the literature regarding mercury. For most people, our contemporary exposure to mercury comes from dental amalgam tooth restorations and from eating fish contaminated with mercury. In both cases, mercury is known to get into the brain in utero and at all ages. It remains in the brain for many years and is known to produce permanent neuropsychological deficits. Mercury toxicity can produce tremors and other Parkinsonian clinical symptoms. It can also produce neurochemical and neuropathological changes similar to those found in Parkinson's disease, including the loss of dopamine neurons, degeneration of tubulin and axons, dysfunction of mitochondria, and the aggregation of alpha-synuclein. Relatively few studies have assessed mercury in parkinsonian patients, but almost all reported a statistically significant association. Published studies suggest some promising leads in the relationship between mercury exposure and Parkinson's disease. However, studies of patients are relatively few, and the need for research is clear. A search of Parkinsonian research studies currently funded by the US National Institutes of Health, Parkinson's Foundation, and the Michael J Fox Foundation yielded no studies on mercury. We believe such studies should be supported."
31894453,Effect of long-term particulate matter exposure on Parkinson's risk,"Wang Y, Liu Y, Yan H.",Environ Geochem Health. 2020 Jul;42(7):2265-2275. doi: 10.1007/s10653-019-00484-3. Epub 2020 Jan 1.,Wang Y,Environ Geochem Health,2020,2020/01/03,,,10.1007/s10653-019-00484-3,"Environmental pollution is a critical predisposing factor underlying neurodegenerative diseases, but the association between particulate matter (PM) exposure and Parkinson's disease (PD) remains unclear. This study aimed to evaluate the association between long-term PM2.5/PM10 exposure and PD risk. We searched the PubMed, Ovid Medline, EMBASE, Cochrane Library, and Web of Science citation databases to select studies about the relationship between long-term PM exposure and PD risk. The association was assessed using meta-analysis, and subgroup analysis was carried out on the basis of the types of PM (PM2.5 and PM10). Among the 611 articles identified from the databases, we selected six articles, including three cohort studies and three case-control studies, which collectively involved 10,077,029 participants. With every 10 μg/m"
40614023,"Trichloroethylene Exposure and Parkinson's Disease: Environmental Risk, Metabolic Pathways, and Mechanistic Insights","Liu R, Zhang F, Lou J, Song F.",Mol Neurobiol. 2025 Dec;62(12):15336-15348. doi: 10.1007/s12035-025-05172-1. Epub 2025 Jul 4.,Liu R,Mol Neurobiol,2025,2025/07/04,,,10.1007/s12035-025-05172-1,"Trichloroethylene (TCE) is a widely used industrial solvent noted for its environmental persistence and unique metabolic profile. In recent years, a growing body of epidemiological research and experimental models has implicated TCE exposure as a potential environmental risk factor in the development of Parkinson's disease (PD). TCE undergoes biotransformation primarily via cytochrome P450-mediated oxidation and glutathione conjugation. These pathways generate reactive metabolites capable of disrupting mitochondrial function, inducing oxidative stress, and activating neuroinflammatory cascades. These mechanisms are thought to contribute to the selective degeneration of dopaminergic neurons in the substantia nigra-a hallmark of PD. This review systematically evaluates the literature concerning the environmental distribution, metabolic fate, and exposure routes of TCE. It also synthesizes current evidence linking TCE-induced neurotoxicity to the pathogenesis of PD. Particular emphasis is placed on several key mechanistic insights, including α-synuclein aggregation, inhibition of mitochondrial complex I, and the roles of oxidative damage and neuroinflammation, offering a comprehensive perspective on the potential role of TCE in PD development. Moreover, the review addresses the methodological challenges associated with quantifying chronic low-level TCE exposure in human populations and underscores the need for long-term cohort studies to better assess the associated neurotoxic risks."
39701424,"Smoking, coffee intake, and Parkinson's disease: Potential protective mechanisms and components","Hong SW, Page R, Truman P.",Neurotoxicology. 2025 Jan;106:48-63. doi: 10.1016/j.neuro.2024.12.003. Epub 2024 Dec 17.,Hong SW,Neurotoxicology,2025,2024/12/19,,,10.1016/j.neuro.2024.12.003,"Parkinson's disease (PD) is a common progressive neurodegenerative disease characterized by the loss of dopaminergic neurons in the substantia nigra pars compacta (SNpc). Environmental and lifestyle factors, such as smoking and coffee drinking, have been associated with a decreased risk for PD. However, the biological mechanisms underlying protective effects on PD are still not fully understood. It has been suggested that non-nicotine components in cigarette smoke and non-caffeine components in coffee may contribute to this protective effect. The aim of this review was to explore candidate molecules and mechanisms behind the effects of smoking and coffee drinking on PD by integrating findings from previous studies. By cross-referencing an index of tobacco constituents and a list of coffee constituents with existing literature on natural compounds and their structural analogs that show inhibitory activities against monoamine oxidase B, catechol O-methyltransferase, and α-synuclein fibrillation, we have identified tobacco and coffee components that inhibit these targets. Furthermore, tobacco and coffee components potentially play roles in suppressing neuroinflammation, activating the Nrf2 pathway as natural activators, and altering the gut microbiome. This review suggests that the phenolic compounds from tobacco and coffee investigated may contribute to the low incidence of PD in smokers and coffee drinkers, showing moderate to strong potential as therapeutic interventions. The current review suggests that multifunctional molecules found in coffee and cigarette smoke may have potential neuroprotective effects, but none of the data indicates that multifunctionality is required for these effects. This review will deepen our understanding of how smoking and coffee drinking are linked to a reduced risk of PD and will also be important in elucidating the mechanisms underlying the protective effects of smoking and coffee drinking on PD."
36607363,Striatal Dopaminergic Loss and Dysphagia in Parkinson Disease,"Kim JH, Jeon J, Lee Y, Kim SM, Cheon M, Kim JY.",Clin Nucl Med. 2023 Feb 1;48(2):143-149. doi: 10.1097/RLU.0000000000004501. Epub 2022 Dec 7.,Kim JH,Clin Nucl Med,2023,2023/01/06,PMC9835674,,10.1097/RLU.0000000000004501,"To better understand the development of dysphagia in patients with Parkinson disease (PD) and to identify possible neuromodulatory target regions of dysphagia, we studied the striatal dopamine transporter (DAT) availability distribution by subtype of dysphagia.
In this retrospective cross-sectional study, patients with PD who underwent videofluoroscopic swallowing study and N-(3-[18F]fluoropropyl)-2β-carbon ethoxy-3β-(4-iodophenyl) nortropane (18F-FP-CIT) PET at intervals of less than 1 month were analyzed. The 14 binarized subitem scores of the Videofluoroscopic Dysphagia Scale were analyzed using a voxel-wise Firth's penalized binary logistic regression model, adjusting for age and disease duration at videofluoroscopic swallowing study.
Sixty-five patients with PD were finally included. Striatal mapping showed association of decreased DAT availability with 5 subitems with 1 or more clusters surviving the statistical threshold: 1 oral phase and 4 pharyngeal phase subitems. The overlap maps created by superimposing clusters for all 5 statistically significant subitems revealed associations of dysphagia in PD with decreased DAT availability in the bilateral ventral striatum. Of these, 4 subitems belonging to the pharyngeal phase-specific dysphagia were additionally found to be related to dopaminergic degeneration of the bilateral anterior-to-posterior caudate and ventral striatum.
These findings suggest that subitem/phase-specific striatal subregional dopaminergic depletion may explain the dysphagia of PD. This dopaminergic degeneration of striatal subregions specific to the phases of dysphagia may serve as a potential target for neuromodulatory brain stimulation through stimulation of cortices functionally connected."
37924067,"Different types of screen time, physical activity, and incident dementia, Parkinson's disease, depression and multimorbidity status","Wu H, Gu Y, Du W, Meng G, Wu H, Zhang S, Wang X, Zhang J, Wang Y, Huang T, Niu K.",Int J Behav Nutr Phys Act. 2023 Nov 3;20(1):130. doi: 10.1186/s12966-023-01531-0.,Wu H,Int J Behav Nutr Phys Act,2023,2023/11/04,PMC10625186,,10.1186/s12966-023-01531-0,"Several previous studies have shown that excessive screen time is associated with an increased prevalence of dementia, Parkinson's disease (PD), and depression. However, the results have been inconsistent. This study aimed to prospectively investigate the association between different types of screen time and brain structure, as well as the incidence of dementia, Parkinson's disease, depression, and their multimorbidity status.
We included 473,184 participants initially free of dementia, PD, and depression from UK Biobank, as well as 39,652 participants who had magnetic resonance imaging (MRI) data. Screen time exposure variables including TV viewing and computer using were self-reported by participants. Cox proportional hazards regression models were used to estimate the association between different types of screen time and the incidence of dementia, Parkinson's disease, depression, and their multimorbidity status. Multiple linear regression models were used to assess the linear relationship between different types of screen time and MRI biomarkers in a subgroup of participants.
During the follow up, 6,096, 3,061, and 23,700 participants first incident cases of dementia, PD, and depression respectively. For moderate versus the lowest computer uses, the adjusted HRs (95% CIs) were 0.68 (0.64, 0.72) for dementia, 0.86 (0.79, 0.93) for PD, 0.85 (0.83, 0.88) for depression, 0.64 (0.55, 0.74) for dementia and depression multimorbidity, and 0.59 (0.47, 0.74) for PD and depression multimorbidity. The multivariable HRs (95% CIs) for the highest versus the lowest group of TV viewing time were 1.28 (1.17, 1.39) for dementia, 1.16 (1.03, 1.29) for PD, 1.35 (1.29, 1.40) for depression, 1.49 (1.21, 1.84) for dementia and depression multimorbidity, and 1.44 (1.05, 1.97) for PD and depression multimorbidity. Moderate computer using time was negatively associated with white matter hyperintensity volume (β = -0.042; 95% CI -0.067, -0.017), and positively associated with hippocampal volume (β = 0.059; 95% CI 0.034, 0.084). Participants with the highest TV viewing time were negatively associated with hippocampal volume (β = -0.067; 95% CI -0.094, -0.041). In isotemporal substitution analyses, substitution of TV viewing or computer using by equal time of different types of PA was associated with a lower risk of all three diseases, with strenuous sports showing the strongest benefit.
We found that moderate computer use was associated with a reduced risk of dementia, PD, depression and their multimorbidity status, while increased TV watching was associated with a higher risk of these disease. Notably, different screen time may affect the risk of developing diseases by influencing brain structures. Replacing different types of screen time with daily-life PA or structured exercise is associated with lower dementia, PD, and depression risk."
36232110,Association between Backward Walking and Cognition in Parkinson Disease: A Systematic Review,"Correno MB, Hansen C, Chardon M, Milane T, Bianchini E, Vuillerme N.",Int J Environ Res Public Health. 2022 Oct 6;19(19):12810. doi: 10.3390/ijerph191912810.,Correno MB,Int J Environ Res Public Health,2022,2022/10/14,PMC9566137,,10.3390/ijerph191912810,"Backward walking often occurs in everyday life. It is more complex than forward walking and is associated with decreased coordination. However, it is unclear if a reduced backward walking performance is associated with impaired cognition. This could be particularly relevant as gait and cognitive deficits commonly occur in Parkinson's disease. The objective of this systematic review was to synthesize the evidence on the association between backward walking and cognition in persons with Parkinson's disease. The electronic databases PubMed and Web of Science were systematically searched, and the quality of eligible studies was assessed. Two studies met the inclusion criteria, but study protocols, investigated population, and outcome measures differed substantially. One study showed lower backward walking speed in patients with Parkinson's disease with poorer attention test performances. The second study showed a weak correlation between executive cognitive functions and backward walking speed. Given the low number of studies, the heterogenous study design, and the inconsistent results, the present review highlights the need to further investigate the association between backward walking and cognition in patients with Parkinson's disease."
35723116,Infections and Changes in Commensal Bacteria and the Pathogenesis of Parkinson's Disease,Shannon KM.,J Parkinsons Dis. 2022;12(s1):S45-S51. doi: 10.3233/JPD-223271.,Shannon KM,J Parkinsons Dis,2022,2022/06/20,PMC9535579,,10.3233/JPD-223271,"The cause of Parkinson's disease (PD) is unknown, but environmental factors are purported to influence risk. Interest in PD as a sequel of infection dates back to reports of parkinsonism arising from encephalitis lethargica. The objective of this paper is to review the literature as it relates to infections and changes in microbiome and the genesis of PD. There is evidence to support prior infection with Helicobacter pylori, hepatitis C virus, Malassezia, and Strep pneumonia in association with PD. A large number of studies support an association between changes in commensal bacteria, especially gut bacteria, and PD. Extant literature supports a role for some infections and changes in commensal bacteria in the genesis of PD. Studies support an inflammatory mechanism for this association, but additional research is required for translation of these findings to therapeutic options."
40527812,Interrelationship between PQ exposure and Parkinson disease: A systematic review and meta-analysis,"Ba RQ, Fan XJ, Fan HJ, Du K, Ma X, Wen Y, Liu MW.",Medicine (Baltimore). 2025 Jun 13;104(24):e42796. doi: 10.1097/MD.0000000000042796.,Ba RQ,Medicine (Baltimore),2025,2025/06/17,PMC12173288,,10.1097/MD.0000000000042796,"Some studies have conflicting findings, suggesting that PQ has no association with the progression of Parkinson disease (PD). This meta-analysis aimed to investigate the impact of PQ on the incidence of PD.
A computerized search was conducted in Pubmed, Embase, Cochrane, Web of Science, and Scopus for literature on factors influencing DEACMP from their inception to October 2023. Statistical analyses and meta-analyses were performed using STATA 17.0 and RevMan 5.4 software, respectively.
A total of 181 articles were retrieved. 14 articles were included, comprising 4731 PD cases and 205,129 control cases. In case-control studies, the proportion of PQ exposure in the PD group was relatively high, with an odds ratio (OR) of 1.47 (95% confidence interval [CI]: 1.25, 1.72; I2 = 2%, P < .00001). In cohort studies, the PD group showed a relatively high proportion of PQ exposure, with an OR of 0.81 (95% CI: 0.71-0.92; I2 = 0%, P = .001). Additionally, subgroup analyses were conducted based on the study area. Studies from the United States and Canada indicated that the proportion of PQ exposure in the PD group was relatively high, with an OR of 1.36 (95% CI: 1.12-1.67; I2 = 10%, P = .002). In addition, the occupational exposure analysis showed that the proportion of PQ exposure in the PD group was higher, with an OR of 0.83 (95% CI: 0.71-0.99; I2 = 10%, P = .03). The environmental exposure analysis indicated a tendency towards a higher proportion of PQ exposure in the PD group, with an OR of 2.37 (95% CI: 0.98-5.73; I2 = 9%, P = .06). The mixed exposure analysis revealed a significantly higher proportion of PQ exposure in the PD group, with an OR of 1.47 (95% CI: 1.25-1.73; I2 = 0%, P < .0001).
This study demonstrates that PQ exposure does not obviously increase the incidence of PD. However, factors such as gender, exposure conditions, and regional differences may affect the incidence of PD induced by PQ exposure. Further clarification is required regarding the impact of paraquat exposure on PD. Simultaneously, efforts should be made to prohibit or reduce the use of and exposure to paraquat."
41377218,Gut-brain axis and Parkinson's disease: navigating the microbial enigma,"Jaffer MS, Sohail S, Ahmed N, Ashraf A, Shenawa E.",Ann Med Surg (Lond). 2025 Oct 17;87(12):9109-9110. doi: 10.1097/MS9.0000000000004132. eCollection 2025 Dec.,Jaffer MS,Ann Med Surg (Lond),2025,2025/12/11,PMC12689100,,10.1097/MS9.0000000000004132,"Parkinson's disease (PD), traditionally seen as a Central Nervous System (CNS) disorder with dopaminergic neuron loss and α-synuclein aggregation, increasingly implicates the gut-brain axis in its pathogenesis. Gut microbiota dysbiosis precedes motor symptoms by years, linking to non-motor issues like constipation and rapid eye movement sleep behavior disorder, with reduced neuroprotective bacteria (e.g., "
39685702,Alpha-Synuclein and Microglia in Parkinson's Disease: From Pathogenesis to Therapeutic Prospects,"Eo H, Kim S, Jung UJ, Kim SR.",J Clin Med. 2024 Nov 28;13(23):7243. doi: 10.3390/jcm13237243.,Eo H,J Clin Med,2024,2024/12/17,PMC11642439,,10.3390/jcm13237243,"Parkinson's disease (PD) is a neurodegenerative disorder characterized by both motor symptoms and non-motor features. A hallmark of PD is the misfolding and accumulation of alpha-synuclein (α-syn), which triggers neuroinflammation and drives neurodegeneration. Microglia, brain cells that play a central role in neuroinflammatory responses and help clear various unnecessary molecules within the brain, thus maintaining the brain's internal environment, respond to α-syn through mechanisms involving inflammation, propagation, and clearance. This review delves into the complex interplay between α-syn and microglia, elucidating how these interactions drive PD pathogenesis. Furthermore, we discuss emerging therapeutic strategies targeting the α-syn-microglia axis, with a focus on modulating microglial functions to mitigate neuroinflammation, enhance clearance, and prevent α-syn propagation, emphasizing their potential to slow PD progression."
41586427,Gut-Brain Axis: The Role of Gastrointestinal Issues in Parkinson's Disease,"Armas C, Kaufman P.",Integr Med (Encinitas). 2025 Dec;24(6):20-27.,Armas C,Integr Med (Encinitas),2025,2026/01/26,PMC12825857,,,"Parkinson's Disease (PD) is a complex neurodegenerative disorder traditionally identified by motor symptoms. However, non-motor manifestations such as lower gastrointestinal (GI) disturbances are increasingly recognized as early indicators and contributors to disease progression. This review examines the gut-brain axis and the role of lower GI issues, particularly constipation and gut dysbiosis, in the pathogenesis and management of PD. The ""bottom-up"" hypothesis suggests that PD may originate in the gut, with misfolded alpha-synuclein aggregating in the enteric nervous system before appearing in the brain. This pathological process is closely associated with gut dysbiosis, which contributes to increased intestinal permeability, systemic inflammation, and neuroinflammation via the vagus nerve and disrupted blood-brain barrier. Dysbiosis not only alters microbial diversity but also leads to the overproduction of neurotoxic metabolites, like lipopolysaccharides (LPS) and short-chain fatty acids (SCFAs). These biochemical changes create a pro-inflammatory environment that accelerates neurodegeneration. The review examines integrative interventions, including dietary strategies such as the Mediterranean diet and supplementation with probiotics, prebiotics, and synbiotics, which have shown promise in modulating gut microbiota and reducing inflammation. Lifestyle factors, such as exercise and stress reduction, also support gut health and symptom management, with structured multimodal exercise regimens showing significant benefit in motor function."
39520734,Environmental and occupational exposure to organochlorine pesticides associated with Parkinson's disease risk: A systematic review and meta-analysis based on epidemiological evidence,"Xu Y, Su Y, Cai S, Yao Y, Chen X.",Public Health. 2024 Dec;237:374-386. doi: 10.1016/j.puhe.2024.10.035. Epub 2024 Nov 9.,Xu Y,Public Health,2024,2024/11/09,,,10.1016/j.puhe.2024.10.035,"The purpose of this study was to analyze the association between environmental and occupational organochlorine pesticides (OCPs) exposure and Parkinson's disease (PD) risk.
Systematic review and meta-analysis.
A comprehensive search of articles before March 18, 2024, was conducted through PubMed, Cochrane, Embase, Medlin and Web of Science databases, and the relevant data were expressed as odds ratios (OR) and 95 % confidence intervals (CI). Newcastle-Ottawa Scale (NOS) was used to evaluate literature quality. STATA (Version 11.0) was used for analysis.
This meta-analysis included 17 case-control studies. The results showed that OCPs exposure increased PD risk, including seven blood sample assessment exposure (BOCPs) studies (OR = 1.54, 95 % CI = 1.32-1.79) and 10 indirect assessment exposure (IOCPs) studies (OR = 1.19, 95 % CI = 1.04-1.35). Location subgroup analysis showed that OCPs was positively associated with PD risk in Asia, while there was no statistical significance in North America and Europe. The IOCPs functional subclasses subgroup results suggested that organochlorine insecticides were significantly associated with PD risk (OR = 1.18, 95%CI = 1.03-1.37). Study time may be a factor of high heterogeneity in BOCPs. In addition, BOCPs (OR = 1.49, 95%CI = 1.28-1.74) and IOCPs (OR = 1.10, 95%CI = 0.95-1.26) showed different results with PD risk.
Study suggests that OCPs exposure may be a risk factor for PD, but there may be location and OCPs type differences."
37184845,"The Water, the Air, the Marines-Camp Lejeune, Trichloroethylene, and Parkinson Disease","Dorsey ER, Greenamyre JT, Willis AW.",JAMA Neurol. 2023 Jul 1;80(7):663-665. doi: 10.1001/jamaneurol.2023.1174.,Dorsey ER,JAMA Neurol,2023,2023/05/15,,,10.1001/jamaneurol.2023.1174,
35155833,People with Parkinson's disease and housing issues: A scoping review,"Iwarsson S, Andersson N, Slaug B, Nilsson MH.",Health Sci Rep. 2022 Feb 9;5(2):e511. doi: 10.1002/hsr2.511. eCollection 2022 Mar.,Iwarsson S,Health Sci Rep,2022,2022/02/14,PMC8827270,,10.1002/hsr2.511,"There is evidence that housing issues are associated with health outcomes as people age, but little is known in this respect regarding the specific population of people with Parkinson's disease (PD). The objective of this literature review was to identify and analyze the knowledge gap concerning people with PD and housing issues.
Applying established guidelines for scoping reviews, a systematic literature search was done in relevant databases applying the following inclusion criteria: empirical studies including human participants with PD, addressing housing in the objective, hypothesis or research questions, and published in English in peer-reviewed journals. Data were analyzed using a framework of domains, factors, and variables influencing housing decisions among older people.
Twelve publications were identified, originating from a few researchers and with very different scopes. While the social dimension was scarcely attended to, the publications addressed all six domains of the analytical framework and 30% of the variables specified therein, but many were only used for descriptive purposes.
This scoping review reveals that there is a substantial knowledge gap regarding people with PD and housing issues. The knowledge gap is most evident in the social dimension, while the studies identified provide more information relating to the health dimension than what is the case in research on housing targeting the general aging population. Because society urgently needs evidence to support the development of housing policies and provide suitable housing for this vulnerable population, more research targeting people with PD and housing issues is warranted."
33951636,"Epidemiology of Parkinson's Disease in Rural Gujarat, India","Je G, Arora S, Raithatha S, Barrette R, Valizadeh N, Shah U, Desai D, Deb A, Desai S.",Neuroepidemiology. 2021;55(3):188-195. doi: 10.1159/000515030. Epub 2021 May 5.,Je G,Neuroepidemiology,2021,2021/05/05,,,10.1159/000515030,"In India, there have been only few published studies of Parkinson's disease (PD) showing a wide range of prevalence. We conducted this study to determine the prevalence of PD in the rural population of Gujarat, in the western region of India.
This cross-sectional descriptive study was conducted in the villages of Anand, a district of Gujarat, India, between September 2019 and February 2020. This study used a multistep approach including a screening questionnaire and video recording followed by clinical examination by a neurologist, laboratory evaluation, and brain imaging to evaluate patients with PD.
A total population of 18,896 was screened. The overall crude prevalence of PD was 42.3 per 100,000, and the prevalence over the age of 60 was 308.9 per 100,000 which showed the trend of increasing disease prevalence with age. Their mean duration of illness was 39.3 ± 27.3 months, and more than half of patients with PD had multiple associated nonmotor symptoms and nearly one-third had comorbid anxiety or depression. Environmental factors are important in the pathogenesis of PD, but there was no clear association between patients with PD and certain variables including consumption of well water, exposure to pesticides or other toxins, smoking cigarettes, and drinking alcohol or coffee in our study.
The present study showed the current epidemiological data of PD from Gujarat, in western India. Further studies across different regions in India need to be encouraged for better understanding of PD prevalence in the Indian population."
37903644,Fine Particulate Matter and Parkinson Disease Risk Among Medicare Beneficiaries,"Krzyzanowski B, Searles Nielsen S, Turner JR, Racette BA.",Neurology. 2023 Nov 21;101(21):e2058-e2067. doi: 10.1212/WNL.0000000000207871. Epub 2023 Oct 30.,Krzyzanowski B,Neurology,2023,2023/10/30,PMC10663024,,10.1212/WNL.0000000000207871,"Numerous studies suggest that environmental exposures play a critical role in Parkinson disease (PD) pathogenesis, and large, population-based studies have the potential to advance substantially the identification of novel PD risk factors. We sought to study the nationwide geographic relationship between PD and air pollution, specifically PM
We conducted a population-based geographic study of Medicare beneficiaries aged 66-90 years geocoded to US counties and zip+4. We used integrated nested Laplace approximation to create age, sex, race, smoking, and health care utilization-adjusted relative risk (RR) at the county level for geographic analyses with PM
Among 21,639,190 Medicare beneficiaries, 89,390 had incident PD in 2009. There was a nationwide association between average annual PM
State-of-the-art geographic analytic techniques revealed an association between PM"
40506444,Longitudinal assessment of the association between pesticide exposure and lifestyle with Parkinson's disease motor severity,"Lüth T, Caliebe A, Gabbert C, Sendel S, Laabs BH, König IR, Klein C, Trinh J.",NPJ Parkinsons Dis. 2025 Jun 12;11(1):164. doi: 10.1038/s41531-025-01010-2.,Lüth T,NPJ Parkinsons Dis,2025,2025/06/12,PMC12162858,,10.1038/s41531-025-01010-2,"Longitudinal investigations on the relationship between lifestyle exposures and motor severity are lacking. In this longitudinal study, we included patients with idiopathic Parkinson's disease (iPD) (N = 5139) and LRRK2-related PD (N = 81) from PPMI-Online and Fox Insight. Motor aspects were followed for up to five years. We investigated the association between environmental exposure, lifestyle factors and motor aspect severity over time by applying linear mixed effects models. In LRRK2-PD, black tea consumption was associated with less severe motor aspects (β = -0.51, p = 0.028). In patients with iPD, pesticide exposure was associated with more severe motor aspects over time in PPMI-Online (β = 0.23, p = 3.56 × 10"
35145396,Magnetic Resonance Imaging Markers for Cognitive Impairment in Parkinson's Disease: Current View,"Hou Y, Shang H.",Front Aging Neurosci. 2022 Jan 25;14:788846. doi: 10.3389/fnagi.2022.788846. eCollection 2022.,Hou Y,Front Aging Neurosci,2022,2022/02/11,PMC8821910,,10.3389/fnagi.2022.788846,"Cognitive impairment (CI) ranging from mild cognitive impairment (MCI) to dementia is a common and disturbing complication in patients with Parkinson's disease (PD). Numerous studies have focused on neuropathological mechanisms underlying CI in PD, along with the identification of specific biomarkers for CI. Magnetic resonance imaging (MRI), a promising method, has been adopted to examine the changes in the brain and identify the candidate biomarkers associated with CI. In this review, we have summarized the potential biomarkers for CI in PD which have been identified through multi-modal MRI studies. Structural MRI technology is widely used in biomarker research. Specific patterns of gray matter atrophy are promising predictors of the evolution of CI in patients with PD. Moreover, other MRI techniques, such as MRI related to small-vessel disease, neuromelanin-sensitive MRI, quantitative susceptibility mapping, MR diffusion imaging, MRI related to cerebrovascular abnormality, resting-state functional MRI, and proton magnetic resonance spectroscopy, can provide imaging features with a good degree of prediction for CI. In the future, novel combined biomarkers should be developed using the recognized analysis tools and predictive algorithms in both cross-sectional and longitudinal studies."
35262433,Is ambient air pollution a risk factor for Parkinson's disease? A meta-analysis of epidemiological evidence,"Dhiman V, Trushna T, Raj D, Tiwari RR.",Int J Environ Health Res. 2023 Aug;33(8):733-750. doi: 10.1080/09603123.2022.2047903. Epub 2022 Mar 9.,Dhiman V,Int J Environ Health Res,2023,2022/03/09,,,10.1080/09603123.2022.2047903,"Current evidence shows inconsistencies about ambient air pollution (AAP) exposure as a risk factor for Parkinson's disease (PD). We performed meta-analyses to estimate the pooled risk of PD due to AAP exposure. We performed a systematic search in PubMed, Google Scholar, The Cochrane Library, and J-GATEPLUS databases for peer-reviewed epidemiological studies reporting the risk of PD due to exposure to PM"
39880740,Filipinos and Parkinson's disease: A scoping review of the literature,"Krening E, Dy Closas AMF, Yu JRT, Seto TB, Terpak L, Bruno MK.",Parkinsonism Relat Disord. 2025 Mar;132:107271. doi: 10.1016/j.parkreldis.2025.107271. Epub 2025 Jan 13.,Krening E,Parkinsonism Relat Disord,2025,2025/01/29,,,10.1016/j.parkreldis.2025.107271,"Filipinos are the third largest sub-group of Asian Americans in the United States and have greater socioeconomic and health disparities than many other Asian sub-groups [1,2,3,4,5,6,7,8]. Characteristics of Filipino patients with Parkinson's disease (PD) have not been adequately studied.
To scope the extent, range and nature of current knowledge on PD in Filipino-American (FA) patients in contrast to Filipino patients in general.
We undertook a scoping review including all types of research relating to PD in Filipinos. We searched the following electronic databases: MEDLINE via PubMed, Google Scholar, Cochrane Library, Herdin and Journals@OVID (searched 1944-November 2024). Criteria for inclusion were peer-reviewed empirical articles published in English that specifically included and described Filipino patients with PD. We reviewed all eligible articles and categorized them by general topical themes.
The scoping review resulted in 48 eligible papers (Fig. 1). There were 7 papers that discussed PD in FA, and 35 papers that discussed PD in the Philippines. The main themes identified from the scoping review were: epidemiology/etiology (n = 19, 39 %), clinical manifestations and management (n = 20, 42 %), and access to PD care (n = 9, 19 %).
There is a paucity of information on PD in the FA population, with the majority of studies from the Philippines. Further studies on FA in the US, when compared to the studies from the Philippines, may shed light on how differences in the environment and sociodemographic factors may influence the nature and course of PD."
33250846,Technology-Enabled Care: Integrating Multidisciplinary Care in Parkinson's Disease Through Digital Technology,"Luis-Martínez R, Monje MHG, Antonini A, Sánchez-Ferro Á, Mestre TA.",Front Neurol. 2020 Oct 30;11:575975. doi: 10.3389/fneur.2020.575975. eCollection 2020.,Luis-Martínez R,Front Neurol,2020,2020/11/30,PMC7673441,,10.3389/fneur.2020.575975,"Parkinson's disease (PD) management requires the involvement of movement disorders experts, other medical specialists, and allied health professionals. Traditionally, multispecialty care has been implemented in the form of a multidisciplinary center, with an inconsistent clinical benefit and health economic impact. With the current capabilities of digital technologies, multispecialty care can be reshaped to reach a broader community of people with PD in their home and community. Digital technologies have the potential to connect patients with the care team beyond the traditional sparse clinical visit, fostering care continuity and accessibility. For example, video conferencing systems can enable the remote delivery of multispecialty care. With big data analyses, wearable and non-wearable technologies using artificial intelligence can enable the remote assessment of patients' conditions in their natural home environment, promoting a more comprehensive clinical evaluation and empowering patients to monitor their disease. These advances have been defined as technology-enabled care (TEC). We present examples of TEC under development and describe the potential challenges to achieve a full integration of technology to address complex care needs in PD."
36673709,Comparing Backward Walking Performance in Parkinson's Disease with and without Freezing of Gait-A Systematic Review,"Milane T, Hansen C, Chardon M, Bianchini E, Vuillerme N.",Int J Environ Res Public Health. 2023 Jan 4;20(2):953. doi: 10.3390/ijerph20020953.,Milane T,Int J Environ Res Public Health,2023,2023/01/21,PMC9859157,,10.3390/ijerph20020953,"Parkinson's disease (PD) is a neurodegenerative disease characterized by motor symptoms and gait impairments. Among them, freezing of gait (FOG) is one of the most disabling manifestations. Backward walking (BW) is an activity of daily life that individuals with PD might find difficult and could cause falls. Recent studies have reported that gait impairments in PD were more pronounced in BW, particularly in people presenting FOG. However, to the best of our knowledge, no systematic review has synthetized the literature which compared BW performance in PD patients with and without FOG.
The aim of this study was to evaluate the differences in BW performance between PD patients with FOG and PD patients without FOG.
Two databases, PubMed and Web of Science, were systematically searched to identify studies comparing BW performance in PD patients with and without FOG. The National Institutes of Health (NIH) tool was used to assess the quality of the studies included.
Seven studies with 431 PD patients (179 PD with FOG and 252 PD without FOG) met the inclusion criteria and were included in this review. Among them, 5 studies reported walking speed, 3 studies step length, stride length and lower limb range of motion, 2 studies functional ambulation profile, toe clearance height, swing, and stance percent and 1 study reported the decomposition index and stepping coordination. Compared to PD patients without FOG, PD patients with FOG showed slower walking speed and reduced step length in 3 studies, shorter stride length, lower functional ambulation profile and decreased ankle range of motion in 2 studies, and smaller swing percent, higher stance percent, worse stepping coordination, greater decomposition between movements, and lower toe clearance height in one study.
Despite the small number of included studies, the findings of this review suggested that PD patients with FOG have worse gait performance during the BW task than PD without FOG."
33395012,Extrinsic and Behavioral Fall Risk Factors in People With Parkinson's Disease: An Integrative Review,"Kuljeerung O, Lach HW.",Rehabil Nurs. 2021 Jan-Feb 01;46(1):3-10. doi: 10.1097/rnj.0000000000000265.,Kuljeerung O,Rehabil Nurs,2021,2021/01/04,,,10.1097/rnj.0000000000000265,"The aim of the study was to explore extrinsic and behavioral risks for falls in older adults with Parkinson's disease (PD).
Falls that cause injury and disability in people with PD are common. Understanding the role of extrinsic and behavioral factors is important for fall prevention.
Integrative literature review with search of CINAHL, MEDLINE, and SCOPUS and ancestry searching was performed.
The methodology of Whittemore and Knafl guided the review; ten studies were included.
Falls occur indoors and outdoors, commonly during daily activities in familiar home environments, but also when out in the community. Common challenges include uneven and unfamiliar environments and risky behavior like hurrying.
Extrinsic risk factors combined with behavioral and intrinsic factors contribute to falls in people with PD both at home and in the community.
Rehabilitation of people with PD should include assessment of falls, function, extrinsic risk factors, and fit with their environment to develop fall prevention plans."
34639343,Assessment of Force Production in Parkinson's Disease Subtypes,"Pelicioni PHS, Pereira MP, Lahr J, Dos Santos PCR, Gobbi LTB.",Int J Environ Res Public Health. 2021 Sep 24;18(19):10044. doi: 10.3390/ijerph181910044.,Pelicioni PHS,Int J Environ Res Public Health,2021,2021/10/13,PMC8507744,,10.3390/ijerph181910044,"Muscle weakness is a secondary motor symptom of Parkinson's disease (PD), especially in the subtype characterized by postural instability and gait difficulty (PIGD). Since the PIGD subtype also presents worse bradykinesia, we hypothesized that it also shows a decreased rate of force development, which is linked to an increased risk of falling in PD. Therefore, we investigated the effects of PD and PD subtypes on a force production profile and correlated the force production outcomes with clinical symptoms for each PD subtype. We assessed three groups of participants: 14 healthy older adults (OA), 10 people with PD composing the PIGD group, and 14 people with PD composing the tremor-dominant group. Three knee extension maximum voluntary isometric contractions were performed in a leg extension machine equipped with a load cell to assess the force production. The outcome measures were: peak force and rate of force development (RFD) at 50 ms (RFD50), 100 ms (RFD100), and 200 ms (RFD200). We observed lower peak force, RFD50, RFD100, and RFD200 in people with PD, regardless of subtypes, compared with the OA group ("
38992186,Digital biomarkers for non-motor symptoms in Parkinson's disease: the state of the art,"Janssen Daalen JM, van den Bergh R, Prins EM, Moghadam MSC, van den Heuvel R, Veen J, Mathur S, Meijerink H, Mirelman A, Darweesh SKL, Evers LJW, Bloem BR.",NPJ Digit Med. 2024 Jul 11;7(1):186. doi: 10.1038/s41746-024-01144-2.,Janssen Daalen JM,NPJ Digit Med,2024,2024/07/11,PMC11239921,,10.1038/s41746-024-01144-2,"Digital biomarkers that remotely monitor symptoms have the potential to revolutionize outcome assessments in future disease-modifying trials in Parkinson's disease (PD), by allowing objective and recurrent measurement of symptoms and signs collected in the participant's own living environment. This biomarker field is developing rapidly for assessing the motor features of PD, but the non-motor domain lags behind. Here, we systematically review and assess digital biomarkers under development for measuring non-motor symptoms of PD. We also consider relevant developments outside the PD field. We focus on technological readiness level and evaluate whether the identified digital non-motor biomarkers have potential for measuring disease progression, covering the spectrum from prodromal to advanced disease stages. Furthermore, we provide perspectives for future deployment of these biomarkers in trials. We found that various wearables show high promise for measuring autonomic function, constipation and sleep characteristics, including REM sleep behavior disorder. Biomarkers for neuropsychiatric symptoms are less well-developed, but show increasing accuracy in non-PD populations. Most biomarkers have not been validated for specific use in PD, and their sensitivity to capture disease progression remains untested for prodromal PD where the need for digital progression biomarkers is greatest. External validation in real-world environments and large longitudinal cohorts remains necessary for integrating non-motor biomarkers into research, and ultimately also into daily clinical practice."
35013326,Functional connectivity in Parkinson's disease candidates for deep brain stimulation,"Albano L, Agosta F, Basaia S, Cividini C, Stojkovic T, Sarasso E, Stankovic I, Tomic A, Markovic V, Stefanova E, Mortini P, Kostic VS, Filippi M.",NPJ Parkinsons Dis. 2022 Jan 10;8(1):4. doi: 10.1038/s41531-021-00268-6.,Albano L,NPJ Parkinsons Dis,2022,2022/01/11,PMC8748462,,10.1038/s41531-021-00268-6,"This study aimed to identify functional neuroimaging patterns anticipating the clinical indication for deep brain stimulation (DBS) in patients with Parkinson's disease (PD). A cohort of prospectively recruited patients with PD underwent neurological evaluations and resting-state functional MRI (RS-fMRI) at baseline and annually for 4 years. Patients were divided into two groups: 19 patients eligible for DBS over the follow-up and 41 patients who did not meet the criteria to undergo DBS. Patients selected as candidates for DBS did not undergo surgery at this stage. Sixty age- and sex-matched healthy controls performed baseline evaluations. Graph analysis and connectomics assessed global and local topological network properties and regional functional connectivity at baseline and at each time point. At baseline, network analysis showed a higher mean nodal strength, local efficiency, and clustering coefficient of the occipital areas in candidates for DBS over time relative to controls and patients not eligible for DBS. The occipital hyperconnectivity pattern was confirmed by regional analysis. At baseline, a decreased functional connectivity between basal ganglia and sensorimotor/frontal networks was found in candidates for DBS compared to patients not eligible for surgery. In the longitudinal analysis, patient candidate for DBS showed a progressively decreased topological brain organization and functional connectivity, mainly in the posterior brain networks, and a progressively increased connectivity of basal ganglia network compared to non-candidates for DBS. RS-fMRI may support the clinical indication to DBS and could be useful in predicting which patients would be eligible for DBS in the earlier stages of PD."
40270951,Gluten and its relationship with inflammation and Parkinson's Disease: A literature review,"Muttalib Z, Aboukhalil D, Nwosu C, Manguerra DD Jr, Wen J, Ansari U, Alam M, Abed I, Tabaie E, Salem A, Lui F.",AIMS Neurosci. 2025 Mar 31;12(1):44-57. doi: 10.3934/Neuroscience.2025004. eCollection 2025.,Muttalib Z,AIMS Neurosci,2025,2025/04/24,PMC12011982,,10.3934/Neuroscience.2025004,"Parkinson's Disease is a neurodegenerative central nervous system (CNS) disease that primarily affects the dopaminergic cells of the Substantia Nigra in the midbrain and causes a diverse array of symptoms, including dystonia, a loss of balance, difficulty initiating movements, akinesia, muscle spasms, and tremors. It has long been known that environmental and commercial compounds are linked to an increased risk of Parkinson's Disease. Of importance, gluten, a complex polysaccharide, has been hypothesized to cause some of the symptoms related to Parkinson's Disease. It is hypothesized that gluten causes a chronic inflammatory state which may lead to plaque formation and neuronal cell death in the substantia nigra, alongside the symptoms of Parkinson's Disease. This literature review hopes to explore the relationship gluten has as an inflammatory molecule and its role in the production and prolongation of the disease processes in Parkinson's Disease."
38187152,Triggers for freezing of gait in individuals with Parkinson's disease: a systematic review,"Conde CI, Lang C, Baumann CR, Easthope CA, Taylor WR, Ravi DK.",Front Neurol. 2023 Dec 21;14:1326300. doi: 10.3389/fneur.2023.1326300. eCollection 2023.,Conde CI,Front Neurol,2023,2024/01/08,PMC10771308,,10.3389/fneur.2023.1326300,"Freezing of Gait (FOG) is a motor symptom frequently observed in advanced Parkinson's disease. However, due to its paroxysmal nature and diverse presentation, assessing FOG in a clinical setting can be challenging. Before FOG can be fully investigated, it is critical that a reliable experimental setting is established in which FOG can be evoked in a standardized manner, but the efficacy of various gait tasks and triggers for eliciting FOG remains unclear.
This study aimed to conduct a systematic review of the existing literature and evaluate the available evidence for the relationship between specific motor tasks, triggers, and FOG episodes in individuals with Parkinson's disease (PwPD).
We conducted a literature search on four online databases (PubMed, Web of Science, EMBASE, and Cochrane Library) using the keywords ""Parkinson's disease,"" ""Freezing of Gait"", ""triggers"" and ""tasks"". A total of 128 articles met the inclusion criteria and were included in our analysis.
The review found that a wide range of gait tasks were employed in studies assessing FOG among PD patients. However, three tasks (turning, dual tasking, and straight walking) emerged as the most frequently used. Turning (28%) appears to be the most effective trigger for eliciting FOG in PwPD, followed by walking through a doorway (14%) and dual tasking (10%).
This review thereby supports the utilisation of turning, especially a 360-degree turn, as a reliable trigger for FOG in PwPD. This finding could be beneficial to clinicians conducting clinical evaluations and researchers aiming to assess FOG in a laboratory environment."
40909010,Identifying subtypes of longitudinal motor symptom severity trajectories in early Parkinson's disease patients,"Xu X, Zhang S, Xu C, Zhang W, Zhao H, Liu Y, Zhai S, Zu J, Li Z, Xiao L.",Front Neurol. 2025 Aug 20;16:1597132. doi: 10.3389/fneur.2025.1597132. eCollection 2025.,Xu X,Front Neurol,2025,2025/09/05,PMC12404927,,10.3389/fneur.2025.1597132,"Motor symptoms of Parkinson's disease (PD) patients affect their ability of daily activities. Identifying distinct trajectories of motor symptom progression in PD patients can facilitate long-term management.
A total of 155 PD patients were acquired from the Parkinson's Disease Progression Marker Initiative (PPMI). Distinct longitudinal trajectory clusters of motor symptom progression in PD patients were identified by unsupervised self-organizing maps (SOMs), and baseline characteristics were compared among different clusters. Linear mixed-effect analysis was utilized to estimate the longitudinal courses of some cardinal motor symptoms among clusters, while survival analysis was used to compare time-to-clinical milestones within 5 years. The support vector machine (SVM) was built to predict patients' trajectory clusters, and its performance was evaluated through the mean area under the receiver-operating characteristic curve (mAUC), accuracy and macro 
The optimal clusters by SOMs are 3. Cardinal motor symptoms of the progressive cluster worsened more rapidly, and this cluster is more likely to have impaired balance, loss of independence, sleep disturbance, and cognitive impairment within 5 years. The mAUC, accuracy, and macro 
Subtyping motor symptom progression into different trajectories can improve patients' management. Using baseline data to predict which trajectory cluster a patient belongs to may help develop interventions."
34722604,Parkinson's Disease Risk and Alcohol Intake: A Systematic Review and Dose-Response Meta-Analysis of Prospective Studies,"Shao C, Wang X, Wang P, Tang H, He J, Wu N.",Front Nutr. 2021 Oct 14;8:709846. doi: 10.3389/fnut.2021.709846. eCollection 2021.,Shao C,Front Nutr,2021,2021/11/01,PMC8551485,,10.3389/fnut.2021.709846,
37200442,Solvent exposure strongly linked to Parkinson's,Wadman M.,Science. 2023 May 19;380(6646):683. doi: 10.1126/science.adi7660. Epub 2023 May 18.,Wadman M,Science,2023,2023/05/18,,,10.1126/science.adi7660,Military recruits exposed to TCE decades ago have increased risk of the brain disease.
35849689,Yerbamate Tea Consumption: A Protective Factor in Parkinson Disease,"Sáenz-Farret M, Salinas-Martínez AM, Zúñiga-Ramírez C, Amorín-Costábile I, Maiola R, Mejía-Rojas KK, Galeano MS, Velázquez C, Ruiz G, Micheli F.",Clin Neuropharmacol. 2022 Jul-Aug 01;45(4):79-83. doi: 10.1097/WNF.0000000000000513. Epub 2022 Jun 24.,Sáenz-Farret M,Clin Neuropharmacol,2022,2022/07/18,,,10.1097/WNF.0000000000000513,"Little is known about the association between Yerbamate (YMT) tea consumption and Parkinson disease (PD). We determined whether there was an association between YMT tea consumption and PD.
We conducted a multicenter case-control study in 3 countries (Argentina, Paraguay, and Uruguay). We applied a structured questionnaire about YMT tea consumption history. The survey also included information about factors previously associated with a decreased and increased risk of PD, apart from medical and demographic factors. Odds ratios and 95% confidence intervals were calculated using multivariate unconditional binary logistic regression analysis.
We included 215 cases and 219 controls. The mean age of the cases was 65.6 ± 10.5 years and that of controls was 63.1 ± 10.5 years (P < 0.02). Years of YMT tea consumption, number of liters drunk per day, and amount of YMT used for preparing the infusion were similar between cases and controls (P > 0.05), but not the number of times the YMT was added into the container (P = 0.003) and the YMT tea concentration per serving (P = 0.02). The multivariate analysis showed that YMT tea concentration per serving lowered the risk for PD, independent of potential confounders (odds ratio, 0.62; 95% confidence interval, 0.47-0.84).
This multicenter study highlights the association between an environmental factor, the YMT tea drinking, and PD. Although more evidence from longitudinal studies is needed, the results obtained here points toward a protective effect of the YMT tea concentration per serving on PD."
37864700,Association between blood selenium with parkinson's disease in the US (NHANES 2011-2020),"Zeng Z, Cen Y, Luo X.",Environ Sci Pollut Res Int. 2023 Nov;30(55):117349-117359. doi: 10.1007/s11356-023-30337-7. Epub 2023 Oct 21.,Zeng Z,Environ Sci Pollut Res Int,2023,2023/10/21,,,10.1007/s11356-023-30337-7,"Selenium is an essential trace element for human health, playing a key role in regulating cellular oxidative stress, immune response, and inflammation. In recent years, the association between selenium and Parkinson's disease (PD) has aroused people's attention. The objective of this study is to investigate the relationship between blood selenium concentrations and PD risk in a sample of U.S. adults. A cross-sectional study was conducted using the National Health and Nutrition Examination Survey (NHANES) data from 2011-2020 and included 15,660 adults aged over 40 years old. Univariate logistic regression and multivariate logistic regression models were utilized to analyze the association between blood selenium concentrations and PD prevalence. Additionally, the restricted cubic spline (RCS) model was applied to investigate the dose-response relationships between blood selenium and PD. The findings indicated a link between elevated blood selenium levels and a reduced occurrence of Parkinson's disease (PD). Notably, this association between blood selenium and PD exhibited a non-linear pattern, wherein the decline in PD risk was more pronounced at higher selenium concentrations than at lower levels. An inflection point emerged at approximately 2.4 μmol/L, beyond which the rate of decline in risk significantly diminished with increasing selenium levels. A potential association between blood selenium concentrations and PD has been observed, with PD patients having lower blood selenium levels compared to non-PD patients. Higher levels of blood selenium may have a protective effect against PD. However, further prospective studies are needed to investigate the effect of blood selenium in PD patients and to determine causality."
34149364,"Neurotrophic Factors in Parkinson's Disease: Clinical Trials, Open Challenges and Nanoparticle-Mediated Delivery to the Brain","Bondarenko O, Saarma M.",Front Cell Neurosci. 2021 Jun 2;15:682597. doi: 10.3389/fncel.2021.682597. eCollection 2021.,Bondarenko O,Front Cell Neurosci,2021,2021/06/21,PMC8206542,,10.3389/fncel.2021.682597,"Neurotrophic factors (NTFs) are small secreted proteins that support the development, maturation and survival of neurons. NTFs injected into the brain rescue and regenerate certain neuronal populations lost in neurodegenerative diseases, demonstrating the potential of NTFs to cure the diseases rather than simply alleviating the symptoms. NTFs (as the vast majority of molecules) do not pass through the blood-brain barrier (BBB) and therefore, are delivered directly into the brain of patients using costly and risky intracranial surgery. The delivery efficacy and poor diffusion of some NTFs inside the brain are considered the major problems behind their modest effects in clinical trials. Thus, there is a great need for NTFs to be delivered systemically thereby avoiding intracranial surgery. Nanoparticles (NPs), particles with the size dimensions of 1-100 nm, can be used to stabilize NTFs and facilitate their transport through the BBB. Several studies have shown that NTFs can be loaded into or attached onto NPs, administered systemically and transported to the brain. To improve the NP-mediated NTF delivery through the BBB, the surface of NPs can be functionalized with specific ligands such as transferrin, insulin, lactoferrin, apolipoproteins, antibodies or short peptides that will be recognized and internalized by the respective receptors on brain endothelial cells. In this review, we elaborate on the most suitable NTF delivery methods and envision ""ideal"" NTF for Parkinson's disease (PD) and clinical trial thereof. We shortly summarize clinical trials of four NTFs, glial cell line-derived neurotrophic factor (GDNF), neurturin (NRTN), platelet-derived growth factor (PDGF-BB), and cerebral dopamine neurotrophic factor (CDNF), that were tested in PD patients, focusing mainly on GDNF and CDNF. We summarize current possibilities of NP-mediated delivery of NTFs to the brain and discuss whether NPs have impact in improving the properties of NTFs and delivery across the BBB. Emerging delivery approaches and future directions of NTF-based nanomedicine are also discussed."
37529404,Adaptation strategies and neurophysiological response in early-stage Parkinson's disease: BioVRSea approach,"Jacob D, Guerrini L, Pescaglia F, Pierucci S, Gelormini C, Minutolo V, Fratini A, Di Lorenzo G, Petersen H, Gargiulo P.",Front Hum Neurosci. 2023 Jul 17;17:1197142. doi: 10.3389/fnhum.2023.1197142. eCollection 2023.,Jacob D,Front Hum Neurosci,2023,2023/08/02,PMC10389765,,10.3389/fnhum.2023.1197142,"There is accumulating evidence that many pathological conditions affecting human balance are consequence of postural control (PC) failure or overstimulation such as in motion sickness. Our research shows the potential of using the response to a complex postural control task to assess patients with early-stage Parkinson's Disease (PD).
We developed a unique measurement model, where the PC task is triggered by a moving platform in a virtual reality environment while simultaneously recording EEG, EMG and CoP signals. This novel paradigm of assessment is called BioVRSea. We studied the interplay between biosignals and their differences in healthy subjects and with early-stage PD.
Despite the limited number of subjects (29 healthy and nine PD) the results of our work show significant differences in several biosignals features, demonstrating that the combined output of posturography, muscle activation and cortical response is capable of distinguishing healthy from pathological.
The differences measured following the end of the platform movement are remarkable, as the induced sway is different between the two groups and triggers statistically relevant cortical activities in α and θ bands. This is a first important step to develop a multi-metric signature able to quantify PC and distinguish healthy from pathological response."
35000220,Oral health-related quality of life in patients with Parkinson's disease,"Verhoeff MC, Lobbezoo F, van Leeuwen AM, Schuller AA, Koutris M.",J Oral Rehabil. 2022 Apr;49(4):398-406. doi: 10.1111/joor.13304. Epub 2022 Jan 17.,Verhoeff MC,J Oral Rehabil,2022,2022/01/09,PMC9306816,,10.1111/joor.13304,"Parkinson's disease (PD) is a neurodegenerative condition affecting the quality of life. Due to a worsening of oral health in PD patients with the progression of the disease, oral health-related quality of life (OHRQoL) could be impaired as well.
To assess whether PD patients in The Netherlands experience worse OHRQoL than historical controls, and to investigate which factors are associated with OHRQoL in PD patients.
In total, 341 PD patients (65.5 ± 8.4 years) and 411 historical controls (62.6 ± 5.3 years) participated. Both groups completed a questionnaire. The PD patients were asked questions regarding demographics, PD, oral health, and OHRQoL. The historical controls filled in demographic information and questions regarding OHRQoL. The latter construct was assessed using the Dutch 14-item version of the Oral Health Impact Profile (OHIP-14). Data were analysed using independent samples t-tests and univariate and multivariate linear regression analysis.
The mean OHIP-14 score was higher in PD patients (19.1 ± 6.7) than in historical controls (16.5 ± 4.4) (t(239) = 6.5; p < .001). OHRQoL in PD patients was statistically significant associated with motor aspects of experiences of daily living (B = 0.31; t(315) = 7.03; p < .001), worsening of the oral environment during disease course (B = 3.39; t(315) = 4.21; p < .001), being dentate (B = -5.60; t(315) = -4.5; p < .001), tooth wear (B = 2.25; t(315) = 3.29; p = .001), and possible burning mouth syndrome (B = 5.87; t(315) = 2.87; p = .004).
PD patients had a lower OHRQoL than historical controls. Besides, PD-related variables and oral health-related variables were associated with OHRQoL."
38029483,Determinants of patient-reported functional mobility in people with Parkinson's disease: A systematic review,"Hanff AM, Pauly C, Pauly L, Rauschenberger A, Leist AK, Krüger R, Zeegers MP, McCrum C; NCER-PD consortium.",Gait Posture. 2024 Feb;108:97-109. doi: 10.1016/j.gaitpost.2023.11.013. Epub 2023 Nov 23.,Hanff AM,Gait Posture,2024,2023/11/29,,,10.1016/j.gaitpost.2023.11.013,"Information on determinants of patient-reported functional mobility is lacking but would inform the planning of healthcare, resources and strategies to promote functional mobility in people with Parkinson's disease (PD).
To identify the determinants of patient-reported functional mobility of people with PD.
Eligible: Randomized Controlled Trials, cohort, case-control, or cross-sectional analyses in people PD without date or setting restrictions, published in English, German, or French. Excluded: instruments with under 50 % of items measuring mobility. On August 9th 2023 we last searched Medline, CINAHL and PsychInfo. We assessed risk of bias using the mixed-methods appraisal tool. Results were synthesized by tabulating the determinants by outcomes and study designs.
Eleven studies published 2012-2023 were included (most in Swedish outpatient settings). Samples ranged from 9 to 255 participants. Follow-up varied from 1.5 to 36 months with attrition of 15-42 %. Heterogenic study designs complicated results synthesis. However, determinants related to environment seem to associate the strongest with patient-reported functional mobility, although determinants related to body structures and functions were most investigated. We identified disease duration, the ability to drive, caregiving, sex, age, cognitive impairment, postural instability and social participation as determinants of patient-reported functional mobility.
Methodological quality of the studies was limited. No study reported an a priori power calculation. Three studies controlled for confounders. The included studies lack representativeness of the population of people living with PD. Standardized sets of outcomes could enable more systematic research synthesis.
Future research should focus on activities, participation and environmental factors and improve methodological quality."
40325043,New insights into pathogenisis and therapies of P2X7R in Parkinson's disease,"Wei S, Song X, Mou Y, Yang T, Wang Y, Wang H, Ren C, Song X.",NPJ Parkinsons Dis. 2025 May 5;11(1):108. doi: 10.1038/s41531-025-00980-7.,Wei S,NPJ Parkinsons Dis,2025,2025/05/05,PMC12053563,,10.1038/s41531-025-00980-7,"Parkinson's disease (PD), a prevalent neurodegenerative disorder, is linked to genetics and environment, but its mechanisms remain unclear. Emerging evidence connects purinergic signaling-particularly ATP-sensitive P2X7 receptor (P2X7R)-to PD. P2X7R expression is elevated in PD patients, and its antagonist BBG mitigates 6-OHDA-induced dopaminergic neuron death. This review discusses P2X7R's structure, neural functions, PD-related mechanisms, and therapeutic potential as a targert."
36388198,Facial muscle movements in patients with Parkinson's disease undergoing phonation tests,"Xu F, Zou XW, Yang LQ, Mo SC, Guo QH, Zhang J, Weng X, Xing GG.",Front Neurol. 2022 Oct 31;13:1018362. doi: 10.3389/fneur.2022.1018362. eCollection 2022.,Xu F,Front Neurol,2022,2022/11/17,PMC9659598,,10.3389/fneur.2022.1018362,"Parkinson's disease (PD) is a serious neurodegenerative disease affecting the elderly. In general, the locomotion deficit, which seriously affects the daily life of patients with PD, usually occurs at a later stage. The mask face symptom meanwhile progressively worsens. However, facial muscle disorders and changes involved in the freezing mask are unclear.
In this study, we recruited 35 patients with PD and 26 age- and sex-balanced controls to undergo phonation tests, while the built-in camera on the laptop recorded their facial expressions during the whole pronunciation process. Furthermore, FaceReader (version 7.0; Noldus Information Technology, Wageningen, Netherlands) was used to analyze changes in PD facial landmark movement and region movement.
The two-tailed Student's 
Patients with PD had defects in facial landmark movement and regional movement when producing a single syllable, double syllable, and multiple syllables, which may be related to reduced facial expressions in patients with PD."
36825046,Predictors of Falls with Injuries in People with Parkinson's Disease,"Castro IPR, Valença GT, Pinto EB, Cavalcanti HM, Oliveira-Filho J, Almeida LRS.",Mov Disord Clin Pract. 2022 Dec 25;10(2):258-268. doi: 10.1002/mdc3.13636. eCollection 2023 Feb.,Castro IPR,Mov Disord Clin Pract,2022,2023/02/24,PMC9941941,,10.1002/mdc3.13636,"Falls are frequent in Parkinson's disease (PD), but there is lack of information about predictors of injurious falls.
To determine predictors of falls with injuries in people with PD; to compare circumstances and consequences of falls in single and recurrent fallers.
Participants (n = 225) were assessed by disease-specific, self-report, and balance measures, and followed-up for 12 months with a diary to record falls, their circumstances, and injuries. Univariate and multivariate analyses were performed. Circumstances and consequences of falls presented by single and recurrent fallers were compared.
A total of 805 falls were analyzed, 107 (13%) were falls with injuries. Multivariate logistic regression model revealed that greater PD duration and higher balance confidence were protective factors; better balance during gait, outdoor falls, and falls related to extrinsic factors were risk factors for falls with injuries, when compared to falls with no injuries. Multivariate multinomial regression model revealed that, when compared to zero fall, past falls and daily levodopa equivalent dose were predictors of falls with injuries; these predictors together with disability were predictors of falls with no injuries. Single falls (n = 27; 3%) were more common outdoors because of extrinsic factors, whereas recurrent falls (n = 778; 97%) were more common indoors because of intrinsic factors. Single falls led to more injuries than recurrent falls (
Different predictors of falls with injuries were obtained when different outcomes were compared. It should be noted that falls with injuries might be influenced by fall-related activities and environmental factors. Single and recurrent falls differed on circumstances and consequences."
34259840,Revisiting the Association Between Inflammatory Bowel Disease and Parkinson's Disease,"Coates MD, Ba DM, Liu G, Dalessio S, Leslie DL, Huang X.",Inflamm Bowel Dis. 2022 Jun 3;28(6):850-854. doi: 10.1093/ibd/izab175.,Coates MD,Inflamm Bowel Dis,2022,2021/07/14,,,10.1093/ibd/izab175,"Several studies have reported an association between inflammatory bowel disease (IBD) and Parkinson's disease (PD). The aim of this study is to re-evaluate for an association between IBD and PD while controlling for potential socioeconomic and environmental confounders.
We performed a retrospective cohort study using the Truven Health Marketscan database between January 1, 2005, and December 31, 2014. Individuals with IBD and household age-matched controls were identified. Adjusted hazard ratios (HRs) were calculated for the development of incident PD, adjusting for age, sex, residence type, US region, comorbidities, and behavior.
In all, 154 051 subjects with IBD and an equal number of controls were identified. During a mean (SD) follow-up of 3.8 (2.2) years, 132 incident PD cases were identified. There was no significant association between IBD and PD (adjusted HR, 1.01; 0.72-1.42) when adjusting for the confounders previously mentioned.
We found no statistically significant association between these disorders. It is possible that previous associations identified between these disorders were confounded by environmental and socioeconomic factors."
32458190,Altered white matter microarchitecture in Parkinson's disease: a voxel-based meta-analysis of diffusion tensor imaging studies,"Suo X, Lei D, Li W, Li L, Dai J, Wang S, Li N, Cheng L, Peng R, Kemp GJ, Gong Q.",Front Med. 2021 Feb;15(1):125-138. doi: 10.1007/s11684-019-0725-5. Epub 2020 May 26.,Suo X,Front Med,2021,2020/05/28,,,10.1007/s11684-019-0725-5,"This study aimed to define the most consistent white matter microarchitecture pattern in Parkinson's disease (PD) reflected by fractional anisotropy (FA), addressing clinical profiles and methodology-related heterogeneity. Web-based publication databases were searched to conduct a meta-analysis of whole-brain diffusion tensor imaging studies comparing PD with healthy controls (HC) using the anisotropic effect size-signed differential mapping. A total of 808 patients with PD and 760 HC coming from 27 databases were finally included. Subgroup analyses were conducted considering heterogeneity with respect to medication status, disease stage, analysis methods, and the number of diffusion directions in acquisition. Compared with HC, patients with PD had decreased FA in the left middle cerebellar peduncle, corpus callosum (CC), left inferior fronto-occipital fasciculus, and right inferior longitudinal fasciculus. Most of the main results remained unchanged in subgroup meta-analyses of medicated patients, early stage patients, voxel-based analysis, and acquisition with 30 diffusion directions. The subgroup meta-analysis of medication-free patients showed FA decrease in the right olfactory cortex. The cerebellum and CC, associated with typical motor impairment, showed the most consistent FA decreases in PD. Medication status, analysis approaches, and the number of diffusion directions have an important impact on the findings, needing careful evaluation in future meta-analyses."
37988678,Nanoplastic Stimulates the Amyloidogenesis of Parkinson's Alpha-Synuclein NACore,"Liang X, Andrikopoulos N, Tang H, Wang Y, Ding F, Ke PC.",Small. 2024 Apr;20(14):e2308753. doi: 10.1002/smll.202308753. Epub 2023 Nov 21.,Liang X,Small,2024,2023/11/21,PMC10994764,NIHMS1947102,10.1002/smll.202308753,"Environmental plastic wastes are potential health hazards due to their prevalence as well as their versatility in initiating physical, chemical, and biological interactions and transformations. Indeed, recent research has implicated the adverse effects of micro- and nano-plastics, including their neurotoxicity, yet how plastic particulates may impact the aggregation pathway and toxicity of amyloid proteins pertinent to the pathologies of neurological diseases remains unknown. Here, electrospray ionization time-of-flight mass spectrometry (ESI-TOF-MS) is employed to reveal the polymorphic oligomerization of NACore, a surrogate of alpha-synuclein that is associated with the pathogenesis of Parkinson's disease. These data indicate that the production rate and population of the NACore oligomers are modulated by their exposure to a polystyrene nanoplastic, and these cellular assays further reveal an elevated NACore toxicity in microglial cells elicited by the nanoplastic. These simulations confirm that the nanoplastic-NACore association is promoted by their hydrophobic interactions. These findings are corroborated by an impairment in zebrafish hatching, survival, and development in vivo upon their embryonic exposure to the nanoplastic. Together, this study has uncovered the dynamics and mechanism of amyloidogenesis elevated by a nanoplastic trigger, shedding a new light on the neurological burden of plastic pollution."
37670567,Dopamine Transporter Availability in Early Parkinson's Disease is Dependent on Sunlight Exposure,"Booij J, Tellier SP, Seibyl J, Vriend C.",Mov Disord. 2023 Nov;38(11):2131-2135. doi: 10.1002/mds.29597. Epub 2023 Sep 5.,Booij J,Mov Disord,2023,2023/09/06,,,10.1002/mds.29597,"Preliminary studies suggested seasonality of dopaminergic functioning, but it is unknown whether dopamine transporter (DAT) expression in humans is also dependent on the seasons. We, therefore, investigated seasonal and sunlight-dependent effects on DAT availability in early Parkinson's disease (PD) patients and healthy controls.
DAT single-photon emission computed tomography scans (n = 730) were gathered from the Parkinson's Progression Marker Initiative (PPMI) database. We used global horizontal irradiance (GHI) as proxy for sun exposure/month and assessed associations between striatal DAT availability and season (autumn/winter versus spring/summer), GHI and latitude of the PPMI site.
In PD patients, DAT availability in the left caudate nucleus was higher in spring/summer (B [standard error (SE)] = 0.05 [0.02], P = 0.03) and positively associated with higher sun exposure (B [SE] = 0.59 [0.22] × 10
Striatal DAT availability may be influenced by daylight exposure. © 2023 The Authors. Movement Disorders published by Wiley Periodicals LLC on behalf of International Parkinson and Movement Disorder Society."
38309714,Agricultural paraquat dichloride use and Parkinson's disease in California's Central Valley,"Paul KC, Cockburn M, Gong Y, Bronstein J, Ritz B.",Int J Epidemiol. 2024 Feb 1;53(1):dyae004. doi: 10.1093/ije/dyae004.,Paul KC,Int J Epidemiol,2024,2024/02/03,PMC11491592,,10.1093/ije/dyae004,"Paraquat dichloride is currently among the most widely used commercial herbicides in the USA. In the present study, we provide epidemiological assessment of ambient paraquat exposure and Parkinson's disease (PD) risk in a population-based study of PD in agricultural regions of Central California.
Based on 829 PD patients and 824 community controls, we assessed associations between ambient paraquat dichloride exposure and PD. We estimated residential and workplace proximity to commercial agricultural applications in three California counties since 1974 using the CA pesticide use reporting (PUR) data and land use maps. We evaluated any, duration and average intensity [pounds (0.45 kilograms) per acre per year] of exposure for paraquat in four time windows.
Ambient paraquat exposure assessed at both residence and workplace was associated with PD, based on several different exposure measures. The PD patients both lived and worked near agricultural facilities applying greater amounts of the herbicide than community controls. For workplace proximity to commercial applications since 1974, working near paraquat applications every year in the window [odds ratio (OR) = 2.15, 95% confidence interval (CI) = 1.46, 3.19] and a higher average intensity of exposure [per 10 pounds (4.54 kilograms), OR = 2.08, 95% CI = 1.31, 3.38] were both associated with an increased odds of PD. Similar associations were observed for residential proximity (duration: OR = 1.91, 95% CI = 1.30, 2.83; average intensity: OR = 1.72, 95% CI = 0.99, 3.04). Risk estimates were comparable for men and women, and the strongest odds were observed for those diagnosed at ≤60 years of age.
This study provides further indication that paraquat dichloride exposure increases the risk of Parkinson's disease."
40335495,Prominent role of PM10 in the link between air pollution and incident Parkinson's Disease,"Gialluisi A, Costanzo S, De Bartolo MI, Veronesi G, Renzi M, Cembalo A, Tirozzi A, Falciglia S, Ricci M, Bonanni A, Martone F, Zazzaro G, Pepe A, Belvisi D, Ferrario MM, Gianfagna F, Cerletti C, Donati MB, Massari S, Berardelli A, de Gaetano G, Iacoviello L.",NPJ Parkinsons Dis. 2025 May 7;11(1):101. doi: 10.1038/s41531-025-00935-y.,Gialluisi A,NPJ Parkinsons Dis,2025,2025/05/07,PMC12059118,,10.1038/s41531-025-00935-y,"Air pollution has been associated with Parkinson's Disease (PD) risk, although this relationship remains unclear. We estimated yearly levels of exposure to ten air pollutants (period 2006-2018) in an Italian population cohort, the Moli-sani study (N = 24,325; ≥35 years; 51.9% women), and derived three principal components, testing their associations with incident PD risk over 23,841 participants (213 cases, median(IQR) follow-up 11.2(2.0) years). This revealed a statistically significant association of PC1 (explaining 38.2% of common variance, tagging PM10 levels), independent on sociodemographic, professional and lifestyles covariates (Hazard Ratio [95%CI] = 1.04[1.02-1.07]). The association was confirmed testing average PM10 levels during follow-up (18[13-24]% increase of PD risk per 1 μg/m"
40467640,Effects of virtual reality on spatiotemporal gait parameters and freezing of gait in Parkinson's disease,"Ma L, Yosef B, Talu I, Batista D, Jenkens-Drake E, Suthana N, Cross KA.",NPJ Parkinsons Dis. 2025 Jun 4;11(1):148. doi: 10.1038/s41531-025-01017-9.,Ma L,NPJ Parkinsons Dis,2025,2025/06/04,PMC12137916,,10.1038/s41531-025-01017-9,"Virtual reality (VR) is increasingly used to study freezing of gait (FOG) in Parkinson's disease (PD). However, overground gait in VR typically exhibits shorter, wider, and slower steps than real-world gait in both healthy and PD populations. This altered gait behavior raises the question of whether VR also alters the FOG phenomenon. We investigate the effects of naturalistic VR on gait and FOG characteristics in PD patients. Patients walked in a real-world environment and its VR replica under conditions that provoke FOG. Spatiotemporal gait parameters and FOG episodes were compared between environments. Results revealed that a detailed VR replica and large walking area reduced the effect of VR on gait parameters compared to previous reports. Additionally, FOG was provoked by similar triggers with comparable frequency, suggesting VR effectively replicates FOG heterogeneity. This work demonstrates the feasibility of VR to study gait and FOG in PD and informs future VR applications."
33559921,The well-being and burden of caregiving for patients with Parkinson's disease,"Vescovelli F, Ruini C.",Scand J Caring Sci. 2022 Mar;36(1):49-58. doi: 10.1111/scs.12962. Epub 2021 Feb 9.,Vescovelli F,Scand J Caring Sci,2022,2021/02/09,,,10.1111/scs.12962,"Well-being and positive psychological functioning may protect caregivers from experiencing burden. Despite this, research has scarcely explored these variables among caregivers of patients with Parkinson's disease (PD). This research endeavoured (1) to measure differences in distress and well-being between caregivers of PD patients and caregivers assisting individuals suffering from non-neurodegenerative age-related health problems (controls); and (2) to evaluate the predictors of well-being, distress and caregiver burden in the total sample of caregivers.
The study has a cross-sectional design. 100 caregivers were recruited from centres for ageing individuals. 50 caregivers assisted patients with PD, while the other 50 were considered as controls. Participants completed self-report questionnaires concerning psychological well-being, life satisfaction, post-traumatic growth, distress and symptomatology. Multiple regression analysis was performed on the dataset of the total sample (N = 100), exploring the possible predictors and correlates of caregiver burden.
Caregivers who assisted patients with PD significantly experienced more depression, more distress and less well-being when compared to controls. The main significant correlates of caregiver burden were older age, less psychological well-being and more depression.
Parkinson's disease caregivers reported more impairment in psychological well-being and higher rates of distress. In the total sample of caregivers (of patients with PD and of healthy individuals), depression and specific areas of well-being (environmental mastery, personal growth) correlated to the burden of caregiving. Psychosocial interventions focused on these dimensions may help caregivers to better cope with the possible burden of the assistance."
32415005,Effectiveness of QSM over R2* in assessment of parkinson's disease - A systematic review,Saikiran P; Priyanka.,Neurol India. 2020 Mar-Apr;68(2):278-281. doi: 10.4103/0028-3886.284377.,Saikiran P,Neurol India,2020,2020/05/17,,,10.4103/0028-3886.284377,"The incidence and prevalence of Parkinson's (PD) are increasing rapidly in developing countries. PD is difficult to diagnose based on clinical assessment. Presently, magnetic resonance imaging (MRI) methods such as R2* and Quantitative Susceptibility Mapping (QSM) were found to be useful in diagnosing the PD based on the iron deposition in different regions of the brain. The objective of this review was to evaluate the efficacy of QSM over R2* in assessment of PD. A comprehensive literature search was made on PubMed-Medline, CINAHL, Science Direct, Scopus, Web of Science, and the Cochrane library databases for original research articles published between 2000 and 2018. Original articles that reported the efficacy of QSM and R2* in assessment of PD were included. A total of 327 studies were identified in the literature search. However, only ten studies were eligible for analysis. Of the ten studies, five studies compared the accuracy of QSM over R2* in measuring the iron deposition in different regions of brain in PD. Our review found that QSM has better accuracy in identifying iron deposition in PD patients compared to R2*. However, there is discrepancy in the results between MRI Imaging methods and Postmortem studies. Additional longitudinal research studies are needed to provide a strong evidence base for the use of MRI imaging methods such as R2*and QSM in accurately measuring iron deposition in different regions of brain and serve as biomarkers in PD."
33946205,Kinesiophobia Levels in Patients with Parkinson's Disease: A Case-Control Investigation,"Jiménez-Cebrián AM, Becerro-de-Bengoa-Vallejo R, Losa-Iglesias ME, de Labra C, Calvo-Lobo C, Palomo-López P, Martínez-Jiménez EM, Navarro-Flores E.",Int J Environ Res Public Health. 2021 Apr 30;18(9):4791. doi: 10.3390/ijerph18094791.,Jiménez-Cebrián AM,Int J Environ Res Public Health,2021,2021/05/05,PMC8124702,,10.3390/ijerph18094791,"Kinesiophobia can be an obstacle to physical and motor activity in patients with Parkinson's disease (PD). PD affects patients' independence in carrying out daily activities. It also impacts a patient's biopsychosocial well-being. The objective of this study was to analyze the levels and scores of kinesiophobia in PD patients and compare them with healthy volunteers.
We deployed a case-control study and recruited 124 subjects (mean age 69.18 ± 9.12). PD patients were recruited from a center of excellence for Parkinson's disease (cases n = 62). Control subjects were recruited from the same hospital (control n = 62). Kinesiophobia total scores and categories were self-reported using the Spanish version of the Tampa Scale of Kinesiophobia (TSK-11).
Differences between cases and control groups were analyzed using the Mann-Whitney U test. Statistically significant differences (
Total kinesiophobia scores were significantly higher in PD patients compared with healthy controls, with moderate to severe kinesiophobia levels prevailing in PD patients. Therefore, individuals living with PD should be evaluated and controlled in order to detect initial kinesiophobia symptoms."
37781140,Predicting longitudinal brain atrophy in Parkinson's disease using a Susceptible-Infected-Removed agent-based model,"Abdelgawad A, Rahayel S, Zheng YQ, Tremblay C, Vo A, Misic B, Dagher A.",Netw Neurosci. 2023 Oct 1;7(3):906-925. doi: 10.1162/netn_a_00296. eCollection 2023.,Abdelgawad A,Netw Neurosci,2023,2023/10/02,PMC10473281,,10.1162/netn_a_00296,"Parkinson's disease is a progressive neurodegenerative disorder characterized by accumulation of abnormal isoforms of alpha-synuclein. Alpha-synuclein is proposed to act as a prion in Parkinson's disease: In its misfolded pathologic state, it favors the misfolding of normal alpha-synuclein molecules, spreads trans-neuronally, and causes neuronal damage as it accumulates. This theory remains controversial. We have previously developed a Susceptible-Infected-Removed (SIR) computational model that simulates the templating, propagation, and toxicity of alpha-synuclein molecules in the brain. In this study, we test this model with longitudinal MRI collected over 4 years from the Parkinson's Progression Markers Initiative (1,068 T1 MRI scans, 790 Parkinson's disease scans, and 278 matched control scans). We find that brain deformation progresses in subcortical and cortical regions. The SIR model recapitulates the spatiotemporal distribution of brain atrophy observed in Parkinson's disease. We show that connectome topology and geometry significantly contribute to model fit. We also show that the spatial expression of two genes implicated in alpha-synuclein synthesis and clearance, "
40459174,Plastamination: A Rising Concern for Parkinson's Disease,"Erro R, Sorrentino C, Barone P.",Mov Disord. 2025 Aug;40(8):1528-1533. doi: 10.1002/mds.30253. Epub 2025 Jun 3.,Erro R,Mov Disord,2025,2025/06/03,PMC12371614,,10.1002/mds.30253,
32426240,Organochlorine pesticide levels in Greek patients with Parkinson's disease,"Dardiotis E, Aloizou AM, Sakalakis E, Siokas V, Koureas M, Xiromerisiou G, Petinaki E, Wilks M, Tsatsakis A, Hadjichristodoulou C, Stefanis L, Hadjigeorgiou GM.",Toxicol Rep. 2020 Apr 8;7:596-601. doi: 10.1016/j.toxrep.2020.03.011. eCollection 2020.,Dardiotis E,Toxicol Rep,2020,2020/05/20,PMC7225589,,10.1016/j.toxrep.2020.03.011,"Parkinson's disease (PD) is a neurodegenerative disease, mostly presenting with characteristic motor symptoms. Organochlorines (OC) are a class of widely-used pesticides that have been included among the list of environmental factors incriminated in PD pathogenesis. However, most studies reporting this association are based on questionnaires, and few have reported exposure data.
To examine the relationship between OC blood concentrations and PD risk.
In the present study, we studied the concentrations of 8 OC compounds (hexachlorobenzene, heptachlor, hepachlor epoxide, c-chlordane, a-chlordane, p,p'-DDE, DDD, DDT) in 104 Greek PD patients and 110 healthy controls.
All substances studied were present in at least one sample. The most frequently detected (above the level of quantification) pesticides were p,p'-DDE (n = 214, 100 % of both groups) and hexachlorobenzene, HCB (n = 189, cases 46.5 %, controls 53.5 %). Higher levels of DDE were detected among PD patients in comparison to controls by using logistic regression analysis to control for confounders [Odds Ratio, OR (95 % confidence interval, C.I.)]: 2.592,(1.29-5.21)], whilst lower levels of HCB were detect among PD patients [OR,95 %CI:0.176(0.09-0.35)].
Our data suggest that exposure to specific OCs is related to the risk of PD. Further studies, using real exposure data, are needed in order to confirm and extend these findings."
37354828,History of high household pesticide use and Parkinson's disease in Brazil,"Moura DD, Borges V, Ferraz HB, Schuh AFS, de Mello Rieder CR, Mata IF, Brito MMCM, Tumas V, Santos-Lobato BL.",Parkinsonism Relat Disord. 2023 Aug;113:105493. doi: 10.1016/j.parkreldis.2023.105493. Epub 2023 Jun 19.,Moura DD,Parkinsonism Relat Disord,2023,2023/06/24,,,10.1016/j.parkreldis.2023.105493,The prevalence of Parkinson's disease (PD) is growing worldwide and household pesticides exposure may be related to this phenomenon. We showed that individuals with high exposure to household pesticides have two times more risk of developing PD. Household pesticide exposure did not impact age at PD onset.
36379944,MRI biomarkers of freezing of gait development in Parkinson's disease,"Sarasso E, Basaia S, Cividini C, Stojkovic T, Stankovic I, Piramide N, Tomic A, Markovic V, Stefanova E, Kostic VS, Filippi M, Agosta F.",NPJ Parkinsons Dis. 2022 Nov 15;8(1):158. doi: 10.1038/s41531-022-00426-4.,Sarasso E,NPJ Parkinsons Dis,2022,2022/11/15,PMC9666554,,10.1038/s41531-022-00426-4,"This study investigated longitudinal clinical, structural and functional brain alterations in Parkinson's disease patients with freezing of gait (PD-FoG) and in those developing (PD-FoG-converters) and not developing FoG (PD-non-converters) over two years. Moreover, this study explored if any clinical and/or MRI metric predicts FoG development. Thirty PD-FoG, 11 PD-FoG-converters and 11 PD-non-converters were followed for two years. Thirty healthy controls were included at baseline. Participants underwent clinical and MRI visits. Cortical thickness, basal ganglia volumes and functional network graph metrics were evaluated at baseline and over time. In PD groups, correlations between baseline MRI and clinical worsening were tested. A ROC curve analysis investigated if baseline clinical and MRI measures, selected using a stepwise model procedure, could differentiate PD-FoG-converters from PD-non-converters. At baseline, PD-FoG patients had widespread cortical/subcortical atrophy, while PD-FoG-converters and non-converters showed atrophy in sensorimotor areas and basal ganglia relative to controls. Over time, PD-non-converters accumulated cortical thinning of left temporal pole and pallidum without significant clinical changes. PD-FoG-converters showed worsening of disease severity, executive functions, and mood together with an accumulation of occipital atrophy, similarly to PD-FoG. At baseline, PD-FoG-converters relative to controls and PD-FoG showed higher global and parietal clustering coefficient and global local efficiency. Over time, PD-FoG-converters showed reduced parietal clustering coefficient and sensorimotor local efficiency, PD-non-converters showed increased sensorimotor path length, while PD-FoG patients showed stable graph metrics. Stepwise prediction model including dyskinesia, postural instability and gait disorders scores and parietal clustering coefficient was the best predictor of FoG conversion. Combining clinical and MRI data, ROC curves provided the highest classification power to predict the conversion (AUC = 0.95, 95%CI: 0.86-1). Structural MRI is a useful tool to monitor PD progression, while functional MRI together with clinical features may be helpful to identify FoG conversion early."
38656628,"Duration, numerosity and length processing in healthy ageing and Parkinson's disease","Romeo Z, Dolfi S, D'Amelio M, Mioni G.",Eur J Ageing. 2024 Apr 24;21(1):14. doi: 10.1007/s10433-024-00807-z.,Romeo Z,Eur J Ageing,2024,2024/04/24,PMC11043296,,10.1007/s10433-024-00807-z,"People constantly process temporal, numerical, and length information in everyday activities and interactions with the environment. However, it is unclear whether quantity perception changes during ageing. Previous studies have provided heterogeneous results, sometimes showing an age-related effect on a particular quantity, and other times reporting no differences between young and elderly samples. However, three dimensions were never compared within the same study. Here, we conducted two experiments with the aim of investigating the processing of duration, numerosity and length in both healthy and pathological ageing. The experimental paradigm consisted of three bisection tasks in which participants were asked to judge whether the presented stimulus (i.e. a time interval, a group of dots, or a line) was more similar to the short/few or long/many standards. The first study recruited healthy young and elderly participants, while the second recruited healthy elderly participants and patients with Parkinson's disease, a clinical condition commonly associated with temporal impairments. The results of both experiments showed that discrimination precision differed between domains in all groups, with higher precision in the numerosity task and lower sensitivity in judging duration. Furthermore, while discrimination abilities were affected in healthy elderly and, even more so, in Parkinson's disease group, no domain-specific impairments emerged. According to our research, reduced discrimination precision might be explained by an alteration of a single system for all quantities or by an age-related general cognitive decline."
34276331,Neuro4PD: An Initial Neurorobotics Model of Parkinson's Disease,"Pimentel JM, Moioli RC, de Araujo MFP, Ranieri CM, Romero RAF, Broz F, Vargas PA.",Front Neurorobot. 2021 Jul 1;15:640449. doi: 10.3389/fnbot.2021.640449. eCollection 2021.,Pimentel JM,Front Neurorobot,2021,2021/07/19,PMC8283825,,10.3389/fnbot.2021.640449,"In this work, we present the first steps toward the creation of a new neurorobotics model of Parkinson's Disease (PD) that embeds, for the first time in a real robot, a well-established computational model of PD. PD mostly affects the modulation of movement in humans. The number of people suffering from this neurodegenerative disease is set to double in the next 15 years and there is still no cure. With the new model we were capable to further explore the dynamics of the disease using a humanoid robot. Results show that the embedded model under both conditions, "
40404728,Systematic review of wearables assessing medication effect on motor function and symptoms in Parkinson's disease,"Packer E, Debelle H, Bailey HGB, Rehman RZU, Yarnall AJ, Rochester L, Alcock L, Del Din S.",NPJ Parkinsons Dis. 2025 May 22;11(1):135. doi: 10.1038/s41531-025-00943-y.,Packer E,NPJ Parkinsons Dis,2025,2025/05/22,PMC12098882,,10.1038/s41531-025-00943-y,"To improve motor function and symptoms, people with Parkinson's (PwP) typically take dopaminergic medication. In PwP, wearable technology (WT) can provide objective insights into medication effect. This review aims to identify and explore literature which uses WT to quantify the effect of medication on motor function and symptoms in PwP (PROSPERO 2022 CRD42022310018). Nine databases were searched between January 2000-October 2024. Downs and Black quality appraisal assessed study quality. PRISMA guidelines were followed. Amongst the seventy-nine included studies, 50 different WTs were placed across 20 locations on the body, and medication effect was monitored on 13 different motor functions/symptoms. There was great heterogeneity amongst protocols, but many studies were performed in controlled environments, exploring short-term medication effects (ON vs OFF). Medication effect varied, improving certain variables, and having no effect on others. Future research should identify gold-standard protocols to explore medication effect in real-world settings, over prolonged periods.Registration and Protocol PROSPERO 2022 CRD42022310018."
32174883,Cerebellar Contribution to Motor and Non-motor Functions in Parkinson's Disease: A Meta-Analysis of fMRI Findings,"Solstrand Dahlberg L, Lungu O, Doyon J.",Front Neurol. 2020 Feb 27;11:127. doi: 10.3389/fneur.2020.00127. eCollection 2020.,Solstrand Dahlberg L,Front Neurol,2020,2020/03/17,PMC7056869,,10.3389/fneur.2020.00127,
32927800,Milk and Fermented Milk Intake and Parkinson's Disease: Cohort Study,"Olsson E, Byberg L, Höijer J, Kilander L, Larsson SC.",Nutrients. 2020 Sep 10;12(9):2763. doi: 10.3390/nu12092763.,Olsson E,Nutrients,2020,2020/09/15,PMC7551962,,10.3390/nu12092763,"Milk and fermented milk consumption has been linked to health and mortality but the association with Parkinson's disease (PD) is uncertain. We conducted a study to investigate whether milk and fermented milk intakes are associated with incident PD. This cohort study included 81,915 Swedish adults (with a mean age of 62 years) who completed a questionnaire, including questions about milk and fermented milk (soured milk and yogurt) intake, in 1997. PD cases were identified through linkage with the Swedish National Patient and Cause of Death Registers. Multivariable-adjusted hazard ratios were obtained from Cox proportional hazards regression models. During a mean follow-up of 14.9 years, 1251 PD cases were identified in the cohort. Compared with no or low milk consumption (<40 mL/day), the hazard ratios of PD across quintiles of milk intake were 1.29 (95% CI 1.07, 1.56) for 40-159 mL/day, 1.19 (95% CI 0.99, 1.42) for 160-200 mL/day, 1.29 (95% CI 1.08, 1.53) for 201-400 mL/day, and 1.14 (95% CI 0.93, 1.40) for >400 mL/day. Fermented milk intake was not associated with PD. We found a weak association between milk intake and increased risk of PD but no dose-response relationship. Fermented milk intake was not associated with increased risk of PD."
37006327,Association between hearing sensitivity and dopamine transporter availability in Parkinson's disease,"Garasto E, Stefani A, Pierantozzi M, Cerroni R, Conti M, Maranesi S, Mercuri NB, Chiaravalloti A, Schillaci O, Viziano A, Moleti A, Sisto R.",Brain Commun. 2023 Mar 21;5(2):fcad075. doi: 10.1093/braincomms/fcad075. eCollection 2023.,Garasto E,Brain Commun,2023,2023/04/03,PMC10065189,,10.1093/braincomms/fcad075,"In a previous study, we observed: (i) significant hearing function impairment, assessed with pure tone audiometry and distortion product otoacoustic emissions, in patients with Parkinson's disease, compared with a matched control group, and (ii) lateralization of the hearing dysfunction, worse on the side affected by more pronounced Parkinson's disease motor symptoms. This study investigates the association between the basal ganglia dopamine transporter availability and the hearing function in Parkinson's disease patients, focusing also on the lateralization of both dysfunctions, with respect to that of the motor symptoms, and introducing a further distinction between patients with left-sided and right-sided predominant motor symptoms. Patients with right-handed Parkinson's disease with a recent estimation of "
38174101,Luxembourg Parkinson's study -comprehensive baseline analysis of Parkinson's disease and atypical parkinsonism,"Pavelka L, Rawal R, Ghosh S, Pauly C, Pauly L, Hanff AM, Kolber PL, Jónsdóttir SR, Mcintyre D, Azaiz K, Thiry E, Vilasboas L, Soboleva E, Giraitis M, Tsurkalenko O, Sapienza S, Diederich N, Klucken J, Glaab E, Aguayo GA, Jubal ER, Perquin M, Vaillant M, May P, Gantenbein M, Satagopam VP, Krüger R; NCER-PD Consortium.",Front Neurol. 2023 Dec 19;14:1330321. doi: 10.3389/fneur.2023.1330321. eCollection 2023.,Pavelka L,Front Neurol,2023,2024/01/04,PMC10763250,,10.3389/fneur.2023.1330321,"Deep phenotyping of Parkinson's disease (PD) is essential to investigate this fastest-growing neurodegenerative disorder. Since 2015, over 800 individuals with PD and atypical parkinsonism along with more than 800 control subjects have been recruited in the frame of the observational, monocentric, nation-wide, longitudinal-prospective Luxembourg Parkinson's study.
To profile the baseline dataset and to explore risk factors, comorbidities and clinical profiles associated with PD, atypical parkinsonism and controls.
Epidemiological and clinical characteristics of all 1,648 participants divided in disease and control groups were investigated. Then, a cross-sectional group comparison was performed between the three largest groups: PD, progressive supranuclear palsy (PSP) and controls. Subsequently, multiple linear and logistic regression models were fitted adjusting for confounders.
The mean (SD) age at onset (AAO) of PD was 62.3 (11.8) years with 15% early onset (AAO < 50 years), mean disease duration 4.90 (5.16) years, male sex 66.5% and mean MDS-UPDRS III 35.2 (16.3). For PSP, the respective values were: 67.6 (8.2) years, all PSP with AAO > 50 years, 2.80 (2.62) years, 62.7% and 53.3 (19.5). The highest frequency of hyposmia was detected in PD followed by PSP and controls (72.9%; 53.2%; 14.7%), challenging the use of hyposmia as discriminating feature in PD vs. PSP. Alcohol abstinence was significantly higher in PD than controls (17.6 vs. 12.9%, 
Luxembourg Parkinson's study constitutes a valuable resource to strengthen the understanding of complex traits in the aforementioned neurodegenerative disorders. It corroborated several previously observed clinical profiles, and provided insight on frequency of hyposmia in PSP and dietary habits, such as alcohol abstinence in PD."
35268244,A Psychometric Tool for Evaluating Executive Functions in Parkinson's Disease,"Borgnis F, Baglio F, Pedroli E, Rossetto F, Meloni M, Riva G, Cipresso P.",J Clin Med. 2022 Feb 22;11(5):1153. doi: 10.3390/jcm11051153.,Borgnis F,J Clin Med,2022,2022/03/10,PMC8911216,,10.3390/jcm11051153,"Recently, there has been an increasing interest in using 360° virtual-reality video for an ecologically valid assessment of executive functioning in the neurologic population. In this framework, we have developed the EXecutive-functions Innovative Tool (EXIT 360°), an original 360°-based instrument for a multicomponent, ecologically valid evaluation of executive functioning in Parkinson's Disease (PD). This work aimed to test the usability and user experience of EXIT 360° in patients with PD (PwPD). Twenty-seven PwPD and twenty-seven healthy controls underwent an evaluation that involved: (1) usability assessment by the System Usability Scale and (2) evaluation of user experience using the ICT-Sense of Presence and User Experience Questionnaire. Results showed a satisfactory level of usability for patients (mean = 76.94 ± 9.18) and controls (mean = 80 ± 11.22), with good scores for usability and learnability. Regarding user experience, patients provided a positive overall impression of the tool, evaluating it as attractive, enjoyable, activating, and funny. Moreover, EXIT 360° showed good pragmatic (e.g., efficient, fast, clear) and hedonic quality (e.g., exciting, interesting, and creative). Finally, PwPD considered EXIT 360° as an original tool with high ecological validity (mean = 4.29 ± 0.61), spatial presence (mean = 3.11 ± 0.83) and engagement (mean = 3.43 ± 0.54) without relevant adverse effects. Technological expertise had no impact on performance. Overall, EXIT 360° appeared to be a usable, easy-to-learn, engaging, and innovative instrument for PD. Further studies will be conducted to deepen its efficacy in distinguishing between healthy subjects and patients with executive dysfunctions."
32691911,Laterality of Auditory Dysfunction in Parkinson's Disease,"Cerroni R, Pierantozzi M, Moleti A, Stefani A, Sisto R, Mercuri NB, Liguori C, Garasto E, Viziano A.",Mov Disord. 2020 Jul;35(7):1283-1284. doi: 10.1002/mds.28131.,Cerroni R,Mov Disord,2020,2020/07/22,,,10.1002/mds.28131,
37639074,[The exposome in the context of preventive measures for Alzheimer's and Parkinson's diseases],"Schäffer E, Piel J.",Nervenarzt. 2023 Oct;94(10):892-903. doi: 10.1007/s00115-023-01538-9. Epub 2023 Aug 28.,Schäffer E,Nervenarzt,2023,2023/08/28,,,10.1007/s00115-023-01538-9,"Preventive measures addressing the exposome can counteract neurodegenerative diseases.
This article gives an overview on the influence of general and individual exogenous factors (environmental influences and lifestyle changes) as well as endogenous factors (e.g. metabolic alterations) on the development and progression of Alzheimer's disease (AD) and Parkinson's disease (PD).
Summary and evaluation of current scientific studies and evidence regarding the exposome and prevention of AD and PD.
Numerous studies could demonstrate a potential influence of environmental influences associated with industrialization (general exogenous factors), such as pesticides, solvents or air pollution on the development of AD and PD. Additionally, individually addressable changes of lifestyle (individual exogenous factors, e.g. physical activity, cognitive stimulation, nutrition and sleep) contribute to disease protection and modification and are becoming increasingly more important in light of still limited therapeutic interventions. Moreover, other exogenous factors (medication, noise pollution, head trauma and heavy metals) are discussed as risk factors for AD and/or PD. Endogenous factors (e.g., changes of the enteral microbiome, systemic inflammation and neuroinflammation, metabolic changes) can contribute to disease development by a higher potential for interacting with exogenous factors.
Despite the comprehensive scientific evidence confirming the significance of the exposome for the pathogenesis of AD and PD, the great potential of preventive measures has not yet been exploited. A clarification of the high potential of lifestyle changes should be a therapeutic standard not only for individuals with manifest PD/AD but also for individuals with a risk profile or with suspected prodromal disease. Further investigations on the influence of environmental factors and the implementation of preventive strategies to avoid exposure should be the focus of international efforts.
HINTERGRUND: Präventive Maßnahmen, die das Exposom adressieren, können neurodegenerativen Erkrankungen entgegenwirken.
Es soll ein Überblick über die Einflüsse allgemein und individuell exogener Faktoren (Umwelteinflüsse und Lebensstilveränderungen) sowie endogener Faktoren (z. B. metabolische Veränderungen) auf die Entstehung und Progression der Parkinson- (PD) und Alzheimer-Erkrankung (AD) vermittelt werden.
Zusammenfassung und Bewertung der aktuellen Studien- und Datenlage zum Thema Exposom und Prävention bei AD und PD.
Zahlreiche Studien konnten aufzeigen, dass mit der Industrialisierung einhergehende Umwelteinflüsse (allgemein exogene Faktoren) wie Pestizide, Lösungsmittel oder Luftverschmutzung relevant zur Entstehung von AD und PD beitragen können. Individuell nutzbare Veränderungen des Lebensstils (individuell exogene Faktoren, z. B. körperliche Aktivität, kognitive Stimulation, Ernährung und Schlaf) tragen zur Krankheitsprotektion und -modifikation bei, die in Anbetracht bisher geringer therapeutischer Maßnahmen an Bedeutung gewinnen. Auch andere exogene Faktoren (Medikamente, Lärm, Schädel-Hirn-Trauma, Schwermetalle) werden als Risikofaktoren für AD und/oder PD diskutiert. Bestehende endogene Faktoren (u. a. Veränderungen des enteralen Mikrobioms, systemische und Neuroinflammation, metabolische Veränderungen) können über ein hohes Interaktionspotenzial mit exogenen Faktoren zur Krankheitsentstehung beitragen.
Trotz der umfassenden Studienlage über die Bedeutung des Exposoms für die Entstehung von AD und PD wird das große Potenzial präventiver Maßnahmen bislang nur unzureichend ausgeschöpft. Für alle bereits Erkrankten, aber auch für Individuen mit Risikoprofil oder Hinweisen auf eine prodromale Erkrankung sollte eine Aufklärung über das hohe Potenzial von Lebensstilanpassungen als therapeutischer Standard gelten. Die weitere Erforschung von Umwelteinflüssen sowie die Umsetzung präventiver Maßnahmen zur Vermeidung einer Exposition sollten im Fokus internationaler Bemühungen stehen."
37693752,Barriers and facilitators for healthcare providers to implement family-centered care in Parkinson's disease: a scoping review,"Sun WJ, Peng YJ, Liang Y.",Front Neurol. 2023 Aug 25;14:1231654. doi: 10.3389/fneur.2023.1231654. eCollection 2023.,Sun WJ,Front Neurol,2023,2023/09/11,PMC10486989,,10.3389/fneur.2023.1231654,"This study aimed to identify and synthesize the barriers and facilitators to the implementation of family-centered care in Parkinson's disease (PD) and to provide a reference for evidence-based Parkinson's disease nursing practice.
This scoping review follows the methodology framework proposed by Arksey and O'Malley. Four databases including PubMed, Web of Science, Embase, and Cochrane Library were searched. Barriers and facilitators were summarized based on the ecological family-centered model.
Through a comprehensive literature search, 35 studies were found for this scoping review. Barriers and facilitators to implementing family-centered care in PD included physiological factors, environmental factors, culturally based conflicts, living arrangements, education or skills training, group experiences, and individual and family consultations.
Implementing family-centered care in Parkinson's disease is essential to providing comprehensive care that improves outcomes for both PD patients and their family members."
39654809,Associations of motor and neuropsychiatric symptoms with comorbidities in prodromal Parkinson's disease,"Chen JR, Sun Y, Ma YJ, Tan L.",Front Aging Neurosci. 2024 Nov 25;16:1452766. doi: 10.3389/fnagi.2024.1452766. eCollection 2024.,Chen JR,Front Aging Neurosci,2024,2024/12/10,PMC11625736,,10.3389/fnagi.2024.1452766,"To investigate the associations between comorbidities and multimorbidity patterns with motor and neuropsychiatric symptoms in patients with Parkinson's disease (PD) in prodromal PD.
Multimorbidity is defined as the coexistence of two or more long-term conditions (LTCs) (also known as multiple comorbidities). A total of 921 participants without PD were included in the Parkinson's Progression Markers Initiative (PPMI) database and were categorized according to the LTC count. Participants were evaluated on motor and psychiatric symptoms. Pearson correlation to examine relationship of comorbidities and target symptoms. The baseline population was analyzed using Multiple linear regression model, while mixed effects model was utilized for longitudinal analysis. Fuzzy C-means clustering analysis was conducted to identify comorbidity patterns, followed by multiple linear regression for further analysis.
At baseline, a higher LTC count was significantly correlated with more severe motor (MDS-UPDRS I, II, ADL, all 
Comorbidities were cross-sectionally and longitudinally associated with the motor and neuropsychiatric symptoms of patients with prodromal PD. Among the three multimorbidity patterns, CAR posed the highest threat to the risk of more severe motor and neuropsychiatric symptoms."
40585816,Early brain iron changes in Parkinson's disease and isolated rapid eye movement sleep behaviour disorder: a four-year longitudinal multimodal quantitative MRI study,"Gaurav R, Lejeune FX, Santin MD, Valabrègue R, Pérot JB, Pyatigorskaya N, Mangone G, Leu-Semenescu S, Villain N, Habert MO, Vidailhet M, Arnulf I, Corvol JC, Lehéricy S.",Brain Commun. 2025 Jun 2;7(3):fcaf212. doi: 10.1093/braincomms/fcaf212. eCollection 2025.,Gaurav R,Brain Commun,2025,2025/06/30,PMC12203178,,10.1093/braincomms/fcaf212,"Parkinson's disease demonstrates increased iron concentration in the substantia nigra (SN). The progression of iron and its interaction with neuromelanin content and dopaminergic dysregulation from prodromal to early-stage Parkinson's disease remain poorly understood. Using quantitative susceptibility mapping (QSM) and R2* relaxation rate, we investigated brain iron changes in patients with isolated rapid eye movement (REM) sleep behaviour disorder and early-stage Parkinson's disease. Subjects were scanned longitudinally at 3.0 Tesla MRI. QSM and R2* values were calculated in the entire SN and its anterior and posterior dorsal and ventral subdivisions. Baseline and longitudinal group differences were tested using analysis of variance of multiple linear regression models controlling for age and sex and linear mixed-effects modelling respectively. We included 44/36/28 healthy volunteers (HVs), 49/20/11 isolated REM sleep behaviour disorder, 127/88/50 Parkinson's disease at first/second/third visit respectively, separated by a 2-year interval. At baseline, there was a significant increase in QSM and R2* values in Parkinson's disease versus HVs in the posteroventral SN only (QSM: +17.6%%; R2*: +7.1%), which did not reach significance in isolated REM sleep behaviour disorder (QSM: +6.9%, R2*: +3.3%). Longitudinally, only posteroventral SN values demonstrated significant effects for Group and Visit using QSM and R2*. Further, the Group-by-Visit interaction was significant only for QSM. The posteroventral SN iron increased with disease duration and was inversely correlated with the changes in nigral neuromelanin content and striatal DaT levels in Parkinson's disease. The posteroventral nigral iron increased with the progression of the disease as well as dopaminergic denervation in Parkinson's disease. QSM was a stronger quantitative longitudinal marker than R2* in detecting regional nigral iron abnormalities as the disease progressed."
38975139,Facial emotion recognition and judgment of affective scenes in Parkinson's disease,"Salfi F, Toro S, Saporito G, Sucapane P, Marano M, Montaruli G, Cacchio A, Ferrara M, Pistoia F.",Heliyon. 2024 Jun 13;10(12):e32947. doi: 10.1016/j.heliyon.2024.e32947. eCollection 2024 Jun 30.,Salfi F,Heliyon,2024,2024/07/08,PMC11226888,,10.1016/j.heliyon.2024.e32947,"Emotional dysfunctions in Parkinson's disease (PD) remain a controversial issue. While previous investigations showed compromised recognition of expressive faces in PD, no studies evaluated potential deficits in recognizing the emotional valence of affective scenes. This study aimed to investigate both facial emotion recognition performance and the ability to judge affective scenes in PD patients. Forty PD patients (mean age ± SD: 64.50 ± 8.19 years; 27 men) and forty healthy subjects (64.95 ± 8.25 years; 27 men) were included. Exclusion criteria were previous psychiatric disorders, previous Deep Brain Stimulation, and cognitive impairment. Participants were evaluated through the Ekman 60-Faces test and the International Affective Picture System. The accuracy in recognizing the emotional valence of facial expressions and affective scenes was compared between groups using linear mixed models. Pearson's correlation was performed to test the association between accuracy measures. The groups did not differ in sex, age, education, and Mini-Mental State Examination scores. Patients showed a lower recognition accuracy of facial expressions (68.54 % ± 15.83 %) than healthy participants (78.67 % ± 12.04 %; p < 0.001). Specifically, the PD group was characterized by lower recognition of faces expressing fear, sadness, and anger than the control group (all p < 0.020). No difference was detected for faces expressing disgust, surprise, and happiness (all p ≥ 0.25). Furthermore, patients showed lower accuracy in recognizing the emotional valence of affective scenes (66.75 % ± 14.59 %) than healthy subjects (74.83 % ± 12.65 %; p = 0.010). Pearson's correlations indicated that higher accuracy in recognizing the emotional facial expressions was associated with higher accuracy in classifying the valence of affective scenes in patients (r = 0.57, p < 0.001) and control participants (r = 0.57, p < 0.001). Our study suggested maladaptive affective processing in PD, leading patients to misinterpret both facial expressions and the emotional valence of complex evocative scenes."
32725131,Dietary nicotine intake and risk of Parkinson disease: a prospective study,"Ma C, Molsberry S, Li Y, Schwarzschild M, Ascherio A, Gao X.",Am J Clin Nutr. 2020 Oct 1;112(4):1080-1087. doi: 10.1093/ajcn/nqaa186.,Ma C,Am J Clin Nutr,2020,2020/07/30,PMC7528555,,10.1093/ajcn/nqaa186,"Tobacco use was observed to be associated with a lower risk of Parkinson disease (PD) in previous epidemiologic studies, with nicotine as a potential candidate. The association between dietary nicotine and PD risk has, however, not been examined in prospective studies yet.
We aimed to examine prospectively the association between dietary nicotine intake and subsequent PD risk among never-smokers.
The current study was based on never-smoker participants from 2 large prospective cohorts: the Nurses' Health Study (n = 31,615) and the Health Professionals Follow-up Study (n = 19,523). The studies contained information on dietary nicotine intake from 1986 from validated FFQs. Dietary nicotine intake was calculated based on consumption of peppers, tomatoes, processed tomatoes, potatoes, and tea. Incident cases of PD were identified via questionnaires and subsequently confirmed by reviewing medical records. We used Cox proportional hazard models to calculate cohort-specific HRs, and used fixed-effects models to calculate the pooled HR.
During 26 y of follow-up, we identified 601 incident PD cases (296 women and 305 men). After adjusting for potential covariates, the pooled HR for the highest compared with the lowest quintile of dietary nicotine intake was 0.70 (95% CI: 0.51, 0.94). The significant inverse association was, however, only observed in women (adjusted HR: 0.64; 95% CI: 0.42, 0.96), not in men (adjusted HR: 0.77; 95% CI: 0.50, 1.20). Further adjusting for environmental tobacco smoke exposure, family history of PD, and use of ibuprofen generated similar significant results in women. Consistently, greater consumption of peppers was associated with lower risk of PD (adjusted HR for ≥5 times/wk compared with ≤3 times/mo: 0.49; 95% CI: 0.25, 0.94) in women but not in men (adjusted HR: 1.04; 95% CI: 0.57, 1.90).
Women with greater dietary nicotine intake had a lower risk of PD than those with lower intake."
37292848,Population fraction of Parkinson's disease attributable to preventable risk factors,"Payami H, Cohen G, Murchison CF, Sampson TR, Standaert DG, Wallen ZD.",medRxiv [Preprint]. 2023 May 19:2023.05.19.23290231. doi: 10.1101/2023.05.19.23290231.,Payami H,medRxiv,2023,2023/06/09,PMC10246145,,10.1101/2023.05.19.23290231,"Parkinson's disease is the fastest growing neurologic disease with seemingly no means for prevention. Intrinsic risk factors (age, sex, genetics) are inescapable, but environmental factors are not. We studied population attributable fraction and estimated fraction of PD that could be reduced if modifiable risk factors were eliminated. Assessing several known risk factors simultaneously in one study, we demonstrate that all were operative and independent, underscoring etiological heterogeneity within a single population. We investigated repeated blows to head in sports or combat as a potential new risk factor, and found it was associated with two-fold increased risk of PD. Considering modifiable risk factors, 23% of PD cases in females were attributable to pesticides/herbicides exposure, and 30% of PD cases in males was attributable to pesticides/herbicides, Agent Orange/chemical warfare, and repeated blows to the head. Thus, one-in-three cases of PD in males, and one-in-four cases in females could have potentially been prevented."
37332651,Cognitive and Motor Decline in Dementia with Lewy Bodies and Parkinson's Disease Dementia,"Gonzalez MC, Tovar-Rios DA, Alves G, Dalen I, Williams-Gray CH, Camacho M, Forsgren L, Bäckström D, Lawson RA, Macleod AD, Counsell CE, Paquet C, DeLena C, D'Antonio F, Pilotto A, Padovani A, Blanc F, Falup-Pecurariu C, Lewis SJG, Rejdak K, Papuc E, Hort J, Nedelska Z, O'Brien J, Bonanni L, Marquié M, Boada M, Pytel V, Abdelnour C, Alcolea D, Beyer K, Tysnes OB, Aarsland D, Maple-Grødem J.",Mov Disord Clin Pract. 2023 May 5;10(6):980-986. doi: 10.1002/mdc3.13752. eCollection 2023 Jun.,Gonzalez MC,Mov Disord Clin Pract,2023,2023/06/19,PMC10272890,,10.1002/mdc3.13752,"There is a need to better understand the rate of cognitive and motor decline of Dementia with Lewy bodies (DLB) and Parkinson's disease Dementia (PDD).
To compare the rate of cognitive and motor decline in patients with DLB and PDD from the E-DLB Consortium and the Parkinson's Incidence Cohorts Collaboration (PICC) Cohorts.
The annual change in MMSE and MDS-UPDRS part III was estimated using linear mixed regression models in patients with at least one follow-up (DLB 
When adjusting for confounders, we found no difference in the annual change in MMSE between DLB and PDD (-1.8 [95% CI -2.3, -1.3] vs. -1.9 [95% CI -2.6, -1.2] [
DLB and PDD showed similar rates of cognitive and motor decline. This is relevant for future clinical trial designs."
34864106,Analysis of serum levels of organochlorine pesticides and related factors in Parkinson's disease,"Xu S, Yang X, Qian Y, Luo Q, Song Y, Xiao Q.",Neurotoxicology. 2022 Jan;88:216-223. doi: 10.1016/j.neuro.2021.12.001. Epub 2021 Dec 2.,Xu S,Neurotoxicology,2022,2021/12/05,,,10.1016/j.neuro.2021.12.001,"There is evidence that environmental factors contribute to the onset and progression of Parkinson's disease (PD). Pesticides are a class of environmental toxins that are linked to increased risk of developing PD. However, few studies have investigated the association between specific pesticides and PD, especially in China, which was one of the first countries to adopt the use of pesticides.
In this study, serum levels of 19 pesticides were measured in 90 patients with PD and 90 healthy spouse controls. We also analyzed the interaction between specific pesticides and PD. In addition, the association between pesticides and clinical features of PD was also investigated. Finally, we investigated the underlying mechanism of the association between pesticides and PD.
Serum levels of organochlorine pesticides, which included α-hexachlorocyclohexane (HCH), β-HCH, γ-HCH, δ-HCH, propanil, heptachlor, dieldrin, hexachlorobenzene, p,p'-dichlorodiphenyltrichloroethane and o,p'-dichloro-diphenyl-trichloroethane were higher in PD patients than controls. Moreover, α-HCH and propanil levels were associated with PD. Serum levels of dieldrin were associated with Hamilton Depression Scale and Montreal Cognitive Assessment scores in PD patients. In SH-SY5Y cells, α-HCH and propanil increased level of reactive oxygen species and decreased mitochondrial membrane potential. Furthermore, propanil, but not α-HCH, induced the aggregation of α-synuclein.
This study revealed that elevated serum levels of α-HCH and propanil were associated with PD. Serum levels of dieldrin were associated with depression and cognitive function in PD patients. Moreover, propanil, but not α-HCH, induced the aggregation of α-synuclein. Further research is needed to fully elucidate the effects of pesticides on PD."
37588481,Automated Real-World Video Analysis of Sit-to-Stand Transitions Predicts Parkinson's Disease Severity,"Morgan C, Masullo A, Mirmehdi M, Isotalus HK, Jovan F, McConville R, Tonkin EL, Whone A, Craddock I.",Digit Biomark. 2023 Aug 14;7(1):92-103. doi: 10.1159/000530953. eCollection 2023 Jan-Dec.,Morgan C,Digit Biomark,2023,2023/08/17,PMC10425718,,10.1159/000530953,"Technology holds the potential to track disease progression and response to neuroprotective therapies in Parkinson's disease (PD). The sit-to-stand (STS) transition is a frequently occurring event which is important to people with PD. The aim of this study was to demonstrate an automatic approach to quantify STS duration and speed using a real-world free-living dataset and look at clinical correlations of the outcomes, including whether STS parameters change when someone withholds PD medications.
Eighty-five hours of video data were collected from 24 participants staying in pairs for 5-day periods in a naturalistic setting. Skeleton joints were extracted from the video data; the head trajectory was estimated and used to estimate the STS parameters of duration and speed.
3.14 STS transitions were seen per hour per person on average. Significant correlations were seen between automatic and manual STS duration (Pearson rho - 0.419, 
We demonstrate a novel approach to automatically quantify and ecologically validate two STS parameters which correlate with gold-standard clinical tools measuring disease severity in PD."
36413901,Understanding how people with Parkinson's disease turn in gait from a real-world in-home dataset,"Morgan C, Jameson J, Craddock I, Tonkin EL, Oikonomou G, Isotalus HK, Heidarivincheh F, McConville R, Tourte GJL, Kinnunen KM, Whone A.",Parkinsonism Relat Disord. 2022 Dec;105:114-122. doi: 10.1016/j.parkreldis.2022.11.007. Epub 2022 Nov 11.,Morgan C,Parkinsonism Relat Disord,2022,2022/11/22,PMC10391706,,10.1016/j.parkreldis.2022.11.007,"Turning in gait digital parameters may be useful in measuring disease progression in Parkinson's disease (PD), however challenges remain over algorithm validation in real-world settings. The influence of clinician observation on turning outcomes is poorly understood. Our objective is to describe a unique in-home video dataset and explore the use of turning parameters as biomarkers in PD.
11 participants with PD, 11 control participants stayed in a home-like setting living freely for 5 days (with two sessions of clinical assessment), during which high-resolution video was captured. Clinicians watched the videos, identified turns and documented turning parameters.
From 85 hours of video 3869 turns were evaluated, averaging at 22.7 turns per hour per person. 6 participants had significantly different numbers of turning steps and/or turn duration between ""ON"" and ""OFF"" medication states. Positive Spearman correlations were seen between the Movement Disorders Society-sponsored revision of the Unified Parkinson's Disease Rating Scale III score with a) number of turning steps (rho = 0.893, p < 0.001), and b) duration of turn (rho = 0.744, p = 0.009) ""OFF"" medications. A positive correlation was seen ""ON"" medications between number of turning steps and clinical rating scale score (rho = 0.618, p = 0.048). Both cohorts took more steps and shorter durations of turn during observed clinical assessments than when free-living.
This study shows proof of concept that real-world free-living turn duration and number of turning steps recorded can distinguish between PD medication states and correlate with gold-standard clinical rating scale scores. It illustrates a methodology for ecological validation of real-world digital outcomes."
35111593,Longitudinal clustering analysis and prediction of Parkinson's disease progression using radiomics and hybrid machine learning,"Salmanpour MR, Shamsaei M, Hajianfar G, Soltanian-Zadeh H, Rahmim A.",Quant Imaging Med Surg. 2022 Feb;12(2):906-919. doi: 10.21037/qims-21-425.,Salmanpour MR,Quant Imaging Med Surg,2022,2022/02/03,PMC8739095,,10.21037/qims-21-425,"We employed machine learning approaches to (I) determine distinct progression trajectories in Parkinson's disease (PD) (unsupervised clustering task), and (II) predict progression trajectories (supervised prediction task), from early (years 0 and 1) data, making use of clinical and imaging features.
We studied PD-subjects derived from longitudinal datasets (years 0, 1, 2 & 4; Parkinson's Progressive Marker Initiative). We extracted and analyzed 981 features, including motor, non-motor, and radiomics features extracted for each region-of-interest (ROIs: left/right caudate and putamen) using our standardized standardized environment for radiomics analysis (SERA) radiomics software. Segmentation of ROIs on dopamine transposer - single photon emission computed tomography (DAT SPECT) images were performed via magnetic resonance images (MRI). After performing cross-sectional clustering on 885 subjects (original dataset) to identify disease subtypes, we identified optimal longitudinal trajectories using hybrid machine learning systems (HMLS), including principal component analysis (PCA) + K-Means algorithms (KMA) followed by Bayesian information criterion (BIC), Calinski-Harabatz criterion (CHC), and elbow criterion (EC). Subsequently, prediction of the identified trajectories from early year data was performed using multiple HMLSs including 16 Dimension Reduction Algorithms (DRA) and 10 classification algorithms.
We identified 3 distinct progression trajectories. Hotelling's t squared test (HTST) showed that the identified trajectories were distinct. The trajectories included those with (I, II) disease escalation (2 trajectories, 27% and 38% of patients) and (III) stable disease (1 trajectory, 35% of patients). For trajectory prediction from early year data, HMLSs including the stochastic neighbor embedding algorithm (SNEA, as a DRA) as well as locally linear embedding algorithm (LLEA, as a DRA), linked with the new probabilistic neural network classifier (NPNNC, as a classifier), resulted in accuracies of 78.4% and 79.2% respectively, while other HMLSs such as SNEA + Lib_SVM (library for support vector machines) and t_SNE (t-distributed stochastic neighbor embedding) + NPNNC resulted in 76.5% and 76.1% respectively.
This study moves beyond cross-sectional PD subtyping to clustering of longitudinal disease trajectories. We conclude that combining medical information with SPECT-based radiomics features, and optimal utilization of HMLSs, can identify distinct disease trajectories in PD patients, and enable effective prediction of disease trajectories from early year data."
35474118,Mechanisms of enhanced aggregation and fibril formation of Parkinson's disease-related variants of α-synuclein,"Ohgita T, Namba N, Kono H, Shimanouchi T, Saito H.",Sci Rep. 2022 Apr 26;12(1):6770. doi: 10.1038/s41598-022-10789-6.,Ohgita T,Sci Rep,2022,2022/04/27,PMC9043213,,10.1038/s41598-022-10789-6,"Aggregation of α-synuclein (α-syn) into amyloid fibrils is closely associated with Parkinson's disease (PD). Familial mutations or posttranslational truncations in α-syn are known as risk factor for PD. Here, we examined the effects of the PD-related A30P or A53T point mutation and C-terminal 123-140 or 104-140 truncation on the aggregating property of α-syn based on the kinetic and thermodynamic analyses. Thioflavin T fluorescence measurements indicated that A53T, Δ123‒140, and Δ104-140 variants aggregated faster than WT α-syn, in which the A53T mutation markedly increases nucleation rate whereas the Δ123‒140 or Δ104‒140 truncation significantly increases both nucleation and fibril elongation rates. Ultracentrifugation and western blotting analyses demonstrated that these mutations or truncations promote the conversion of monomer to aggregated forms of α-syn. Analysis of the dependence of aggregation reaction of α-syn variants on the monomer concentration suggested that the A53T mutation enhances conversion of monomers to amyloid nuclei whereas the C-terminal truncations, especially the Δ104-140, enhance autocatalytic aggregation on existing fibrils. In addition, thermodynamic analysis of the kinetics of nucleation and fibril elongation of α-syn variants indicated that both nucleation and fibril elongation of WT α-syn are enthalpically and entropically unfavorable. Interestingly, the unfavorable activation enthalpy of nucleation greatly decreases for the A53T and becomes reversed in sign for the C-terminally truncated variants. Taken together, our results indicate that the A53T mutation and the C-terminal truncation enhance α-syn aggregation by reducing unfavorable activation enthalpy of nucleation, and the C-terminal truncation further triggers the autocatalytic fibril elongation on the fibril surfaces."
34181919,Parkinson's disease aggravation in association with fine particle components in New York State,"Nunez Y, Boehme AK, Li M, Goldsmith J, Weisskopf MG, Re DB, Navas-Acien A, van Donkelaar A, Martin RV, Kioumourtzoglou MA.",Environ Res. 2021 Oct;201:111554. doi: 10.1016/j.envres.2021.111554. Epub 2021 Jun 25.,Nunez Y,Environ Res,2021,2021/06/28,PMC8478789,NIHMS1721132,10.1016/j.envres.2021.111554,"Long-term exposure to fine particulate matter (PM
To characterize the association between specific PM
We obtained data on hospitalizations from the New York Department of Health Statewide Planning and Research Cooperative System (2000-2014) to calculate annual first PD hospitalization counts in New York State per county. We used well-validated prediction models at 1 km
We observed a total of 197,545 PD first hospitalizations in NYS from 2000 to 2014. The annual average count per county was 212 first hospitalizations. The RR (95% confidence interval) for PD aggravation was 1.06 (1.03, 1.10) per one standard deviation (SD) increase in nitrate concentrations and 1.06 (1.04, 1.09) for the corresponding increase in OM concentrations. We also found a nonlinear inverse association between PD aggravation and BC at concentrations above the 96th percentile. We found a marginal association with SS and no association with sulfate or soil exposure.
In this study, we detected associations between the PM"
34290929,Vortioxetine Improved Depressive State In Parkinson's Disease,"Yoshimura R, Ikenouchi A, Okamoto N, Konishi Y.",Cureus. 2021 Jun 18;13(6):e15750. doi: 10.7759/cureus.15750. eCollection 2021 Jun.,Yoshimura R,Cureus,2021,2021/07/22,PMC8289392,,10.7759/cureus.15750,"We report the case of a 67-year-old Japanese Parkinson's disease (PD) patient with depression who was successfully treated with vortioxetine. The patient's PD was being treated with levodopa (100 mg/day). As improvement was noted in PD symptoms, levodopa was continued. Subsequently, she was referred to our department due to worsening of her depressive symptoms, including depressed mood, anhedonia, decreased energy, decreased concentration, decreased motivation, insomnia, hopelessness, and worthlessness. The patient did not respond to paroxetine and escitalopram. Finally, vortioxetine improved her depressive state without worsening PD."
32943485,"Risk factors of Parkinson disease: Simultaneous assessment, interactions, and etiologic subtypes","Belvisi D, Pellicciari R, Fabbrini A, Costanzo M, Pietracupa S, De Lucia M, Modugno N, Magrinelli F, Dallocchio C, Ercoli T, Terravecchia C, Nicoletti A, Solla P, Fabbrini G, Tinazzi M, Berardelli A, Defazio G.",Neurology. 2020 Nov 3;95(18):e2500-e2508. doi: 10.1212/WNL.0000000000010813. Epub 2020 Sep 17.,Belvisi D,Neurology,2020,2020/09/18,PMC7682833,,10.1212/WNL.0000000000010813,"To perform a simultaneous evaluation of potential risk/protective factors of Parkinson disease (PD) to identify independent risk/protective factors, to assess interaction among factors, and to determine whether identified risk factors predict etiologic subtypes of PD.
We designed a large case-control study assessing 31 protective/risk factors of PD, including environmental and lifestyle factors, comorbid conditions, and drugs. The study enrolled 694 patients with PD and 640 healthy controls from 6 neurologic centers. Data were analyzed by logistic regression models, additive interaction models, and cluster analysis.
The simultaneous assessment of 31 putative risk/protective factors of PD showed that only coffee consumption (odds ratio [OR] 0.6; 95% confidence interval [CI] 0.4-0.9), smoking (OR 0.7, 95% CI 0.6-0.9), physical activity (OR 0.8, 95% CI 0.7-0.9), family history of PD (OR 3.2, 95% CI 2.2-4.8), dyspepsia (OR 1.8, 95% CI 1.3-2.4), and exposure to pesticides (OR 2.3, 95% CI1.3-4.2), oils (OR 5.6, 95% CI 2.3-13.7), metals (OR 2.8, 95% CI 1.5-5.4), and general anesthesia (OR 6.1, 95% CI 2.9-12.7) were independently associated with PD. There was no evidence of interaction among risk/protective factors, but cluster analysis identified 4 subtypes with different risk factor profiles. In group 1, all patients had a family history of PD, while dyspepsia or exposure to toxic agents was present in 30% of patients. In groups 2 and 3, a family history of PD was lacking, while exposure to toxic agents (group 2) and dyspepsia (group 3) played major roles. Group 4 consisted of patients with no risk factors.
This study demonstrated that 9 factors independently modify PD risk by coexisting in the same patient rather than interacting with others. Our study suggests the need for future preventive strategies aimed at reducing the coexistence of different risk factors within the same participant."
35393289,"Impact of occupational pesticide exposure assessment method on risk estimates for prostate cancer, non-Hodgkin's lymphoma and Parkinson's disease: results of three meta-analyses","Ohlander J, Fuhrimann S, Basinas I, Cherrie JW, Galea KS, Povey AC, van Tongeren M, Harding AH, Jones K, Vermeulen R, Huss A, Kromhout H.",Occup Environ Med. 2022 Aug;79(8):566-574. doi: 10.1136/oemed-2021-108046. Epub 2022 Apr 7.,Ohlander J,Occup Environ Med,2022,2022/04/08,PMC9304108,,10.1136/oemed-2021-108046,"Assessment of occupational pesticide exposure in epidemiological studies of chronic diseases is challenging. Biomonitoring of current pesticide levels might not correlate with past exposure relevant to disease aetiology, and indirect methods often rely on workers' imperfect recall of exposures, or job titles. We investigated how the applied exposure assessment method influenced risk estimates for some chronic diseases. In three meta-analyses the influence of exposure assessment method type on the summary risk ratio (sRR) of prostate cancer (PC) (25 articles), non-Hodgkin's lymphoma (NHL) (29 articles) and Parkinson's disease (PD) (32 articles) was investigated. Exposure assessment method types analysed were: group-level assessments (eg, job titles), self-reported exposures, expert-level assessments (eg, job-exposure matrices) and biomonitoring (eg, blood, urine). Additionally, sRRs were estimated by study design, publication year period and geographic location where the study was conducted. Exposure assessment method types were not associated with statistically significant different sRRs across any of the health outcomes. Heterogeneity in results varied from high in cancer studies to moderate and low in PD studies. Overall, case-control designs showed significantly higher sRR estimates than prospective cohort designs. Later NHL publications showed significantly higher sRR estimates than earlier. For PC, studies from North America showed significantly higher sRR estimates than studies from Europe. We conclude that exposure assessment method applied in studies of occupational exposure to pesticides appears not to have a significant effect on risk estimates for PC, NHL and PD. In systematic reviews of chronic health effects of occupational exposure to pesticides, epidemiological study design, publication year and geographic location, should primarily be considered."
33382126,Cholinergic Basal Forebrain Volumes Predict Gait Decline in Parkinson's Disease,"Wilson J, Yarnall AJ, Craig CE, Galna B, Lord S, Morris R, Lawson RA, Alcock L, Duncan GW, Khoo TK, O'Brien JT, Burn DJ, Taylor JP, Ray NJ, Rochester L.",Mov Disord. 2021 Mar;36(3):611-621. doi: 10.1002/mds.28453. Epub 2020 Dec 31.,Wilson J,Mov Disord,2021,2020/12/31,PMC8048433,,10.1002/mds.28453,"Gait disturbance is an early, disabling feature of Parkinson's disease (PD) that is typically refractory to dopaminergic medication. The cortical cholinergic system, originating in the nucleus basalis of Meynert of the basal forebrain, has been implicated. However, it is not known if degeneration in this region relates to a worsening of disease-specific gait impairment.
To evaluate associations between sub-regional cholinergic basal forebrain volumes and longitudinal progression of gait impairment in PD.
99 PD participants and 47 control participants completed gait assessments via an instrumented walkway during 2 minutes of continuous walking, at baseline and for up to 3 years, from which 16 spatiotemporal characteristics were derived. Sub-regional cholinergic basal forebrain volumes were measured at baseline via MRI and a regional map derived from post-mortem histology. Univariate analyses evaluated cross-sectional associations between sub-regional volumes and gait. Linear mixed-effects models assessed whether volumes predicted longitudinal gait changes.
There were no cross-sectional, age-independent relationships between sub-regional volumes and gait. However, nucleus basalis of Meynert volumes predicted longitudinal gait changes unique to PD. Specifically, smaller nucleus basalis of Meynert volume predicted increasing step time variability (P = 0.019) and shortening swing time (P = 0.015); smaller posterior nucleus portions predicted shortening step length (P = 0.007) and increasing step time variability (P = 0.041).
This is the first study to demonstrate that degeneration of the cortical cholinergic system predicts longitudinal progression of gait impairments in PD. Measures of this degeneration may therefore provide a novel biomarker for identifying future mobility loss and falls. © 2020 The Authors. Movement Disorders published by Wiley Periodicals LLC on behalf of International Parkinson and Movement Disorder Society."
33887274,"Air pollution, surrounding green, road proximity and Parkinson's disease: A prospective cohort study","Yu Z, Wei F, Zhang X, Wu M, Lin H, Shui L, Jin M, Wang J, Tang M, Chen K.",Environ Res. 2021 Jun;197:111170. doi: 10.1016/j.envres.2021.111170. Epub 2021 Apr 19.,Yu Z,Environ Res,2021,2021/04/22,,,10.1016/j.envres.2021.111170,"Though growing evidence has linked air pollution to Parkinson's disease (PD), the results remain inconsistent. Less is known about the relevance of road proximity and surrounding green. We aimed to investigate the individual and joint associations of air pollution, road proximity and surrounding green with the incidence of PD in a prospective cohort study.
We used data from a prospective cohort of 47,516 participants recruited from July 2015 to January 2018 in Ningbo, China. Long-term exposure to particulate matter with aerodynamic diameter ≤2.5 μm (PM
In single-exposure models, PM
We found that PM"
37179675,The Quest for the Environment and Dietary Risk Factor for Alzheimer's and Parkinson's Disease: Time to Face the Truth!,"Varghese N, Yadav R.",Ann Indian Acad Neurol. 2023 Mar-Apr;26(2):104-105. doi: 10.4103/aian.aian_93_23. Epub 2023 Mar 17.,Varghese N,Ann Indian Acad Neurol,2023,2023/05/14,PMC10171016,,10.4103/aian.aian_93_23,
36766984,A Novel Physical Mobility Task to Assess Freezers in Parkinson's Disease,"Nóbrega LR, Rocon E, Pereira AA, Andrade AO.",Healthcare (Basel). 2023 Jan 31;11(3):409. doi: 10.3390/healthcare11030409.,Nóbrega LR,Healthcare (Basel),2023,2023/02/11,PMC9914147,,10.3390/healthcare11030409,"Freezing of gait (FOG), one of the most disabling features of Parkinson's disease (PD), is a brief episodic absence or marked reduction in stride progression despite the intention to walk. Progressively more people who experience FOG restrict their walking and reduce their level of physical activity. The purpose of this study is to develop and validate a physical mobility task that induces freezing of gait in a controlled environment, employing known triggers of FOG episodes according to the literature. To validate the physical mobility tasks, we recruited 10 volunteers that suffered PD-associated freezing (60.6 ± 7.29 years-old) with new FOG-Q ranging from 12 to 26. The validation of the proposed method was carried out using inertial sensors and video recordings. All subjects were assessed during the OFF and ON medication states. The total number of FOG occurrences during data collection was 144. The proposed tasks were able to trigger 120 FOG episodes, while the TUG test caused 24. The Inertial Measurement Unit (IMU) with accelerometer and gyroscope could not only detect FOG episodes but also allowed us to visualize the three types of FOG: akinesia, festination and trembling in place."
34754467,Parkinson's disease in a worker exposed to insecticides at a greenhouse,"Kim Y, Kim I, Sung JM, Song J.",Ann Occup Environ Med. 2021 Feb 5;33:e6. doi: 10.35371/aoem.2021.33.e6. eCollection 2021.,Kim Y,Ann Occup Environ Med,2021,2021/11/10,PMC7952772,,10.35371/aoem.2021.33.e6,"Parkinson's disease (PD) is a rare, neurodegenerative disease with various occupational and environmental risk factors. Exposure to specific pesticides contributes significantly to the incidence of PD. However, it is difficult to measure the level of pesticide exposure in workers. This study presents the first case recognized the work-relatedness between PD and pesticide exposure.
A 68-year-old male was diagnosed with PD after working with pesticides at a tomato greenhouse for 12 years and 5 months. From the results of a field study, it was reasonable to assume that the patient had been exposed to a significant level of various insecticides. In the present report, we described the first accepted case of work-relatedness between PD and exposure to pesticides. The evaluation was conducted using the following steps: we ruled out other possible risk factors including additional occupational history and personal risk factors, we assessed the work environment, surveyed possible exposures, found proper epidemiological evidence, and calculated the probability of causation. The work-relatedness was determined through the review of epidemiological evidence and estimation of exposure situation and level, and biological plausibility. We also decided work-relatedness based on the exposure of PD related pesticides with identified biologically plausible and the presumption that the exposure level would be high due to the working process.
In this case, the field study and epidemiological results supported the work-relatedness of PD and exposure to pesticides. Moreover, the results of previous studies have confirmed a causal relationship between exposure to pesticides and PD."
38679353,Association between increased and decreased gut microbiota abundance and Parkinson's disease: A systematic review and subgroup meta-analysis,"Bai F, You L, Lei H, Li X.",Exp Gerontol. 2024 Jun 15;191:112444. doi: 10.1016/j.exger.2024.112444. Epub 2024 Apr 29.,Bai F,Exp Gerontol,2024,2024/04/28,,,10.1016/j.exger.2024.112444,"The objective of the study was to systematically investigate the association between gut microbiota (GM) abundance and Parkinson's disease (PD).
PubMed, Medline, Cochrane Library and other literature datebase platforms were searched for eligible studies in the English-language from conception to March 1, 2024. Studies evaluating the association between GM and PD were included. The results of the included studies were analyzed using a random effects model with calculation of the mean difference (MD) with the 95 % confidence interval to quantify the incidence of differences in abundance of various bacterial families in PD patients. Continuous models were used to analyze the extracted data.
A total of 14 studies with 1045 PD cases and 821 healthy controls were included for data extraction and meta-analysis. All the included studies exhibited reasonable quality. The included studies reported the data on the ratios of 10 families of GM. Of these 10 microbiota families, Bifidobacteriaceae, Ruminococcaceae, Rikenellaceae, Lactobacillaceae, Verrucomicrobiaceae and Christensenellaceae were found to have increased ratios according to the pooled ratios, while Prevotellaceae, Lachnospiraceae, Erysipelotrichaceae and Faecalibacterium were decreased in PD cases.
Patients in the PD cohort exhibited distinctive microbiota compositions compared to healthy individuals, with unique differential patterns in gut microbiome abundance at the phylum, family, and genus levels that may be associated wtih PD pathogenesis."
40370594,Beyond clinical scales: an observational study on instrumental gait analysis and biomechanical patterns in patients with Parkinson's disease,"De Pasquale P, Bonanno M, De Marchis C, Pergolizzi L, Lombardo Facciale A, Paladina G, Maggio MG, Impellizzeri F, Ciancarelli I, Quartarone A, Calabrò RS.",Front Bioeng Biotechnol. 2025 Apr 30;13:1541240. doi: 10.3389/fbioe.2025.1541240. eCollection 2025.,De Pasquale P,Front Bioeng Biotechnol,2025,2025/05/15,PMC12075126,,10.3389/fbioe.2025.1541240,"Parkinson's disease (PD), a common neurodegenerative disorder affecting motor functions, is associated with abnormal gait patterns characterized by altered kinematic, kinetic, and electrophysiological parameters. This observational study aims to instrumentally identify and quantify these gait dysfunctions in PD patients compared to normal values from healthy subjects.
Sixty-nine PD patients underwent clinical and instrumental evaluations to assess gait. Demographic and clinical data were collected before motor assessment. Clinical scales evaluated the level of impairment, gait, balance, risk of falls and ability to complete activities of daily living. Instrumental evaluations were conducted using optoelectronic, force plates and electromyographic (EMG) systems in a motion analysis laboratory. Statistical analysis involved a non-parametric test to compare pathological and normal data, clustering methods to identify groups based on clinical evaluations, and a combination of non-parametric analysis and linear models to assess dependencies on clinical scales.
The results showed that PD patients had significant gait kinematic differences compared to normal values, with increased temporal and shortened spatial parameters. In addition, PD patients were grouped into four clusters based on clinical scales. While some gait features were influenced by clinical scales reflecting impairment, gait and balance, and independence, others were more affected by the perceived fear of falling (FoF).
In conclusion, the study identified specific biomechanical gait dysfunctions in kinematic, kinetic, and electrophysiological parameters in PD patients, undetectable by standard clinical scales. Additionally, higher FoF was associated with dysfunctional biomechanical patterns, independent of impairment severity, gait and balance dysfunction, or overall independence."
38596350,Real-World Experiences of Parkinson's Disease OFF Time and Role of Demographics,"Devraj R, Elkouzi A, Tracey MR.",J Patient Cent Res Rev. 2024 Apr 2;11(1):8-17. doi: 10.17294/2330-0698.2057. eCollection 2024 Spring.,Devraj R,J Patient Cent Res Rev,2024,2024/04/10,PMC11000704,,10.17294/2330-0698.2057,"OFF periods are episodes when Parkinson's disease (PD) medications work suboptimally, with symptoms returning and impacting quality of life. We aimed to characterize OFF periods using patient-reported frequency, severity, and duration, as well as determine these characteristics' associations with demographics.
A retrospective cohort study using Fox Insight Data Exploration Network (Fox DEN) database was conducted. Eligible patients had PD and were >18 years. The experience of OFF periods was characterized by frequency (number of episodes/day), duration (duration/episode), and severity (impact on activities). Significance level was Bonferroni-corrected for multivariate analyses.
From a population of 6,757 persons with PD, 88% were non-Hispanic Whites (mean age: 66 ± 8.8 years); 52.7% were males versus 47.3% females; mean PD duration was 5.7 ± 5.2; and 51% experienced OFF periods. Subsequent analyses were limited to non-Hispanic Whites, as they constituted a large majority of the participants and were the subgroup that had the sample size to derive reliable inferences. The analyses showed that 67% experienced 1-2 episodes/day, 90% experienced >15-minute episodes, and 55% reported slight-mild severity/episode. Lower age was associated with a higher frequency (incidence rate ratio [IRR]: 0.992; P<0.001) and severity (odds ratio [OR]: 0.985; P=0.001) of OFF episodes. Income of <$35,000 was associated with 15.1% more episodes/day (IRR: 1.15, p<0.001) and 66.5% higher odds of a severe episode (OR: 1.66; P<0.001). Females experienced 7.5% more episodes compared to males (IRR: 1.075; P=0.003). Longer PD duration was associated with 1.3% more episodes/day (IRR: 1.013; P<0.001) and 10% higher odds of a severe episode (OR: 1.10; P<0.001).
Lower age, income <$35,000, longer PD duration, female gender, and being unemployed are associated with a higher frequency and severity of OFF periods with no associations for duration/episode among non-Hispanic Whites with PD. In time-constrained clinic environments, clinicians should tailor OFF periods management counseling to vulnerable demographic groups to enhance care delivery.("
31996877,"Trichloroethylene, a ubiquitous environmental contaminant in the risk for Parkinson's disease","De Miranda BR , Greenamyre JT .",Environ Sci Process Impacts. 2020 Mar 1;22(3):543-554. doi: 10.1039/c9em00578a. Epub 2020 Jan 30.,De Miranda BR,Environ Sci Process Impacts,2020,2020/01/31,PMC7941732,NIHMS1554841,10.1039/c9em00578a,"Organic solvents are common chemicals used in industry throughout the world, however, there is evidence for adverse health effects from exposure to these compounds. Trichloroethylene (TCE) is a halogenated solvent that has been used as a degreasing agent since the early 20"
33722243,Severity of parkinsonism associated with environmental manganese exposure,"Racette BA, Nelson G, Dlamini WW, Prathibha P, Turner JR, Ushe M, Checkoway H, Sheppard L, Nielsen SS.",Environ Health. 2021 Mar 15;20(1):27. doi: 10.1186/s12940-021-00712-3.,Racette BA,Environ Health,2021,2021/03/16,PMC7962371,,10.1186/s12940-021-00712-3,"Exposure to occupational manganese (Mn) is associated with neurotoxic brain injury, manifesting primarily as parkinsonism. The association between environmental Mn exposure and parkinsonism is unclear. To characterize the association between environmental Mn exposure and parkinsonism, we performed population-based sampling of residents older than 40 in Meyerton, South Africa (N = 621) in residential settlements adjacent to a large Mn smelter and in a comparable non-exposed settlement in Ethembalethu, South Africa (N = 95) in 2016-2020.
A movement disorders specialist examined all participants using the Unified Parkinson Disease Rating Scale motor subsection part 3 (UPDRS3). Participants also completed an accelerometry-based kinematic test and a grooved pegboard test. We compared performance on the UPDRS3, grooved pegboard, and the accelerometry-based kinematic test between the settlements using linear regression, adjusting for covariates. We also measured airborne PM
Mean PM
Environmental airborne Mn exposures at levels substantially lower than current occupational exposure thresholds in the United States may be associated with clinical parkinsonism."
37179674,Dietary and Environmental Risk Factors in Parkinson's Disease and Alzheimer's Disease: Beware of Your Food Plate and Your Surroundings!,"Madhaw G, Kumar N.",Ann Indian Acad Neurol. 2023 Mar-Apr;26(2):101-103. doi: 10.4103/aian.aian_82_23. Epub 2023 Mar 17.,Madhaw G,Ann Indian Acad Neurol,2023,2023/05/14,PMC10171004,,10.4103/aian.aian_82_23,
36213098,Current Evidence for the Association between Air Pollution and Parkinson's Disease,"Saitoh Y, Mizusawa H.",Ann Indian Acad Neurol. 2022 Sep;25(Suppl 1):S41-S46. doi: 10.4103/aian.aian_62_22. Epub 2022 Mar 21.,Saitoh Y,Ann Indian Acad Neurol,2022,2022/10/10,PMC9540826,,10.4103/aian.aian_62_22,"Parkinson's disease (PD) is a progressive neurodegenerative disorder, and its global incidence is on the rise. There is increasing interest in understanding the role of air pollution in the development of human disease. Although the precise mechanisms are not understood, several epidemiological studies have reported a positive association between air pollution and the risk of PD. However, the various pollutants studied, endpoints measured, and differences in study design yield conflicting results. This review summarizes recent evidence regarding the relationship between particulate matter, ozone, nitrogen dioxide, sulfur dioxide, and carbon monoxide and PD. Limitations and challenges are also discussed, with suggestions for future work to understand the true effects of air pollution on PD."
33408141,Dietary Antioxidants and the Risk of Parkinson Disease: The Swedish National March Cohort,"Hantikainen E, Trolle Lagerros Y, Ye W, Serafini M, Adami HO, Bellocco R, Bonn S.",Neurology. 2021 Feb 9;96(6):e895-e903. doi: 10.1212/WNL.0000000000011373. Epub 2021 Jan 6.,Hantikainen E,Neurology,2021,2021/01/07,,,10.1212/WNL.0000000000011373,"To determine whether high baseline dietary antioxidants and total nonenzymatic antioxidant capacity (NEAC) is associated with a lower risk of Parkinson disease (PD) in men and women, we prospectively studied 43,865 men and women from a large Swedish cohort.
In the Swedish National March Cohort, 43,865 men and women aged 18-94 years were followed through record linkages to National Health Registries from 1997 until 2016. Baseline dietary vitamin E, vitamin C, and beta-carotene intake, as well as NEAC, were assessed by a validated food frequency questionnaire collected at baseline. All exposure variables were adjusted for energy intake and categorized into tertiles. Multivariable Cox proportional hazard regression models were fitted to estimate hazard ratios (HRs) with 95% confidence intervals (CIs) for PD.
After a mean follow-up time of 17.6 years, we detected 465 incidence cases of PD. In the multivariable adjusted model, dietary vitamin E (HR 0.68, 95% CI 0.52-0.90; 
Our findings suggest that dietary vitamin E and C intake might be inversely associated with the risk of PD. No association was found with dietary beta-carotene or NEAC.
This study provides Class III evidence that dietary vitamin E and C intake are inversely associated with the risk of PD."
38117804,Mental flexibility assessment: A research protocol for patients with Parkinson's Disease and Anorexia Nervosa,"Borghesi F, Mancuso V, Bruni F, Cremascoli R, Bianchi L, Mendolicchio L, Cattaldo S, Chirico A, Mauro A, Pedroli E, Cipresso P.",PLoS One. 2023 Dec 20;18(12):e0293921. doi: 10.1371/journal.pone.0293921. eCollection 2023.,Borghesi F,PLoS One,2023,2023/12/20,PMC10732438,,10.1371/journal.pone.0293921,"Mental Flexibility oscillates between adaptive variability in behavior and the capacity to restore homeostasis, linked to mental health. It has recently been one of the most investigated abilities in mental and neurological diseases such as Anorexia nervosa and Parkinson's disease, studied for rigidity or cognitive inflexibility. Patients with anorexia nervosa have rigid cognitive processes about food and weight, which leads to restrictive eating and excessive exercise. People who struggle to adapt their cognitive processes and actions to change their diet and exercise habits may have a harder time recovering from the disorder. On the other hand, research suggests that Parkinson's disease patients may have cognitive flexibility impairments that impair their ability to perform daily tasks and adapt to new environments. Although of clinical interest, mental flexibility lacks theoretical liberalization and unified assessment. This study introduces ""IntellEGO"" a protocol for a new, multidimensional psychometric assessment of flexibility. This assessment evaluates a person's authentic ability to handle daily challenges using cognitive, emotional, and behavioral factors. Since traditional assessments often focus on one domain, we aim to examine flexibility from multiple angles, acknowledging the importance of viewing people as whole beings with mental and physical aspects. The study protocol includes two assessment phases separated by a rehabilitation period. T0, the acute phase upon admission, and T1, the post-rehabilitation phase lasting 15 days for Parkinson's patients and 4 weeks for eating disorder patients, will be assessed. Neuropsychological performance, self-report questionnaires, psychophysiological measures, and neuroendocrine measures will be collected from Anorexia Nervosa and Parkinson's Disease patients during each study phase. The objective of this procedure is to provide clinicians with a comprehensive framework for conducting meticulous assessments of mental flexibility. This framework considers emotional, cognitive, and behavioral factors, and is applicable to various patient populations."
38446581,Trafficking in Disease: More Evidence for Air Pollution-Parkinson's Association,Nicole W.,Environ Health Perspect. 2024 Mar;132(3):34001. doi: 10.1289/EHP14469. Epub 2024 Mar 6.,Nicole W,Environ Health Perspect,2024,2024/03/06,PMC10917083,,10.1289/EHP14469,"Research using Sister Study data has implicated nitrogen dioxide (vehicle exhaust is a major source), and possibly fine particulate matter, in increased risk for Parkinson's disease."
36516478,Long-term air pollution exposure and Parkinson's disease mortality in a large pooled European cohort: An ELAPSE study,"Cole-Hunter T, Zhang J, So R, Samoli E, Liu S, Chen J, Strak M, Wolf K, Weinmayr G, Rodopolou S, Remfry E, de Hoogh K, Bellander T, Brandt J, Concin H, Zitt E, Fecht D, Forastiere F, Gulliver J, Hoffmann B, Hvidtfeldt UA, Jöckel KH, Mortensen LH, Ketzel M, Yacamán Méndez D, Leander K, Ljungman P, Faure E, Lee PC, Elbaz A, Magnusson PKE, Nagel G, Pershagen G, Peters A, Rizzuto D, Vermeulen RCH, Schramm S, Stafoggia M, Katsouyanni K, Brunekreef B, Hoek G, Lim YH, Andersen ZJ.",Environ Int. 2023 Jan;171:107667. doi: 10.1016/j.envint.2022.107667. Epub 2022 Nov 30.,Cole-Hunter T,Environ Int,2023,2022/12/14,,,10.1016/j.envint.2022.107667,"The link between exposure to ambient air pollution and mortality from cardiorespiratory diseases is well established, while evidence on neurodegenerative disorders including Parkinson's Disease (PD) remains limited.
We examined the association between long-term exposure to ambient air pollution and PD mortality in seven European cohorts.
Within the project 'Effects of Low-Level Air Pollution: A Study in Europe' (ELAPSE), we pooled data from seven cohorts among six European countries. Annual mean residential concentrations of fine particulate matter (PM
Of 271,720 cohort participants, 381 died from PD during 19.7 years of follow-up. In single-pollutant analyses, we observed positive associations between PD mortality and PM
Long-term exposure to PM"
32092703,Non-motor symptoms and striatal dopamine transporter binding in early Parkinson's disease,"Liu R, Umbach DM, Tröster AI, Huang X, Chen H.",Parkinsonism Relat Disord. 2020 Mar;72:23-30. doi: 10.1016/j.parkreldis.2020.02.001. Epub 2020 Feb 11.,Liu R,Parkinsonism Relat Disord,2020,2020/02/25,PMC7222918,NIHMS1565560,10.1016/j.parkreldis.2020.02.001,"Non-motor symptoms (NMS) are common in Parkinson's disease (PD), but their relationships to nigrostriatal degeneration remain largely unexplored.
We evaluated 18 NMS scores covering 5 major domains in relation to concurrent and future dopamine transporter (DAT) imaging in 344 PD patients from the Parkinson's Progression and Markers Initiative (PPMI). We standardized NMS assessments into z-scores for side-by-side comparisons. Patients underwent sequential DaTSCAN imaging at enrollment and at months 12, 24, and 48. Specific binding ratios (SBR) were calculated using the occipital lobe reference region. We evaluated the association of striatal DAT binding at the four time points with each baseline NMS using mixed-effects regression models.
Multiple baseline NMS were significantly associated with DAT binding at baseline and at follow-up scans. REM sleep behavior disorder (RBD) symptoms showed the strongest association - mean striatal SBR declined with increasing RBD symptom z-score (average of time-point-specific slopes per unit change in z-score: β
Multiple NMS, RBD symptoms in particular, are associated with nigrostriatal dopaminergic changes in early PD."
38863783,The mechanisms of white matter injury and immune system crosstalk in promoting the progression of Parkinson's disease: a narrative review,"Ma W, Geng Y, Liu Y, Pan H, Wang Q, Zhang Y, Wang L.",Front Aging Neurosci. 2024 May 28;16:1345918. doi: 10.3389/fnagi.2024.1345918. eCollection 2024.,Ma W,Front Aging Neurosci,2024,2024/06/12,PMC11165104,,10.3389/fnagi.2024.1345918,"Parkinson's disease (PD) is neurodegenerative disease in middle-aged and elderly people with some pathological mechanisms including immune disorder, neuroinflammation, white matter injury and abnormal aggregation of alpha-synuclein, etc. New research suggests that white matter injury may be important in the development of PD, but how inflammation, the immune system, and white matter damage interact to harm dopamine neurons is not yet understood. Therefore, it is particularly important to delve into the crosstalk between immune cells in the central and peripheral nervous system based on the study of white matter damage in PD. This crosstalk could not only exacerbate the pathological process of PD but may also reveal new therapeutic targets. By understanding how immune cells penetrate through the blood-brain barrier and activate inflammatory responses within the central nervous system, we can better grasp the impact of structural destruction of white matter in PD and explore how this process can be modulated to mitigate or combat disease progression. Microglia, astrocytes, oligodendrocytes and peripheral immune cells (especially T cells) play a central role in its pathological process where these immune cells produce and respond to pro-inflammatory cytokines such as tumor necrosis factor (TNF-α), interleukin-1β(IL-1β) and interleukin-6(IL-6), and white matter injury causes microglia to become pro-inflammatory and release inflammatory mediators, which attract more immune cells to the damaged area, increasing the inflammatory response. Moreover, white matter damage also causes dysfunction of blood-brain barrier, allows peripheral immune cells and inflammatory factors to invade the brain further, and enhances microglia activation forming a vicious circle that intensifies neuroinflammation. And these factors collectively promote the neuroinflammatory environment and neurodegeneration changes of PD. Overall, these findings not only deepen our understanding of the complexity of PD, but also provide new targets for the development of therapeutic strategies focused on inflammation and immune regulation mechanisms. In summary, this review provided the theoretical basis for clarifying the pathogenesis of PD, summarized the association between white matter damage and the immune cells in the central and peripheral nervous systems, and then emphasized their potential specific mechanisms of achieving crosstalk with further aggravating the pathological process of PD."
34876830,"Common Inflammatory Mechanisms in COVID-19 and Parkinson's Diseases: The Role of Microbiome, Pharmabiotics and Postbiotics in Their Prevention","Danilenko V, Devyatkin A, Marsova M, Shibilova M, Ilyasov R, Shmyrev V.",J Inflamm Res. 2021 Nov 30;14:6349-6381. doi: 10.2147/JIR.S333887. eCollection 2021.,Danilenko V,J Inflamm Res,2021,2021/12/08,PMC8643201,,10.2147/JIR.S333887,"In the last decade, metagenomic studies have shown the key role of the gut microbiome in maintaining immune and neuroendocrine systems. Malfunction of the gut microbiome can induce inflammatory processes, oxidative stress, and cytokine storm. Dysfunction of the gut microbiome can be caused by short-term (virus infection and other infectious diseases) or long-term (environment, nutrition, and stress) factors. Here, we reviewed the inflammation and oxidative stress in neurodegenerative diseases and coronavirus infection (COVID-19). Here, we reviewed the renin-angiotensin-aldosterone system (RAAS) involved in the processes of formation of oxidative stress and inflammation in viral and neurodegenerative diseases. Moreover, the coronavirus uses ACE2 receptors of the RAAS to penetrate human cells. The coronavirus infection can be the trigger for neurodegenerative diseases by dysfunction of the RAAS. Pharmabiotics, postbiotics, and next-generation probiotics, are considered as a means to prevent oxidative stress, inflammatory processes, neurodegenerative and viral diseases through gut microbiome regulation."
38325344,Associations between Sleep Disorders and Impulsive-Compulsive Behaviors in Parkinson's Disease: A Prospective Cohort Study,"Ye M, Kang X, Karlsson IK, Wang Y, Ji Q, Liu Q, Xu X, Hägg S, Fang F, Wirdefeldt K, Zhan Y.",Neuroepidemiology. 2024;58(4):256-263. doi: 10.1159/000536555. Epub 2024 Feb 7.,Ye M,Neuroepidemiology,2024,2024/02/07,PMC11302741,,10.1159/000536555,"To examine the associations of excessive daytime sleepiness (EDS) and probable rapid eye movement sleep behavior disorder (pRBD), respectively, with impulsive-compulsive behaviors (ICBs) over a 5-year follow-up in patients with early Parkinson's disease (PD).
The Parkinson's Progression Markers Initiative is a multicenter cohort study based on an ongoing and open-ended registry. Longitudinal associations of sleep disorders with ICB over 5-year follow-up visits were estimated using generalized linear mixed-effects models among PD participants.
A total of 825 PD participants were enrolled at baseline. The study sample had a median baseline age of 63.1 (interquartile range: 55.6-69.3) years and comprised 496 (61.5%) men. Among them, 201 (24.9%) had ICB at baseline. In the generalized mixed-effects models, EDS (odds ratio [OR] = 1.09, 95% confidence interval [CI] 1.05, 1.12) and RBD (OR = 1.07, 95% CI 1.03, 1.12) were substantially associated with higher odds of developing ICB over time in PD patients, after multivariate adjustment including age, gender, family history, GDS score, STAI-Y score, MDS-UPDRS part III score, LEDD, and disease duration. Consistent results were observed when stratifying by age at baseline, gender, and PD family history.
The study findings suggest a longitudinal association between EDS and pRBD with an increased risk of developing ICB in patients with PD. The findings emphasize the significance of evaluating and addressing sleep disorders in PD patients as a potential approach to managing ICB."
36875701,Recent trends in wearable device used to detect freezing of gait and falls in people with Parkinson's disease: A systematic review,"Huang T, Li M, Huang J.",Front Aging Neurosci. 2023 Feb 15;15:1119956. doi: 10.3389/fnagi.2023.1119956. eCollection 2023.,Huang T,Front Aging Neurosci,2023,2023/03/06,PMC9975590,,10.3389/fnagi.2023.1119956,"The occurrence of freezing of gait (FOG) is often observed in moderate to last-stage Parkinson's disease (PD), leading to a high risk of falls. The emergence of the wearable device has offered the possibility of FOG detection and falls of patients with PD allowing high validation in a low-cost way.
This systematic review seeks to provide a comprehensive overview of existing literature to establish the forefront of sensors type, placement and algorithm to detect FOG and falls among patients with PD.
Two electronic databases were screened by title and abstract to summarize the state of art on FOG and fall detection with any wearable technology among patients with PD. To be eligible for inclusion, papers were required to be full-text articles published in English, and the last search was completed on September 26, 2022. Studies were excluded if they; (i) only examined cueing function for FOG, (ii) only used non-wearable devices to detect or predict FOG or falls, and (iii) did not provide sufficient details about the study design and results. A total of 1,748 articles were retrieved from two databases. However, only 75 articles were deemed to meet the inclusion criteria according to the title, abstract and full-text reviewed. Variable was extracted from chosen research, including authorship, details of the experimental object, type of sensor, device location, activities, year of publication, evaluation in real-time, the algorithm and detection performance.
A total of 72 on FOG detection and 3 on fall detection were selected for data extraction. There were wide varieties of the studied population (from 1 to 131), type of sensor, placement and algorithm. The thigh and ankle were the most popular device location, and the combination of accelerometer and gyroscope was the most frequently used inertial measurement unit (IMU). Furthermore, 41.3% of the studies used the dataset as a resource to examine the validity of their algorithm. The results also showed that increasingly complex machine-learning algorithms had become the trend in FOG and fall detection.
These data support the application of the wearable device to access FOG and falls among patients with PD and controls. Machine learning algorithms and multiple types of sensors have become the recent trend in this field. Future work should consider an adequate sample size, and the experiment should be performed in a free-living environment. Moreover, a consensus on provoking FOG/fall, methods of assessing validity and algorithm are necessary."
39313236,Adjustability of Gait Speed in Clinics and Free-Living Environments for People With Parkinson's Disease,"Nishi Y, Fujii S, Ikuno K, Terasawa Y, Morioka S.",J Mov Disord. 2024 Oct;17(4):416-424. doi: 10.14802/jmd.24167. Epub 2024 Sep 23.,Nishi Y,J Mov Disord,2024,2024/09/23,PMC11540547,,10.14802/jmd.24167,"Gait speed is regulated by varying gait parameters depending on the diverse contexts of the environment. People with Parkinson's disease (PwPD) have difficulty adapting to gait control in their environment; however, the relationships between gait speed and spatiotemporal parameters in free-living environments have not been clarified. This study aimed to compare gait parameters according to gait speed in clinics and free-living environments.
PwPD were assessed at the clinic and in a free-living environment using an accelerometer on the lower back. By fitting a bimodal Gaussian model to the gait speed distribution, gait speed was divided into lower and higher speeds. We compared the spatiotemporal gait parameters using a 2 × 2 (environment [clinic/free-living] × speed [lower/higher]) repeated-measures analysis of variance. Associations between Parkinson's disease symptoms and gait parameters were evaluated using Bayesian Pearson's correlation coefficients.
In the 41 PwPD included in this study, spatiotemporal gait parameters were significantly worse in free-living environments than in clinics and at lower speeds than at higher speeds. The fit of the walking speed distribution to the bimodal Gaussian model (adjustability of gait speed) in free-living environments was related to spatiotemporal gait parameters, severity of Parkinson's disease, number of falls, and quality of life.
The findings suggest that gait control, which involves adjusting gait speed according to context, differs between clinics and free-living environments in PwPD. Gait assessments for PwPD in both clinical and free-living environments should interpret gait impairments in a complementary manner."
35962541,Differentiation of the motor cost associated with cognitive tasks in Parkinson's disease: A dual-task study,"Uribe P, Fuentes N, Álvarez-Ruf J, Cornejo I, Mariman JJ.",Eur J Neurosci. 2022 Oct;56(7):5106-5115. doi: 10.1111/ejn.15792. Epub 2022 Aug 23.,Uribe P,Eur J Neurosci,2022,2022/08/13,,,10.1111/ejn.15792,"Parkinson's disease is a neurodegenerative condition associated with motor and cognitive impairments. While the execution of dual cognitive-motor tasks imposes a cost on gait velocity, it has been barely determined if the gait deterioration depends on the specific cognitive domain involved in the dual-task. Twenty-four subjects (12 patients with Parkinson's disease and 12 healthy subjects) carried out a single task (gait alone) and several dual tasks where the concurrent second task was the Trail Making Test (Part A) and the six tasks of the Frontal Assessment Battery. Gait variables were measured by accelerometry via smartphone. Data analysis included analysis of variance (ANOVA) and exploratory factorial analysis. Both groups showed a similar gait performance, except for velocity, where patients exhibited a bradykinetic profile. The dual-task during the Trail Making Test showed the highest motor cost. Frontal Assessment Battery's tasks as conceptualization, mental flexibility and motor programming showed a higher motor cost than the other tasks (sensibility to interference, inhibitory control and environmental autonomy). The factorial analysis applied to the motor costs confirmed two profiles, grouping those related to the dorsolateral prefrontal cortex (mental flexibility and motor programming tasks) in an independent factor. Among cognitive functions, attention is critical for gait control in Parkinson's disease and healthy elderly people. The interference posed by several executive operations suggests a specific competition in prefrontal regions that support dual tasks. Moreover, the higher cost for patients with Parkinson's disease patients emphasizes the cognitive decline and compensatory cognitive strategy for gait control related to attention and executive functions."
35442761,Minimally Detectable Change of Speech Intelligibility in Speakers With Multiple Sclerosis and Parkinson's Disease,"Stipancic KL, Tjaden K.",J Speech Lang Hear Res. 2022 May 11;65(5):1858-1866. doi: 10.1044/2022_JSLHR-21-00648. Epub 2022 Apr 20.,Stipancic KL,J Speech Lang Hear Res,2022,2022/04/20,PMC9559772,,10.1044/2022_JSLHR-21-00648,"This study sought to determine the minimally detectable change (MDC) of sentence intelligibility for speakers with multiple sclerosis (MS) and Parkinson's disease (PD).
Speakers included 78 participants consisting of 32 neurologically healthy control speakers, 30 speakers with MS, and 16 speakers with PD. All speakers were recorded reading 11 sentences comprising the Speech Intelligibility Test (SIT), which were subsequently transcribed by inexperienced listeners. Percent correct scores were calculated for each sentence. An average percent correct score was also calculated for each speaker. The MDC at the 95% confidence interval was calculated using the following formula: MDC
The average MDC
In agreement with previous work in ALS conducted under similar conditions (i.e., orthographic transcription of SIT sentences in a quiet listening environment), the MDC"
38243743,Fatigue in Parkinson's Disease: A Proteomic Study of Cerebrospinal Fluid,"Eidem LE, Birkeland E, Austdal M, Bårdsen K, Lange J, Alves G, Berven F, Nilsen MM, Herlofson K, Tysnes OB, Omdal R.",Mov Disord. 2024 Apr;39(4):749-751. doi: 10.1002/mds.29715. Epub 2024 Jan 20.,Eidem LE,Mov Disord,2024,2024/01/20,,,10.1002/mds.29715,
39997954,Ambient Air Pollution and Parkinson's Disease and Alzheimer's Disease: An Updated Meta-Analysis,"Xie C, Xia X, Wang K, Yan J, Bai L, Guo L, Li X, Wu S.",Toxics. 2025 Feb 15;13(2):139. doi: 10.3390/toxics13020139.,Xie C,Toxics,2025,2025/02/25,PMC11861764,,10.3390/toxics13020139,"Previous epidemiological evidence regarding the associations between ambient air pollution and two major neurodegenerative diseases, Alzheimer's disease (AD) and Parkinson's disease (PD), remains inconclusive.
This study aimed to evaluate the associations between long-term and short-term exposure to PM
A random-effects model was used to summarize individual effect estimates in the meta-analysis. A subgroup meta-analysis was further conducted to explore the potential sources of heterogeneity.
In total, 42 eligible studies were included. For each 5 μg/m
Ambient air pollution, particularly PM"
34758470,Prevalence of Parkinson's Disease in Adults Aged 65 Years and Older in China: A Multicenter Population-Based Survey,"Song Z, Liu S, Li X, Zhang M, Wang X, Shi Z, Ji Y.",Neuroepidemiology. 2022;56(1):50-58. doi: 10.1159/000520726. Epub 2021 Nov 10.,Song Z,Neuroepidemiology,2022,2021/11/10,,,10.1159/000520726,"Parkinson's disease (PD) is a common neurodegenerative disease. With the aging of the Chinese population, it is important to understand the prevalence of PD in the elderly.
Little data are available on the current prevalence of PD in China. The aim of this study was to determine the prevalence of PD in Chinese individuals aged 65 years and older and to analyze associated risk factors.
We performed a population-based cross-sectional survey using a multistage cluster sampling design. Residents aged 65 years and older were drawn from 11 urban districts and 10 rural counties across China. Data were entered into spreadsheets and analyzed using SPSS 24.
We identified 151 patients with PD among 8,124 residents aged 65 years and over, including 75 men and 76 women. The overall prevalence of PD in the study population was 1.86%, and the standardized prevalence of PD was 1.60%. The crude prevalence in men (2.12%) was higher than that in women (1.66%) and the standardized prevalence in urban areas (1.98%) was higher than that in rural areas (1.48%). Logistic regression analysis showed that independent risk factors for PD were older age, heavy metal or pesticide exposure, urban residence, rapid eye movement sleep behavior disorder, and heart disease.
The prevalence of PD among individuals aged 65 years and older in China has remained constant. The prevalence of PD is higher in men than in women and higher in urban areas than in rural areas."
37184848,Risk of Parkinson Disease Among Service Members at Marine Corps Base Camp Lejeune,"Goldman SM, Weaver FM, Stroupe KT, Cao L, Gonzalez B, Colletta K, Brown EG, Tanner CM.",JAMA Neurol. 2023 Jul 1;80(7):673-681. doi: 10.1001/jamaneurol.2023.1168.,Goldman SM,JAMA Neurol,2023,2023/05/15,PMC10186205,,10.1001/jamaneurol.2023.1168,"An increased risk of Parkinson disease (PD) has been associated with exposure to the solvent trichloroethylene (TCE), but data are limited. Millions of people in the US and worldwide are exposed to TCE in air, food, and water.
To test whether the risk of PD is higher in veterans who served at Marine Corps Base Camp Lejeune, whose water supply was contaminated with TCE and other volatile organic compounds (VOCs), compared with veterans who did not serve on that base.
This population-based cohort study examined the risk for PD among all Marines and Navy personnel who resided at Camp Lejeune, North Carolina (contaminated water) (n = 172 128), or Camp Pendleton, California (uncontaminated water) (n = 168 361), for at least 3 months between 1975 and 1985, with follow-up from January 1, 1997, until February 17, 2021. Veterans Health Administration and Medicare databases were searched for International Classification of Diseases diagnostic codes for PD or other forms of parkinsonism and related medications and for diagnostic codes indicative of prodromal disease. Parkinson disease diagnoses were confirmed by medical record review.
Water supplies at Camp Lejeune were contaminated with several VOCs. Levels were highest for TCE, with monthly median values greater than 70-fold the permissible amount.
Risk of PD in former residents of Camp Lejeune relative to residents of Camp Pendleton. In those without PD or another form of parkinsonism, the risk of being diagnosed with features of prodromal PD were assessed individually and cumulatively using likelihood ratio tests.
Health data were available for 158 122 veterans (46.4%). Demographic characteristics were similar between Camp Lejeune (5.3% women, 94.7% men; mean [SD] attained age of 59.64 [4.43] years; 29.7% Black, 6.0% Hispanic, 67.6% White; and 2.7% other race and ethnicity) and Camp Pendleton (3.8% women, 96.2% men; mean [SD] age, 59.80 [4.62] years; 23.4% Black, 9.4% Hispanic, 71.1% White, and 5.5% other race and ethnicity). A total of 430 veterans had PD, with 279 from Camp Lejeune (prevalence, 0.33%) and 151 from Camp Pendleton (prevalence, 0.21%). In multivariable models, Camp Lejeune veterans had a 70% higher risk of PD (odds ratio, 1.70; 95% CI, 1.39-2.07; P < .001). No excess risk was found for other forms of neurodegenerative parkinsonism. Camp Lejeune veterans also had a significantly increased risk of prodromal PD diagnoses, including tremor, anxiety, and erectile dysfunction, and higher cumulative prodromal risk scores.
The study's findings suggest that the risk of PD is higher in persons exposed to TCE and other VOCs in water 4 decades ago. Millions worldwide have been and continue to be exposed to this ubiquitous environmental contaminant."
32211390,Gait Initiation in Parkinson's Disease: Impact of Dopamine Depletion and Initial Stance Condition,"Palmisano C, Brandt G, Vissani M, Pozzi NG, Canessa A, Brumberg J, Marotta G, Volkmann J, Mazzoni A, Pezzoli G, Frigo CA, Isaias IU.",Front Bioeng Biotechnol. 2020 Mar 6;8:137. doi: 10.3389/fbioe.2020.00137. eCollection 2020.,Palmisano C,Front Bioeng Biotechnol,2020,2020/03/27,PMC7068722,,10.3389/fbioe.2020.00137,"Postural instability, in particular at gait initiation (GI), and resulting falls are a major determinant of poor quality of life in subjects with Parkinson's disease (PD). Still, the contribution of the basal ganglia and dopamine on the feedforward postural control associated with this motor task is poorly known. In addition, the influence of anthropometric measures (AM) and initial stance condition on GI has never been consistently assessed. The biomechanical resultants of anticipatory postural adjustments contributing to GI [imbalance (IMB), unloading (UNL), and stepping phase) were studied in 26 unmedicated subjects with idiopathic PD and in 27 healthy subjects. A subset of 13 patients was analyzed under standardized medication conditions and the striatal dopaminergic innervation was studied in 22 patients using FP-CIT and SPECT. People with PD showed a significant reduction in center of pressure (CoP) displacement and velocity during the IMB phase, reduced first step length and velocity, and decreased velocity and acceleration of the center of mass (CoM) at toe off of the stance foot. All these measurements correlated with the dopaminergic innervation of the putamen and substantially improved with levodopa. These results were not influenced by anthropometric parameters or by the initial stance condition. In contrast, most of the measurements of the UNL phase were influenced by the foot placement and did not correlate with putaminal dopaminergic innervation. Our results suggest a significant role of dopamine and the putamen particularly in the elaboration of the IMB phase of anticipatory postural adjustments and in the execution of the first step. The basal ganglia circuitry may contribute to defining the optimal referent body configuration for a proper initiation of gait and possibly gait adaptation to the environment."
34693879,Lower calcium levels in hair of Parkinson's disease patients are associated with presence of sleeping disturbances,"Dos Santos AB, Bezerra MA, Rocha ME, Barreto GE, Kohlmeier KA.",Nutr Neurosci. 2022 Dec;25(12):2577-2587. doi: 10.1080/1028415X.2021.1990464. Epub 2021 Oct 25.,Dos Santos AB,Nutr Neurosci,2022,2021/10/25,,,10.1080/1028415X.2021.1990464,
33467634,Analysis of Gait for Disease Stage in Patients with Parkinson's Disease,"Vila MH, Pérez R, Mollinedo I, Cancela JM.",Int J Environ Res Public Health. 2021 Jan 15;18(2):720. doi: 10.3390/ijerph18020720.,Vila MH,Int J Environ Res Public Health,2021,2021/01/20,PMC7830506,,10.3390/ijerph18020720,"Understanding the motor patterns underlying the movement of individuals with Parkinson's disease (PD) is fundamental to the effective targeting of non-pharmacological therapies. This study aimed to analyze the gait pattern in relation to the evolutionary stages I-II and III-IV according to the Hoehn and Yahr (H&Y) scale in individuals affected by PD. The study was conducted with the participation of 37 PD patients with a mean age of 70.09 ± 9.53 years, and of whom 48.64% were women. The inclusion criteria were (1) to be diagnosed with PD; (2) to be in an evolutionary stage of the disease between I and IV: and (3) to be able to walk independently and without any assistance. Kinematic and spatial-temporal parameters of the gait were analyzed. The results showed differences in speed of movement, cadence, stride length, support duration, swing duration, step width, walking cycle duration, and double support time between the stages analyzed. These results confirmed the differences in PD gait pattern between stages I-II and III-IV. Different behaviors of the same variable were recorded depending on whether the right or left side was affected by PD."
36186124,"Intestinal Permeability, Dysbiosis, Inflammation and Enteric Glia Cells: The Intestinal Etiology of Parkinson's Disease","Yang H, Li S, Le W.",Aging Dis. 2022 Oct 1;13(5):1381-1390. doi: 10.14336/AD.2022.01281. eCollection 2022 Oct 1.,Yang H,Aging Dis,2022,2022/10/03,PMC9466983,,10.14336/AD.2022.01281,"The scientific and medical communities are becoming more aware of the substantial relationship between the function of the central nervous system (CNS) and the state of the gut environment. Parkinson's disease (PD) is a neurodegenerative disorder that affects the nigrostriatal pathway in the midbrain, presenting not only motor symptoms but also various non-motor manifestations, including neuropsychiatric symptoms and gastrointestinal (GI) symptoms. Over time, our knowledge of PD has progressed from the detection of midbrain dopaminergic deficits to the identification of a multifaceted disease with a variety of central and peripheral manifestations, with increased attention to the intestinal tract. Accumulating evidence has revealed that intestinal disorders are not only the peripheral consequence of PD pathogenesis, but also the possible pathological initiator decades before it progresses to the CNS. Here, we summarized recent research findings on the involvement of the intestinal environment in PD, with an emphasis on the involvement of the intestinal barrier, microbiome and its metabolites, inflammation, and enteric glial cells."
33570475,Peptide Profile of Zebrafish Brain in a 6-OHDA-Induced Parkinson Model,"Fiametti LO, Correa CN, Castro LM.",Zebrafish. 2021 Feb;18(1):55-65. doi: 10.1089/zeb.2020.1945. Epub 2021 Feb 9.,Fiametti LO,Zebrafish,2021,2021/02/11,,,10.1089/zeb.2020.1945,"Parkinson's disease (PD) is a chronic neurodegenerative disorder mainly attributed to the progressive loss of dopaminergic neurons in the substantia nigra, which leads to uncontrolled voluntary movements causing tremors, postural instability, joint stiffness, and speech and locomotion difficulties, among other symptoms. Previous studies have shown the participation of specific peptides in neurodegenerative diseases. In this context, the present work analyzed changes in the peptide profile in zebrafish brain induced to parkinsonian conditions with 6-hydroxydopamine, using isotopic labeling techniques plus mass spectrometry. These analyses allowed the relative quantitation and identification of 118 peptides. Of these, nine peptides showed significant changes, one peptide was increased and eight decreased. The most altered sequences were fragment of cytosolic and extracellular proteins related to lipid metabolism and dynamic cytoskeleton. These results open new perspectives of study about the function of peptides in PD."
40980939,Association between the degree of Parkinson's disease progression and the oral environment,"Yamamoto A, Umemoto G, Mizutani S, Fujioka S, Tsuboi Y, Kashiwazaki H.",Neurol Neurochir Pol. 2025;59(5):487-490. doi: 10.5603/pjnns.106300. Epub 2025 Sep 22.,Yamamoto A,Neurol Neurochir Pol,2025,2025/09/22,,,10.5603/pjnns.106300,"Aim of this study was to examine the relationship between the degree of Parkinson's disease (PD) progression and the oral environment in patients with PD.
Fifty patients with PD [mean age, 64.9 ± 8.5 years old; mean Hoehn and Yahr (HY) stage, 3.2 ± 0.8] were recruited. The patients were divided into a mild/moderate group (HY stage 2-3) and a severe group (HY stage 4-5), and the oral environment was assessed using the Oral Health Assessment Tool (OHAT) score.
The OHAT scores for all participants were positively correlated with the age (rho = 0.27, p < 0.05), disease duration (rho = 0.28, p < 0.05), and MMSE score (rho = -0.28, p < 0.05). Multiple linear regression analyses showed that, among the OHAT items, ""tongue,"" ""saliva,"" and ""lips"" were associated with the age, disease duration, and MMSE, respectively (β = 0.021, p = 0.008; β = 0.027, p = 0.010; β = -1.974, p = 0.041, respectively).
The results of this study suggest the possibility of an association between the degree of PD progression, such as age and disease duration, and the deterioration of the oral environment. These results encourage specialized personnel to pay attention to the tongue and dry mouth condition, especially for older PD patients with a long disease duration."
34602498,Development of a Multidimensional Assessment Tool for the Evaluation of Holistic Quality of Life in Parkinson's Disease,"Thieken F, Timmermann L, Sohrabi K, Woopen C, Schmitz-Luhn B, Janhsen A, Eggers C.",J Parkinsons Dis. 2022;12(1):361-370. doi: 10.3233/JPD-202391.,Thieken F,J Parkinsons Dis,2022,2021/10/04,,,10.3233/JPD-202391,"Parkinsonian syndromes are heterogeneous chronic neurodegenerative disorders associated with both motor and non-motor symptoms. The symptoms have major psychosocial effects on the quality of life of patients and can be a burden for caregivers. So far, several questionnaires have been developed to assess quality of life in Parkinsonism, but none of these include the positive sides on well-being such as personal and social resilience factors.
The aim of this study is to develop a digital framework for a longitudinal assessment of quality of life during the progression of Parkinson's disease.
The CHAPO model (Challenges and Potentials) has been established in a vast study by Wagner et al. to assess the quality of life of older people. This model includes environmental and individual factors, life chances, and life results, such as individual life evaluation, from a subjective as well as an objective point of view. Therefore, it has been adapted in several development steps to include the specific aspects that affect quality of life in Parkinsonian syndromes. The development process included 6 steps: definition, refinement, operationalization, piloting/debriefing, adjustment, and integration.
The development of the CHAPO-PD model has been completed and it represents the first main result of this study.
By taking a holistic understanding of quality of life into account, we expect to detect previously unrecognized factors, which correlate to the subjective well-being of Parkinson's disease patients, and aim to use these findings to improve the health care structures for patients with Parkinson's disease and related disorders."
38052871,Population fraction of Parkinson's disease attributable to preventable risk factors,"Payami H, Cohen G, Murchison CF, Sampson TR, Standaert DG, Wallen ZD.",NPJ Parkinsons Dis. 2023 Dec 5;9(1):159. doi: 10.1038/s41531-023-00603-z.,Payami H,NPJ Parkinsons Dis,2023,2023/12/05,PMC10698155,,10.1038/s41531-023-00603-z,"Parkinson's disease is the fastest-growing neurologic disease with seemingly no means of prevention. Intrinsic risk factors (age, sex, and genetics) are inescapable, but environmental factors are not. We identified repeated blows to the head in sports/combat as a potential new risk factor. 23% of PD cases in females were attributable to pesticide/herbicide exposure, and 30% of PD in males were attributable to pesticides/herbicides, military-related chemical exposures, and repeated blows to the head, and therefore could have potentially been prevented."
38196602,Health phenome of Parkinson's patients reveals prominent mood-sleep cluster,"Olsen A, Locascio J, Tuncali I, Laroussi N, Abatzis E, Kamenskaya P, Kuras Y, Yi T, Videnovic A, Hayes M, Ho G, Paulson J, Khurana V, Herrington T, Hyman B, Selkoe D, Growdon J, Gomperts S, Riise T, Schwarzschild M, Hung A, Wills A, Scherzer C.",Res Sq [Preprint]. 2023 Dec 22:rs.3.rs-3683455. doi: 10.21203/rs.3.rs-3683455/v1.,Olsen A,Res Sq,2023,2024/01/10,PMC10775372,,10.21203/rs.3.rs-3683455/v1,"Associations between phenotypic traits, environmental exposures, and Parkinson's disease have largely been evaluated one-by-one, piecemeal, and pre-selections. A comprehensive picture of comorbidities, phenotypes, exposures, and polypharmacy characterizing the complexity and heterogeneity of real-world patients presenting to academic movement disorders clinics in the US is missing.
To portrait the complexity of features associated with patients with Parkinson's disease in a study of 933 cases and 291 controls enrolled in the Harvard Biomarkers Study.
The primary analysis evaluated 64 health features for associations with Parkinson's using logistic regression adjusting for age and sex. We adjusted for multiple testing using the false discovery rate (FDR) with £ 0.05 indicating statistical significance. Exploratory analyses examined feature correlation clusters and feature combinations.
Depression (OR = 3.11, 95% CI 2.1 to 4.71), anxiety (OR = 3.31, 95% CI 2.01-5.75), sleep apnea (OR 2.58, 95% CI 1.47-4.92), and restless leg syndrome (RLS; OR 4.12, 95% CI 1.81-12.1) were significantly more common in patients with Parkinson's than in controls adjusting for age and sex with FDR £ 0.05. The prevalence of depression, anxiety, sleep apnea, and RLS were correlated, and these diseases formed part of a larger cluster of mood traits and sleep traits linked to PD. Exposures to pesticides (OR 1.87, 95% CI 1.37-2.6), head trauma (OR 2.33, 95% CI 1.51-3.73), and smoking (OR 0.57, 95% CI 0.43-0.75) were significantly associated with the disease consistent with previous studies. Vitamin supplementation with cholecalciferol (OR 2.18, 95% CI 1.4-3.45) and coenzyme Q10 (OR 2.98, 95% CI 1.89-4.92) was more commonly used by patients than controls. Cumulatively, 43% (398 of 933) of Parkinson's patients had at least one psychiatric or sleep disorder, compared to 21% (60 of 291) of healthy controls.
43% of Parkinson's patients seen at Harvard-affiliated teaching hospitals have depression, anxiety, and disordered sleep. This syndromic cluster of mood and sleep traits may be pathophysiologically linked and clinically important."
36389219,Parkinson's disease resting tremor severity classification using machine learning with resampling techniques,"Channa A, Cramariuc O, Memon M, Popescu N, Mammone N, Ruggeri G.",Front Neurosci. 2022 Oct 28;16:955464. doi: 10.3389/fnins.2022.955464. eCollection 2022.,Channa A,Front Neurosci,2022,2022/11/17,PMC9650529,,10.3389/fnins.2022.955464,"In resting tremor, the body part is in complete repose and often dampens or subsides entirely with action. The most frequent cause of resting tremors is known as idiopathic Parkinson's disease (PD). For examination, neurologists of patients with PD include tests such as finger-to-nose tests, walking back and forth in the corridor, and the pull test. This evaluation is focused on Unified Parkinson's disease rating scale (UPDRS), which is subjective as well as based on some daily life motor activities for a limited time frame. In this study, severity analysis is performed on an imbalanced dataset of patients with PD. This is the reason why the classification of various data containing imbalanced class distribution has endured a notable drawback of the performance achievable by various standard classification learning algorithms. In this work, we used resampling techniques including under-sampling, over-sampling, and a hybrid combination. Resampling techniques are incorporated with renowned classifiers, such as XGBoost, decision tree, and K-nearest neighbors. From the results, it is concluded that the Over-sampling method performed much better than under-sampling and hybrid sampling techniques. Among the over-sampling techniques, random sampling has obtained 99% accuracy using XGBoost classifier and 98% accuracy using the decision tree. Besides, it is observed that different resampling methods performed differently with various classifiers."
40782651,Acamprosate and risk of parkinsonism,"d'Errico A, Strippoli E, Goldman SM, Blanc PD.",Parkinsonism Relat Disord. 2025 Oct;139:107986. doi: 10.1016/j.parkreldis.2025.107986. Epub 2025 Aug 7.,d'Errico A,Parkinsonism Relat Disord,2025,2025/08/09,,,10.1016/j.parkreldis.2025.107986,
40678252,"Remote AI Screening for Parkinson's Disease: A Multimodal, Cross-Setting Validation Study","Islam MS, Adnan T, Abdelkader A, Liu Z, Ma E, Park S, Azad A, Liu P, Pawlik M, Hartman E, Shelton E, Larson KB, Rahman MS, Schwartz C, Jaffe K, Adams JL, Schneider RB, Freyberg J, Dorsey ER, Hoque E.",Res Sq [Preprint]. 2025 Jun 26:rs.3.rs-6844936. doi: 10.21203/rs.3.rs-6844936/v1.,Islam MS,Res Sq,2025,2025/07/18,PMC12270200,,10.21203/rs.3.rs-6844936/v1,"PARK is a web-based artificial intelligence (AI) tool for remote screening of Parkinson's disease (PD) using video and audio recordings of speech, facial expression, and motor tasks performed via webcam. The study draws on data from 1,865 participants across diverse global demographics and recording environments, including supervised clinical settings and unsupervised home use. On three independent test sets (n=389; 188 with PD), PARK achieved strong predictive performance on classifying individuals with and without PD, with accuracy ranging from 80.2% to 80.6% and area under the receiver operating characteristic curve (AUROC) from 0.85 to 0.87. When evaluated on 30 randomly selected individuals, PARK's assessments were 83.7% accurate and showed high agreement with three movement disorder specialists. The model generalized well across age, sex, and ethnic subgroups and incorporated mechanisms to withhold uncertain predictions to support safe use in unsupervised settings. Usability studies confirmed high participant satisfaction and preference for remote screening. These findings support the potential of PARK as an accessible, scalable, and clinically aligned tool to identify individuals with PD when access to traditional healthcare settings is scarce."
34068631,Tooth Loss and Blood Pressure in Parkinson's Disease Patients: An Exploratory Study on NHANES Data,"Lyra P, Machado V, Proença L, Mendes JJ, Botelho J.",Int J Environ Res Public Health. 2021 May 10;18(9):5032. doi: 10.3390/ijerph18095032.,Lyra P,Int J Environ Res Public Health,2021,2021/06/02,PMC8126086,,10.3390/ijerph18095032,
33804349,The Impact of Depression Symptoms in Patients with Parkinson's Disease: A Novel Case-Control Investigation,"Jiménez-Cebrián AM, Becerro-de-Bengoa-Vallejo R, Losa-Iglesias ME, López-López D, Calvo-Lobo C, Palomo-López P, Romero-Morales C, Navarro-Flores E.",Int J Environ Res Public Health. 2021 Mar 1;18(5):2369. doi: 10.3390/ijerph18052369.,Jiménez-Cebrián AM,Int J Environ Res Public Health,2021,2021/04/03,PMC7967746,,10.3390/ijerph18052369,"Parkinson's disease is a common neurodegenerative disease and it is known to cause motor disturbances associated with musculoskeletal problems of the locomotor apparatus, and non-motor symptoms, that are believed to have a harmful effect on health, social functioning and mobility. The aim of this study was to evaluate depression in patients with Parkinson's Disease (PD) compared to subjects who do not have it. The sample consisted of 124 participants (mean age 69.18 ± 9.12). Patients with PD were recruited from a center of excellence for Parkinson's disease (cases "
36253999,Dietary β-carotene and vitamin A and risk of Parkinson disease: A protocol for systematic review and meta-analysis,"Wu LY, Chen JX, Chen GS, Gao H, Huo JH, Pang YF, Gao QH.",Medicine (Baltimore). 2022 Oct 14;101(41):e31002. doi: 10.1097/MD.0000000000031002.,Wu LY,Medicine (Baltimore),2022,2022/10/18,PMC9575799,,10.1097/MD.0000000000031002,"The beneficial effects of dietary β-carotene and vitamin A on Parkinson disease (PD) have been confirmed, but some studies have yielded questionable results. Therefore, this meta-analysis investigated the effect of dietary β-carotene and vitamin A on the risk of PD.
The following databases were searched for relevant paper: PubMed, Embase, Medline, Scopus, Cochrane Library, CNKI, Wanfang Med online, and Weipu databases for the relevant paper from 1990 to March 28, 2022. The studies included were as follows: β-carotene and vitamin A intake was measured using scientifically recognized approaches, such as food frequency questionnaire (FFQ); evaluation of odds ratios using OR, RR, or HR; β-carotene and vitamin A intake for three or more quantitative categories; and PD diagnosed by a neurologist or hospital records.
This study included 11 studies (four cohort studies, six case-control studies, and one cross-sectional study). The high β-carotene intake was associated with a significantly lower chance of developing PD than low β-carotene intake (pooled OR = 0.83, 95%CI = 0.74-0.94). Whereas the risk of advancement of PD was not significantly distinctive among the highest and lowest vitamin A intake (pooled OR = 1.08, 95%CI = 0.91-1.29).
Dietary β-carotene intake may have a protective effect against PD, whereas dietary vitamin A does not appear to have the same effect. More relevant studies are needed to include into meta-analysis in the further, as the recall bias and selection bias in retrospective and cross-sectional studies cause misclassifications in the assessment of nutrient intake."
35329176,Association between Residential Greenness and Incidence of Parkinson's Disease: A Population-Based Cohort Study in South Korea,"Jung J, Park JY, Myung W, Lee JY, Ko H, Lee H.",Int J Environ Res Public Health. 2022 Mar 15;19(6):3491. doi: 10.3390/ijerph19063491.,Jung J,Int J Environ Res Public Health,2022,2022/03/25,PMC8951185,,10.3390/ijerph19063491,"It is widely known that exposure to residential greenness is beneficial for health. However, few studies have analyzed the association between greenery and Parkinson's disease (PD). We selected 313,355 participants who matched the inclusion criteria from the National Health Insurance Service-National Sample Cohort, followed up from 2007 to 2015. Residential greenness, represented by the normalized difference vegetation index (NDVI), was obtained from satellite measurements. We estimated hazard ratios of PD associated with a 0.1-unit increase in long-term greenness exposure at the district level for the previous 1 year of each year until a censoring/event occurred, using time-varying Cox proportional hazard models, adjusted for individual- and area-level characteristics. During the 2,745,389 person-years of follow-up, 2621(0.8%) participants developed PD. Exposure to higher levels of residential greenness was found to be associated with a decreased risk of PD incidence (21% per 0.1-unit increase, 95% confidence interval (CI): 0.74-0.84). In subgroup analyses, stronger protective effects were observed in participants aged over 50 years, females, overweight/obese participants, non-urban residents, non-smokers, alcoholics, and those with comorbidities. Long-term exposure to greenness was beneficial to incident PD, and our findings could aid in the development of public-health strategies."
34204597,Acid Precipitation and the Prevalence of Parkinson's Disease: An Ecologic Study in U.S. States,"Schwartz GG, Williamson MR.",Brain Sci. 2021 Jun 12;11(6):779. doi: 10.3390/brainsci11060779.,Schwartz GG,Brain Sci,2021,2021/07/02,PMC8231258,,10.3390/brainsci11060779,"Although the etiology of Parkinson's disease (PD) is unknown, potentially informative clues lie in its geographic distribution. PD prevalence rates within the U.S. are significantly higher in the Midwest and Northeast, a pattern that resembles the geographic distribution of acid precipitation (""acid rain""). Using linear and multivariable regression, we examined state-wide data on PD prevalence in relation to environmental factors including total precipitation, the acidity of precipitation, the use of well water, and industrial releases of sulfuric acid. In multivariate analyses, age-, race-, and gender-adjusted prevalence rates for PD were inversely correlated with well water use and positively correlated with industrial releases of sulfuric acid and with the quantity of acid precipitation ("
35777740,Association between care rehabilitation and the risk of fracture hospitalization in people with Parkinson's disease,"Liu N, Babazono A, Ishihara R, Li Y, Jamal A, Kim SA, Matsuda S.",Geriatr Gerontol Int. 2022 Aug;22(8):628-634. doi: 10.1111/ggi.14428. Epub 2022 Jul 1.,Liu N,Geriatr Gerontol Int,2022,2022/07/01,,,10.1111/ggi.14428,"This study examined whether there is an association between continuous care rehabilitation (CR) and the risk of fracture hospitalization among people with Parkinson's disease (PwP) aged >75 years with mild-to-moderate care needs level.
A retrospective study design based on the merging of medical claims and long-term care insurance claims data was used. Before propensity score matching, of the 2177 participants, 222 received continuous CR, whereas 1955 did not. After matching using a 1:4 ratio, we identified 222 patients in the CR group and 888 patients in the non-CR groups. We carried out a survival analysis to clarify the association between CR and the risk of fracture hospitalization.
After matching, there was a significant difference between the CR and non-CR groups in 3 years (stratified log-rank test by age P = 0.036) and in 4 years (stratified log-rank test by age P = 0.011). The CR group was significantly associated with delays of hospital admission due to fracture within 3 years (hazard ratio 0.54; 95% confidence interval 0.29-0.99; P = 0.047) and within 4 years (hazard ratio 0.52; 95% confidence interval 0.30-0.88; P = 0.010).
Our study showed that older people with Parkinson's disease who continuously received CR had a lower risk of fracture hospitalization in 3 and 4 years than those who did not receive CR or received interrupted CR. Considering our participants with a mild-to-moderate care needs level, a sustainable CR service might benefit people with Parkinson's disease from an early time when their activities of daily living are still intact and cognitive function has not deteriorated. Geriatr Gerontol Int 2022; 22: 628-634."
31786292,Associations between long-term exposure to ambient air pollution and Parkinson's disease prevalence: A cross-sectional study,"Salimi F, Hanigan I, Jalaludin B, Guo Y, Rolfe M, Heyworth JS, Cowie CT, Knibbs LD, Cope M, Marks GB, Morgan GG.",Neurochem Int. 2020 Feb;133:104615. doi: 10.1016/j.neuint.2019.104615. Epub 2019 Nov 29.,Salimi F,Neurochem Int,2020,2019/12/02,,,10.1016/j.neuint.2019.104615,"Epidemiological studies have reported contradictory results regarding the effects of ambient air pollution on Parkinson's disease (PD). This study investigated the associations between long-term exposure to particulate matter <2.5 μm in diameter (PM
We conducted a cross-sectional analysis of long-term exposure to PM
Among the 236,390 participants with complete data, 1,428 (0.6%) reported physician-diagnosed PD. Annual mean PM
Overall, we found limited evidence of associations between long-term exposure to NO"
32318261,Proactive and Integrated Management and Empowerment in Parkinson's Disease: Designing a New Model of Care,"Tenison E, Smink A, Redwood S, Darweesh S, Cottle H, van Halteren A, van den Haak P, Hamlin R, Ypinga J, Bloem BR, Ben-Shlomo Y, Munneke M, Henderson E.",Parkinsons Dis. 2020 Mar 30;2020:8673087. doi: 10.1155/2020/8673087. eCollection 2020.,Tenison E,Parkinsons Dis,2020,2020/04/23,PMC7149455,,10.1155/2020/8673087,"Parkinson's disease is the second most common neurodegenerative condition after Alzheimer's disease. The number of patients will rise dramatically due to ageing of the population and possibly also due to environmental issues. It is widely recognised that the current models of care for people with Parkinson's disease or a form of atypical parkinsonism lack continuity, are reactive to problems rather than proactive, and do not adequately support individuals to self-manage. Integrated models of care have been developed for other chronic conditions, with a range of positive effects. A multidisciplinary team of professionals in the United Kingdom and the Netherlands, all with a long history of caring for patients with movement disorders, used knowledge of deficiencies with the current model of care, an understanding of integrated care in chronic disease and the process of logic modelling, to develop a novel approach to the care of patients with Parkinson's disease. We propose a new model, termed PRIME Parkinson (Proactive and Integrated Management and Empowerment in Parkinson's Disease), which is designed to manage problems proactively, deliver integrated, multidisciplinary care, and empower patients and their carers. It has five main components: (1) personalised care management, (2) education and empowerment of patients and carers, (3) empowerment of healthcare professionals, (4) a population health approach, and (5) support of the previous four components by patient- and professional-friendly technology. Having mapped the processes required for the success of this initiative, there is now a requirement to assess its effect on health-related and quality of life outcomes as well as determining its cost-effectiveness. In the next phase of the project, we will implement PRIME Parkinson in selected areas of the United Kingdom and the Netherlands."
39855059,Cropland associated with risk of Parkinson's disease in the northern Great Plains,"Krzyzanowski B, Beyene KM, Nielsen SS, Killion JA, Racette BA.",Parkinsonism Relat Disord. 2025 Mar;132:107288. doi: 10.1016/j.parkreldis.2025.107288. Epub 2025 Jan 14.,Krzyzanowski B,Parkinsonism Relat Disord,2025,2025/01/24,,,10.1016/j.parkreldis.2025.107288,"We sought to identify regional associations between cropland density and crop types and PD in the U.S.
We conducted a population-based study of 21,639,190 Medicare beneficiaries, 89,790 with incident PD in 2009. We used county-level geographic weighted regression (GWR) to identify region(s) of the U.S. where the association between PD RR and cropland density was strongest. In a broad region identified by GWR in which cropland density was associated with PD, we performed logistic regression using individual-level beneficiary data (2733 cases and 805,984 non-cases) with high-resolution cropland density data. We adjusted for age, sex, race, smoking, healthcare utilization, and PM
GWR identified a 9-state region in the Great Plains in which county-level cropland density and PD RR were associated. Within this region, the strongest GWR coefficients centered around the Williston Basin. High-resolution analysis demonstrated an association between cropland density within a 5-mile radius of residential zip+4 and PD. When comparing the highest to lowest quartile of cropland density, the odds ratio (OR) for PD was 1.14 (95 % confidence interval [CI] 1.01-1.27) in the 9-state region and 1.99 (95 % CI 1.09-3.61) in the Williston Basin. In the Williston Basin, percentage of sunflowers, winter wheat, and alfalfa within 5 miles of a beneficiary's zip+4 was associated with PD.
We identified a region-specific association between cropland and crop type and PD in the Williston Basin."
35005616,Automatic Speech Recognition in Noise for Parkinson's Disease: A Pilot Study,"Goudarzi A, Moya-Galé G.",Front Artif Intell. 2021 Dec 22;4:809321. doi: 10.3389/frai.2021.809321. eCollection 2021.,Goudarzi A,Front Artif Intell,2021,2022/01/10,PMC8727902,,10.3389/frai.2021.809321,"The sophistication of artificial intelligence (AI) technologies has significantly advanced in the past decade. However, the observed unpredictability and variability of AI behavior in noisy signals is still underexplored and represents a challenge when trying to generalize AI behavior to real-life environments, especially for people with a speech disorder, who already experience reduced speech intelligibility. In the context of developing assistive technology for people with Parkinson's disease using automatic speech recognition (ASR), this pilot study reports on the performance of Google Cloud speech-to-text technology with dysarthric and healthy speech in the presence of multi-talker babble noise at different intensity levels. Despite sensitivities and shortcomings, it is possible to control the performance of these systems with current tools in order to measure speech intelligibility in real-life conditions."
32399169,Long-Term Use of Antibiotics and Risk of Parkinson's Disease in the Nurses' Health Study,"Palacios N, O'Reilly ÉJ, Schwarzschild MA, Ascherio A.",Parkinsons Dis. 2020 Jan 20;2020:4038375. doi: 10.1155/2020/4038375. eCollection 2020.,Palacios N,Parkinsons Dis,2020,2020/05/14,PMC7201469,,10.1155/2020/4038375,"Antibiotic use is one of the strongest environmental predictors of an altered and less diverse gut microbiome, which has been linked to Parkinson's disease. To our knowledge, no prior study has examined the association between long-term antibiotic use and Parkinson's disease.
We conducted a prospective study of 59,637 women in the Nurses' Health Study who reported total duration of antibiotic use at ages 20-39, 40-59, 60 +, or during the past 4 years. We used Cox Proportional Hazard regression to estimate hazard ratios and 95% confidence intervals for the association between categories of antibiotic use and risk of PD.
One hundred and eighty cases of PD were confirmed during the follow-up. Self-reported antibiotic use at ages 20-39, 40-59, and 60 +, as assessed in 2004, was not significantly associated with PD risk in our cohort. The hazard ratio comparing participants who used antibiotics for 2 or more months vs. 1-14 days at age 20-39 was 0.98 (95% CI: 0.54, 1.78), at age 40-59 was 1.44 (95% CI: 0.88, 2.33), and at age 60 +was 0.88 (95% CI: 0.53, 1.47). Antibiotic use during the past four years, as assessed in 2008, was also not associated with future risk of PD (HR: 1.14, 95% CI: 0.62, 2.10).
In this cohort study, we did not observe a significant association between antibiotic use and incidence PD. A major limitation of our study is assessment of exposure, which required many participants to recall their antibiotic use decades in the past. Thus, although the results of this study do not support an effect of antibiotic use on PD risk, larger investigations relying on records of antibiotic prescriptions would provide more definitive evidence."
35440140,Living in a rural area: a potential risk factor for falls in people with Parkinson disease,"Zheng XX, Wu L, Yang C, Yang HT, Ding XL.",Rural Remote Health. 2022 Apr;22(2):7096. doi: 10.22605/RRH7096. Epub 2022 Apr 20.,Zheng XX,Rural Remote Health,2022,2022/04/20,,,10.22605/RRH7096,"Falls are prevalent in patients with Parkinson disease (PD). Previous work focused on the impact of motor and non-motor symptoms on falls and ignored the impact of environmental factors, such as residence, economic level, and nursing status. The aim of this study was to investigate the prevalence and risk factors of falls in patients with PD and explore the impact of residence on falls.
A cross-sectional study of 100 patients with PD was carried out. Patients were recruited from Anhui Provincial Hospital (Hefei, Anhui province, China) between July 2017 and December 2020. Participants were grouped based on whether they had fallen in the previous 3 months, and demographic information was collected through detailed interviews. In addition, severity of motor symptoms, cognitive function, and self-care abilities were assessed with the Unified Parkinson's Disease Rating Scale part III (UPDRS-III), the Hoehn-Yahr (H&Y) scale, the Mini-Mental State Examination (MMSE), and the Barthel Index. The results were analyzed using student t-test, Mann-Whitney U-test, χ2 test and multivariate binary logistic regression analyses.
A total of 42% of the patients had fallen in the previous 3 months. The patients who had fallen were older and with a longer disease period, a higher UPDRS-III score, a higher H&Y stage, a lower MMSE score, and a lower Barthel Index score (all p<0.05). According to the logistic regression analysis, living in a rural area (odds ratio (OR)=3.34, 95% confidence interval (CI) 1.15-9.65), MMSE<24 (OR=4.79, 95%CI 1.17-19.65), having sleep disorders (OR=4.97, 95%CI 1.74-14.2), and having a high UPDRS-III score (OR=1.07, 95%CI 1.02-1.11) were independent risk factors for falls. The incidence of falls was higher in rural areas. Urban and rural patients showed different levels of disease severity; rural patients had higher H&Y stages, higher UPDRS-III scores and lower Barthel Index scores.
Falls are caused by a variety of factors in people with PD. Multidimensional factors should be considered comprehensively to develop a personalized plan to prevent falls in PD patients."
39444804,Neural effects of multisensory dance training in Parkinson's disease: evidence from a longitudinal neuroimaging single case study,"Simon JR, Bek J, Ghanai K, Bearss KA, Barnstaple RE, Bar RJ, DeSouza JFX.",Front Aging Neurosci. 2024 Oct 9;16:1398871. doi: 10.3389/fnagi.2024.1398871. eCollection 2024.,Simon JR,Front Aging Neurosci,2024,2024/10/24,PMC11496053,,10.3389/fnagi.2024.1398871,"Dance is associated with beneficial outcomes in motor and non-motor domains in Parkinson's disease (PD) and regular participation may help delay symptom progression in mild PD. However, little is known about the neurobiological mechanisms of dance interventions for PD. The present case study explored potential neuroplastic changes in a 69-year-old male with mild PD participating in regular dance classes over 29 weeks. Functional MRI was performed at four timepoints (pre-training, 11 weeks, 18 weeks, 29 weeks), where the individual imagined a dance choreography while listening to the corresponding music. Neural activity was compared between dance-imagery and fixation blocks at each timepoint. Analysis of functionally defined regions revealed significant blood-oxygen-level-dependent (BOLD) signal activation in the supplementary motor area, right and left superior temporal gyri and left and right insula, with modulation of these regions observed over the training period except for the left insula. The results suggest the potential for dance to induce neuroplastic changes in people with PD in regions associated with motor planning and learning, auditory processing, rhythm, emotion, and multisensory integration. The findings are consistent with dance being a multimodal therapeutic activity that could provide long-term benefits for people with PD."
40722330,"Prediction of Parkinson Disease Using Long-Term, Short-Term Acoustic Features Based on Machine Learning","Rashidi M, Arima S, Stetco AC, Coppola C, Musarò D, Greco M, Damato M, My F, Lupo A, Lorenzo M, Danieli A, Maruccio G, Argentiero A, Buccoliero A, Donzella MD, Maffia M.",Brain Sci. 2025 Jul 10;15(7):739. doi: 10.3390/brainsci15070739.,Rashidi M,Brain Sci,2025,2025/07/29,PMC12294038,,10.3390/brainsci15070739,
37425329,"The impact of loneliness on quality of life in people with Parkinson's disease: results from the Survey of Health, Ageing and Retirement in Europe","Prell T, Schönenberg A, Heimrich KG.",Front Med (Lausanne). 2023 Jun 23;10:1183289. doi: 10.3389/fmed.2023.1183289. eCollection 2023.,Prell T,Front Med (Lausanne),2023,2023/07/10,PMC10326722,,10.3389/fmed.2023.1183289,"Loneliness is a growing issue for public health in an aging society. However, there is a lack of research on loneliness in people with Parkinson's disease (PwPD).
We analyzed cross-sectional and longitudinal data from wave 5 (
Depending on the used cut-off, the prevalence of loneliness in PwPD ranged from 24.1 to 53.8%. These prevalences were higher compared to people without PD. Loneliness was mainly linked to decreased functional abilities, weaker grip strength, more symptoms of depression, and country of residence. Loneliness was also associated with current QoL and predicts future QoL in PwPD, highlighting its impact on well-being.
Addressing loneliness could potentially improve QoL for PwPD, making it a modifiable risk factor that clinicians and policy-makers should consider."
37927278,Why the Gut Microbiome Must Be Considered When Evaluating the Impact of Pesticides on Parkinson's Disease Risk,"Ré DB, Rideout HJ.",J Parkinsons Dis. 2023;13(7):1077-1078. doi: 10.3233/JPD-239004.,Ré DB,J Parkinsons Dis,2023,2023/11/06,PMC10657661,,10.3233/JPD-239004,
33396272,Association between Cardiac Autonomic Control and Postural Control in Patients with Parkinson's Disease,"Espinoza-Valdés Y, Córdova-Arellano R, Espinoza-Espinoza M, Méndez-Alfaro D, Bustamante-Aguirre JP, Maureira-Pareja HA, Zamunér AR.",Int J Environ Res Public Health. 2020 Dec 31;18(1):249. doi: 10.3390/ijerph18010249.,Espinoza-Valdés Y,Int J Environ Res Public Health,2020,2021/01/05,PMC7796175,,10.3390/ijerph18010249,"Parkinson's disease (PD) is a neurodegenerative disorder that affects postural and cardiac autonomic control. However, since it is unknown whether these changes are associated, the objective of this study was to determine whether such a relationship exists. Twenty-three patients with PD participated. The RR intervals were recorded in different positions and heart rate variability (HRV) was analyzed. Postural sway was analyzed based on the center of pressure. No significant differences on HRV indices were induced by postural change. A correlation was found between these indices and postural control, high frequency (HF), and anterior-posterior (AP) root mean square (RMS-AP) ("
41455163,Ultrasound for the assessment of muscle architecture in Parkinson's disease: A scoping review,"Behraznia M, Ditroilo M, Smith T.",Clin Biomech (Bristol). 2026 Feb;132:106733. doi: 10.1016/j.clinbiomech.2025.106733. Epub 2025 Dec 19.,Behraznia M,Clin Biomech (Bristol),2026,2025/12/27,,,10.1016/j.clinbiomech.2025.106733,"Parkinson's disease (PD) affects motor function and muscle performance, which are closely linked to muscle architecture (MA). Ultrasound (US) provides a non-invasive method to assess MA, yet its application in PD remains underexplored. This review aimed to map and synthesise existing research on US assessment of MA in individuals with PD to clarify how US imaging methodologies contribute to understanding muscle structure and function in this population.
This scoping review was conducted following established guidelines and searching these databases: Scopus, PubMed, Web of Science Core Collection, MEDLINE and CINAHL Ultimate.
Of the 913 records identified, 20 studies met the inclusion criteria. Research varied in design, US measurement methodology, and measurement and reporting approaches. The synthesis revealed that while MA at rest was largely preserved in PD with notable exceptions, muscle fascicle responsiveness during contraction was significantly impaired, potentially due to rigidity. MA differences were associated with PD clinical manifestations (i.e., bradykinesia and rigidity) and reduced functional performance. PD-related comorbidities including sarcopenia, camptocormia, and dysphagia were found to further affect MA, exacerbating muscle degradation and remodelling. Exercise was found to alter the structural characteristics of MA, suggesting beneficial adaptive potential.
Despite consistent evidence of altered MA and muscle responsiveness in PD, methodological heterogeneity and small samples limit firm conclusions. Standardised US protocols and longitudinal studies are needed to clarify the relationship between MA, functional performance, and PD clinical features, and to evaluate the effects of exercise and rehabilitation on muscle structure and strength."
35856921,Small Extracellular Vesicles Secreted by Nigrostriatal Astrocytes Rescue Cell Death and Preserve Mitochondrial Function in Parkinson's Disease,"Leggio L, L'Episcopo F, Magrì A, Ulloa-Navas MJ, Paternò G, Vivarelli S, Bastos CAP, Tirolo C, Testa N, Caniglia S, Risiglione P, Pappalardo F, Serra A, García-Tárraga P, Faria N, Powell JJ, Peruzzotti-Jametti L, Pluchino S, García-Verdugo JM, Messina A, Marchetti B, Iraci N.",Adv Healthc Mater. 2022 Oct;11(20):e2201203. doi: 10.1002/adhm.202201203. Epub 2022 Aug 15.,Leggio L,Adv Healthc Mater,2022,2022/07/20,PMC11468249,,10.1002/adhm.202201203,"Extracellular vesicles (EVs) are emerging as powerful players in cell-to-cell communication both in healthy and diseased brain. In Parkinson's disease (PD)-characterized by selective dopaminergic neuron death in ventral midbrain (VMB) and degeneration of their terminals in striatum (STR)-astrocytes exert dual harmful/protective functions, with mechanisms not fully elucidated. Here, this study shows that astrocytes from the VMB-, STR-, and VMB/STR-depleted brains release a population of small EVs  in a region-specific manner. Interestingly, VMB-astrocytes secreted the highest rate of EVs, which is further exclusively increased in response to CCL3, a chemokine that promotes robust dopaminergic neuroprotection in different PD models. The neuroprotective potential of nigrostriatal astrocyte-EVs is investigated in differentiated versus undifferentiated SH-SY5Y cells exposed to oxidative stress and mitochondrial toxicity. EVs from both VMB- and STR-astrocytes counteract H"
36395336,A neurocomputational theory of action regulation predicts motor behavior in neurotypical individuals and patients with Parkinson's disease,"Zhong S, Choi JW, Hashoush NG, Babayan D, Malekmohammadi M, Pouratian N, Christopoulos V.",PLoS Comput Biol. 2022 Nov 17;18(11):e1010111. doi: 10.1371/journal.pcbi.1010111. eCollection 2022 Nov.,Zhong S,PLoS Comput Biol,2022,2022/11/17,PMC9714880,,10.1371/journal.pcbi.1010111,"Surviving in an uncertain environment requires not only the ability to select the best action, but also the flexibility to withhold inappropriate actions when the environmental conditions change. Although selecting and withholding actions have been extensively studied in both human and animals, there is still lack of consensus on the mechanism underlying these action regulation functions, and more importantly, how they inter-relate. A critical gap impeding progress is the lack of a computational theory that will integrate the mechanisms of action regulation into a unified framework. The current study aims to advance our understanding by developing a neurodynamical computational theory that models the mechanism of action regulation that involves suppressing responses, and predicts how disruption of this mechanism can lead to motor deficits in Parkinson's disease (PD) patients. We tested the model predictions in neurotypical individuals and PD patients in three behavioral tasks that involve free action selection between two opposed directions, action selection in the presence of conflicting information and abandoning an ongoing action when a stop signal is presented. Our results and theory suggest an integrated mechanism of action regulation that affects both action initiation and inhibition. When this mechanism is disrupted, motor behavior is affected, leading to longer reaction times and higher error rates in action inhibition."
33476876,Geospatial analysis of individual-based Parkinson's disease data supports a link with air pollution: A case-control study,"Fleury V, Himsl R, Joost S, Nicastro N, Bereau M, Guessous I, Burkhard PR.",Parkinsonism Relat Disord. 2021 Feb;83:41-48. doi: 10.1016/j.parkreldis.2020.12.013. Epub 2021 Jan 12.,Fleury V,Parkinsonism Relat Disord,2021,2021/01/21,,,10.1016/j.parkreldis.2020.12.013,"The etiology of Parkinson's disease (PD) remains unknown. To approach the issue of PD's risk factors from a new perspective, we hypothesized that coupling the geographic distribution of PD with spatial statistics may provide new insights into environmental epidemiology research. The aim of this case-control study was to examine the spatial dependence of PD prevalence in the Canton of Geneva, Switzerland (population = 474,211).
PD cases were identified through Geneva University Hospitals, private neurologists and nursing homes medical records (n = 1115). Controls derived from a population-based study (n = 12,614) and a comprehensive population census dataset (n = 237,771). All individuals were geographically localized based on their place of residence. Spatial Getis-Ord Gi* statistics were used to identify clusters of high versus low disease prevalence. Confounder-adjustment was performed for age, sex, nationality and income. Tukey's honestly significant difference was used to determine whether nitrogen dioxide and particulate matters PM
Confounder-adjustment greatly reduced greatly the spatial association. Characteristics of the geographic space influenced PD prevalence in 6% of patients. PD hotspots were concentrated in the urban centre. There was a significant difference in mean annual nitrogen dioxide and PM
PD prevalence exhibited a spatial dependence for a small but significant proportion of patients. A positive association was detected between PD clusters and air pollution. Our data emphasize the multifactorial nature of PD and support a link between PD and air pollution."
33337294,"Effects of domotics on cognitive, social and personal functioning in patients with Parkinson's disease: A pilot study","Latella D, Maggio MG, Maresca G, Andaloro A, Anchesi S, Pajno V, De Luca R, Di Lorenzo G, Manuli A, Calabrò RS.",Assist Technol. 2022 Jul 4;34(4):423-428. doi: 10.1080/10400435.2020.1846095. Epub 2021 Apr 6.,Latella D,Assist Technol,2022,2020/12/18,,,10.1080/10400435.2020.1846095,"Home automation (HA) is either a ""smart"" house or a supportive environment, which enables the patients to regain an active role in daily life. HA could allow people affected by Parkinson Disease (PD) to better manage their daily lives. This study aims to evaluate the effects of domotics on quality of life, and personal/social autonomy in PD patients. We enrolled 40 with PD undergoing neurorehabilitation, who were randomized into either the control (CG) or the experimental group (EG). Two different rehabilitative approaches were used: the CG was submitted to a traditional training, whilst the EG underwent HA training, in which the activities were carried out through the use of assistive technologies. In both the training, the exercises were performed in small samples of 3-5 patients. Results showed that both CG and EG had a significant improvement in global cognitive functioning, executive functions, and instrumental autonomy. However, only in the EG, we observed a significant increase in social adaptation, activities of daily living and quality of life. This pilot study suggests that HA training could be a useful tool for the rehabilitation of patients with PD, improving social and cognitive functioning, personal autonomy and quality of life."
38887056,Association Between Exposure to Particulate Matter and the Incidence of Parkinson's Disease: A Nationwide Cohort Study in Taiwan,"Chen TB, Liang CS, Chang CM, Yang CC, Yu HL, Wu YS, Huang WJ, Tsai IJ, Yan YH, Wei CY, Yang CP.",J Mov Disord. 2024 Jul;17(3):313-321. doi: 10.14802/jmd.24003. Epub 2024 Jun 18.,Chen TB,J Mov Disord,2024,2024/06/18,PMC11300401,,10.14802/jmd.24003,"Emerging evidence suggests that air pollution exposure may increase the risk of Parkinson's disease (PD). We aimed to investigate the association between exposure to fine particulate matter (PM2.5) and the risk of incident PD nationwide.
We utilized data from the Taiwan National Health Insurance Research Database, which is spatiotemporally linked with air quality data from the Taiwan Environmental Protection Administration website. The study population consisted of participants who were followed from the index date (January 1, 2005) until the occurrence of PD or the end of the study period (December 31, 2017). Participants who were diagnosed with PD before the index date were excluded. To evaluate the association between exposure to PM2.5 and incident PD risk, we employed Cox regression to estimate the hazard ratio and 95% confidence interval (CI).
A total of 454,583 participants were included, with a mean (standard deviation) age of 63.1 (9.9) years and a male proportion of 50%. Over a mean follow-up period of 11.1 (3.6) years, 4% of the participants (n = 18,862) developed PD. We observed a significant positive association between PM2.5 exposure and the risk of PD, with a hazard ratio of 1.22 (95% CI, 1.20-1.23) per interquartile range increase in exposure (10.17 μg/m3) when adjusting for both SO2 and NO2.
We provide further evidence of an association between PM2.5 exposure and the risk of PD. These findings underscore the urgent need for public health policies aimed at reducing ambient air pollution and its potential impact on PD."
40610462,Beta-adrenoceptor drugs and progression to Parkinson's disease milestones in a large pooled incident cohort,"Wijeyekoon RS, Camacho M, Bäckström D, Forsgren L, Lawson RA, Yarnall AJ, Macleod AD, Counsell CE, Tysnes OB, Alves G, Maple-Grødem J, Barker RA, Williams-Gray CH; Parkinson’s Incidence Cohorts Collaboration.",NPJ Parkinsons Dis. 2025 Jul 3;11(1):198. doi: 10.1038/s41531-025-01014-y.,Wijeyekoon RS,NPJ Parkinsons Dis,2025,2025/07/03,PMC12229619,,10.1038/s41531-025-01014-y,"Beta-adrenoceptor-blockers and agonists have been associated with an increased and decreased risk of Parkinson's disease (PD), respectively. We aimed to investigate whether these medications are linked to clinical heterogeneity and progression in PD. Longitudinal data from the Parkinson's Incident Cohorts Collaboration (n = 1107) were analysed. Baseline clinical status and progression to Hoehn & Yahr stage 3 (H&Y3) or dementia were compared in beta-blocker or beta-agonist users versus non-users of each drug. Baseline motor and cognitive variables were similar in beta-blocker users (n = 195) versus non-users and beta-agonist users (n = 68) versus non-users, following adjustment for relevant confounders. Beta-blocker users (n = 156) progressed faster to H&Y3 (p = 0.002), accounting for relevant confounders (Hazard Ratio (HR) = 1.538; p = 0.011), while beta-agonist users (n = 54) progressed similarly to non-users. Neither drug was associated with progression to dementia. These findings support the possibility that beta-adrenoceptor drugs may have potential in modifying aspects of PD progression. Further investigation is essential to identify any causative component in the relationship."
32539544,Acoustic characteristics in relation to intelligibility reduction in noise for speakers with Parkinson's disease,"Chiu Y, Neel A, Loux T.",Clin Linguist Phon. 2021 Mar 4;35(3):222-236. doi: 10.1080/02699206.2020.1777585. Epub 2020 Jun 15.,Chiu Y,Clin Linguist Phon,2021,2020/06/17,,,10.1080/02699206.2020.1777585,"Decreased speech intelligibility in noisy environments is frequently observed in speakers with Parkinson's disease (PD). This study investigated which acoustic characteristics across the speech subsystems contributed to poor intelligibility in noise for speakers with PD. Speech samples were obtained from 13 speakers with PD and five healthy controls reading 56 sentences. Intelligibility analysis was conducted in quiet and noisy listening conditions. Seventy-two young listeners transcribed the recorded sentences in quiet and another 72 listeners transcribed in noise. The acoustic characteristics of the speakers with PD who experienced large intelligibility reduction from quiet to noise were compared to those with smaller intelligibility reduction in noise and healthy controls. The acoustic measures in the study included second formant transitions, cepstral and spectral measures of voice (cepstral peak prominence and low/high spectral ratio), pitch variation, and articulation rate to represent speech components across speech subsystems of articulation, phonation, and prosody. The results show that speakers with PD who had larger intelligibility reduction in noise exhibited decreased second formant transition, limited cepstral and spectral variations, and faster articulation rate. These findings suggest that the adverse effect of noise on speech intelligibility in PD is related to speech changes in the articulatory and phonatory systems."
37294324,Risk and protective factors in Parkinson's disease: a simultaneous and prospective study with classical statistical and novel machine learning models,"Gialluisi A, De Bartolo MI, Costanzo S, Belvisi D, Falciglia S, Ricci M, Di Castelnuovo A, Panzera T, Donati MB, Fabbrini G, de Gaetano G, Berardelli A, Iacoviello L.",J Neurol. 2023 Sep;270(9):4487-4497. doi: 10.1007/s00415-023-11803-1. Epub 2023 Jun 9.,Gialluisi A,J Neurol,2023,2023/06/09,,,10.1007/s00415-023-11803-1,"Several environmental/lifestyle factors have been individually investigated in previous Parkinson's disease (PD) studies with controversial results. No study has prospectively and simultaneously investigated potential risk/protective factors of PD using both classical statistical and novel machine learning analyses. The latter may reveal more complex associations and new factors that are undetected by merely linear models. To fill this gap, we simultaneously investigated potential risk/protective factors involved in PD in a large prospective population study using both approaches.
Participants in the Moli-sani study were enrolled between 2005 and 2010 and followed up until December 2018. Incident PD cases were identified by individual-level record linkage to regional hospital discharge forms, the Italian death registry, and the regional prescription register. Exposure to potential risk/protective factors was assessed at baseline. Multivariable Cox Proportional Hazards (PH) regression models and survival random forests (SRF) were built to identify the most influential factors.
We identified 213 incident PD cases out of 23,901 subjects. Cox PH models revealed that age, sex, dysthyroidism and diabetes were associated with an increased risk of PD. Both hyper and hypothyroidism were independently associated with PD risk. SRF showed that age was the most influential factor in PD risk, followed by coffee intake, daily physical activity, and hypertension.
This study sheds light on the role of dysthyroidism, diabetes and hypertension in PD onset, characterized to date by an uncertain relationship with PD, and also confirms the relevance of most factors (age, sex, coffee intake, daily physical activity) reportedly shown be associated with PD. Further methodological developments in SRF models will allow to untangle the nature of the potential non-linear relationships identified."
35270499,Bone Quality in Patients with Parkinson's Disease Determined by Quantitative Ultrasound (QUS) of the Calcaneus: Influence of Sex Differences,"Caplliure-Llopis J, Escrivá D, Navarro-Illana E, Benlloch M, de la Rubia Ortí JE, Barrios C.",Int J Environ Res Public Health. 2022 Feb 28;19(5):2804. doi: 10.3390/ijerph19052804.,Caplliure-Llopis J,Int J Environ Res Public Health,2022,2022/03/10,PMC8910506,,10.3390/ijerph19052804,"(1) Background: Parkinson’s disease (PD) is a relatively common neurodegenerative disease in elderly individuals, with a high risk of falls. There is abundant literature on the relationship between PD and osteoporosis. The aim of this study is to describe the bone quality of a population with PD by calcaneal ultrasound and to compare it with a healthy control, assessing the influence of possible sex differences. (2) Methods: 21 patients diagnosed with PD were recruited. The control group was composed of 30 healthy individuals with similar sociodemographic characteristics. The bone quality of all participants was assessed using calcaneal quantitative ultrasound (QUS). The parameters recorded were broadband ultrasound attenuation (BUA, in decibels per megahertz), imaging speed of sound (SOS, in meters per second), stiffness index (SI) and T-score of each participant. Bone mineral density (BMD) was estimated using the equation BMD = 0.002592 × (BUA + SOS) − 3.687 (g/cm2). (3) Results: significant differences were observed between the healthy control and the PD group: the T-score was lower in the PD group (p < 0.05) and SOS was higher in Parkinson’s disease patients (p < 0.05), while 28.6% of the PD patients were osteoporotic with T-score values lower than −1.5 compared to 16.7% of osteoporotic individuals in the control group (p < 0.01). Regarding the sex, there were significant differences (p < 0.05) between the females of the PD group vs. control group, showing a significant difference in the SI (71.4 ± 14.7 vs. 87.8 ± 12), T-score (−2.19 ± 1.1 vs. −0.15 ± 0.8), BUA (104.5 ± 13 vs. 116 ± 10.6) and BMD (0.49 ± 0.09 vs. 0.60 ± 0.08), with no difference in the comparison between the male groups; and the comparison between both sexes in T-score only showed significant differences for the PD group (p < 0.05), with worse bone quality in women. (4) Conclusions: this study shows poorer bone quality in female patients with PD, who have a higher percentage of osteoporosis than healthy patients. The QUS technique of the calcaneus seems adequate for these determinations in patients with Parkinson’s disease."
41430044,Muscle bursting and corticomotor excitability mark impaired impulse control in Parkinson's disease,"Warden ACM, McAllister CJ, Cruse D, Wright B, MacDonald HJ.",NPJ Parkinsons Dis. 2025 Dec 23;12(1):11. doi: 10.1038/s41531-025-01207-5.,Warden ACM,NPJ Parkinsons Dis,2025,2025/12/22,PMC12796308,,10.1038/s41531-025-01207-5,"Dopamine agonists in Parkinson's disease increase the risk of impulse control disorders, yet the underlying neural mechanisms remain unclear. This study aimed to identify objective neurophysiological markers of impaired impulse control in Parkinson's linking to impulsivity problems. Nineteen people with Parkinson's (PwPD) on ropinirole and 18 healthy older adults performed an impulse control task requiring response withholding and inhibition. Transcranial magnetic stimulation was delivered, with corticomotor excitability (CME) and muscle bursts measured via electromyography. During response withholding, PwPD showed early relative increases in CME and more frequent dysfunctional muscle bursts, leading to more variable responses. During response inhibition, PwPD exhibited reduced CME suppression and increased muscle bursting, leading to delayed inhibition which was associated with problematic impulsive behaviours. The neurophysiological measures were associated with more advanced disease and may serve as early, objective markers of impulse control dysfunction, with future work required to assess their utility in predicting impulsive disorders."
39702743,Longitudinal associations of lipid profiles with sleep disorders in patients with Parkinson's disease,"Ye M, Ji Q, Liu Q, Kang X, Zhan Y.",Lipids. 2025 May;60(3):115-123. doi: 10.1002/lipd.12428. Epub 2024 Dec 19.,Ye M,Lipids,2025,2024/12/20,,,10.1002/lipd.12428,"To examine the associations of apolipoprotein E (APOE) carrier status and lipid profiles with sleep disorders, including excessive daytime sleepiness (EDS) and probable rapid eye movement sleep behavior disorder (pRBD), among patients with early Parkinson's disease (PD) over 5-year follow-up periods. The Parkinson's Progression Markers Initiative is a multicenter cohort study based on an ongoing and open-ended registry. Data from baseline and 5-year follow-up visits from participants of de novo PD were analyzed. Longitudinal associations of APOE carrier status and lipid profiles with sleep disorders were estimated via linear mixed-effects models. A total of 657 participants with complete APOE genotypes were enrolled at baseline. Among them, 153 (25.3%) had available lipid profiles at baseline. In the linear mixed-effects models, baseline APOE ε2/ε3/ε4 carrier status did not exhibit significant associations with EDS and pRBD (all p > 0.05) in all models. However, reduced high-density lipoprotein (HDL) and elevated triglycerides (TG) were associated with developing EDS (β = -0.04, 95% CI: -0.07, -0.00) and pRBD (β = 0.01, 95% CI: 0.00, 0.02) in PD patients, respectively. In the APOE ε4+ subgroup, decreased HDL and increased TG displayed substantial associations with developing EDS and sleep disorders (all p < 0.05) in all models, respectively, whereas no significant differences were noted in the APOE ε4- subgroup (all p > 0.05). Our study did not demonstrate a clear association between APOE ε2/ε3/ε4 and sleep disorders in PD patients. However, the presence of APOE ε4 was associated with changes in lipid profiles, notably affecting TG and HDL levels."
37430896,Multiscale Entropy Algorithms to Analyze Complexity and Variability of Trunk Accelerations Time Series in Subjects with Parkinson's Disease,"Castiglia SF, Trabassi D, Conte C, Ranavolo A, Coppola G, Sebastianelli G, Abagnale C, Barone F, Bighiani F, De Icco R, Tassorelli C, Serrao M.",Sensors (Basel). 2023 May 22;23(10):4983. doi: 10.3390/s23104983.,Castiglia SF,Sensors (Basel),2023,2023/07/11,PMC10221101,,10.3390/s23104983,"The aim of this study was to assess the ability of multiscale sample entropy (MSE), refined composite multiscale entropy (RCMSE), and complexity index (CI) to characterize gait complexity through trunk acceleration patterns in subjects with Parkinson's disease (swPD) and healthy subjects, regardless of age or gait speed. The trunk acceleration patterns of 51 swPD and 50 healthy subjects (HS) were acquired using a lumbar-mounted magneto-inertial measurement unit during their walking. MSE, RCMSE, and CI were calculated on 2000 data points, using scale factors ("
40567285,Parkinson's disease-related pattern (PDRP) identified using resting-state functional MRI: Validation study,"Rommal A, Vo A, Schindlbeck KA, Greuel A, Ruppert MC, Eggers C, Eidelberg D.",Neuroimage Rep. 2021 Jun 26;1(3):100026. doi: 10.1016/j.ynirp.2021.100026. eCollection 2021 Sep.,Rommal A,Neuroimage Rep,2021,2025/06/26,PMC12172760,,10.1016/j.ynirp.2021.100026,"Spatial covariance mapping of brain activity has been used increasingly with metabolic imaging to detect and quantify abnormal disease patterns in patient populations. Metabolic topographies such as the Parkinson's disease-related pattern (PDRP), while extensively validated, require access to positron emission tomography (PET) and radiation exposure. Recently, we developed a fully non-invasive approach to identify analogous disease networks with resting-state functional MRI (rs-fMRI) using independent component analysis (ICA) and bootstrap resampling. We designated the original rs-fMRI PD topography as fPDRP"
37615914,The association between intermediate-term sulfur dioxide exposure and outpatient visits for Parkinson's disease: a time-series study in southwestern China,"Hu Y, Zhou C, Tan C, Liu J, Huang X, Liu X, Yao C, Li D, Huang Q, Li N, Long J, Li X, Li Y, Zhou L, Cai T.",Environ Sci Pollut Res Int. 2023 Sep;30(44):99694-99703. doi: 10.1007/s11356-023-29408-6. Epub 2023 Aug 24.,Hu Y,Environ Sci Pollut Res Int,2023,2023/08/24,,,10.1007/s11356-023-29408-6,"Parkinson's disease (PD) is the second most common human neurodegenerative disorder, and the pathogenesis of it remains poorly understood. Limited studies have shown that both long- and short-term exposure to air pollutants may be associated with increased risk of PD while lacking evidence on the effects of intermediate-term exposure. In this study, over-dispersed Poisson generalized additive models (GAMs) were applied to explore the association between intermediate-term sulfur dioxide (SO"
38020782,Serum zinc deficiency is a potential risk factor for the occurrence of levodopa-induced dyskinesia in drug-naïve Parkinson's disease,"Kim JE, Lee HS, Jang W.",Front Aging Neurosci. 2023 Nov 2;15:1282367. doi: 10.3389/fnagi.2023.1282367. eCollection 2023.,Kim JE,Front Aging Neurosci,2023,2023/11/29,PMC10652755,,10.3389/fnagi.2023.1282367,"Since environmental factors, especially heavy metals, were highlighted in the pathogenesis of Parkinson's disease (PD), there are many epidemiologic studies regarding heavy metals and PD risk. However, longitudinal studies regarding the impacts of heavy metals on motor and nonmotor symptoms of PD are scarce.
In the current study, we compared the serum levels of five heavy metals, such as zinc(Zn), copper(Cu), lead(Pb), mercury(Hg), and manganese(Mn), in 111 previously drug-naïve PD patients (
Zn deficiency was significantly higher in the PD with LID group than in the PD without LID group (79.58 ± 12.28 versus 88.16 ± 15.15 μg/L). Lower serum Zn levels were significantly correlated with age of onset, levodopa equivalent daily dose (LEDD) at 3 months, and Korean version of the Mini-Mental State Examination (K-MMSE) scores (
This study suggests that serum Zn deficiency might be a risk factor for LID in drug-naïve PD patients."
38730245,Untargeted serum metabolic profiling of diabetes mellitus among Parkinson's disease patients,"Li S, Lin Y, Jones D, Walker DI, Duarte Folle A, Del Rosario I, Yu Y, Zhang K, Keener AM, Bronstein J, Ritz B, Paul KC.",NPJ Parkinsons Dis. 2024 May 10;10(1):100. doi: 10.1038/s41531-024-00711-4.,Li S,NPJ Parkinsons Dis,2024,2024/05/10,PMC11087477,,10.1038/s41531-024-00711-4,"Type 2 diabetes mellitus (T2DM) is a common comorbidity among Parkinson's disease (PD) patients. Yet, little is known about dysregulated pathways that are unique in PD patients with T2DM. We applied high-resolution metabolomic profiling in serum samples of 636 PD and 253 non-PD participants recruited from Central California. We conducted an initial discovery metabolome-wide association and pathway enrichment analysis. After adjusting for multiple testing, in positive (or negative) ion mode, 30 (25) metabolic features were associated with T2DM in both PD and non-PD participants, 162 (108) only in PD participants, and 32 (7) only in non-PD participants. Pathway enrichment analysis identified 17 enriched pathways associated with T2DM in both the PD and non-PD participants, 26 pathways only in PD participants, and 5 pathways only in non-PD participants. Several amino acid, nucleic acids, and fatty acid metabolisms were associated with T2DM only in the PD patient group suggesting a possible link between PD and T2DM."
35328925,Direct Medical Costs of Parkinson's Disease in Southern China: A Cross-Sectional Study Based on Health Insurance Claims Data in Guangzhou City,"Zhang H, Zhou W, Zhang D.",Int J Environ Res Public Health. 2022 Mar 9;19(6):3238. doi: 10.3390/ijerph19063238.,Zhang H,Int J Environ Res Public Health,2022,2022/03/25,PMC8953775,,10.3390/ijerph19063238,"Background: Parkinson’s disease (PD) is the second most common neurodegenerative disorder. This study aims to evaluate the direct medical costs of patients with PD using a large sample from an entire city and to identity the potential factors correlating with their inpatient costs in Guangzhou City, Southern China. Methods: This retrospective cross-sectional study uses data obtained from the Urban Employee-based Basic Medical Insurance (UEBMI) and the Urban Resident-based Basic Medical Insurance (URBMI) administrative claims databases in Guangzhou City from 2008 to 2012. The total sample was comprised of 2660 patients with PD. Costs were evaluated for the total sample and by types of insurance. The composition of costs was compared between the UEBMI and URBMI subgroups. The extended estimating-equations model was applied to identify the potential impact factors influencing the inpatient costs. Results: The direct medical costs per patient with PD were CNY 14,514.9 (USD 2299.4) in 2012, consisting of inpatient costs of CNY 13,551.4 and outpatient costs of CNY 963.5. The medication costs accounted for the largest part (50.3%). The inpatient costs of PD patients under the UEBMI scheme (CNY 13,651.0) were significantly higher than those of patients in the URBMI subgroup (CNY 12,402.2) (p < 0.05). The proportion of out-of-pocket spending out of inpatient and outpatient costs for UEBMI beneficiaries (24.3% and 56.1%) was much lower than that for patients under the URBMI scheme (47.9% and 76.2%). The regression analysis suggested that types of insurance, age, hospital levels, length of stay (LOS) and comorbidities were significantly correlated with the inpatient costs of patients with PD. Conclusions: The direct medical costs of patients with PD in China were high compared to the GDP per capita in Guangzhou City and different between the two evaluated types of insurance. Patients with the UEBMI scheme, of older age, with comorbidities, staying in tertiary hospitals and with longer LOS had significantly higher inpatient costs. Thus, policymakers need to reduce the gaps between the two urban insurance schemes in benefit levels, provide support for the development of a comprehensive long-term care insurance system and promote the use of telemedicine in China."
32925107,The Effect of the COVID-19 Pandemic on People with Parkinson's Disease,"Brown EG, Chahine LM, Goldman SM, Korell M, Mann E, Kinel DR, Arnedo V, Marek KL, Tanner CM.",J Parkinsons Dis. 2020;10(4):1365-1377. doi: 10.3233/JPD-202249.,Brown EG,J Parkinsons Dis,2020,2020/09/14,PMC7683050,,10.3233/JPD-202249,"The effect of the COVID-19 pandemic on people with Parkinson's disease (PD) is poorly understood.
To rapidly identify areas of need and improve care in people with PD during the COVID-19 pandemic, we deployed a survey to assess COVID-19 symptoms and the pandemic's effect among those with and without COVID-19.
People with and without PD participating in the online study Fox Insight (FI) were invited to complete a survey between April 23 and May 23, 2020. Among people reporting COVID-19 diagnoses, we compared symptoms and outcomes in people with and without PD. Among people not reporting COVID-19, we assessed access to healthcare and services and PD symptoms.
7,209/9,762 active FI users responded (approximately 74% response rate), 5,429 people with PD and 1,452 without PD. COVID-19 diagnoses were reported by 51 people with and 26 without PD. Complications were more frequent in people with longer PD duration. People with PD and COVID-19 experienced new or worsening motor (63%) and nonmotor (75%) symptoms. People with PD not diagnosed with COVID-19 reported disrupted medical care (64%), exercise (21%), and social activities (57%), and worsened motor (43%) and non-motor (52%) symptoms. Disruptions were more common for those living alone, with lower income and non-White race.
The COVID-19 pandemic is associated with wide-ranging effects on people with PD, and certain groups may be at particular risk. FI provides a rapid, patient-centered means to assess these effects and identify needs that can be used to improve the health of people with PD."
36825056,Effect of Levodopa and Environmental Setting on Gait and Turning Digital Markers Related to Falls in People with Parkinson's Disease,"Shah VV, McNames J, Carlson-Kuhta P, Nutt JG, El-Gohary M, Sowalsky K, Mancini M, Horak FB.",Mov Disord Clin Pract. 2022 Nov 4;10(2):223-230. doi: 10.1002/mdc3.13601. eCollection 2023 Feb.,Shah VV,Mov Disord Clin Pract,2022,2023/02/24,PMC9941945,,10.1002/mdc3.13601,"It is unknown whether medication status (
To investigate which specific digital gait and turning measures, obtained with body-worn sensors, best discriminated fallers from non-fallers with PD in the clinic and during daily life.
We recruited 34 subjects with PD (17 fallers and 17 non-fallers based on the past 6 month's falls). Subjects wore three inertial sensors attached to both feet and the lumbar region in the laboratory for a 3-minute walking task (both 
In clinic, none of the gait and turning measures collected during 
Digital measures of turning, but not gait, were different in fallers compared to non-fallers with PD, in the laboratory when "
33031131,Parkinson Disease and Occupational and Environmental Exposure to Pesticides in a Region of Intense Agribusiness Activity in Brazil: A Case-Control Study,"Silvestre GCSB, Ferreira MJM, Figueiredo SEFMR, Silva CALD, Siqueira HH, Silva AMCD.",J Occup Environ Med. 2020 Dec;62(12):e732-e737. doi: 10.1097/JOM.0000000000002043.,Silvestre GCSB,J Occup Environ Med,2020,2020/10/08,,,10.1097/JOM.0000000000002043,"To evaluate the relationship between occupational and environmental exposure to pesticides and Parkinson disease in a region of intense agribusiness activity in the state of Mato Grosso/Brazil.
Case-control study carried out in a referral hospital for chronic neurodegenerative diseases. Non-conditional logistic regression analyses were performed.
Having performed direct management of pesticides in the workplace (odds ratio [OR]: 3.43; 95% confidence interval [CI]: 1.55 to 7.28), having a family history of Parkinson (OR: 3.42; 95% CI: 1.61 to 7.28) and being men (OR: 3.01; 95% CI: 1.66 to 5.45) were all factors that contributed to a greater chance for the development of the disease.
Our study reinforces the associations between occupational and environmental exposure to pesticides and the occurrence of Parkinson disease in regions of intense agribusiness activity in Brazil."
32339969,Does perceived control mediate the relationship between stigma and well-being for individuals with Parkinson's disease?,"Verity D, Eccles FJR, Boland A, Simpson J.",J Neurol Sci. 2020 Jul 15;414:116841. doi: 10.1016/j.jns.2020.116841. Epub 2020 Apr 17.,Verity D,J Neurol Sci,2020,2020/04/28,,,10.1016/j.jns.2020.116841,"Stigma is a known correlate of well-being for many neurological conditions. Perceived control is also an important variable in models of adaptation to living with a health condition. The purpose of this study was to investigate whether the perception of control mediates the relationship between stigma and well-being in people with Parkinson's disease.
Two hundred and twenty-nine individuals completed quantitative measures of stigma and perceived control, and a full exploration of the concept of well-being (including health-related quality of life, depression, anxiety, stress and positive affect). A series of mediation models investigated whether perceived control mediated the relationship between stigma and each measure of well-being.
Mediational regression analyses indicated that the perception of control mediated the relationship between stigma and health-related quality of life, depression and positive affect. Perceived control did not, however, mediate the relationship between stigma and anxiety nor between stigma and stress.
These findings suggest that in people with Parkinson's disease, perceived control may play an important role in explaining the relationship between stigma and some aspects of well-being. Both stigma and perceived control should be considered within clinical and everyday environmental settings for individuals with Parkinson's disease. Interventions which focus on both reducing stigma and increasing perceived control are outlined."
38894948,Statin use and risk of Parkinson's disease among older adults in Japan: a nested case-control study using the Longevity Improvement and Fair Evidence study,"Ge S, Zha L, Kimura Y, Shimomura Y, Komatsu M, Gon Y, Komukai S, Murata F, Maeda M, Kiyohara K, Sobue T, Kitamura T, Fukuda H.",Brain Commun. 2024 Jun 4;6(3):fcae195. doi: 10.1093/braincomms/fcae195. eCollection 2024.,Ge S,Brain Commun,2024,2024/06/19,PMC11184346,,10.1093/braincomms/fcae195,"The association between statin use and the risk of Parkinson's disease remains inconclusive, particularly in Japan's super-ageing society. This study aimed to investigate the potential association between statin use and the risk of Parkinson's disease among Japanese participants aged ≥65 years. We used data from the Longevity Improvement and Fair Evidence Study, which included medical and long-term care claim data from April 2014 to December 2020 across 17 municipalities. Using a nested case-control design, we matched one case to five controls based on age, sex, municipality and cohort entry year. A conditional logistic regression model was used to estimate the odds ratios with 95% confidence intervals. Among the 56 186 participants (9397 cases and 46 789 controls), 53.6% were women. The inverse association between statin use and Parkinson's disease risk was significant after adjusting for multiple variables (odds ratio: 0.61; 95% confidence interval: 0.56-0.66). Compared with non-users, the dose analysis revealed varying odds ratios: 1.30 (1.12-1.52) for 1-30 total standard daily doses, 0.77 (0.64-0.92) for 31-90 total standard daily doses, 0.62 (0.52-0.75) for 91-180 total standard daily doses and 0.30 (0.25-0.35) for >180 total standard daily doses. Statin use among older Japanese adults was associated with a decreased risk of Parkinson's disease. Notably, lower cumulative statin doses were associated with an elevated risk of Parkinson's disease, whereas higher cumulative doses exhibited protective effects against Parkinson's disease development."
36352842,"A Community-based study on the prevalence and predisposing factors of Parkinson's disease in Barangay Mangilag Sur, Quezon Province, Philippines","Rosales RL, Camille E Rosales M, Jane S J Robles D, Christian Neil T Rodriguez R, Beatrice S Romana N, Mariuz B Rosales J, Salazar GB, Ann S Santiano R.",Clin Park Relat Disord. 2022 Oct 26;7:100169. doi: 10.1016/j.prdoa.2022.100169. eCollection 2022.,Rosales RL,Clin Park Relat Disord,2022,2022/11/10,PMC9637797,,10.1016/j.prdoa.2022.100169,"Prevalence of Parkinson's Disease (PD) in the Philippines has been estimated to be < 1 % based on a 2007 nationwide survey conducted by the Philippine Neurological Association, but without case ascertainment. Since there is still paucity of data, we aim to determine the prevalence of PD in a rural community and the possible predisposing factors on the development of the disease.
This is a two-phase descriptive study which investigated the prevalence of PD and associated risk factors in a randomly selected rural community in Candelaria, Quezon Province. A validated screening questionnaire was utilized, and case ascertainment was done in eligible respondents.
A total of 365 respondents aged ≥ 20 years were randomly surveyed from 2016 to 2017. Two cases of PD aged ≥ 60 years were reported. Thus, the prevalence of PD in the community was 0.55 %. Age-specific prevalence of PD among individuals ≥ 60 years was 4.35 %.Insecticide use was infrequent in the community and was recorded in one PD patient. Protective factors like smoking and drinking tea were not observed in both cases whereas coffee intake was reported in one PD patient.
This community-based epidemiologic study on PD is consistent with a nationwide study. The study portrayed certain demographic and environmental features inherent in a community, which are potential confounding variables in PD development. Future larger population studies be recommended to establish PD in the advancing age and to further support the link of various factors with PD."
35391750,Investigating the Impact of Environment and Data Aggregation by Walking Bout Duration on Parkinson's Disease Classification Using Machine Learning,"Rehman RZU, Guan Y, Shi JQ, Alcock L, Yarnall AJ, Rochester L, Del Din S.",Front Aging Neurosci. 2022 Mar 22;14:808518. doi: 10.3389/fnagi.2022.808518. eCollection 2022.,Rehman RZU,Front Aging Neurosci,2022,2022/04/08,PMC8981298,,10.3389/fnagi.2022.808518,"Parkinson's disease (PD) is a common neurodegenerative disease. PD misdiagnosis can occur in early stages. Gait impairment in PD is typical and is linked with an increased fall risk and poorer quality of life. Applying machine learning (ML) models to real-world gait has the potential to be more sensitive to classify PD compared to laboratory data. Real-world gait yields multiple walking bouts (WBs), and selecting the optimal method to aggregate the data (e.g., different WB durations) is essential as this may influence classification performance. The objective of this study was to investigate the impact of environment (laboratory vs. real world) and data aggregation on ML performance for optimizing sensitivity of PD classification. Gait assessment was performed on 47 people with PD (age: 68 ± 9 years) and 52 controls [Healthy controls (HCs), age: 70 ± 7 years]. In the laboratory, participants walked at their normal pace for 2 min, while in the real world, participants were assessed over 7 days. In both environments, 14 gait characteristics were evaluated from one tri-axial accelerometer attached to the lower back. The ability of individual gait characteristics to differentiate PD from HC was evaluated using the Area Under the Curve (AUC). ML models (i.e., support vector machine, random forest, and ensemble models) applied to real-world gait showed better classification performance compared to laboratory data. Real-world gait characteristics aggregated over longer WBs (WB 30-60 s, WB > 60 s, WB > 120 s) resulted in superior discriminative performance (PD vs. HC) compared to laboratory gait characteristics (0.51 ≤ AUC ≤ 0.77). Real-world gait speed showed the highest AUC of 0.77. Overall, random forest trained on 14 gait characteristics aggregated over WBs > 60 s gave better performance (F1 score = 77.20 ± 5.51%) as compared to laboratory results (F1 Score = 68.75 ± 12.80%). Findings from this study suggest that the choice of environment and data aggregation are important to achieve maximum discrimination performance and have direct impact on ML performance for PD classification. This study highlights the importance of a harmonized approach to data analysis in order to drive future implementation and clinical use.
[09/H0906/82]."
35230633,Improved neuroprotective activity of Fisetin through SNEDDS in ameliorating the behavioral alterations produced in rotenone-induced Parkinson's model,"Kumar R, Kumar R, Khurana N, Singh SK, Khurana S, Verma S, Sharma N, Vyas M, Dua K, Khursheed R, Awasthi A, Vishwas S.",Environ Sci Pollut Res Int. 2022 Jul;29(33):50488-50499. doi: 10.1007/s11356-022-19428-z. Epub 2022 Mar 1.,Kumar R,Environ Sci Pollut Res Int,2022,2022/03/01,,,10.1007/s11356-022-19428-z,"Fisetin is a polyphenolic flavonoid reported to have antioxidant, anti-inflammatory, and anti-cancer activities. However, it loses its importance as an effective phytochemical due to its poor water solubility and lower bioavailability. In the present study, the self-nanoemulsifying drug delivery system (SNEDDS) of fisetin was developed in order to improve its pharmacological activity. The developed SNEDDS of fisetin was evaluated for improving the rotenone-induced behavioral changes in the rats, and its efficacy was compared with naïve fisetin. It was noticed that fisetin loaded in the SNEDDS formulation significantly (p < 0.001) ameliorated the rotenone-induced alteration in the body weight, grip strength, beam walk, postural instability, etc., in rats when compared to the effect of naïve fisetin. Naïve fisetin significantly (p < 0.05) ameliorated the effect of rotenone on the level of dopamine only at a higher dose. Whereas, SNEDDS of fisetin produced a significant (p < 0.05) effect at both dose levels when compared with the diseased group as well as also produced a significant (p < 0.05) effect when compared with the naïve fisetin group. The results of histopathological examination revealed about the neuroprotective effect of SNEDDS loaded with fisetin as observed through the protection of neuronal damage. From this study, it was concluded that SNEDDS improved the anti-Parkinsonian activity of fisetin by improving the behavioral alteration produced by rotenone due to enhancement in its solubility and bioavailability."
34921567,"Long non-coding RNA ANRIL interacts with microRNA-34a and microRNA-125a, and they all correlate with disease risk and severity of Parkinson's disease","Yang P, Lin G, Wang M, Chen X, Huang J.",J Clin Lab Anal. 2022 Jan;36(1):e24037. doi: 10.1002/jcla.24037. Epub 2021 Dec 17.,Yang P,J Clin Lab Anal,2022,2021/12/18,PMC8761463,,10.1002/jcla.24037,"This study aimed to investigate the correlation of long non-coding RNA antisense non-coding RNA in the INK4 locus (lncRNA ANRIL) and its target microRNAs (microRNA-34a (miR-34a) and microRNA-125a (miR-125a)) with disease risk and severity of Parkinson's disease (PD).
Seventy-eight PD patients and 78 age-/gender-matched controls were consecutively enrolled. Their peripheral blood mononuclear cell samples were collected and proposed for the reverse-transcription quantitative polymerase chain reaction to complete lncRNA ANRIL, miR-34a, and miR-125a measurements.
LncRNA ANRIL was upregulated, while miR-34a and miR-125a were downregulated in PD patients compared to controls (all p < 0.001). Further, they all showed certain values for PD risk identification by ROC curve analyses, among which lncRNA ANRIL showed the highest AUC (AUC: 0.879, 95% CI: 0.824-0.934). Furthermore, lncRNA ANRIL negatively correlated with miR-34a (p = 0.016) and miR-125a (p = 0.005) in PD patients, but not in controls. In addition, lncRNA ANRIL was observed to positively associate with UPDRS-I score (p = 0.029), UPDRS-III score (p = 0.006), and UPDRS-IV score (p = 0.033), while negatively correlated with MMSE score (p = 0.003). These associations were less distinct as to miR-34a and miR-125a.
LncRNA ANRIL interacts with miR-34a and miR-125a in PD patients, and they all correlate with disease risk and severity of PD."
36458742,"Escape, expand, embrace: the transformational lived experience of rediscovering the self and the other while dancing with Parkinson's or Multiple Sclerosis","Carapellotti AM, Meijerink HJEM, Gravemaker-Scott C, Thielman L, Kool R, Lewin N, Abma TA.",Int J Qual Stud Health Well-being. 2023 Dec;18(1):2143611. doi: 10.1080/17482631.2022.2143611.,Carapellotti AM,Int J Qual Stud Health Well-being,2023,2022/12/02,PMC9721429,,10.1080/17482631.2022.2143611,"The purpose of this study was to explore the lived experience of dancing with Parkinson's and Multiple Sclerosis in an inclusive dance group called ReDiscoverMe (RDM).
Participatory research approaches and interpretative phenomenological analysis were used to make sense of the lived experience captured in interviews and observations. Arthur Frank's conceptual framework on embodied storytelling from his book 
Dancing in a nonjudgmental environment was described by participants as a way to rediscover themselves while continually adapting to living with chronic illness. We interpreted this experience of rediscovery as an active, recursive process involving three ""movements"": escaping, expanding, and embracing. Through these movements, participants could rise above the self and illness.
The lived experience of dancing in this group was characterized by transformations of the body, self, and life. Through escaping, expanding, and embracing, participants could more easily embrace the body's contingency, integrate the self and body by becoming dancers, connect with others living with illness, and produce desire through passion. Participants could therefore experience illness as a journey and gain something from the experience."
34365911,Does cybersickness affect virtual reality training using the Computer Assisted Rehabilitation Environment (CAREN)? Preliminary results from a case-control study in Parkinson's disease,"Impellizzeri F, Naro A, Basile G, Bramanti A, Gazia F, Galletti F, Militi D, Petralito F, Calabrò RS, Milardi D.",Physiother Theory Pract. 2022 Nov;38(13):2603-2611. doi: 10.1080/09593985.2021.1964117. Epub 2021 Aug 7.,Impellizzeri F,Physiother Theory Pract,2022,2021/08/09,,,10.1080/09593985.2021.1964117,"This pilot study aimed to evaluate whether and to what extent cybersickness (CS) may affect a rehabilitation program using the Computer-assisted Rehabilitation Environment (CAREN), a virtual reality (VR) computer-assisted device for clinical rehabilitation.
The study was carried out on 30 subjects, 15 patients with Parkinson's Disease (PD) and 15 healthy controls (HC), which underwent a set of four exergames programmed by our team for PD rehabilitation training.
All participants completed the Motion Sickness Susceptibility Questionnaire Short-form (MSSQ) before the training and the Motion Symptoms Assessment Questionnaire (MSAQ) immediately after a single CAREN session. Overall, mean MSAQ scores remained low after the session, suggesting that the users did not experience severe discomfort. We found no significant difference in MSAQ scores between the two groups, while there was a statistically significant difference for the subsection of MSAQ regarding the peripheral symptoms (i.e. sweating, cold sweating, feeling warm), which were higher in HC. Moreover, the results highlighted some correlation between MSSQ and MSAQ. Gastrointestinal symptoms in PD, as well as MSSQ and sopite-related symptoms in HC, were also correlated with susceptibility to CS.
As CS is rarely reported after CAREN, this and similar devices may be considered comfortable and safe for patients' rehabilitation involving VR training, including PD persons."
34886289,"Perceived Health, Psychological Distress, and Subjective Well-Being among Older Adults with Parkinson's Disease: A Cross-Lagged Analysis",Lee S.,Int J Environ Res Public Health. 2021 Nov 29;18(23):12566. doi: 10.3390/ijerph182312566.,Lee S,Int J Environ Res Public Health,2021,2021/12/10,PMC8657129,,10.3390/ijerph182312566,"A growing aging population leads to a gradual increase in the number of patients with Parkinson's disease (PD). This study examines how perceived health, psychological distress, and subjective well-being evolve in older adults with PD. A cross-lagged study design was employed using data from Waves 4 and 6 of the Survey of Health, Aging and Retirement in Europe (SHARE). In total, 421 older adults diagnosed with PD at baseline (46% women; mean age 74.98  ±  9.05 years) were included in the study and were followed up after a four-year lag. Auto-regressive and cross-lagged associations between the measured variables were examined in reciprocal models. Individual differences in perceived health, psychological distress, and subjective well-being were relatively stable over the 4-year lag. A final reciprocal model with significant cross-lagged effects explained the underlying structure of the sample data well: χ2 (49) = 101.876, "
38014294,The Parkinson's drug entacapone disrupts gut microbiome homeostasis via iron sequestration,"Pereira FC, Ge X, Kristensen JM, Kirkegaard RH, Maritsch K, Zhu Y, Decorte M, Hausmann B, Berry D, Wasmund K, Schintlmeister A, Boettcher T, Cheng JX, Wagner M.",bioRxiv [Preprint]. 2023 Nov 13:2023.11.12.566429. doi: 10.1101/2023.11.12.566429.,Pereira FC,bioRxiv,2023,2023/11/28,PMC10680583,,10.1101/2023.11.12.566429,"Increasing evidence shows that many human-targeted drugs alter the gut microbiome, leading to implications for host health. However, much less is known about the mechanisms by which drugs target the microbiome and how drugs affect microbial function. Here we combined quantitative microbiome profiling, long-read metagenomics, stable isotope probing and single-cell chemical imaging to investigate the impact of two widely prescribed nervous system-targeted drugs on the gut microbiome. "
32722623,Reduced Gray Matter Volume and Risk of Falls in Parkinson's Disease with Dementia Patients: A Voxel-Based Morphometry Study,"Cheng KL, Lin LH, Chen PC, Chiang PL, Chen YS, Chen HL, Chen MH, Chou KH, Li SH, Lu CH, Lin WC.",Int J Environ Res Public Health. 2020 Jul 26;17(15):5374. doi: 10.3390/ijerph17155374.,Cheng KL,Int J Environ Res Public Health,2020,2020/07/30,PMC7432132,,10.3390/ijerph17155374,
40970415,Prevalence of Parkinson's Disease in a Town of the Central Highlands of Peru: A Population-Based Study,"Sarapura-Castro E, Milla-Neyra K, Ríos-Pinto J, Maguiña JL, Rivera-Valdivia A, Inca-Martinez M, Illanes-Manrique M, Galecio-Castillo M, Montano S, Mata IF, Cornejo-Olivas M.",Mov Disord Clin Pract. 2026 Mar;13(3):692-701. doi: 10.1002/mdc3.70354. Epub 2025 Sep 19.,Sarapura-Castro E,Mov Disord Clin Pract,2026,2025/09/19,PMC12919289,NIHMS2140697,10.1002/mdc3.70354,"The global prevalence of Parkinson's disease (PD) is estimated to be 315 per 100,000 inhabitants, with variations across regions and depending on the epidemiological methods used. Door-to-door prevalence studies in Andean communities are notably underrepresented in the literature.
The aim of this study was to estimate the PD prevalence in Jauja.
A cross-sectional community-based door-to-door prevalence study was conducted from April 2018 to September 2019. We used a Spanish version of the 9-item screening questionnaire (9-item SQ). Trained interviewers conducted face-to-face screening surveys. Participants presenting ""suspected parkinsonism"" underwent further neurological assessment. PD cases responded to the LARGE-PD questionnaire and ""pesticide exposure questionnaire."" We calculated the crude prevalence, gender- and age-specific rates, and age-adjusted rates.
Out of 2527 eligible individuals, 1960 completed the screening survey. Of these, 563 were selected for neurological assessment, and 337 underwent neurological examination. PD was confirmed in 21 individuals, 16 of whom were identified using the 9-item SQ with a crude prevalence of 816/100,000. We observed higher rates of PD in older age groups and in males compared to females (1.6 vs. 0.3%, P < 0.05). The age-standardized prevalence was 566/100,000 (95% confidence interval [CI]: 496.6-635.2). Among PD cases, the most common environmental exposures were living near farming fields and pesticide exposure.
The observed prevalence of PD in this town in the central highlands of Peru aligns with previous reports, with notably higher rates among individuals over the age of 80. Further prospective studies are warranted to investigate the potential influence of environmental factors on PD prevalence in this region."
39229100,Peripheral Blood Immune Cells from Individuals with Parkinson's Disease or Inflammatory Bowel Disease Share Deficits in Iron Storage and Transport that are Modulated by Non-Steroidal Anti-Inflammatory Drugs,"Bolen ML, Nuñes Gomes B, Gill B, Menees KB, Staley H, Jernigan J, Tansey MG.",bioRxiv [Preprint]. 2024 Aug 19:2024.08.19.608634. doi: 10.1101/2024.08.19.608634.,Bolen ML,bioRxiv,2024,2024/09/04,PMC11370434,,10.1101/2024.08.19.608634,"Parkinson's Disease (PD) is a multisystem disorder in which dysregulated neuroimmune crosstalk and inflammatory relay via the gut-blood-brain axis have been implicated in PD pathogenesis. Although alterations in circulating inflammatory cytokines and reactive oxygen species (ROS) have been associated with PD, no biomarkers have been identified that predict clinical progression or disease outcome. Gastrointestinal (GI) dysfunction, which involves perturbation of the underlying immune system, is an early and often-overlooked symptom that affects up to 80% of individuals living with PD. Interestingly, 50-70% of individuals with inflammatory bowel disease (IBD), a GI condition that has been epidemiologically linked to PD, display chronic illness-induced anemia - which drives toxic accumulation of iron in the gut. Ferroptotic (or iron loaded) cells have small and dysmorphic mitochondria-suggesting that mitochondrial dysfunction is a consequence of iron accumulation. In pro-inflammatory environments, iron accumulates in immune cells, suggesting a possible connection and/or synergy between iron dysregulation and immune cell dysfunction. Peripheral blood mononuclear cells (PBMCs) recapitulate certain PD-associated neuropathological and inflammatory signatures and can act as communicating messengers in the gut-brain axis. Additionally, this communication can be modulated by several environmental factors; specifically, our data further support existing literature demonstrating a role for non-steroidal anti-inflammatory drugs (NSAIDs) in modulating immune transcriptional states in inflamed individuals. A mechanism linking chronic gut inflammation to iron dysregulation and mitochondrial function within peripheral immune cells has yet to be identified in conferring risk for PD. To that end, we isolated PBMCs and simultaneously evaluated their directed transcriptome and bioenergetic status, to investigate if iron dysregulation and mitochondrial sensitization are linked in individuals living with PD or IBD because of chronic underlying remittent immune activation. We have identified shared features of peripheral inflammation and immunometabolism in individuals living with IBD or PD that may contribute to the epidemiological association reported between IBD and risk for PD."
33887276,Pesticides expenditures by farming type and incidence of Parkinson disease in farmers: A French nationwide study,"Perrin L, Spinosi J, Chaperon L, Kab S, Moisan F, Ebaz A.",Environ Res. 2021 Jun;197:111161. doi: 10.1016/j.envres.2021.111161. Epub 2021 Apr 19.,Perrin L,Environ Res,2021,2021/04/22,,,10.1016/j.envres.2021.111161,"Professional pesticides exposure is associated with PD risk, but it remains unclear whether specific products, which strongly depend on farming type, are specifically involved. We performed a nationwide ecological study to examine the association of pesticides expenditures for the main farming types with PD incidence in French farmers.
We used the French National Health Insurance database to identify incident PD cases in farmers (2010-2015). We combined data on pesticides expenditures with the agricultural census to compute pesticides expenditures for nine farming types in 2000 in 3571 French cantons. The association between pesticides expenditures and PD age/sex standardized incidence was examined using multilevel Poisson regression, adjusted for smoking, neurologists' density, and deprivation index.
10,282 incident PD cases were identified. Cantons with the highest pesticides expenditures for vineyards without designation of origin were characterized by 16% (95% CI = 6-28%) higher PD incidence (p-trend corrected for multiple testing = 0.006). This association was significant in men and older farmers. There was no association with pesticides expenditures for other farming types, including vineyards with designation of origin.
PD incidence increased significantly with pesticides expenditures in vineyards without designation of origin characterized by high fungicide use. This result suggests that agricultural practices and pesticides used in these vineyards may play a role in PD and that farmers in these farms should benefit from preventive measures aiming at reducing exposure. Our study highlights the importance of considering farming type in studies on pesticides and PD and the usefulness of pesticides expenditures for exposure assessment."
33383608,Functional connectivity between resting-state networks reflects decline in executive function in Parkinson's disease: A longitudinal fMRI study,"Boon LI, Hepp DH, Douw L, van Geenen N, Broeders TAA, Geurts JJG, Berendse HW, Schoonheim MM.",Neuroimage Clin. 2020;28:102468. doi: 10.1016/j.nicl.2020.102468. Epub 2020 Oct 15.,Boon LI,Neuroimage Clin,2020,2021/01/01,PMC7581965,,10.1016/j.nicl.2020.102468,"Deficits in cognitive functioning are a common yet poorly understood symptom in Parkinson's disease (PD). Recent studies have highlighted the importance of (dynamic) interactions between resting-state networks for cognition, which remains understudied in PD. We investigated how altered (dynamic) functional interactions between brain networks relate to cognitive dysfunction in PD patients. In this fMRI study, 50 PD patients (mean age 65.5 years ± 6.27) on dopaminergic medication were studied cross-sectionally, and of this cohort 31 PD patients were studied longitudinally. MRI imaging and neuropsychological testing was performed at two time points, with a follow-up duration of approximately three years. Functional connectivity within and between seven resting-state networks was calculated (both statically and dynamically) and correlated with four neuropsychological test scores; a combined score of (four) executive tasks, a motor perseveration, memory, and category fluency task. Cognitive dysfunction was determined based on a longitudinal sample of age-matched healthy controls (n = 13). PD patients showed dysfunction on six out of seven cognitive tasks when compared to healthy controls. Severity of executive dysfunction was correlated with higher static and lower dynamic functional connectivity between deep gray matter regions and the frontoparietal network (DGM-FPN). Over time, declining executive function was related to increasing static DGM-FPN connectivity, together with changes of connectivity involving the dorsal attention network (amongst others with the ventral attention network). Static functional connectivity between the ventral and dorsal attention network correlated with motor perseveration. Our findings demonstrate that in PD patients, dysfunctional communication between (i) subcortical, fronto-parietal and attention networks mostly underlies worsening of executive functioning, (ii) attention networks are involved in motor perseveration."
32552814,Occupational pesticide exposure and the risk of death in patients with Parkinson's disease: an observational study in southern Brazil,"Schneider Medeiros M, P Reddy S, P Socal M, Schumacher-Schuh AF, Mello Rieder CR.",Environ Health. 2020 Jun 17;19(1):68. doi: 10.1186/s12940-020-00624-8.,Schneider Medeiros M,Environ Health,2020,2020/06/20,PMC7298782,,10.1186/s12940-020-00624-8,"Multiple studies have suggested that various pesticides are associated with a higher risk of developing Parkinson's disease (PD) and may influence the progression of the disease. However, the evidence regarding the impact of pesticide exposure on mortality among patients with PD is equivocal. This study examines whether pesticide exposure influences the risk of mortality among patients with PD in Southern Brazil.
A total of 150 patients with idiopathic PD were enrolled from 2008 to 2013 and followed until 2019. In addition to undergoing a detailed neurologic evaluation, patients completed surveys regarding socioeconomic status and environmental exposures.
Twenty patients (13.3%) reported a history of occupational pesticide exposure with a median duration of exposure of 10 years (mean = 13.1, SD = 11.2). Patients with a history of occupational pesticide exposure had higher UPDRS-III scores, though there were no significant differences in regards to age, sex, disease duration, Charlson Comorbidity Index, and age at symptom onset. Patients with occupational pesticide exposure were more than twice as likely to die than their unexposed PD counterparts (HR = 2.32, 95% CI [1.15, 4.66], p = 0.018). Occupational pesticide exposure was also a significant predictor of death in a cox-proportional hazards model which included smoking and caffeine intake history (HR = 2.23, 95% CI [1.09, 4.59], p = 0.03)) and another which included several measures of socioeconomic status (HR = 3.91, 95% CI [1.32, 11.58], p = 0.01).
In this prospective cohort study, we found an increased all-cause mortality risk in PD patients with occupational exposure to pesticides. More studies are needed to further analyze this topic with longer follow-up periods, more detailed exposure information, and more specific causes of mortality."
38332372,FastEval Parkinsonism: an instant deep learning-assisted video-based online system for Parkinsonian motor symptom evaluation,"Yang YY, Ho MY, Tai CH, Wu RM, Kuo MC, Tseng YJ.",NPJ Digit Med. 2024 Feb 8;7(1):31. doi: 10.1038/s41746-024-01022-x.,Yang YY,NPJ Digit Med,2024,2024/02/09,PMC10853559,,10.1038/s41746-024-01022-x,"The Motor Disorder Society's Unified Parkinson's Disease Rating Scale (MDS-UPDRS) is designed to assess bradykinesia, the cardinal symptoms of Parkinson's disease (PD). However, it cannot capture the all-day variability of bradykinesia outside the clinical environment. Here, we introduce FastEval Parkinsonism ( https://fastevalp.cmdm.tw/ ), a deep learning-driven video-based system, providing users to capture keypoints, estimate the severity, and summarize in a report. Leveraging 840 finger-tapping videos from 186 individuals (103 patients with Parkinson's disease (PD), 24 participants with atypical parkinsonism (APD), 12 elderly with mild parkinsonism signs (MPS), and 47 healthy controls (HCs)), we employ a dilated convolution neural network with two data augmentation techniques. Our model achieves acceptable accuracies (AAC) of 88.0% and 81.5%. The frequency-intensity (FI) value of thumb-index finger distance was indicated as a pivotal hand parameter to quantify the performance. Our model also shows the usability for multi-angle videos, tested in an external database enrolling over 300 PD patients."
33442579,Precompetitive Consensus Building to Facilitate the Use of Digital Health Technologies to Support Parkinson Disease Drug Development through Regulatory Science,"Stephenson D, Alexander R, Aggarwal V, Badawy R, Bain L, Bhatnagar R, Bloem BR, Boroojerdi B, Burton J, Cedarbaum JM, Cosman J, Dexter DT, Dockendorf M, Dorsey ER, Dowling AV, Evers LJW, Fisher K, Frasier M, Garcia-Gancedo L, Goldsack JC, Hill D, Hitchcock J, Hu MT, Lawton MP, Lee SJ, Lindemann M, Marek K, Mehrotra N, Meinders MJ, Minchik M, Oliva L, Romero K, Roussos G, Rubens R, Sadar S, Scheeren J, Sengoku E, Simuni T, Stebbins G, Taylor KI, Yang B, Zach N.",Digit Biomark. 2020 Nov 26;4(Suppl 1):28-49. doi: 10.1159/000512500. eCollection 2020 Winter.,Stephenson D,Digit Biomark,2020,2021/01/14,PMC7768153,,10.1159/000512500,"Innovative tools are urgently needed to accelerate the evaluation and subsequent approval of novel treatments that may slow, halt, or reverse the relentless progression of Parkinson disease (PD). Therapies that intervene early in the disease continuum are a priority for the many candidates in the drug development pipeline. There is a paucity of sensitive and objective, yet clinically interpretable, measures that can capture meaningful aspects of the disease. This poses a major challenge for the development of new therapies and is compounded by the considerable heterogeneity in clinical manifestations across patients and the fluctuating nature of many signs and symptoms of PD. Digital health technologies (DHT), such as smartphone applications, wearable sensors, and digital diaries, have the potential to address many of these gaps by enabling the objective, remote, and frequent measurement of PD signs and symptoms in natural living environments. The current climate of the COVID-19 pandemic creates a heightened sense of urgency for effective implementation of such strategies. In order for these technologies to be adopted in drug development studies, a regulatory-aligned consensus on best practices in implementing appropriate technologies, including the collection, processing, and interpretation of digital sensor data, is required. A growing number of collaborative initiatives are being launched to identify effective ways to advance the use of DHT in PD clinical trials. The Critical Path for Parkinson's Consortium of the Critical Path Institute is highlighted as a case example where stakeholders collectively engaged regulatory agencies on the effective use of DHT in PD clinical trials. Global regulatory agencies, including the US Food and Drug Administration and the European Medicines Agency, are encouraging the efficiencies of data-driven engagements through multistakeholder consortia. To this end, we review how the advancement of DHT can be most effectively achieved by aligning knowledge, expertise, and data sharing in ways that maximize efficiencies."
40611023,Understanding the public knowledge and awareness of parkinson's disease in Ireland: a cross-sectional survey,"Crooks S, Mitchell G, Wynne L, Carter G.",BMC Public Health. 2025 Jul 3;25(1):2339. doi: 10.1186/s12889-025-23573-8.,Crooks S,BMC Public Health,2025,2025/07/03,PMC12224858,,10.1186/s12889-025-23573-8,"Parkinson's disease (PD) is a progressive neurological disorder characterised by motor and non-motor symptoms that significantly impact quality of life (QoL). Despite its growing prevalence, public awareness and understanding of PD remain limited, contributing to stigma and social isolation. This study evaluates public knowledge and perceptions of PD across Ireland to identify educational gaps and inform public health initiatives.
A cross-sectional survey was conducted from January to April 2024, using a modified version of existing questionnaires on PD knowledge. The survey was distributed online via social media platforms and charity networks, targeting adults residing in Ireland. Descriptive statistics and chi-square tests were employed to analyse the data. Ethical approval for this study was obtained from the Faculty of Medicine and Health Sciences, Queen's University Belfast (MHLS23_132).
A total of 796 respondents completed the survey, predominantly female (83.4%) and aged 18-24 (31.7%). While 92.9% recognised PD as a neurological disorder, misconceptions about its classification persisted. Awareness of motor symptoms like tremor and bradykinesia was high, but non-motor symptoms such as chronic fatigue were less recognised. Only 42% were aware of available treatments, and 33.7% had encountered PD-related stigma. Social media emerged as the preferred platform for raising awareness, cited by 46.2% of participants.
The findings reveal critical knowledge gaps and stigma regarding PD, emphasising the need for targeted educational initiatives. Public health campaigns, particularly leveraging social media, are essential to enhance understanding, reduce misconceptions, and improve QoL for individuals with PD. By addressing awareness and encouraging a supportive environment, these initiatives can contribute to better public perception and management of PD."
40764154,Parkinson's Disease Detection Using Hybrid Siamese Neural Network and Support Vector Machine in Multilingual Voice Signal,"Pandey PVK, Sahu SS.",J Voice. 2025 Aug 4:S0892-1997(25)00261-9. doi: 10.1016/j.jvoice.2025.06.036. Online ahead of print.,Pandey PVK,J Voice,2025,2025/08/05,,,10.1016/j.jvoice.2025.06.036,"Parkinson's disease (PD) is a neurodegenerative disorder that affects speech in earlier stage as a motor functions due to dopamine depletion in the substantia nigra. Voice signals serve as key markers for early PD detection. Most of the studies of the voice change in PD are focused in particular language. However, limited studies address the issue in multilingual scenarios. Detection of PD in multilingual environments poses several challenges due to language-specific acoustic variations and unavailability of large dataset. To overcome these challenges, this study proposes a hybrid Siamese Neural Network (SNN) with support vector machine (SVM) for effective detection across multiple languages. The proposed study captures the patterns of PD and healthy in varied acoustic conditions of different languages by contrastive learning. The sustained vowel phonation /a/, /e/, /i/, /o/, and /u/ in Italian and the vowel /a/ in US-English and Spanish are used in the study. Experimental results demonstrate that the hybrid SNN-SVM achieved the highest accuracy of 93% in the vowel /o/ in the Italian dataset. In cross-language scenarios when model trained in Spanish and tested in US-English an accuracy of 82.7% is achieved. The hybrid approach enhances PD detection accuracy despite language variations, providing a potential solution for real-time scenario."
40535452,The global rise in Parkinson's disease: a critical analysis of causes and future directions,Leon-Rojas JE.,Front Public Health. 2025 Jun 4;13:1606732. doi: 10.3389/fpubh.2025.1606732. eCollection 2025.,Leon-Rojas JE,Front Public Health,2025,2025/06/19,PMC12174424,,10.3389/fpubh.2025.1606732,
35961132,Harmonic ratio is the most responsive trunk-acceleration derived gait index to rehabilitation in people with Parkinson's disease at moderate disease stages,"Castiglia SF, Trabassi D, De Icco R, Tatarelli A, Avenali M, Corrado M, Grillo V, Coppola G, Denaro A, Tassorelli C, Serrao M.",Gait Posture. 2022 Sep;97:152-158. doi: 10.1016/j.gaitpost.2022.07.235. Epub 2022 Jul 21.,Castiglia SF,Gait Posture,2022,2022/08/12,,,10.1016/j.gaitpost.2022.07.235,"Harmonic ratios (HRs), recurrence quantification analysis in the antero-posterior direction (RQA
This study aimed to i) assess the internal and external responsiveness to rehabilitation of HR, RQA
The trunk acceleration patterns of 21 pwPD and 21 age- and speed-matched healthy subjects (HSmatched) were acquired during gait using an inertial measurement unit at baseline (T0). pwPD were also assessed after a 4-week rehabilitation period (T1). Each participant's HR in the antero-posterior (HR
At T1, HR
When using inertial measurement units, HR"
36931779,"Reply to Rumrich and colleagues (What does ""Parkinson's disease mortality"" mean?)","Cole-Hunter T, Zhang J, Lim YH, Samoli E, Chen J, Strak M, Wolf K, Weinmayr G, Zitt E, Hoffmann B, Jöckel KH, Mortensen LH, Ketzel M, Méndez DY, Ljungman P, Nagel G, Pershagen G, Rizzuto D, Schramm S, Brunekreef B, Hoek G, Andersen ZJ.",Environ Int. 2023 Mar;173:107853. doi: 10.1016/j.envint.2023.107853. Epub 2023 Mar 15.,Cole-Hunter T,Environ Int,2023,2023/03/17,,,10.1016/j.envint.2023.107853,
38393921,Remote Sensing Data as a Tool for Studying Environmental Aspects of Parkinson's Disease,"Hegazi MN, El-Jaafary S, Shebl N, El-Fawal H, Rizig M, Salama M.",J Parkinsons Dis. 2024;14(3):619-622. doi: 10.3233/JPD-230382.,Hegazi MN,J Parkinsons Dis,2024,2024/02/23,PMC11091563,,10.3233/JPD-230382,
39498114,The association between brominated flame retardants exposure with Parkinson's disease in US adults: a cross-sectional study of the National Health and Nutrition Examination Survey 2009-2016,"Lv JJ, Zhang YC, Li XY, Zhang LJ, Yixi ZM, Yang CH, Wang XH.",Front Public Health. 2024 Oct 21;12:1451686. doi: 10.3389/fpubh.2024.1451686. eCollection 2024.,Lv JJ,Front Public Health,2024,2024/11/05,PMC11532090,,10.3389/fpubh.2024.1451686,"Increasing evidence suggests that environmental factors play a crucial role in the pathogenesis of Parkinson's disease (PD). Humans are simultaneously exposed to multiple brominated flame retardants (BFRs) in the environment. However, the relationship between BFRs and PD remains unclear. This study was designed to investigate the overall association between BFRs and PD in a nationally representative US population and to further identify significant chemicals.
This study used data from 7,161 NHANES participants from 2009 through 2016. The serum BFRs registry included PBDE-28, PBDE-47, PBDE-85, PBDE-99, PBDE-100, PBDE-153, PBDE-154, PBDE-183, PBDE-209, and PBB-153. A survey-weighted generalized logistic regression model with restricted cubic splines (RCS) was used to evaluate the association between single BFRs exposure and periodontitis. Meanwhile, weighted quantile sum (WQS) regression and Bayesian kernel machine regression (BKMR) were used to evaluate the overall association of mixed frankincense powder with periodontitis and to identify significant chemicals. Sensitivity analysis was performed to evaluate the robustness of the results.
Among the 7,161 participants, 65 had PD. PD patients were older (mean age 57.79 vs. 46.57 years) and had a higher proportion of females (70.86%) compared to non-PD participants. Serum levels of PBB-153 were significantly higher in those with PD. Logistic regression analyses revealed a non-linear, inverted U-shaped relationship between serum PBB-153 and PD risk. The risk of PD increased with higher PBB-153 levels up to the 3rd quartile (Q3), beyond which the risk declined (Q3 vs. Q1: OR = 4.98, 95% CI = 1.79-13.86; Q4 vs. Q1: OR = 3.23, 95% CI = 1.03-10.08). PBB-153 (43.40%), PBDE-153 (24.75%), and PBDE-85 (19.51%) contributed most to the weighted quantile sum index associated with PD risk. Bayesian kernel machine regression confirmed the inverted U-shaped dose-response pattern for PBB-153 and the overall BFR mixture. Restricted cubic spline analyses corroborated the non-linear relationship between PBB-153 and PD, which was more pronounced among women and those aged 37-58 years. Sensitivity analyses substantiated these findings.
This nationally representative cross-sectional study revealed a novel non-linear, inverted U-shaped relationship between serum levels of the brominated flame retardant PBB-153 and Parkinson's disease risk in U.S. adults. The risk increased with higher PBB-153 exposure up to a point, beyond which it declined. This complex dose-response pattern highlights the importance of considering potential hormetic mechanisms and effect modifiers when evaluating environmental exposures and neurodegenerative diseases. Further research is warranted to elucidate the underlying biological pathways and inform risk mitigation strategies."
32986011,"Asymmetrical nigral iron accumulation in Parkinson's disease with motor asymmetry: an explorative, longitudinal and test-retest study","Guan X, Guo T, Zhou C, Wu J, Gao T, Bai X, Wei H, Zhang Y, Xuan M, Gu Q, Huang P, Liu C, Zhang B, Pu J, Song Z, Yan Y, Cui F, Zhang M, Xu X.",Aging (Albany NY). 2020 Sep 27;12(18):18622-18634. doi: 10.18632/aging.103870. Epub 2020 Sep 27.,Guan X,Aging (Albany NY),2020,2020/09/28,PMC7585099,,10.18632/aging.103870,"Parkinson's disease (PD) is commonly characterized by asymmetrical motor impairment. This study aimed to clarify the iron distributions in PD patients with significant motor asymmetry and their longitudinal alterations. This study included 123 PD patients and 121 normal controls. Thirty-eight PD patients were revisited. PD patients with significant motor asymmetry were identified by using an objective criterion. Inter-group, inter-hemisphere and inter-visit differences of regional tissue susceptibility were analyzed. Iron accumulation in dominantly and non-dominantly affected substantia nigra (SN) were observed in PD patients with motor asymmetry compared with normal controls (p < 0.005, Bonferroni corrected). Iron accumulation in the dominantly affected SN was significantly higher than that in the non-dominantly affected SN (p < 0.01, Bonferroni corrected). After follow-up, time effect on the iron content in SN was observed, directing to decrease in PD patients with motor asymmetry without hemispherical difference (p < 0.05). In conclusion, asymmetrical iron accumulation in SN was associated with the motor asymmetry in PD at baseline, while along the disease evolution iron content in SN became longitudinally decreased. All these findings provide new evidence for PD pathogenesis that the abnormal iron metabolism in SN is complicated and not always unidirectional."
41095938,Exploring the Effectiveness of Immersive Virtual Reality Rehabilitation for Parkinson's Disease: A Narrative Review,"Nartea R, Poenaru D, Constantinovici MI, Potcovaru CG, Cinteza D.",J Clin Med. 2025 Sep 28;14(19):6858. doi: 10.3390/jcm14196858.,Nartea R,J Clin Med,2025,2025/10/16,PMC12525201,,10.3390/jcm14196858,"Parkinson's disease (PD) presents an association of motor and non-motor impairments that impact the independence and quality of life of individuals. Rehabilitation programs must address multiple domains, simultaneously maintaining patients' adherence and the implications of the disease. Immersive virtual-reality-based rehabilitation (IVRBR) is a promising alternative tool, or can be used in conjunction with traditional or passive programs, using interactive tasks in valid environments with specific training programs adapted to each individual's needs. This narrative review synthesizes the medical literature published in the last decade from PubMed, Scopus, and Web of Science, on the effectiveness, limitations, and implementations of IVRBR in PD patients. Evidence from RTCs and non-RTCs suggests that IVRBR can improve balance, motor learning, and dual task performance. At the same time, the evidence suggests that it can improve cognitive and emotional status. The integration of objective assessment tools (motion and posture analyses, wearable sensors, center of pressures and machine learning models capable of predicting freezing gait-FoG) enhances clinical and individualized rehabilitation programs. However, the evidence base remains limited, with a small sample size, heterogeneity in measured outcomes, and short follow-up duration. In general, reported adverse reactions were minor, but required standardized reporting patterns. Implementation is challenging due to the equipment cost and varying technological demands, but also due to patient selection and training of the medical personnel. IVRBR is a feasible and engaging alternative or can form part of an individualized rehabilitation program in PD patients; however, future large RTCs, long-term follow-up with standardized protocols, cost-effectiveness analyses, and integration of predictive modeling are essential for its broader clinical usage."
32712378,Polychlorinated biphenyls (PCBs) and risk of dementia and Parkinson disease: A population-based cohort study in a North Italian highly polluted area,"Raffetti E, Donato F, De Palma G, Leonardi L, Sileo C, Magoni M.",Chemosphere. 2020 Dec;261:127522. doi: 10.1016/j.chemosphere.2020.127522. Epub 2020 Jul 4.,Raffetti E,Chemosphere,2020,2020/07/27,,,10.1016/j.chemosphere.2020.127522,"Serum polychlorinated biphenyls (PCBs) have been associated with some chronic diseases, but little evidence exists on their possible relationship with neurodegenerative diseases. We aimed to assess the relationship between PCB exposure and the occurrence of dementia and Parkinson disease in a prospective cohort study in a highly polluted area (Brescia-Caffaro).
PCB exposure was assessed by measuring serum levels of 24 congeners. Data on the onset of dementia and Parkinson disease were retrieved by the Brescia Health Protection Agency Database. We used Poisson regression models adjusted for possible confounders to calculate rate ratios (RRs). A mediation analysis was performed to evaluate the mediatory role of cardiovascular diseases.
699 subjects without neurologic diseases at baseline were enrolled (48.1% males, 63.2 years of mean age) in 2001-2013 and followed up to 2018. During a mean follow-up of 8.8 years, 36 and 20 subjects developed dementia and Parkinson disease. Subjects in the 2nd and 3rd tertiles of the total PCBs distribution, compared with those in the 1st tertile, had a higher risk of dementia (RR = 2.30 and RR = 4.35). The estimates for Parkinson disease included the null value with wide confidence intervals. In the mediation analysis, the association between PCB exposure and dementia was dominated by the direct pathway and not by the hypertension-mediated pathway.
We observed a positive association between total PCBs serum levels and the onset of dementia not mediated by hypertension. For Parkinson, the unstable risk estimates did not allow to draw a conclusion on a possible association."
39534388,Directions of Longitudinal Relationships between Housing-related Control Beliefs and Activities of Daily Living among People with Parkinson's disease,"Andersson N, Iwarsson S, Ullén S, Slaug B, Nilsson MH.",Gerontol Geriatr Med. 2024 Nov 11;10:23337214241299084. doi: 10.1177/23337214241299084. eCollection 2024 Jan-Dec.,Andersson N,Gerontol Geriatr Med,2024,2024/11/13,PMC11555731,,10.1177/23337214241299084,"The gerontological literature suggests that external housing-related control beliefs (HCB) influence activities of daily living (ADL) among older people, but knowledge is scarce for people with Parkinson's disease (PD). This longitudinal study aimed to explore the directions of the relationship between external HCB and ADL among people with PD.
Baseline (T1) and 3-year follow-up data (T2) were collected from 154 people with PD (mean age = 68 years, T1). Two regression analyses were applied, where dependent (T2 values) and independent (T1 values) variables-external HCB score and PD specific ADL (PADLS)-were switched, adjusting for age, disease severity, cognitive functioning, and accessibility problems.
There was a significant effect of ADL on external HCB (β = 3.07, 
ADL difficulties seem to lead to higher external HCB, but not the other way around, which contradicts assumptions in environmental gerontology theories. This new knowledge can promote theory development. While additional studies are required to verify whether this is a disease-specific finding, this indicates the importance of targeting ADL if the purpose is to influence external HCB among people with PD."
38632283,Towards a methodological uniformization of environmental risk studies in Parkinson's disease,Santos-Lobato BL.,NPJ Parkinsons Dis. 2024 Apr 17;10(1):86. doi: 10.1038/s41531-024-00709-y.,Santos-Lobato BL,NPJ Parkinsons Dis,2024,2024/04/17,PMC11024193,,10.1038/s41531-024-00709-y,
39910845,New Insights into the Association of Pesticide Exposure and Parkinson's Disease,Santos-Lobato BL.,Mov Disord. 2025 Mar;40(3):579-580. doi: 10.1002/mds.30135. Epub 2025 Feb 5.,Santos-Lobato BL,Mov Disord,2025,2025/02/06,,,10.1002/mds.30135,
34916526,Dopamine Neuron Challenge Test for early detection of Parkinson's disease,"Zhou J, Li J, Papaneri AB, Kobzar NP, Cui G.",NPJ Parkinsons Dis. 2021 Dec 16;7(1):116. doi: 10.1038/s41531-021-00261-z.,Zhou J,NPJ Parkinsons Dis,2021,2021/12/17,PMC8677804,,10.1038/s41531-021-00261-z,"Diagnosing Parkinson's disease (PD) before the clinical onset proves difficult because the hallmark PD symptoms do not manifest until more than 60% of dopamine neurons in the substantia nigra pars compacta have been lost. Here we show that, by evoking a transient dopamine release and subsequently measuring the levels of dopamine metabolites in the cerebrospinal fluid and plasma, a hypodopaminergic state can be revealed when less than 30% of dopamine neurons are lost in mouse PD models. These findings may lead to sensitive and practical screening and diagnostic tests for detecting early PD in the high-risk population."
34015757,Feature selection and machine learning methods for optimal identification and prediction of subtypes in Parkinson's disease,"Salmanpour MR, Shamsaei M, Rahmim A.",Comput Methods Programs Biomed. 2021 Jul;206:106131. doi: 10.1016/j.cmpb.2021.106131. Epub 2021 Apr 29.,Salmanpour MR,Comput Methods Programs Biomed,2021,2021/05/20,,,10.1016/j.cmpb.2021.106131,"The present work focuses on assessment of Parkinson's disease (PD), including both PD subtype identification (unsupervised task) and prediction (supervised task). We specifically investigate optimal feature selection and machine learning algorithms for these tasks.
We selected 885 PD subjects as derived from longitudinal datasets (years 0-4; Parkinson's Progressive Marker Initiative), and investigated 981 features including motor, non-motor, and imaging features (SPECT-based radiomics features extracted using our standardized SERA software). Two different hybrid machine learning systems (HMLS) were constructed and applied to the data in order to select optimal combinations in both tasks: (i) identification of subtypes in PD (unsupervised-clustering), and (ii) prediction of these subtypes in year 4 (supervised-classification). From the original data based on years 0 (baseline) and 1, we created new datasets as inputs to the prediction task: (i,ii) CSD0 and CSD01: cross-sectional datasets from year 0 only and both years 0 & 1, respectively; (iii) TD01: timeless dataset from both years 0 & 1. In addition, PD subtype in year 4 was considered as outcome. Finally, high score features were derived via ensemble voting based on their prioritizations from feature selector algorithms (FSAs).
In clustering task, the most optimal combinations (out of 981) were selected by individual FSAs to enable high correlation compared to using all features (arriving at 547). In prediction task, we were able to select optimal combinations, resulting in an accuracy >90% only for timeless dataset (TD01); there, we were able to select the most optimal combination using 77 features, directly selected by FSAs. In both tasks, however, using combination of only high score features from ensemble voting did not enable acceptable performances, showing optimal feature selection via individual FSAs to be more effective.
Combining non-imaging information with SPECT-based radiomics features, and optimal utilization of HMLSs, can enable robust identification of subtypes as well as appropriate prediction of these subtypes in PD patients. Moreover, use of timeless dataset, beyond cross-sectional datasets, enabled predictive accuracies over 90%. Overall, we showed that radiomics features extracted from SPECT images are important in clustering as well as prediction of PD subtypes."
33609950,Microalbuminuria as a potential biomarker for Parkinson's disease severity: A hypothesis,"Meléndez-Flores JD, Cavazos-Benítez AC, Estrada-Bellmann I.",Med Hypotheses. 2021 Apr;149:110510. doi: 10.1016/j.mehy.2021.110510. Epub 2021 Jan 26.,Meléndez-Flores JD,Med Hypotheses,2021,2021/02/20,,,10.1016/j.mehy.2021.110510,"Parkinson's disease (PD) is the second most common neurodegenerative condition characterized by motor and non-motor symptoms causing a great burden in patients' quality of life. PD has been associated with various metabolic factors such as diabetes, hypertension, and more recently chronic kidney disease where proteinuria has been associated with an increased risk. The presence of small amounts of albumin in urine, microalbuminuria, is a common biomarker for endothelial damage and a predictive factor for not only cardiovascular but also neurological dysfunction. Multiple studies have assessed potential biomarkers for PD progression with great heterogeneity, we hypothesize the use of microalbuminuria as a potential marker that correlates with PD severity and might represent a feasible and simple method of evaluating PD patients in clinical practice. Evidence supporting the present hypothesis comes from oxidative stress, insulin resistance, and endothelial dysfunction. Oxidative stress is a key element in PD pathogenesis; studies have shown lower antioxidant capacity as PD progresses. On the other side, insulin signaling plays an important role in neuronal growth and survival, with its resistance being associated with PD. Microalbuminuria has been associated with both processes; increased levels of oxidative stress markers and decreased insulin sensitivity, hence its screening in PD might reflect these common pathological mechanisms. Moreover, the low vitamin D levels observed in PD patients, which are correlated with endothelial dysfunction and disease severity, might contribute to microalbuminuria induction. More evidence on this vascular approach comes from white matter lesions (WML), observed in brain imaging, which have been significantly associated with motor and non-motor function in PD patients and are independently associated with microalbuminuria. In this manner, an oxidant and insulin resistant environment, along with low vitamin D levels in PD patients, which are associated with microalbuminuria, might contribute altogether to WML. As the latter are correlated with motor and non-motor function, microalbuminuria might thus give insight on PD status. Prospective cohort studies with an adequate sample size, follow-up, and a thorough battery of clinical tests for PD are needed to confirm this hypothesis."
34231163,How far can I reach? The perception of upper body action capabilities in Parkinson's disease,"Readman MR, McLatchie NM, Poliakoff E, Crawford TJ, Linkenauger SA.",Atten Percept Psychophys. 2021 Nov;83(8):3259-3274. doi: 10.3758/s13414-021-02340-y. Epub 2021 Jul 6.,Readman MR,Atten Percept Psychophys,2021,2021/07/07,PMC8260152,,10.3758/s13414-021-02340-y,"Successful interaction within the environment is contingent upon one's ability to accurately perceive the extent over which they can successfully perform actions, known as action boundaries. Healthy young adults are accurate in estimating their action boundaries and can flexibly update them to accommodate stable changes in their action capabilities. However, there are conditions in which motor abilities are subject to variability over time such as in Parkinson's disease (PD). PD impairs the ability to perform actions and can lead to variability in perceptual-motor experience, but the effect on the perceptions of their action boundaries remains unknown. This study investigated the influence of altered perceptual-motor experience during PD, on the perceptions of action boundaries for reaching, grasping, and aperture passing. Thirty participants with mild-to-moderate idiopathic PD and 26 healthy older adults provided estimates of their reaching, grasping, and aperture-passing ability. Participants' estimates were compared with their actual capabilities. There was no evidence that individuals with PD's perceptions were less accurate than those of healthy controls. Furthermore, there was some evidence for more conservative estimates than seen in young healthy adults in reaching (both groups) and aperture passing (PD group). This suggests that the ability to judge action capabilities is preserved in mild to moderate PD."
34405101,Impulse Control Disorders in Parkinson's Disease: Has COVID-19 Related Lockdown Been a Trigger?,"Rábano-Suárez P, Martínez-Fernández R, Natera-Villalba E, Pareés I, Martínez-Castrillo JC, Alonso-Canovas A.",Mov Disord Clin Pract. 2021 Jul 9;8(6):940-943. doi: 10.1002/mdc3.13276. eCollection 2021 Aug.,Rábano-Suárez P,Mov Disord Clin Pract,2021,2021/08/18,PMC8354062,,10.1002/mdc3.13276,"Parkinson's disease (PD) patients, especially those on dopamine agonists (DA), are at risk of impulse control disorders (ICD). Little attention has been paid to the influence of environmental factors.
Retrospective analysis of consecutive PD patients seen in our outpatient Movement Disorders Clinic during 2 months (September-November 2020) to explore the frequency of ICD during the preceding 2-month lockdown period, and comparison with an equivalent control group (September-November 2019). Among 114 patients assessed, 15 (13%) presented ICD during the lockdown, versus 6 (4.5%, 
During COVID-19 lockdown, the occurrence of ICD in PD patients taking DA was higher than expected, and with increased severity. Environmental stressors may play a role in ICD presentation in vulnerable patients."
34776132,Effects of a posture shirt with back active correction keeper on static and dynamic balance in Parkinson's disease,"Morone G, Iosa M, Cocchi I, Paolucci T, Arengi A, Bini F, Marinozzi F, Ciancarelli I, Paolucci S, De Angelis D.",J Bodyw Mov Ther. 2021 Oct;28:138-143. doi: 10.1016/j.jbmt.2021.06.011. Epub 2021 Jun 12.,Morone G,J Bodyw Mov Ther,2021,2021/11/15,,,10.1016/j.jbmt.2021.06.011,"Patients with Parkinson's disease (PD) suffer from postural disorders. This study aims at investigating the short- and medium-term effects of a shirt with appropriate tie-rods that allows to correct the posture of the trunk.
This is a longitudinal clinical study in which a pressure platform was used to assess the static and dynamic baropodometry and the static stabilometry of 20 patients with PD (70.95 ± 8.39 years old; 13 males, time from the onset of symptoms: 6.95 ± 4.04 years, Unified Parkinson's Disease Rating Scale score: UPDRS = 7.25 ± 6.26) without and with a shirt, specifically designed for improving posture, at baseline and after one month of wearing.
The results showed a significant improvement in symmetry of loads (p = 0.015) and an enlargement of the foot contact surface (p = 0.038). A significant correlation was found between the change in forefoot load and time spent daily in wearing the shirt (R = 0.575, p = 0.008), with an optimal value identified at 8 h per day.
The use of a postural shirt in patients with PD symmetrized the postural load and enlarged the foot contact surface improving their balance."
38890480,Association of accelerometer-measured physical activity and incident Parkinson's disease: insights and future research directions,"Chen LH, Liu T.",NPJ Digit Med. 2024 Jun 18;7(1):158. doi: 10.1038/s41746-024-01154-0.,Chen LH,NPJ Digit Med,2024,2024/06/18,PMC11187200,,10.1038/s41746-024-01154-0,
38768570,Olfactory Dysfunction and Long-Term Trajectories of Sleep Disorders among early Parkinson's Disease: Findings from a Longitudinal Cohort,"Ye M, Ji Q, Liu Q, Xu Y, Tao E, Zhan Y.",Neuroepidemiology. 2025;59(1):68-77. doi: 10.1159/000539330. Epub 2024 May 20.,Ye M,Neuroepidemiology,2025,2024/05/20,PMC11797938,,10.1159/000539330,"Previous studies have suggested a connection between impaired olfactory function and an increased risk of rapid eye movement sleep behavior disorder (RBD) in individuals diagnosed with Parkinson's disease (PD). However, there is a gap in knowledge regarding the potential impact of olfactory dysfunction on the long-term patterns of sleep disorders among early PD patients.
Data from the Parkinson's Progression Markers Initiative program included 589 participants with assessments of sleep disorders using the Epworth Sleepiness Scale (ESS) and RBD Screening Questionnaire (RBDSQ). Olfactory dysfunction at baseline was measured using the University of Pennsylvania Smell Identification Test. Trajectories of sleep disorders over a 5-year follow-up were identified using group-based trajectory modeling, and the relationship between olfactory dysfunction and sleep disorder trajectories was examined through binomial logistic regression.
Two distinct trajectories of sleep disorders over the 5-year follow-up period were identified, characterized by maintaining a low or high ESS score and a low or high RBDSQ score. An inversion association was observed between olfactory function measures and trajectories of excessive daytime sleepiness (odds ratio [OR] = 0.97, 95% confidence interval [CI] 0.95, 1.00, p = 0.038), after controlling for potential covariates. Similarly, olfactory function showed a significant association with lower trajectories of probable RBD (OR = 0.96, 95% CI 0.94, 0.98, p = 0.001) among early PD individuals. Consistent findings were replicated across alternative analytical models.
Our findings indicated that olfactory dysfunction was associated with unfavorable long-term trajectories of sleep disorders among early PD.
Previous studies have suggested a connection between impaired olfactory function and an increased risk of rapid eye movement sleep behavior disorder (RBD) in individuals diagnosed with Parkinson's disease (PD). However, there is a gap in knowledge regarding the potential impact of olfactory dysfunction on the long-term patterns of sleep disorders among early PD patients.
Data from the Parkinson's Progression Markers Initiative program included 589 participants with assessments of sleep disorders using the Epworth Sleepiness Scale (ESS) and RBD Screening Questionnaire (RBDSQ). Olfactory dysfunction at baseline was measured using the University of Pennsylvania Smell Identification Test. Trajectories of sleep disorders over a 5-year follow-up were identified using group-based trajectory modeling, and the relationship between olfactory dysfunction and sleep disorder trajectories was examined through binomial logistic regression.
Two distinct trajectories of sleep disorders over the 5-year follow-up period were identified, characterized by maintaining a low or high ESS score and a low or high RBDSQ score. An inversion association was observed between olfactory function measures and trajectories of excessive daytime sleepiness (odds ratio [OR] = 0.97, 95% confidence interval [CI] 0.95, 1.00, p = 0.038), after controlling for potential covariates. Similarly, olfactory function showed a significant association with lower trajectories of probable RBD (OR = 0.96, 95% CI 0.94, 0.98, p = 0.001) among early PD individuals. Consistent findings were replicated across alternative analytical models.
Our findings indicated that olfactory dysfunction was associated with unfavorable long-term trajectories of sleep disorders among early PD."
34054697,A Rapid Motor Task-Based Screening Tool for Parkinsonism in Community-Based Studies,"Dlamini WW, Nielsen S, Ushe M, Nelson G, Racette BA.",Front Neurol. 2021 May 13;12:653066. doi: 10.3389/fneur.2021.653066. eCollection 2021.,Dlamini WW,Front Neurol,2021,2021/05/31,PMC8155367,,10.3389/fneur.2021.653066,
33689402,"Effect of Care Rehabilitation on Medical Expenses, Care Costs, and Total Costs of Elderly Individuals with Parkinson's Disease","Liu N, Babazono A, Kim SA, Li Y.",Popul Health Manag. 2021 Dec;24(6):738-747. doi: 10.1089/pop.2020.0316. Epub 2021 Mar 9.,Liu N,Popul Health Manag,2021,2021/03/10,,,10.1089/pop.2020.0316,"The fast-growing prevalence of Parkinson's disease (PD) creates a heavy burden for society and the health care system. Although different ways to mitigate the economic burden of PD have been discussed in the literature, including several effective treatments, few studies have paid attention to the effect of care rehabilitation (CR) on PD costs over a long-term care period. This study tracked medical expenses, care costs, and total costs of elderly individuals with PD for 3 years based on medical claims data merged with long-term care insurance (LTCI) claims data, and determined whether CR reduced PD costs. Using a retrospective, longitudinal cohort design, 3950 elderly individuals with PD who received LTCI services from April 2014 to March 2017 in Fukuoka Prefecture, Japan were followed. PD costs were compared between the CR group and the non-CR group, and a hierarchical linear model was used to examine whether CR was associated with medical expenses, care costs, and total costs. The mean value of total costs in fiscal years 2014, 2015, and 2016 were ¥3,124,944 (US$29,504), ¥3,328,398 (US$31,425), and ¥3,615,892 (US$34,140), respectively. In a hierarchical linear model, CR alone was not associated with medical expenses and care costs; additionally, CR had a positive association with higher total costs. However, the interaction term between CR and baseline care needs level significantly reduced care costs and total costs. That indicates that if older PD patients with higher care needs level receive CR, their care costs and total costs will be reduced. Further research is needed to clarify how CR reduces these patients' costs."
39244698,Socioenvironmental Factors are Associated With Dopamine Transporter Availability in Healthy Individuals but not in Parkinson's Disease,"Cayir S, Tezel M, Matuskey D.",J Geriatr Psychiatry Neurol. 2025 Mar;38(2):143-149. doi: 10.1177/08919887241281062. Epub 2024 Sep 7.,Cayir S,J Geriatr Psychiatry Neurol,2025,2024/09/08,PMC12473387,NIHMS2110261,10.1177/08919887241281062,"Social factors can influence the brain's dopaminergic function. This study investigated the relationship between socioenvironmental factors and dopamine transporter (DaT) availability in healthy individuals (n = 74) and those with Parkinson's disease (PD) (n = 240).
All single photon emission computed tomography (SPECT) DaT data and clinical data used in this study were obtained from the Parkinson's Progression Markers Initiative (PPMI) dataset. Socioenvironmental data was obtained from Social Explorer analyses of the American Community Survey (2014-2018) using the residential ZIP codes of the subjects available in the PPMI dataset.
Participants resided in 302 ZIP code tabulation areas across 38 U.S. states. In healthy individuals
The study findings suggest that socioenvironmental factors, such as median household income, education level, and poverty rate, are significantly associated with DaT availability in the caudate of healthy individuals but not in those with PD. This indicates that PD might disrupt the connection between the social environment and dopaminergic function. These results underscore the importance of considering socioenvironmental variables when studying dopaminergic function in the human brain."
41279573,Optimized reference region and the effect on test-retest reliability and detection of Parkinson's disease with [(11)C]UCB-J,"Khattar N, Matuskey D, Gallezot JD, Naganawa M, Holmes SE, Sadabad FE, Mayeli M, Esterlis I, van Dyck CH, Mecca AP, D'Souza DC, Nabulsi NB, Finnema SJ, Huang Y, Carson RE, Toyonaga T.",bioRxiv [Preprint]. 2025 Oct 15:2025.10.15.682460. doi: 10.1101/2025.10.15.682460.,Khattar N,bioRxiv,2025,2025/11/24,PMC12632983,,10.1101/2025.10.15.682460,[
40905752,"Blood and cerebrospinal fluid metallomics uncover mercury, chromium, and iron alterations in de novo Parkinson's disease","Dušek P, Subramanian RG, Serranová T, Šonka K, Růžička E, Kuta J.",J Parkinsons Dis. 2025 Dec;15(8):1383-1396. doi: 10.1177/1877718X251367303. Epub 2025 Sep 4.,Dušek P,J Parkinsons Dis,2025,2025/09/04,,,10.1177/1877718X251367303,"BackgroundGiven the increasing global prevalence of Parkinson's disease (PD) and its complex etiopathogenesis, understanding the role of environmental factors is crucial. Prior investigations suggested a potential link between metal exposure and PD, yet conflicting results emerged.ObjectiveTo identify differences in metal concentrations in whole blood and cerebrospinal fluid (CSF) in PD patients compared to controls.MethodsThe study involved an untreated de novo PD patient cohort from a single-center (n = 102, 38% females, mean age 59.5 (SD 12.5)) and a group of controls with comparable age and sex distribution (n = 127, 35% females, mean age 57.5 (SD 12.4)). Whole blood in all participants and CSF samples in a subgroup (n = 57/55 PD/controls) were collected and concentrations of V, Cr, Mn, Fe, Co, Ni, Cu, Zn, As, Se, Mo, Cd, Sn, Hg, and Pb, were determined through inductively coupled plasma mass spectrometry.ResultsPD patients exhibited higher concentrations of Hg in both blood and CSF (p = 0.003). Cr concentrations were lower in both blood (p = 0.004) and CSF (p < 0.001) of PD patients. Altered Fe metabolism was evident, with higher blood (p = 0.001) and lower CSF (p = 0.002) Fe concentrations. Other metal alterations in PD included higher Zn (p = 0.008) in blood and lower Co (p < 0.001), Mn (p = 0.006), V (p = 0.009), and Ni (p < 0.001) in CSF.ConclusionsThe findings highlight abnormalities in metal concentrations in biofluids associated with PD, particularly regarding Hg, Cr, and Fe which exhibited alterations in blood and CSF. These findings suggest metal dysregulation in PD, particularly Hg, Cr, and Fe, with potential implications for understanding PD pathogenesis.
Parkinson's disease (PD) is increasing globally, and environmental factors, including metal exposure, may play a role. This study investigated metal concentrations in blood and cerebrospinal fluid of untreated newly diagnosed PD patients compared to controls. Blood samples from all participants and cerebrospinal fluid from a subset were analyzed for 15 metals using inductively coupled plasma mass spectrometry. PD patients had higher mercury levels in both blood and cerebrospinal fluid, lower chromium levels in blood and cerebrospinal fluid, and altered iron metabolism, with higher blood and lower cerebrospinal fluid concentrations. Other significant metal alterations in PD included higher blood zinc and lower cerebrospinal fluid cobalt, manganese, vanadium, and nickel. These findings suggest metal dysregulation in PD, particularly mercury, chromium, and iron, with potential implications for understanding PD pathogenesis."
31950559,"Parkinson disease, levodopa and the gut microbiota-when microbiology meets pharmacology",Brüssow H.,Environ Microbiol. 2020 Mar;22(3):808-812. doi: 10.1111/1462-2920.14919. Epub 2020 Jan 26.,Brüssow H,Environ Microbiol,2020,2020/01/18,,,10.1111/1462-2920.14919,
39846578,Exploring Context Allows Us to Better Understand Physical Activity in People with and Without Parkinson's Who Have Fallen: A Mixed Methods Study,"Baker K, Das J, Rochester L, Del Din S, Naisby J.",Geriatrics (Basel). 2025 Jan 7;10(1):8. doi: 10.3390/geriatrics10010008.,Baker K,Geriatrics (Basel),2025,2025/01/23,PMC11755437,,10.3390/geriatrics10010008,
33738711,Evidence-Based Recommendations for the Oral Health of Patients with Parkinson's Disease,"Martimbianco ALC, Prosdocimi FC, Anauate-Netto C, Dos Santos EM, Mendes GD, Fragoso YD.",Neurol Ther. 2021 Jun;10(1):391-400. doi: 10.1007/s40120-021-00237-4. Epub 2021 Mar 18.,Martimbianco ALC,Neurol Ther,2021,2021/03/19,PMC8140025,,10.1007/s40120-021-00237-4,"Patients with Parkinson's disease (PD) present a variety of oral disease that can be worsened by xerostomia and sialorrhea. The patients' physical limitations, for example rigidity and tremor, add to the difficulty of oral care by the general dental surgeon. The objective of the present review was to organize a list of evidence-based recommendations for the oral care of patients with PD.
A systematic review of the literature was carried out by specialists who selected the relevant papers and created a list of recommendations based upon the literature.
Fourteen papers (data reported in 16 articles) were included in this review. Patients with PD had reduced quality of oral health and hygiene, and high prevalence of gingival recession, periodontal disease, dental calculus, tooth decay, tooth mobility and loss, drooling, xerostomia, dysphagia and temporomandibular disorders. Most studies offered class IV evidence, while one paper had class II evidence.
Patients with PD present poor oral health with conditions that are mostly preventable."
41090034,SHAP-based interpretable machine learning for Parkinson's disease severity prediction: integrated analysis of clinical and environmental features,"Jin Y, Li X, Han X, Qiu Y, Zhang H, Xu J, Han M.",Front Neurol. 2025 Sep 29;16:1678463. doi: 10.3389/fneur.2025.1678463. eCollection 2025.,Jin Y,Front Neurol,2025,2025/10/15,PMC12515681,,10.3389/fneur.2025.1678463,"Parkinson's Disease (PD) represents the second most prevalent neurodegenerative disorder globally, with traditional assessment methods suffering from limitations including substantial inter-rater variability and inability to capture multifactorial complexity underlying disease progression.
Based on data from 500 Parkinson's disease patients, we integrated 7 standardized clinical phenotypes (excluding UPDRS to prevent data leakage) and 8 environmental exposure factors, compared 10 machine learning algorithms using 5-fold cross-validation, and applied SHAP interpretability analysis for transparent feature importance assessment.
XGBoost with SMOTE sampling achieved clinically meaningful discriminative performance (AUC = 0.781, precision = 0.548, recall = 0.750) appropriate for screening applications. SHAP analysis revealed non-motor symptoms as the primary predictor (SHAP value = 2.76), followed by serum dopamine concentration (2.39) and age (2.16), while environmental factors demonstrated modest but statistically significant contributions.
This proof-of-concept study developed an interpretable framework with methodological safeguards against data leakage, demonstrating promising screening potential with realistic performance expectations. However, the cross-sectional, single-center design limits generalizability, requiring external validation and longitudinal studies before clinical deployment."
41140317,Mixture effects of air pollutants on Parkinson's disease in adults ages 40+ in the United States from 2002 to 2016,"Vu BN, Amini H, Qiu X, Feng Y, Wei Y, Schwartz J.",Environ Epidemiol. 2025 Oct 22;9(6):e425. doi: 10.1097/EE9.0000000000000425. eCollection 2025 Dec.,Vu BN,Environ Epidemiol,2025,2025/10/27,PMC12548994,,10.1097/EE9.0000000000000425,"Recent studies have shown that air pollutants may have adverse effects on neurological disorders. However, few studies have investigated the long-term exposure of particle components in conjunction with NO"
39546524,PATIENT WITH PARKINSON'S DISEASE AND DEPRESSIVE SYMPTOMS ASSOCIATED WITH IMPULSE CONTROL DISORDER,"Migita K, Okamoto N, Ikenouchi A, Kijima R, Hashimoto T, Adachi H, Yoshimura R.",Psychiatr Danub. 2024 May;36(1):135-136. doi: 10.24869/psyd.2024.135.,Migita K,Psychiatr Danub,2024,2024/11/15,,,10.24869/psyd.2024.135,
35338204,Author Correction: Neuroprotective effects of ATPase inhibitory factor 1 preventing mitochondrial dysfunction in Parkinson's disease,"Chung I, Park HA, Kang J, Kim H, Hah SM, Lee J, Kim HS, Choi WS, Chung JH, Shin MJ.",Sci Rep. 2022 Mar 25;12(1):5203. doi: 10.1038/s41598-022-09076-1.,Chung I,Sci Rep,2022,2022/03/26,PMC8956612,,10.1038/s41598-022-09076-1,
40201792,"Effect of Short-Term Exposure to Ambient Temperatures on Parkinson's Diseases Mortality Among Elderly Aged 60 Years and Above in China, 2013-2020","Zhang R, Jia A, Zheng H, Li Y, Wang C, Wu S, Wang S, Guo Q, Wang Y, Bi P, Wu J.",Geohealth. 2025 Apr 8;9(4):e2024GH001246. doi: 10.1029/2024GH001246. eCollection 2025 Apr.,Zhang R,Geohealth,2025,2025/04/09,PMC11976458,,10.1029/2024GH001246,"Parkinson's disease (PD) is a prevalent neurodegenerative disorder with significant negative health and economic implications for individuals, families and society. This study utilized an individual-level time-stratified case-crossover study design to investigate the relationship between ambient temperatures and PD mortality among the elderly in China. A combination of conditional logistic regression and distributed lag non-linear model was employed to analyze the data, and the mortality burden attributed to ambient temperatures was quantified. The study included a total of 59,397 deceased PD patients aged 60 years and above who died between 2013 and 2020. Findings revealed that the effects of extremely low temperature (-1°C) could persist for up to 14 days, while the impacts of extremely high temperature (30°C) were acute and last for 4 days and showing a significant harvest effect. For the overall population, the high temperatures significantly increased the risk of death, where low temperature did not. A lag0-14 cumulative odds ratios (COR) of extremely low temperature compared to the reference temperature (15°C) was 1.024 (95% CI: 0.971, 1.080). The lag0-14 COR of extremely high temperature was 1.206 (95% CI: 1.116, 1.304). Additionally, high temperatures attributed greater AF of 4.013 (95% eCI: 1.990, 5.894) comparing to low temperatures did of 0.762 (95% eCI: -0.624, 2.017). Significant differences were found across regions. No statistically significant differences were found between the sex and age. This nationwide study provides evidence for tailored interventions in specific regions and populations to reduce temperature-related PD mortality among the elderly in China."
40013091,Bidirectional relationship between depression and activities of daily living and longitudinal mediation of cognitive function in patients with Parkinson's disease,"Xu Y, Chen D, Dong M, Zhang Y, Yu H, Han Y.",Front Aging Neurosci. 2025 Feb 12;17:1513373. doi: 10.3389/fnagi.2025.1513373. eCollection 2025.,Xu Y,Front Aging Neurosci,2025,2025/02/27,PMC11861111,,10.3389/fnagi.2025.1513373,"To investigate the bidirectional relationship between depression and activities of daily living (ADL) in Parkinson's disease (PD) patients and explore the mediating role of cognitive function over time.
Data from 892 PD patients from the Parkinson's Progression Markers Initiative (PPMI) database were included in this study, and depression, cognitive function, and ADL were measured using the Geriatric Depression Scale (GDS-15), Montreal Cognitive Assessment Scale (MoCA), and Unified Parkinson's Disease Rating Scale, Part II (UPDRS II) respectively. The cross-lagged panel model (CLPM) was employed to analyze the reciprocal relationship between depression and ADL. Then, we explored the mediating role of cognitive function in the bidirectional relationship between depression and ADL in patients with PD, and the mediation effect test was carried out using a bias-corrected nonparametric percentile bootstrap approach.
Depression in patients with PD predicted their subsequent ADL (
There is a bidirectional relationship between depression and ADL in patients with PD. Furthermore, we found that cognitive function mediates the relationship that exists between depression and ADL in patients with PD. Interventions aimed at enhancing cognitive function could potentially lessen the vicious cycle of depression and ADL in PD, thus improving patient quality of life (QOL)."
34034024,How many gait initiation trials are necessary to reliably detect anticipatory postural adjustments and first step characteristics in healthy elderly and people with Parkinson's disease?,"Seuthe J, D'Cruz N, Ginis P, Blöbaum R, Weisser B, Deuschl G, Nieuwboer A, Schlenstedt C.",Gait Posture. 2021 Jul;88:126-131. doi: 10.1016/j.gaitpost.2021.05.016. Epub 2021 May 18.,Seuthe J,Gait Posture,2021,2021/05/25,,,10.1016/j.gaitpost.2021.05.016,"The gait initiation (GI) process can be characterized by anticipatory postural adjustments (APAs) and first step characteristics. However, even within a constrained environment, it is unclear how many trials are necessary to obtain a reliable measurement of the GI process within one assessment.
How many gait initiation trials are necessary to reliably detect APAs and first step characteristics in healthy elderly (HC) and people with Parkinson's disease with Freezing of Gait (PD + FOG) under single (ST) and dual task (DT) conditions and are there any potential systematic errors?
Thirty-eight PD + FOG (ON-medication) and 30 HC performed 5 trials of GI under ST and DT (auditory stroop test). APAs and first-step-outcomes were captured with IMUs placed on the lower back and on each foot. Intraclass correlation coefficients (ICCs) and the standard error of measurement (SEM) were computed to investigate reliability and mixed model analysis to find potential systematic errors. Additionally, we computed an estimation for the number of necessary trials to reach acceptable reliability (ICC = 0.75) for each outcome.
ICCs varied from low reliability to excellent reliability across outcomes in PD + FOG and HC. ICCs were comparable under ST and DT for most outcomes. SEM results confirmed the ICC results. A systematic error was found for the first trial in first step ROM. Number of necessary trials varied largely across outcomes.
Within-session reliability varied across outcomes but was similar for PD + FOG and HC, and ST and DT. ML size of APA and first step ROM were most reliable, whereas APA duration and latency were least reliable. Depending on the outcome of interest, future studies should conduct multiple trials of GI to increase reliability."
40150115,A Comparative Study of Machine Learning and Deep Learning Models for Automatic Parkinson's Disease Detection from Electroencephalogram Signals,"Bera S, Geem ZW, Cho YI, Singh PK.",Diagnostics (Basel). 2025 Mar 19;15(6):773. doi: 10.3390/diagnostics15060773.,Bera S,Diagnostics (Basel),2025,2025/03/28,PMC11941155,,10.3390/diagnostics15060773,
33130433,Signal intensity of cerebral gyri in corticobasal syndrome on phase difference enhanced magnetic resonance images: Comparison of progressive supranuclear palsy and Parkinson's disease,"Miyata M, Kakeda S, Yoneda T, Ide S, Okada K, Adachi H, Korogi Y.",J Neurol Sci. 2020 Dec 15;419:117210. doi: 10.1016/j.jns.2020.117210. Epub 2020 Oct 25.,Miyata M,J Neurol Sci,2020,2020/11/01,,,10.1016/j.jns.2020.117210,"We evaluated cerebral gyri (CG) on phase difference enhanced imaging (PADRE) of corticobasal syndrome (CBS), progressive supranuclear palsy (PSP), and Parkinson's disease (PD) patients to determine whether it is possible to discriminate among them on an individual basis. Two radiologists reviewed appearance of the normal CG and that of CBS patients on PADRE, and deviations from the appearance of the normal CG were recorded. Next, based on the CG abnormalities, two other reviewers reviewed PADRE images from 12 CBS, 14 PSP, and 30 PD patients. In healthy subjects on the PADRE images, the signal intensity (SI) of the gray matter (GM) was homogeneously, slightly hyperintense to the subcortical white matter (SCWM), and the SI of the SCWM was homogeneously hypointense. In CBS patients, hypointense layer in superficial GM and disappearance of hypointense in SCWM. The frequency of the abnormal findings on PADRE in the blinded manner by two readers was 100% (12/12), 3% (1/30), and 29% (4/14 in Reader 1) or 36% (5/14 in Reader 2) in CBS PD, and PSP patients, respectively. Laterality of the PADRE findings was showed in 12 (100%) CBS patients and 3 (21%) PSP, but not in any PD patients. The previously reported typical findings in CBS on conventional magnetic resonance image (MRIs) were observed in only 42% (5/12) of CBS patients. In conclusion, the abnormal findings in CG on PADRE appears more useful than conventional MRI findings for discriminating CBS from PD on an individual basis."
40893506,Association between brain iron deposition and pure apathy in Parkinson's disease: a cross-sectional quantitative susceptibility mapping imaging study,"Zhang L, Chen K, Zhi Y, Ji W, Shi G, You Y, Wang F, Chen K, Xu T, Fang X.",Quant Imaging Med Surg. 2025 Sep 1;15(9):8292-8308. doi: 10.21037/qims-2024-2626. Epub 2025 Aug 12.,Zhang L,Quant Imaging Med Surg,2025,2025/09/02,PMC12397670,,10.21037/qims-2024-2626,"Apathy, a decline in goal-directed motivated behavior, is a common non-motor symptom (NMS) in Parkinson's disease (PD). Previous studies have suggested that PD patients with apathy exhibit increased iron levels in the cerebrospinal fluid (CSF) and the iron levels are positively correlated with the severity of apathy, indicating that apathy in PD may be related with brain iron accumulation. Specifically, quantitative susceptibility mapping (QSM), an emerging brain magnetic resonance imaging (MRI) technique, can be used to sensitively detect the iron deposition in the brain 
A total of 29 patients with PD-PA, 33 PD without pure apathy (PD-NPA), and 32 healthy controls (HCs) were collected. All participants underwent three-dimensional T1-weighted imaging (3DT1) and QSM scans. The susceptibility values of PD-PA, PD-NPA, and HC groups were compared at whole brain voxel-wise level and the region of interest (ROI)-wise level, respectively. Moreover, correlation analysis between apathy symptoms and brain iron deposition was further performed in the PD-PA group.
Relative to the HCs, patients with PD demonstrated increased susceptibility values (consistent with higher brain tissue iron deposits) in substantia nigra pars compacta (SNc) and ventral tegmental area (VTA) of the midbrain [P
In patients with PD-PA, brain regions associated with brain iron deposition were mainly located in the ""mesocorticolimbic loop"" (SFGmed and ACC), as well as the STG and thalamus. The present study suggested that abnormal iron deposition in these core brain regions may be associated with abnormal top-down and bottom-up neuroregulation and involved in the mechanism of PD apathy. The present study provides new insights into the pathophysiologic mechanism of PD-PA."
33427697,A novel method for automatic classification of Parkinson gait severity using front-view video analysis,"Khan T, Zeeshan A, Dougherty M.",Technol Health Care. 2021;29(4):643-653. doi: 10.3233/THC-191960.,Khan T,Technol Health Care,2021,2021/01/11,PMC9789477,,10.3233/THC-191960,"Gait impairment is an essential symptom of Parkinson's disease (PD).
This paper introduces a novel computer-vision framework for automatic classification of the severity of gait impairment using front-view motion analysis.
Four hundred and fifty-six videos were recorded from 19 PD patients using an RGB camera during clinical gait assessment. Gait performance in each video was rated by a neurologist using the unified Parkinson's disease rating scale for gait examination (UPDRS-gait). The proposed algorithm detects and tracks the silhouette of the test subject in the video to generate a height signal. Gait features were extracted from the height signal. Feature analysis was performed using the Kruskal-Wallis rank test. A support vector machine was trained using the features to classify the severity levels according to UPDRS-gait in 10-fold cross-validation.
Features significantly (p< 0.05) differentiated between median-ranks of UPDRS-gait levels. The SVM classified the levels with a promising area under the ROC of 80.88%.
Findings support the feasibility of this model for Parkinson's gait assessment in the home environment."
40260611,Exploring the interactions of urinary metals and the mediating role of oxidative stress in Parkinson's disease risk: an epidemiological study in the elderly,"Shan C, Zheng Q, Li M, Ge Y, Bian J, Huang Z, Guo Z, Jiang Y, Xu P, Lu S, Chen H.",Environ Sci Process Impacts. 2025 May 21;27(5):1439-1447. doi: 10.1039/d5em00166h.,Shan C,Environ Sci Process Impacts,2025,2025/04/22,,,10.1039/d5em00166h,"Parkinson's disease (PD) ranks as the second most prevalent neurodegenerative disorder, often leading to significant disability in affected individuals. Metal exposure has been implicated in PD, but the overall role, interactions among metal mixtures, and underlying mechanisms remain unclear. In this study, we measured 8 essential and 2 potentially harmful metal trace elements in urine samples from PD patients ("
41381678,A novel cryptographic framework and mathematical modeling for secure transmission of Parkinson's disease data using RSA and block-based secret sharing,"Sambandham T, Srivastava HM, Thangamani S, Yousif MA, Djaouti AM, Mohammed PO.",Sci Rep. 2025 Dec 12;16(1):2489. doi: 10.1038/s41598-025-32227-z.,Sambandham T,Sci Rep,2025,2025/12/11,PMC12820063,,10.1038/s41598-025-32227-z,"The secure transmission of medical data is an essential requirement in modern telemedicine systems, particularly for chronic neurological disorders such as Parkinson's disease. This paper proposes a novel hybrid cryptographic framework that combines RSA encryption with block-based secret sharing enhanced by a Hilbert matrix-driven mathematical model. The framework introduces dynamic block-wise key generation and adaptive sharing to strengthen data confidentiality and robustness against cryptanalytic attacks. Mathematical modeling is employed to analyze encryption stability, numerical conditioning of the Hilbert matrix, and the diffusion properties of the key space. The proposed method is validated using publicly available Parkinson's EEG and spiral drawing datasets, with quantitative analysis including encryption/decryption time, computational overhead, and image quality metrics (PSNR, SSIM). The framework is further benchmarked against AES-Shamir and ECC-based hybrid models. Experimental results indicate that the proposed system achieves higher security entropy and lower computational cost, making it suitable for deployment in resource-constrained medical IoT environments."
40303466,"The innovation and practice of the ""hand as foot"" teaching method in the teaching of Parkinson's disease","Yang J, Yang D, Yu J, Liu J.",Front Aging Neurosci. 2025 Apr 15;17:1519067. doi: 10.3389/fnagi.2025.1519067. eCollection 2025.,Yang J,Front Aging Neurosci,2025,2025/04/30,PMC12037490,,10.3389/fnagi.2025.1519067,"Based on years of clinical teaching experience, the orthopedic team pioneered the ""hand as foot"" teaching method, initially applied in orthopedic teaching. The advantage of ""hand as foot"" teaching lies in the high similarity of anatomical structures between upper and lower limbs, joints, nerves, blood vessels, etc., This method allows using feet to explain knowledge instead of hands. It has since expanded to internal medicine, surgery, obstetrics, and gynecology, significantly impacting clinical teaching and medical education across departments. Utilizing simple gestures or body language to grasp clinical knowledge intuitively and repeatedly has proven effective. Over years of theoretical teaching, understanding brain anatomy, particularly the anatomy and communication of Parkinson's disease (PD), has posed challenges. Recently, after consulting relevant literature and articles on the application of the ""hand as foot"" teaching method in clinical teaching, I have been inspired. The invisibility and inaccessibility of brain anatomy make it challenging for students to comprehend and retain knowledge of basal ganglia anatomy. Through numerous clinical teaching experiences, we have discovered that using ""hand as foot"" is well-suited to address these teaching difficulties. Although there are many existing articles on manualized teaching methods in various disciplines, there is a gap in research on the impact of ""hand as foot"" method on students' academic performance. The aim of this study was to investigate the impact of the ""hand as foot"" teaching method on knowledge related to PD.
A self-designed questionnaire was used to validate the effectiveness of the ""Hand and Foot"" teaching method for teaching key points to undergraduate clinical medical students in Inner Mongolia Medical University.
There were a total of 81 participants of which 41 were in class 1 (students using ""hand as foot"" teaching method) and 40 were in class 2 (students using ""hand as foot"" teaching method), 75.61% of the students in class 1 found the ""hand as foot"" method useful and only 19.51% found the ""hand as foot"" method average. Of the students who were taught ""hand as foot,"" 80.49% correctly answered the option ""Main pathological changes in PD."" A total of 70.73% correctly answered the option ""Main components of the basal ganglia."" A total of 82.93% correctly answered the option ""Typical symptoms of PD."" A total of 51.22% correctly answered the question related to the swallow tail sign. The percentage of correct answers was much higher than that of the students in the class 2. From the questionnaire survey of medical students' knowledge of PD, we can draw several important conclusions. A total of 75.61% of the students in class 1 who had used the ""hand as foot"" method teaching in PD found the method helpful. The results with statistical difference (
The ""hand as foot"" teaching method is generally well-received by medical students. The teacher-student interaction is good, and the understanding and memorization of difficult knowledge points are effective. It also helps visualize knowledge and strengthens students' understanding and memory of complex concepts. This teaching approach has garnered positive feedback from both teachers and students. As basic education evolves, classroom teaching methods are continuously being reformed and advanced. Therefore, it is crucial to establish engaging teaching methods in the classroom. The analogy teaching method effectively stimulates students' interest in learning and encourages their self-directed learning. In comparison to the indoctrination teaching model, which focuses on rote memorization, this teaching method is more likely to spark students' interest in knowledge and boost their enthusiasm for learning. The results showed that the ""hand as foot"" teaching method significantly improved the correctness of the knowledge related to PD. In general, the use of ""hand as foot"" in the classroom can enliven the educational environment and enhance students' understanding and retention of abstract concepts. It aids in consolidation and review after class, simplifying complex questions into an intuitive and concrete form, which is highly beneficial for clinical teaching."
33018103,Unsupervised Pre-trained Models from Healthy ADLs Improve Parkinson's Disease Classification of Gait Patterns,"Som A, Krishnamurthi N, Buman M, Turaga P.",Annu Int Conf IEEE Eng Med Biol Soc. 2020 Jul;2020:784-788. doi: 10.1109/EMBC44109.2020.9176572.,Som A,Annu Int Conf IEEE Eng Med Biol Soc,2020,2020/10/06,PMC7545260,NIHMS1605050,10.1109/EMBC44109.2020.9176572,"Application and use of deep learning algorithms for different healthcare applications is gaining interest at a steady pace. However, use of such algorithms can prove to be challenging as they require large amounts of training data that capture different possible variations. This makes it difficult to use them in a clinical setting since in most health applications researchers often have to work with limited data. Less data can cause the deep learning model to over-fit. In this paper, we ask how can we use data from a different environment, different use-case, with widely differing data distributions. We exemplify this use case by using single-sensor accelerometer data from healthy subjects performing activities of daily living - ADLs (source dataset), to extract features relevant to multi-sensor accelerometer gait data (target dataset) for Parkinson's disease classification. We train the pre-trained model using the source dataset and use it as a feature extractor. We show that the features extracted for the target dataset can be used to train an effective classification model. Our pretrained source model consists of a convolutional autoencoder, and the target classification model is a simple multi-layer perceptron model. We explore two different pre-trained source models, trained using different activity groups, and analyze the influence the choice of pre-trained model has over the task of Parkinson's disease classification."
40070212,JLeNeT: Jaccard LeNet for Parkinson's disease detection and severity level classification using voice signal in IoT environment,"Pragadeeswaran S, Kannimuthu S.",Network. 2025 Mar 12:1-30. doi: 10.1080/0954898X.2025.2453032. Online ahead of print.,Pragadeeswaran S,Network,2025,2025/03/12,,,10.1080/0954898X.2025.2453032,"The neurodegenerative disorder called Parkinson's disease (PD) is one of the most common diseases now a day. In this research, PD is detected and severity classification is done using the proposed Jaccard LeNet (JLeNet) with the help of voice signal in the IoT environment. Here, the IoT simulation is done. Initially, from which voice signal is collected and the routing process is done by the proposed Chimp Wild Geese Algorithm (ChWGA). This ChWGA is the combination of the Wild Geese Algorithm (WGA) and Chimp Optimization Algorithm (ChOA). Finally, at Base Station (BS), PD is detected and classified. The input voice signal is fed for pre-processing conducted by an adaptive Kalman filter. Following this, feature extraction and feature selection are conducted, where Harmonic mean similarity helps in feature selection. Here, PD is detected using JLeNet, which is the hybridization of LeNet with the Jaccard similarity measure. In this work, routing metrics of energy and delay are superior and recorded with the values of 0.309 J and 0.434 ms for the ChWGA. Moreover, the proposed method attains an Accuracy of 0.910, True Positive Rate (TPR) of 0.903, and True Negative Rate (TNR) of 0.918."
41076900,"Green analytical methods for simultaneous determination of levodopa, carbidopa, and benserazide in Parkinson's drugs: The preferable superiority of the capillary electrophoresis comparing to the standard high performance liquid chromatography","Nguyen TD, Tu TH, Nguyen TMT, Nguyen MH, Duong HA, Pham HV.",J Chromatogr A. 2025 Nov 22;1763:466443. doi: 10.1016/j.chroma.2025.466443. Epub 2025 Oct 5.,Nguyen TD,J Chromatogr A,2025,2025/10/12,,,10.1016/j.chroma.2025.466443,"In this study, the green analytical methods based on capillary electrophoresis with capacitively coupled contactless conductivity detection (CE-C⁴D) and high-performance liquid chromatography with diode-array detection (HPLC-DAD) were developed for the simultaneous analysis of levodopa (LVDP), carbidopa (CBDP), and benserazide (BSRZ) as main active ingredients of Parkinson's drugs. Optimal conditions for both CE and HPLC methods were established using response surface methodology with central composite design (RSM-CCD), considering the important parameters as variable factors such as background electrolyte (BGE) concentration and applied voltage for CE; mobile phase concentration, pH-value, surfactant concentration, and flow rate for HPLC. For CE-C⁴D, formic acid (2.5 M, pH 1.68) at 18 kV was identified as optimal, and limits of detections (LODs) were determined to be 0.29 - 0.47 mg/L. For HPLC-DAD, a phosphate buffer (54.2 mM, pH 3.80) with 121 μM sodium 1-octanesulfonate at a flow rate of 1.06 mL/min was optimized, providing LODs of 0.18 - 0.35 mg/L. The greenness degree of the developed procedures was evaluated using the AGREE metric, with CE-C"
37449354,"Rare-variant collapsing and bioinformatic analyses for amyloidosis, dementia and Parkinson's disease in the UK biobank reveal novel susceptibility loci","Zöller B, Manderstedt E, Lind-Halldén C, Halldén C.",Amyloid. 2023 Dec;30(4):442-444. doi: 10.1080/13506129.2023.2226299. Epub 2023 Jul 14.,Zöller B,Amyloid,2023,2023/07/14,,,10.1080/13506129.2023.2226299,
33802532,Facilitatory rTMS over the Supplementary Motor Cortex Impedes Gait Performance in Parkinson Patients with Freezing of Gait,"Brugger F, Wegener R, Baty F, Walch J, Krüger MT, Hägele-Link S, Bohlhalter S, Kägi G.",Brain Sci. 2021 Mar 3;11(3):321. doi: 10.3390/brainsci11030321.,Brugger F,Brain Sci,2021,2021/04/03,PMC7999694,,10.3390/brainsci11030321,"Freezing of gait (FOG) in Parkinson's disease (PD) occurs frequently in situations with high environmental complexity. The supplementary motor cortex (SMC) is regarded as a major network node that exerts cortical input for motor control in these situations. We aimed at assessing the impact of single-session (excitatory) intermittent theta burst stimulation (iTBS) of the SMC on established walking during FOG provoking situations such as passing through narrow spaces and turning for directional changes. Twelve PD patients with FOG underwent two visits in the off-medication state with either iTBS or sham stimulation. At each visit, spatiotemporal gait parameters were measured during walking without obstacles and in FOG-provoking situations before and after stimulation. When patients passed through narrow spaces, decreased stride time along with increased stride length and walking speed (i.e., improved gait) was observed after both sham stimulation and iTBS. These effects, particularly on stride time, were attenuated by real iTBS. During turning, iTBS resulted in decreased stride time along with unchanged stride length, a constellation compatible with increased stepping frequency. The observed iTBS effects are regarded as relative gait deterioration. We conclude that iTBS over the SMC increases stepping frequency in PD patients with FOG, particularly in FOG provoking situations."
41450755,"Short-term associations between ambient air pollution and emergency department visits for Parkinson disease, multiple sclerosis, migraine, and seizure in California, 2005-2018","Chen S, Zhang D, Zhang R, Lane M, Scovronick NC, Ebelt ST, Chang HH.",Environ Epidemiol. 2025 Dec 23;10(1):e444. doi: 10.1097/EE9.0000000000000444. eCollection 2026 Feb.,Chen S,Environ Epidemiol,2025,2025/12/26,PMC12737864,,10.1097/EE9.0000000000000444,"Previous studies have linked ambient air pollution to worsening neurological conditions, but research in the United States is limited. This study aims to investigate short-term associations between emergency department (ED) visits for four disorders affecting the nervous system (Parkinson disease, multiple sclerosis, migraine, and seizure) and three major air pollutants: fine particulate matter (PM
Daily estimated exposure concentrations at 12 km were aggregated to the ZIP-code level and linked to 6 million ED visits in California (2005-2018). Using a time-stratified case-crossover design with conditional quasi-Poisson regression, we evaluated lag-specific associations and stratified analysis by patient characteristics. Risk ratios (RRs) are reported per interquartile range increase in exposure.
For Parkinson disease, CO showed the strongest short-term association at lag 0 (RR = 1.007, 95% confidence interval [CI]: 1.003, 1.011). No associations were found for multiple sclerosis. For migraines, same-day PM
Same-day high ambient air pollution levels were associated with increased ED visits for migraine, Parkinson disease, and seizures. These findings support the growing evidence that short-term air pollution exposure may adversely impact patients with neurological conditions."
38948151,Variable frequency deep brain stimulation of subthalamic nucleus to improve freezing of gait in Parkinson's disease,"Jia F, Wagle Shukla A, Hu W, Ma Y, Zhang J, Almeida L, Kao C, Guo Y, Zhang S, Tao Y, Ling Z, Xu X, Yang Z, Meng FG, Wan X, Liu H, Konard PE, Li L.",Natl Sci Rev. 2024 Jun 7;11(6):nwae187. doi: 10.1093/nsr/nwae187. eCollection 2024 Jun.,Jia F,Natl Sci Rev,2024,2024/07/01,PMC11214434,,10.1093/nsr/nwae187,
36931780,"Letter in response to Cole-Hunter et al., 2023: What does ""Parkinson's disease mortality"" mean?","Rumrich IK, Kaasinen V, Hänninen O, Hartikainen S, Tolppanen AM.",Environ Int. 2023 Mar;173:107852. doi: 10.1016/j.envint.2023.107852. Epub 2023 Mar 15.,Rumrich IK,Environ Int,2023,2023/03/17,,,10.1016/j.envint.2023.107852,
35017428,Designing nanocarriers to overcome the limitations in conventional drug administration for Parkinson's disease,"Garcia-Munoz RA, McConnell J, Morales V, Sanz R.",Neural Regen Res. 2022 Aug;17(8):1743-1744. doi: 10.4103/1673-5374.332143.,Garcia-Munoz RA,Neural Regen Res,2022,2022/01/12,PMC8820718,,10.4103/1673-5374.332143,
40469913,Learning to suppress tremors: a deep reinforcement learning-enabled soft exoskeleton for Parkinson's patients,"Endrei T, Földi S, Makk Á, Cserey G.",Front Robot AI. 2025 May 21;12:1537470. doi: 10.3389/frobt.2025.1537470. eCollection 2025.,Endrei T,Front Robot AI,2025,2025/06/05,PMC12133501,,10.3389/frobt.2025.1537470,"Neurological tremors, prevalent among a large population, are one of the most rampant movement disorders. Biomechanical loading and exoskeletons show promise in enhancing patient well-being, but traditional control algorithms limit their efficacy in dynamic movements and personalized interventions. Furthermore, a pressing need exists for more comprehensive and robust validation methods to ensure the effectiveness and generalizability of proposed solutions.
This paper proposes a physical simulation approach modeling multiple arm joints and tremor propagation. This study also introduces a novel adaptable reinforcement learning environment tailored for disorders with tremors. We present a deep reinforcement learning-based encoder-actor controller for Parkinson's tremors in various shoulder and elbow joint axes displayed in dynamic movements.
Our findings suggest that such a control strategy offers a viable solution for tremor suppression in real-world scenarios.
By overcoming the limitations of traditional control algorithms, this work takes a new step in adapting biomechanical loading into the everyday life of patients. This work also opens avenues for more adaptive and personalized interventions in managing movement disorders."
36870913,"Erratum to ""Neuroprotective repositioning and anti-tau effect of carvedilol on rotenone induced neurotoxicity in rats: Insights from an insilico & in vivo anti-Parkinson's disease study"" [Eur. J. Pharmacol. 932 (2022) 175204]","Kamal RE, Menze E, Albohy A, Ahmed HI, Azab SS.",Eur J Pharmacol. 2023 Apr 15;945:175534. doi: 10.1016/j.ejphar.2023.175534. Epub 2023 Mar 2.,Kamal RE,Eur J Pharmacol,2023,2023/03/04,,,10.1016/j.ejphar.2023.175534,
38211434,"Corrigendum to ""Risk of Parkinson's disease-related death in cancer survivors: A population-based study in Japan"" [Park. Relat. Disord. 119 (2024) 105966]","Hayano E, Gon Y, Kimura Y, Zha L, Morishima T, Ohno Y, Mochizuki H, Sobue T, Miyashiro I.",Parkinsonism Relat Disord. 2024 Mar;120:105990. doi: 10.1016/j.parkreldis.2024.105990. Epub 2024 Jan 10.,Hayano E,Parkinsonism Relat Disord,2024,2024/01/11,,,10.1016/j.parkreldis.2024.105990,
38302369,"Corrigendum to ""Lapatinib ditosylate rescues motor deficits in rotenone-intoxicated rats: Potential repurposing of anti-cancer drug as a disease-modifying agent in Parkinson's disease"" [Eur. J. Pharmacol. 954 (2023) 175875]","Mansour HM, Mohamed AF, Khattab MM, El-Khatib AS.",Eur J Pharmacol. 2024 Mar 5;966:176371. doi: 10.1016/j.ejphar.2024.176371. Epub 2024 Feb 1.,Mansour HM,Eur J Pharmacol,2024,2024/02/01,,,10.1016/j.ejphar.2024.176371,
40413457,Correction: Microglial activation contributes to cognitive impairments in rotenone-induced mouse Parkinson's disease model,"Zhang D, Li S, Hou L, Jing L, Ruan Z, Peng B, Zhang X, Hong JS, Zhao J, Wang Q.",J Neuroinflammation. 2025 May 24;22(1):140. doi: 10.1186/s12974-025-03458-8.,Zhang D,J Neuroinflammation,2025,2025/05/24,PMC12103010,,10.1186/s12974-025-03458-8,
38886949,Transient receptor potential channels and calcium dysregulation: a pathogenic duo in Parkinson's disease,"Saeed I, Ma L.",Neural Regen Res. 2025 Mar 1;20(3):808-810. doi: 10.4103/NRR.NRR-D-24-00172. Epub 2024 May 17.,Saeed I,Neural Regen Res,2025,2024/06/18,PMC11433894,,10.4103/NRR.NRR-D-24-00172,
38672284,"Correction: D'Amico et al. Toxic Exposure to Endocrine Disruptors Worsens Parkinson's Disease Progression through NRF2/HO-1 Alteration. Biomedicines 2022, 10, 1073","D'Amico R, Gugliandolo E, Siracusa R, Cordaro M, Genovese T, Peritore AF, Crupi R, Interdonato L, Di Paola D, Cuzzocrea S, Fusco R, Impellizzeri D, Di Paola R.",Biomedicines. 2024 Apr 10;12(4):834. doi: 10.3390/biomedicines12040834.,D'Amico R,Biomedicines,2024,2024/04/27,PMC11048085,,10.3390/biomedicines12040834,
33284817,The meaning of home questionnaire revisited: Psychometric analyses among people with Parkinson's disease reveals new dimensions,"Andersson N, Nilsson MH, Slaug B, Oswald F, Iwarsson S.",PLoS One. 2020 Dec 7;15(12):e0242792. doi: 10.1371/journal.pone.0242792. eCollection 2020.,Andersson N,PLoS One,2020,2020/12/07,PMC7721182,,10.1371/journal.pone.0242792,"Research addressing perceptions of housing in people with Parkinson's disease (PD) is rare, and existing instruments capturing perceived aspects of housing are rarely used. Perceived housing comprises of several domains and is associated with health in general older populations. One such domain is meaning of home, captured by the Meaning of Home Questionnaire (MOH). The aim of this study was to evaluate psychometric properties of the MOH among people with PD.
The MOH was administrated to 245 participants with PD (mean age = 69.9 years; mean PD duration = 9.7 years). The instrument consisted of four sub-scales with 28 items, each with 11 response options (strongly disagree = 0; strongly agree = 10). We evaluated data quality, structural validity (factor analysis), construct validity (i.e., testing correlations with relevant constructs according to pre-defined hypotheses), corrected item total correlations, floor and ceiling effects and internal consistency.
The data quality was high (0-1.2% missing data). The exploratory factor analysis suggested removal of five items and revealed three new factors; ""My home is my castle"", ""My home is my prison"" and ""My home is my social hub"". The 23-item MOH showed statistically significant correlations with life satisfaction, usability and ADL dependence, while not correlated with number of environmental barriers. These findings were largely as hypothesised, thus supporting construct validity (both convergent and discriminant). The corrected item total correlations were >0.3 for all items and the internal consistency was >0.70 for all sub-scales. No floor or ceiling effects were reported except for the sub-scale ""My home is my castle"" (ceiling effect = 15.6%).
The 23-item MOH version with three new sub-scales is sufficiently reliable and valid for use in PD populations. This paves the way for further research of meaning of home among people with PD, using the 23-item MOH version."
38705926,Correction to: Connecting the dots between mitochondrial dysfunction and Parkinson's disorder: focus mitochondria-targeting therapeutic paradigm in mitigating the disease severity,"Kaur I, Behl T, Sehgal A, Singh S, Sharma N, Aleya L, Bungau S.",Environ Sci Pollut Res Int. 2024 May;31(23):34757. doi: 10.1007/s11356-024-33597-z.,Kaur I,Environ Sci Pollut Res Int,2024,2024/05/05,,,10.1007/s11356-024-33597-z,
40189991,"Corrigendum to ""Dysregulation of serotonergic neurotransmission in Parkinson disease: A key duet"" [Eur. J. Pharmacol. 995 (2025) 177419]","Khowdiary MM, Al-Kuraishy HM, Al-Gareeb AI, Albuhadily AK, Elhenawy AA, Babalghith AO, Shokr MM, Alexiou A, Papadakis M, El-Saber Batiha G.",Eur J Pharmacol. 2025 Jun 5;996:177540. doi: 10.1016/j.ejphar.2025.177540. Epub 2025 Apr 3.,Khowdiary MM,Eur J Pharmacol,2025,2025/04/07,,,10.1016/j.ejphar.2025.177540,
37154953,A potential imaging biomarker distinguishing neurodegenerative parkinsonism using brainstem MRI shape analysis,"Tsai MT, Juan CE, Liu YJ, Juan CJ.",Eur Radiol. 2023 Jul;33(7):4537-4539. doi: 10.1007/s00330-023-09683-0. Epub 2023 May 8.,Tsai MT,Eur Radiol,2023,2023/05/08,,,10.1007/s00330-023-09683-0,
34465554,"Corrigendum to ""NADPH oxidase-derived H2O2 mediates the regulatory effects of microglia on astrogliosis in experimental models of Parkinson's disease"" [Redox Biol. 2017, 12: 162-170]","Hou L, Zhou X, Zhang C, Wang K, Liu X, Che Y, Sun F, Li H, Wang Q, Zhang D, Hong JS.",Redox Biol. 2021 Nov;47:102119. doi: 10.1016/j.redox.2021.102119. Epub 2021 Aug 28.,Hou L,Redox Biol,2021,2021/09/01,PMC8577459,,10.1016/j.redox.2021.102119,
41184000,Utility of Locus Coeruleus Signal Intensity on High-resolution T1-weighted MR Imaging with Magnetization Transfer for Differentiating Parkinson's Disease from Atypical Parkinsonism,"Yoshimatsu Y, Ide S, Ogawa N, Kajio K, Sakamoto T, Futatsuya K, Murakami Y, Hashimoto T, Adachi H, Aoki T.",Magn Reson Med Sci. 2026 Feb 26;25(1):2025-0126. doi: 10.2463/mrms.mp.2025-0126. Epub 2025 Oct 31.,Yoshimatsu Y,Magn Reson Med Sci,2026,2025/11/03,PMC13218839,,10.2463/mrms.mp.2025-0126,"This study aimed to evaluate the diagnostic utility of locus coeruleus (LC) signal intensity on high-resolution T1-weighted imaging with magnetization transfer (T1WI with MT) for distinguishing Parkinson's disease (PD) from a broad range of atypical parkinsonism (AP) subtypes, including early-stage cases.
We retrospectively analyzed T1WI with MT data from 214 participants, including patients with PD (n = 125), corticobasal syndrome (CBS, n = 12), multiple system atrophy (MSA, n = 16), progressive supranuclear palsy (PSP, n = 19), essential tremor (n = 17), vascular parkinsonism (n = 4), drug-induced parkinsonism (DIP, n = 7), and healthy subjects (HS, n = 14). Circular ROIs were placed on the LC and substantia nigra pars compacta to calculate contrast ratios (CRs). Conventional MRI findings of AP, focusing on characteristic regional atrophy patterns, were also evaluated. Diagnostic performance was assessed using receiver operating characteristic (ROC) analysis. A subanalysis was performed for early-stage cases (within 2 years of onset). Three independent neuroradiologists evaluated T1WI with MT, and interobserver agreement was assessed using intraclass correlation coefficients (ICC).
The LC-CR was significantly lower in PD than in HS (P < 0.01) and all AP subtypes except DIP (P = 0.37). ROC analysis revealed that LC-CR had the highest diagnostic accuracy for differentiating PD from AP (area under the curve [AUC] = 0.83, sensitivity = 67%, specificity = 90%). In early-stage cases, LC-CR maintained high specificity (98%) with an AUC of 0.80. The diagnostic utility of LC-CR was comparable or superior to conventional MRI findings in distinguishing PD from CBS, MSA, and PSP. Interobserver agreement for LC-CR measurements was good, with an ICC of 0.87 (95% confidence interval: 0.85-0.89).
LC-CR measured on T1WI with MT serves as a reliable imaging biomarker for differentiating PD from various forms of AP, even in early disease stages."
41216526,"Corrigendum to ""Leveraging ANFIS with Adam and PSO optimizers for Parkinson's disease"" [Heliyon Volume 10, Issue 9, May 15, 2024, Article e30241]","Pasha A, Ahmed ST, Painam RK, Mathivanan SK, P K, Mallik S, Qin H.",Heliyon. 2025 Jun 14;11(12):e43492. doi: 10.1016/j.heliyon.2025.e43492. eCollection 2025 Jul.,Pasha A,Heliyon,2025,2025/11/11,PMC12435064,,10.1016/j.heliyon.2025.e43492,[This corrects the article DOI: 10.1016/j.heliyon.2024.e30241.].
32668658,"Erratum: Cheng, Y.-C., et al. Evidence Supports PA Prescription for Parkinson's Disease: Motor Symptoms and Non-Motor Features: A Scoping Review. Int. J. Environ. Res. Public Health 2020, 17, 2894","Cheng YC, Su CH.",Int J Environ Res Public Health. 2020 Jul 13;17(14):5024. doi: 10.3390/ijerph17145024.,Cheng YC,Int J Environ Res Public Health,2020,2020/07/17,PMC7399979,,10.3390/ijerph17145024,The authors wish to make the following corrections to their paper published in IJERPH [1]: authors' affiliation [...].
33411167,"Letter to the Editor regarding Wang Y, Liu Y, Yan H. 2020. Effect of long-term particulate matter exposure on Parkinson's risk",Kawada T.,Environ Geochem Health. 2021 May;43(5):1759-1760. doi: 10.1007/s10653-020-00789-8. Epub 2021 Jan 7.,Kawada T,Environ Geochem Health,2021,2021/01/07,,,10.1007/s10653-020-00789-8,
40138890,Effect of trunk-centered rehabilitation program associated with specific brace in Parkinsonian with low back pain: A 6-year follow-up case report,"David R, Billot M, Cassoudesalle H, Dehail P, Glize B, Compagnat M, de Sèze M.",Parkinsonism Relat Disord. 2025 May;134:107802. doi: 10.1016/j.parkreldis.2025.107802. Epub 2025 Mar 19.,David R,Parkinsonism Relat Disord,2025,2025/03/26,,,10.1016/j.parkreldis.2025.107802,
