abstract,authors,conclusions,copyrights,doi,journal,keywords,methods,publication_date,pubmed_id,results,title,xml,isbn,language,publication_type,publisher,publisher_location,sections
"Following up the previously published systematic review on the same topic and realizing that new studies and evidence had emerged on the matter, we conducted an update on the same research terms. With the objective of updating the information relating environmental risk factors on neurodegenerative diseases and the geographic approaches used to address them, we searched PubMed, Web of Science and Scopus for all scientific studies considering the following three domains: neurodegenerative disease, environmental atmospheric factor and geographical analysis, using the same keywords as in the previously published systematic review. From February 2020 to February 2023, 35 papers were included versus 34 in the previous period, with dementia (including Alzheimer's disease) being the most focused disease (60.0%) in this update, opposed to multiple sclerosis on the last review (55.9%). Also, environmental pollutants such as PM","[{'affiliation': 'Center for Health Technology and Services Research (CINTESIS@RISE), Faculty of Medicine, University of Porto, Rua Doutor Plácido da Costa, s/n, Porto, 4200-450, Portugal. mariana_ramos_oliveira@hotmail.com.\nDepartment of Community Medicine, Information and Health Decision Sciences (MEDCIDS), Faculty of Medicine, University of Porto, Rua Doutor Plácido da Costa s/n, 4200-450, Porto, Portugal. mariana_ramos_oliveira@hotmail.com.', 'firstname': 'Mariana', 'initials': 'M', 'lastname': 'Oliveira'}, {'affiliation': 'Floradata - Biodiversidade, Ambiente e Recursos Naturais Lda, Campo 24 de Agosto, 129 - Escritório 704, 4300-504, Porto, Portugal.', 'firstname': 'André', 'initials': 'A', 'lastname': 'Padrão'}, {'affiliation': 'Department of Geosciences, Environment and Land Planning, Faculty of Sciences, University of Porto, Rua Do Campo Alegre 687, 4169-007, Porto, Portugal.\nEarth Sciences Institute (ICT), Pole of the FCUP, University of Porto, 4169-007, Porto, Portugal.', 'firstname': 'Ana Cláudia', 'initials': 'AC', 'lastname': 'Teodoro'}, {'affiliation': 'Center for Health Technology and Services Research (CINTESIS@RISE), Faculty of Medicine, University of Porto, Rua Doutor Plácido da Costa, s/n, Porto, 4200-450, Portugal.\nDepartment of Community Medicine, Information and Health Decision Sciences (MEDCIDS), Faculty of Medicine, University of Porto, Rua Doutor Plácido da Costa s/n, 4200-450, Porto, Portugal.', 'firstname': 'Alberto', 'initials': 'A', 'lastname': 'Freitas'}, {'affiliation': 'Center for Health Technology and Services Research (CINTESIS@RISE), Faculty of Medicine, University of Porto, Rua Doutor Plácido da Costa, s/n, Porto, 4200-450, Portugal.\nDepartment of Community Medicine, Information and Health Decision Sciences (MEDCIDS), Faculty of Medicine, University of Porto, Rua Doutor Plácido da Costa s/n, 4200-450, Porto, Portugal.', 'firstname': 'Hernâni', 'initials': 'H', 'lastname': 'Gonçalves'}]",,© 2024. The Author(s).,10.1186/s13643-024-02637-7,Systematic reviews,"['Environment', 'Epidemiology', 'Geospatial', 'Neurodegenerative', 'Systematic review', 'Systematic review update']",,25-10-24,"39449020
27050202
31428316
16140637
30577116
22523504
25914621
33202965
24258882
29852480
33499343
36220441
28917207
30822651
31678904
32193278
32151419
33276778
25310992
32739624
31964412
29103040
33484961
33370610
34015665
34242242
33904156
34557784
33065503
36244228
34983871
36322355
36447194
34383042
36777523
31678904
32151419
36777523
27098242
4927601
6885956
3658080
11490162
18433841
21143594
21156437
21502600
25877452
25501708
26809141
27669512
28080218
29526408
29932357
30270719
29455071
33577489
32894443
34199394
34126372
33901187
34093398
33403633
33316725
35410900
36629499
29141802
30349849
17445792
20959505
27285422
27640071
28033496
31786292
27697291
33476876
36516478
22214351",,Geospatial analysis of environmental atmospheric risk factors in neurodegenerative diseases: a systematic review update.,<Element 'PubmedArticle' at 0x777b01b13a10>,,,,,,
"Parkinson's disease (PD) is a neurodegenerative disorder and leading cause of death worldwide, whose pathogenesis has been linked to toxic environmental exposures. We used the Preferred Reporting Items for Systematic Reviews and Meta-Analyses (PRISMA) guidelines (i) to compile, and group by exposure setting (non-specified general; residential; occupational), environmental factors reported to modulate the risk of developing PD and (ii) to map and geospatially analyze global regions of both research activity and paucity. Among the broader environmental settings, occupational exposures had the highest average odds ratio value at 3.82, followed by general (non-specified or mixed) exposures at 3.07, and residential exposures at 2.36. Occupational exposure to industrial toxins was the highest ranked subset of exposures with an odds ratio of 10.74. Among the studies meeting the inclusion criteria, 75 % were conducted in Europe or the Western United States. The number of individuals partaking per study ranged from a high of 55,585 (Taiwan) to a low of 233 (Faroe Islands), with a mean of n = 14,462. The top three environmental factors associated with high odds ratios for increased risk of developing PD were (i) exposure to dyes (25.33), (ii) methylene chloride (16.5) and specifically in adult men (iii) consumption of fatty whale meat (10.57), which is known to harbor a broad spectrum of so called persistent, bioaccumulative, toxic (PBT) pollutants. Geospatially, the highest odds ratio values were identified in European countries, whereas notable data gaps were revealed for South America, Australia, Africa, and the majority of Asia with the exception of Taiwan. Whereas occupational exposures to industrial chemicals, such as harmful dyes and methylene chloride, ranked highest in risk values, available data suggest notable opportunities for reducing PD cases globally by limiting harmful environmental exposures to a spectrum of toxic chemicals, particularly via the food intake route. Thus, current efforts in improving environmental quality globally by limiting toxic emission may deliver the added benefit of helping to reign in PD. Agents of concern in this respect include pesticides (e.g., paraquat, demeton, monocrotophos), particulate matter associated with air pollution, and a spectrum of organic and inorganic neurotoxins including heavy metals.","[{'affiliation': 'Biodesign Center for Environmental Health Engineering, Biodesign Institute, Arizona State University, Building B, 1001 S McAllister Ave, Tempe, AZ 85281-8101, USA; The College of Liberal Arts and Sciences, Arizona State University, Tempe, AZ, USA; Barrett, The Honors College, Arizona State University, Tempe, AZ, USA. Electronic address: aaravin5@asu.edu.', 'firstname': 'Anumitha', 'initials': 'A', 'lastname': 'Aravindan'}, {'affiliation': 'Biodesign Center for Environmental Health Engineering, Biodesign Institute, Arizona State University, Building B, 1001 S McAllister Ave, Tempe, AZ 85281-8101, USA; Ira A. Fulton School for Engineering of Matter, Transport & Energy, Arizona State University, Tempe, AZ 85281, USA. Electronic address: mengstro@asu.edu.', 'firstname': 'Melanie Engstrom', 'initials': 'ME', 'lastname': 'Newell'}, {'affiliation': 'Biodesign Center for Environmental Health Engineering, Biodesign Institute, Arizona State University, Building B, 1001 S McAllister Ave, Tempe, AZ 85281-8101, USA; Ira A. Fulton School for Engineering of Matter, Transport & Energy, Arizona State University, Tempe, AZ 85281, USA; School of Sustainable Engineering and the Built Environment, Arizona State University, Tempe, AZ, USA; OneWaterOneHealth, Arizona State University Foundation, 1001 S. McAllister Avenue, Tempe, AZ 85287-8101, USA; Global Futures Laboratory, Arizona State University, 800 S. Cady Mall, Tempe, AZ 85281, USA. Electronic address: rolf.halden@asu.edu.', 'firstname': 'Rolf U', 'initials': 'RU', 'lastname': 'Halden'}]",,Copyright © 2024 The Authors. Published by Elsevier B.V. All rights reserved.,10.1016/j.scitotenv.2024.172838,The Science of the total environment,"['Case-control studies', 'Cohort studies', 'Environmental factors', 'Geographic distribution', ""Parkinson's disease""]",,30-04-24,38685425,,Literature review and meta-analysis of environmental toxins associated with increased risk of Parkinson's disease.,<Element 'PubmedArticle' at 0x777b00b6dfd0>,,,,,,
"The etiology of Parkinson's disease (PD) remains unknown. To approach the issue of PD's risk factors from a new perspective, we hypothesized that coupling the geographic distribution of PD with spatial statistics may provide new insights into environmental epidemiology research. The aim of this case-control study was to examine the spatial dependence of PD prevalence in the Canton of Geneva, Switzerland (population = 474,211).
PD cases were identified through Geneva University Hospitals, private neurologists and nursing homes medical records (n = 1115). Controls derived from a population-based study (n = 12,614) and a comprehensive population census dataset (n = 237,771). All individuals were geographically localized based on their place of residence. Spatial Getis-Ord Gi* statistics were used to identify clusters of high versus low disease prevalence. Confounder-adjustment was performed for age, sex, nationality and income. Tukey's honestly significant difference was used to determine whether nitrogen dioxide and particulate matters PM
Confounder-adjustment greatly reduced greatly the spatial association. Characteristics of the geographic space influenced PD prevalence in 6% of patients. PD hotspots were concentrated in the urban centre. There was a significant difference in mean annual nitrogen dioxide and PM
PD prevalence exhibited a spatial dependence for a small but significant proportion of patients. A positive association was detected between PD clusters and air pollution. Our data emphasize the multifactorial nature of PD and support a link between PD and air pollution.","[{'affiliation': 'Division of Neurology, Geneva University Hospitals, 1211, Geneva 14, Switzerland; Faculty of Medicine, University of Geneva, CMU, 1211, Geneva 4, Switzerland. Electronic address: Vanessa.FleuryNissen@hcuge.ch.', 'firstname': 'Vanessa', 'initials': 'V', 'lastname': 'Fleury'}, {'affiliation': 'Unit of Population Epidemiology, Division of Primary Care Medicine, Department of Primary Care Medicine, Geneva University Hospitals, 1211, Geneva 14, Switzerland; Geographic Information Research and Analysis in Population Health (GIRAPH) Group, Geneva University Hospitals, Geneva and Ecole Polytechnique Fédérale de Lausanne (EPFL), 1015, Lausanne, Switzerland; Laboratory of Geographical Information Systems (LASIG), School of Architecture, Civil and Environmental Engineering (ENAC), Ecole Polytechnique Fédérale de Lausanne (EPFL), 1015, Lausanne, Switzerland.', 'firstname': 'Rebecca', 'initials': 'R', 'lastname': 'Himsl'}, {'affiliation': 'Geographic Information Research and Analysis in Population Health (GIRAPH) Group, Geneva University Hospitals, Geneva and Ecole Polytechnique Fédérale de Lausanne (EPFL), 1015, Lausanne, Switzerland; Laboratory of Geographical Information Systems (LASIG), School of Architecture, Civil and Environmental Engineering (ENAC), Ecole Polytechnique Fédérale de Lausanne (EPFL), 1015, Lausanne, Switzerland; La Source, School of Nursing, University of Applied Sciences and Arts Western Switzerland (HES-SO), Lausanne, Switzerland.', 'firstname': 'Stéphane', 'initials': 'S', 'lastname': 'Joost'}, {'affiliation': 'Division of Neurology, Geneva University Hospitals, 1211, Geneva 14, Switzerland; Department of Psychiatry, University of Cambridge, UK.', 'firstname': 'Nicolas', 'initials': 'N', 'lastname': 'Nicastro'}, {'affiliation': 'Division of Neurology, Geneva University Hospitals, 1211, Geneva 14, Switzerland.', 'firstname': 'Matthieu', 'initials': 'M', 'lastname': 'Bereau'}, {'affiliation': 'Faculty of Medicine, University of Geneva, CMU, 1211, Geneva 4, Switzerland; Unit of Population Epidemiology, Division of Primary Care Medicine, Department of Primary Care Medicine, Geneva University Hospitals, 1211, Geneva 14, Switzerland; Geographic Information Research and Analysis in Population Health (GIRAPH) Group, Geneva University Hospitals, Geneva and Ecole Polytechnique Fédérale de Lausanne (EPFL), 1015, Lausanne, Switzerland.', 'firstname': 'Idris', 'initials': 'I', 'lastname': 'Guessous'}, {'affiliation': 'Division of Neurology, Geneva University Hospitals, 1211, Geneva 14, Switzerland; Faculty of Medicine, University of Geneva, CMU, 1211, Geneva 4, Switzerland.', 'firstname': 'Pierre R', 'initials': 'PR', 'lastname': 'Burkhard'}]",PD prevalence exhibited a spatial dependence for a small but significant proportion of patients. A positive association was detected between PD clusters and air pollution. Our data emphasize the multifactorial nature of PD and support a link between PD and air pollution.,Copyright © 2021 The Authors. Published by Elsevier Ltd.. All rights reserved.,10.1016/j.parkreldis.2020.12.013,Parkinsonism & related disorders,"['Air pollution', 'Environment', 'Epidemiology', ""Parkinson's disease"", 'Prevalence', 'Spatial dependence']",,22-01-21,33476876,Confounder-adjustment greatly reduced greatly the spatial association. Characteristics of the geographic space influenced PD prevalence in 6% of patients. PD hotspots were concentrated in the urban centre. There was a significant difference in mean annual nitrogen dioxide and PM,Geospatial analysis of individual-based Parkinson's disease data supports a link with air pollution: A case-control study.,<Element 'PubmedArticle' at 0x777b0010d710>,,,,,,
"Air pollution has been suggested as a potential environmental risk factor for Parkinson's disease (PD), but findings remain inconsistent, and sex-specific effects are understudied. This study examined associations between exposure to nitrogen dioxide (NO","[{'affiliation': 'School of Nursing, University of Pennsylvania, Philadelphia, PA 19104, USA. Electronic address: jhliu@nursing.upenn.edu.', 'firstname': 'Jianghong', 'initials': 'J', 'lastname': 'Liu'}, {'affiliation': 'Department of Computer Science and Statistics, College of Arts and Sciences, University of Rhode Island, Kingston, RI 02881, USA.', 'firstname': 'Michael', 'initials': 'M', 'lastname': 'Pan'}, {'affiliation': 'School of Engineering and Applied Science, University of Pennsylvania, Philadelphia, PA 19104, USA.', 'firstname': 'Haoer', 'initials': 'H', 'lastname': 'Shi'}, {'affiliation': 'College of Arts & Sciences, University of Pennsylvania, Philadelphia, PA 19104, USA.', 'firstname': 'McKenna', 'initials': 'M', 'lastname': 'Sun'}, {'affiliation': 'Department of Biostatistics, Epidemiology, and Informatics, Perelman School of Medicine, University of Pennsylvania, Philadelphia, PA 19104, USA.', 'firstname': 'Aimin', 'initials': 'A', 'lastname': 'Chen'}, {'affiliation': 'Department of Biostatistics, Epidemiology, and Informatics, Perelman School of Medicine, University of Pennsylvania, Philadelphia, PA 19104, USA.', 'firstname': 'Rui', 'initials': 'R', 'lastname': 'Feng'}]",,Copyright © 2025. Published by Elsevier B.V.,10.1016/j.neuro.2025.103353,Neurotoxicology,"['Air Pollution', 'Nitrogen Dioxide', 'Parkinson’s Disease', 'Particulate Matter', 'Sex Difference']",,21-11-25,41265653,,Air pollution and Parkinson's disease: A prospective cohort study with sex-stratified analysis in the UK biobank.,<Element 'PubmedArticle' at 0x777b020336a0>,,,,,,
"Parkinson's disease (PD) is a common neurodegenerative disorder, affecting an estimated 10 million people globally, and its incidence rate is rising rapidly. PD most commonly develops sporadically, with only 5%-10% of cases linked to genetic causes. Environmental factors, including exposure to pesticides, have been associated with a higher risk of PD. Multiple studies have shown an increased incidence of PD in geographical regions which have high levels of pesticide use. However, there is little data on links between pesticide exposure and PD in Ireland, and the experiences of Irish people with PD in relation to pesticides remain underexplored.
To conduct a qualitative study to explore the experiences and perceptions of individuals in Ireland regarding the potential links between occupational and environmental pesticide exposure and PD.
This qualitative study investigated the experiences of individuals with PD and their families in Ireland, regarding pesticide exposure. Semi-structured interviews were conducted with 21 participants, including people with Parkinson's (PwP) and their close relatives. Purposive sampling was used to recruit participants from farming and rural communities. The semi-structured interviews lasted 10-15 min, and data were transcribed and analysed using thematic analysis. The research adhered to ethical guidelines, including informed consent and confidentiality.
Three main themes were identiifed from the analysis: 'Occupation-Related Pesticide Exposure and PD Risk', 'Dangers of Pesticides, and Barriers to Personal Protective Equipment (PPE) Usage', and 'Family and Community Influence/Mixed Messaging about Pesticide Safety'. Participants frequently reported significant pesticide exposure due to occupational activities or living in agricultural areas. Many people highlighted inadequate use of PPE and described how exposure was often unregulated or unavoidable. Family and community contexts further compounded exposure risks.
This study highlights the need for heightened awareness and education regarding risks associated with pesticide exposure. It reveals gaps in the application of protective measures and highlights a need for improved regulation of safety protocols.
The design and conduct of this study were supported by people with Parkinson's disease and their family members, as well as members of the public who have experience with pesticide use. In advance of the study, members of the Cork branch of Parkinson's Ireland reviewed the research question, methodology and interview schedules, and provided feedback on these, which was incorporated into the study.","[{'affiliation': ""Department of Anatomy and Neuroscience, School of Medicine, University College Cork, Cork, Ireland.\nParkinson's Disease Research Cluster, University College Cork, Cork, Ireland."", 'firstname': 'Lucy M', 'initials': 'LM', 'lastname': 'Collins'}, {'affiliation': 'Department of Anatomy and Neuroscience, School of Medicine, University College Cork, Cork, Ireland.\nDepartment of Pharmacology and Therapeutics, School of Medicine, University College Cork, Cork, Ireland.', 'firstname': 'Sarah', 'initials': 'S', 'lastname': 'Moore'}, {'affiliation': ""Parkinson's Disease Research Cluster, University College Cork, Cork, Ireland.\nCentre for Gerontology and Rehabilitation, School of Medicine, University College Cork, Cork, Ireland."", 'firstname': 'Emma', 'initials': 'E', 'lastname': ""O'Shea""}, {'affiliation': 'Department of Anatomy and Neuroscience, School of Medicine, University College Cork, Cork, Ireland.', 'firstname': 'Aidan', 'initials': 'A', 'lastname': 'White'}, {'affiliation': ""Department of Anatomy and Neuroscience, School of Medicine, University College Cork, Cork, Ireland.\nParkinson's Disease Research Cluster, University College Cork, Cork, Ireland.\nDepartment of Pharmacology and Therapeutics, School of Medicine, University College Cork, Cork, Ireland."", 'firstname': 'Aideen M', 'initials': 'AM', 'lastname': 'Sullivan'}]",This study highlights the need for heightened awareness and education regarding risks associated with pesticide exposure. It reveals gaps in the application of protective measures and highlights a need for improved regulation of safety protocols.,© 2025 The Author(s). Health Expectations published by John Wiley & Sons Ltd.,"10.1111/hex.70329
10.1111/febs.14607
10.1212/WNL.35.7.949
10.3389/fpubh.2020.00091
10.1016/bs.ant.2017.07.004
10.3233/JPD-179006
10.1016/j.expneurol.2004.01.023
10.1016/j.tips.2009.12.006
10.1186/s40035-023-00368-8
10.1016/j.gloenvcha.2023.102693
10.1016/S1474-4422(18)30295-3
10.1001/jamaneurol.2020.2412
10.3390/brainsci12010111
10.1016/j.envres.2021.111161
10.1186/s12940-020-00624-8
10.1289/ehp.1307970
10.1038/s41467-023-38215-z
10.1016/j.scitotenv.2022.160851
10.1007/s40572-016-0083-2
10.1016/j.jchemneu.2021.101966
10.3390/safety11020049
10.1191/1478088706qp063oa
10.1002/ana.20904
10.47626/1679-4435-2020-532
10.1080/1059924X.2011.555282
10.3390/toxics4010001
10.1371/journal.pone.0128766
10.1590/0001-3765202220211335
10.3390/toxics10060335
10.3390/ijerph18189907
10.1007/s13593-011-0022-4",Health expectations : an international journal of public participation in health care and health policy,"[""Parkinson's disease"", 'Personal Protective Equipment', 'pesticides']",,14-10-25,"41085610
27751556
30028088
3874373
32318533
28282815
15144868
20096940
37468944
30287051
32716484
35053854
33887276
32552814
25815770
37193692
36526213
26857251
33991619
16802290
33597986
21462024
29051407
26042669
35703700
35736943
34574830","Three main themes were identiifed from the analysis: 'Occupation-Related Pesticide Exposure and PD Risk', 'Dangers of Pesticides, and Barriers to Personal Protective Equipment (PPE) Usage', and 'Family and Community Influence/Mixed Messaging about Pesticide Safety'. Participants frequently reported significant pesticide exposure due to occupational activities or living in agricultural areas. Many people highlighted inadequate use of PPE and described how exposure was often unregulated or unavoidable. Family and community contexts further compounded exposure risks.",Pesticide Exposure and Parkinson's Disease: A Qualitative Study of Experiences in Ireland.,<Element 'PubmedArticle' at 0x777b01f57330>,,,,,,
"Numerous studies suggest that environmental exposures play a critical role in Parkinson disease (PD) pathogenesis, and large, population-based studies have the potential to advance substantially the identification of novel PD risk factors. We sought to study the nationwide geographic relationship between PD and air pollution, specifically PM
We conducted a population-based geographic study of Medicare beneficiaries aged 66-90 years geocoded to US counties and zip+4. We used integrated nested Laplace approximation to create age, sex, race, smoking, and health care utilization-adjusted relative risk (RR) at the county level for geographic analyses with PM
Among 21,639,190 Medicare beneficiaries, 89,390 had incident PD in 2009. There was a nationwide association between average annual PM
State-of-the-art geographic analytic techniques revealed an association between PM","[{'affiliation': 'From the Barrow Neurological Institute (B.K., B.A.R.), Phoenix, AZ; Washington University in St. Louis (S.S.N., J.R.T.) MO. brittany.krzyzanowski@barrowneuro.org.', 'firstname': 'Brittany', 'initials': 'B', 'lastname': 'Krzyzanowski'}, {'affiliation': 'From the Barrow Neurological Institute (B.K., B.A.R.), Phoenix, AZ; Washington University in St. Louis (S.S.N., J.R.T.) MO.', 'firstname': 'Susan', 'initials': 'S', 'lastname': 'Searles Nielsen'}, {'affiliation': 'From the Barrow Neurological Institute (B.K., B.A.R.), Phoenix, AZ; Washington University in St. Louis (S.S.N., J.R.T.) MO.', 'firstname': 'Jay R', 'initials': 'JR', 'lastname': 'Turner'}, {'affiliation': 'From the Barrow Neurological Institute (B.K., B.A.R.), Phoenix, AZ; Washington University in St. Louis (S.S.N., J.R.T.) MO.', 'firstname': 'Brad A', 'initials': 'BA', 'lastname': 'Racette'}]",,"Copyright © 2023 The Author(s). Published by Wolters Kluwer Health, Inc. on behalf of the American Academy of Neurology.","10.1212/WNL.0000000000207871
10.1289/EHP9018
10.1016/j.envres.2019.108587
10.1177/0192623307313011
10.1016/j.parkreldis.2021.05.029
10.1093/aje/kwq303
10.1097/ee9.0000000000000023
10.1016/S0140-6736(16)32399-6
10.1016/j.envint.2022.107667
10.1001/jamaneurol.2021.1335
10.1097/JOM.0000000000000451
10.1289/ehp.1408973
10.1289/EHP135
10.1186/1476-069X-13-80
10.1289/EHP259
10.1016/j.neuint.2019.104615
10.1016/S2542-5196(20)30227-8
10.1093/ije/dyy172
10.1016/j.envint.2019.04.069
10.1016/j.envres.2021.111170
10.1186/s12940-020-0565-4
10.1159/000275491
10.1212/wnl.37.3.467
10.1212/wnl.38.10.1558
10.1016/s0022-510x(97)05371-9
10.1212/WNL.0000000000004536
10.1159/000365590
10.1016/j.envint.2019.104909
10.1186/1478-7954-12-5
10.1016/j.annepidem.2023.04.019
10.1056/NEJMp1802313
10.1111/j.1467-9868.2008.00700.x
10.1016/j.arr.2014.01.004
10.1016/j.yfrne.2014.02.002
10.4236/apd.2016.54011
10.1093/oxfordjournals.aje.a120874
10.1212/WNL.0000000000005678
10.1111/j.0016-7363.2005.00671.x
10.3233/JPD-191793
10.1212/WNL.0b013e31822c9123
10.1021/es402704n
10.1016/j.atmosenv.2007.07.061
10.1016/j.envres.2016.09.006
10.1289/EHP8036
10.1021/acs.est.5b05833",Neurology,[],,31-10-23,"37903644
34347531
31326714
18349428
34091413
20959505
28063597
36516478
33999109
25951420
25978701
27285422
25294559
28886605
31786292
33091388
30124852
31103844
33887274
31964412
20090375
3822140
3419598
9260859
28864676
25323155
31272018
24661401
37142065
29949490
24503004
24607323
5673487
29743207
32083591
21832214
24387270
27640071
34939828
26953851","Among 21,639,190 Medicare beneficiaries, 89,390 had incident PD in 2009. There was a nationwide association between average annual PM",Fine Particulate Matter and Parkinson Disease Risk Among Medicare Beneficiaries.,<Element 'PubmedArticle' at 0x777b00930360>,,,,,,
"Pesticide exposure has consistently been associated with Parkinson's disease (PD) onset. Yet, fewer epidemiologic studies have examined whether pesticides influence PD motor and non-motor symptom progression.
Using a geographic information system tool that integrates agricultural pesticide use reports and land use records to derive ambient exposures at residences and workplaces, we assessed associations between specific pesticides previously related to PD onset with PD symptom progression in two PD patient cohorts living in agricultural regions of California.
We calculated the pounds of pesticide applied agriculturally near each participant's residential or occupational addresses from 1974 to the year of PD diagnosis, using a geographic information system tool that links the California Pesticide Use Reports database to land use data. We examined 53 pesticides selected a priori as they have previously been associated with PD onset. We longitudinally followed two PD patient cohorts (PEG1 N = 242, PEG2 N = 259) for an average of 5.0 years (SD ± 3.5) and 2.7 years (SD ± 1.6) respectively and assessed PD symptoms using the movement disorder specialist-administered Unified Parkinson's disease Rating Scale part III (UPDRS), Mini-Mental State Examination (MMSE), and Geriatric Depression Scale (GDS). Weighted time-to-event regression models were implemented to estimate effects.
Ten agricultural pesticides, including copper sulfate (pentahydrate), 2-methyl-4-chlorophenoxyacetic acid (MCPA) dimethylamine salt, tribufos, sodium cacodylate, methamidophos, ethephon, propargite, bromoxynil octanoate, monosodium methanearsonate (MSMA), and dicamba, were associated with faster symptom progression. Among these pesticides, residential or workplace proximity to higher amounts of copper sulfate (pentahydrate) and MCPA (dimethylamine salt) was associated with all three progression endpoints (copper sulfate: HRs = 1.22-1.36, 95 % CIs = 1.03-1.73; MCPA: HRs = 1.27-1.35, 95 % CIs = 1.02-1.70).
Our findings suggest that pesticide exposure may not only be relevant for PD onset but also PD progression phenotypes. We have implicated ten specific pesticide active ingredients in faster PD motor and non-motor decline.","[{'affiliation': 'Department of Epidemiology, UCLA Fielding School of Public Health, Los Angeles, CA, USA.', 'firstname': 'Shiwen', 'initials': 'S', 'lastname': 'Li'}, {'affiliation': 'Department of Epidemiology, UCLA Fielding School of Public Health, Los Angeles, CA, USA; Department of Neurology, David Geffen School of Medicine, Los Angeles, CA, USA.', 'firstname': 'Beate', 'initials': 'B', 'lastname': 'Ritz'}, {'affiliation': 'Department of Epidemiology, UCLA Fielding School of Public Health, Los Angeles, CA, USA.', 'firstname': 'Yufan', 'initials': 'Y', 'lastname': 'Gong'}, {'affiliation': 'Department of Preventive Medicine, Keck School of Medicine, University of Southern California, CA, USA.', 'firstname': 'Myles', 'initials': 'M', 'lastname': 'Cockburn'}, {'affiliation': 'Department of Epidemiology, UCLA Fielding School of Public Health, Los Angeles, CA, USA.', 'firstname': 'Aline Duarte', 'initials': 'AD', 'lastname': 'Folle'}, {'affiliation': 'Department of Epidemiology, UCLA Fielding School of Public Health, Los Angeles, CA, USA.', 'firstname': 'Irish', 'initials': 'I', 'lastname': 'Del Rosario'}, {'affiliation': 'Department of Epidemiology, UCLA Fielding School of Public Health, Los Angeles, CA, USA.', 'firstname': 'Yu', 'initials': 'Y', 'lastname': 'Yu'}, {'affiliation': 'Department of Epidemiology, UCLA Fielding School of Public Health, Los Angeles, CA, USA.', 'firstname': 'Keren', 'initials': 'K', 'lastname': 'Zhang'}, {'affiliation': 'Department of Epidemiology, UCLA Fielding School of Public Health, Los Angeles, CA, USA.', 'firstname': 'Emily', 'initials': 'E', 'lastname': 'Castro'}, {'affiliation': 'Department of Neurology, David Geffen School of Medicine, Los Angeles, CA, USA.', 'firstname': 'Adrienne M', 'initials': 'AM', 'lastname': 'Keener'}, {'affiliation': 'Department of Neurology, David Geffen School of Medicine, Los Angeles, CA, USA.', 'firstname': 'Jeff', 'initials': 'J', 'lastname': 'Bronstein'}, {'affiliation': 'Department of Neurology, David Geffen School of Medicine, Los Angeles, CA, USA. Electronic address: kimberlp@ucla.edu.', 'firstname': 'Kimberly C', 'initials': 'KC', 'lastname': 'Paul'}]",,Copyright © 2022 The Authors. Published by Elsevier B.V. All rights reserved.,"10.1016/j.scitotenv.2022.160851
10.1016/j.biopha.2017.03.100
10.1289/ehp.7867.
10.1016/j.scitotenv.2020.140591.
10.1007/s00415-012-6557-8.
10.1016/S1474-4422(16)30230-7.
10.1186/1476-069X-7-50.
10.1007/s11064-008-9610-3
10.1016/j.envint.2017.07.001.
10.1093/toxsci/kfh038.
10.1016/S1474-4422(06)70373-8.
10.1093/aje/kwr003.
10.1016/j.parkreldis.2019.01.018
10.1016/j.atmosenv.2021.118612.
10.1016/j.neuro.2012.05.011
10.1001/archneur.56.1.33.
10.1002/mds.27947
10.1111/ejn.14094.
10.3389/fncel.2016.00293.
10.1016/j.neuroscience.2019.09.006.
10.1016/j.tox.2017.02.009
10.1016/j.jns.2011.01.003.
10.1136/jnnp.55.3.181.
10.1002/mds.20513.
10.1016/j.toxlet.2009.03.026.
10.1016/0895-4356(94)90122-8.
10.1016/j.ijbiomac.2020.06.274.
10.1016/j.jchas.2017.09.003.
10.1001/archneurol.2008.561.
10.1093/biostatistics/kxq013.
10.1016/s0304-3940(02)01168-0.
10.1155/2014/147251.
10.1016/j.neubiorev.2016.07.010.
10.1016/s0140-6736(87)90827-0.
10.3389/fphar.2020.00435.
10.1001/jamaneurol.2017.4206.
10.1101/2022.02.06.479305
10.1016/j.envint.2017.06.018.
10.1111/j.1468-1331.2008.02056.x.
10.1007/s00401-019-02033-9.
10.1196/annals.1371.074
10.1007/s40572-016-0083-2
10.1371/journal.pone.0036199.
10.1016/j.neuro.2017.04.010
10.1080/10298420290007574.
10.1186/s12940-020-00624-8.
10.1002/(SICI)1099-1166(199610)11:10&lt;915::AID-GPS411&gt;3.0.CO;2-H
10.1146/annurev-pathol-011110-130242.
10.1001/archneurol.2009.295.
10.3389/fphar.2012.00169.
10.1007/s11869-020-00829-3.
10.1016/j.parkreldis.2010.10.007.
10.1007/s00702-017-1686-y
10.1007/s12264-012-1050-z.
10.1016/j.etap.2012.06.014.
10.1016/j.yrtph.2018.05.005.
10.1300/J018v05n01_09.
10.1016/j.tox.2015.07.014.
10.1016/j.pharmthera.2011.10.006.",The Science of the total environment,"['Cognitive decline', 'Depression', 'Motor progression', ""Parkinson's disease"", 'Pesticide']",,17-12-22,"36526213
28412655
15866758
32721662
22711157
27751556
18945337
18307039
28704700
14691213
16488379
21447478
30833231
22627180
9923759
31889341
10385887
30059179
28066188
31634513
28202386
21292280
1564476
15954133
19446248
7730909
32629061
19204152
20350957
12531458
24672633
27422450
2886715
32322208
29340614
28689109
18353132
31197504
17119217
26857251
22615757
28467894
12826488
32552814
21034221
20065131
23055972
21084211
28150045
22233888
22824501
29729297
26215101
22115751","Ten agricultural pesticides, including copper sulfate (pentahydrate), 2-methyl-4-chlorophenoxyacetic acid (MCPA) dimethylamine salt, tribufos, sodium cacodylate, methamidophos, ethephon, propargite, bromoxynil octanoate, monosodium methanearsonate (MSMA), and dicamba, were associated with faster symptom progression. Among these pesticides, residential or workplace proximity to higher amounts of copper sulfate (pentahydrate) and MCPA (dimethylamine salt) was associated with all three progression endpoints (copper sulfate: HRs = 1.22-1.36, 95 % CIs = 1.03-1.73; MCPA: HRs = 1.27-1.35, 95 % CIs = 1.02-1.70).",Proximity to residential and workplace pesticides application and the risk of progression of Parkinson's diseases in Central California.,<Element 'PubmedArticle' at 0x777b00738b30>,,,,,,
"Assessment of occupational pesticide exposure in epidemiological studies of chronic diseases is challenging. Biomonitoring of current pesticide levels might not correlate with past exposure relevant to disease aetiology, and indirect methods often rely on workers' imperfect recall of exposures, or job titles. We investigated how the applied exposure assessment method influenced risk estimates for some chronic diseases. In three meta-analyses the influence of exposure assessment method type on the summary risk ratio (sRR) of prostate cancer (PC) (25 articles), non-Hodgkin's lymphoma (NHL) (29 articles) and Parkinson's disease (PD) (32 articles) was investigated. Exposure assessment method types analysed were: group-level assessments (eg, job titles), self-reported exposures, expert-level assessments (eg, job-exposure matrices) and biomonitoring (eg, blood, urine). Additionally, sRRs were estimated by study design, publication year period and geographic location where the study was conducted. Exposure assessment method types were not associated with statistically significant different sRRs across any of the health outcomes. Heterogeneity in results varied from high in cancer studies to moderate and low in PD studies. Overall, case-control designs showed significantly higher sRR estimates than prospective cohort designs. Later NHL publications showed significantly higher sRR estimates than earlier. For PC, studies from North America showed significantly higher sRR estimates than studies from Europe. We conclude that exposure assessment method applied in studies of occupational exposure to pesticides appears not to have a significant effect on risk estimates for PC, NHL and PD. In systematic reviews of chronic health effects of occupational exposure to pesticides, epidemiological study design, publication year and geographic location, should primarily be considered.","[{'affiliation': 'Institute for Risk Assessment Sciences, Utrecht University, Utrecht, Netherlands j.p.g.ohlander@uu.nl.', 'firstname': 'Johan', 'initials': 'J', 'lastname': 'Ohlander'}, {'affiliation': 'Institute for Risk Assessment Sciences, Utrecht University, Utrecht, Netherlands.', 'firstname': 'Samuel', 'initials': 'S', 'lastname': 'Fuhrimann'}, {'affiliation': 'Institute of Occupational Medicine (IOM), Edinburgh, UK.\nCentre for Occupational and Environmental Health, School of Health Sciences, Faculty of Biology, Medicine and Health, The University of Manchester, Manchester, UK.', 'firstname': 'Ioannis', 'initials': 'I', 'lastname': 'Basinas'}, {'affiliation': 'Institute of Occupational Medicine (IOM), Edinburgh, UK.\nInstitute of Biological Chemistry, Biophysics and Bioengineering, Heriot Watt University, Edinburgh, UK.', 'firstname': 'John W', 'initials': 'JW', 'lastname': 'Cherrie'}, {'affiliation': 'Institute of Occupational Medicine (IOM), Edinburgh, UK.', 'firstname': 'Karen S', 'initials': 'KS', 'lastname': 'Galea'}, {'affiliation': 'Centre for Occupational and Environmental Health, School of Health Sciences, Faculty of Biology, Medicine and Health, The University of Manchester, Manchester, UK.', 'firstname': 'Andrew C', 'initials': 'AC', 'lastname': 'Povey'}, {'affiliation': 'Centre for Occupational and Environmental Health, School of Health Sciences, Faculty of Biology, Medicine and Health, The University of Manchester, Manchester, UK.', 'firstname': 'Martie', 'initials': 'M', 'lastname': 'van Tongeren'}, {'affiliation': 'Health and Safety Executive, Harpur Hill, Buxton, UK.', 'firstname': 'Anne-Helen', 'initials': 'AH', 'lastname': 'Harding'}, {'affiliation': 'Health and Safety Executive, Harpur Hill, Buxton, UK.', 'firstname': 'Kate', 'initials': 'K', 'lastname': 'Jones'}, {'affiliation': 'Institute for Risk Assessment Sciences, Utrecht University, Utrecht, Netherlands.', 'firstname': 'Roel', 'initials': 'R', 'lastname': 'Vermeulen'}, {'affiliation': 'Institute for Risk Assessment Sciences, Utrecht University, Utrecht, Netherlands.', 'firstname': 'Anke', 'initials': 'A', 'lastname': 'Huss'}, {'affiliation': 'Institute for Risk Assessment Sciences, Utrecht University, Utrecht, Netherlands.', 'firstname': 'Hans', 'initials': 'H', 'lastname': 'Kromhout'}]",,© Author(s) (or their employer(s)) 2022. Re-use permitted under CC BY-NC. No commercial re-use. See rights and permissions. Published by BMJ.,"10.1136/oemed-2021-108046
10.1016/j.toxlet.2011.08.008
10.1016/S0003-4878(00)00093-4
10.1136/oemed-2019-106348
10.1136/oemed-2019-105880
10.1007/s10552-005-0443-y
10.1136/oem.60.9.634
10.1007/s10552-015-0643-z
10.15430/JCP.2019.24.2.91
10.1136/oemed-2014-102692
10.1186/1476-069X-11-5
10.1177/1557988312458792
10.1093/ije/dyz017
10.1016/j.mrrev.2019.02.001
10.1016/S1047-2797(97)00120-8
10.1002/(SICI)1097-0274(199704)31:4&lt;442::AID-AJIM10&gt;3.0.CO;2-#
10.3390/ijerph110404449
10.1007/s10552-007-9061-1
10.1016/j.envpol.2017.08.028
10.1016/j.annepidem.2017.03.003
10.3390/ijerph16030337
10.5271/sjweh.3641
10.1016/j.yrtph.2018.05.005
10.3109/10408444.2013.798719
10.1289/ehp.1103881
10.1016/j.envint.2012.05.004
10.1212/WNL.0b013e318294b3c8
10.1080/19338244.2018.1492894
10.1136/bmj.327.7414.557
10.1016/j.cct.2015.09.002
10.1007/s10552-019-01140-y
10.1038/bjc.1996.418
10.1093/oxfordjournals.aje.a008750
10.5271/sjweh.997
10.1002/pros.20713
10.1093/occmed/kqr067
10.1038/bjc.1987.234
10.1016/0045-6535(89)90148-3
10.1196/annals.1371.036
10.1080/10428190290021560
10.1212/WNL.42.7.1328
10.1212/WNL.40.8.1218
10.1093/ije/dyx225
10.1016/j.envres.2020.110186
10.1002/mds.21009
10.1002/mds.10440
10.1159/000026185
10.1186/1471-2377-11-83
10.1002/1531-8257(199911)14:6&lt;928::AID-MDS1004&gt;3.0.CO;2-Z
10.1186/s12940-019-0488-0
10.1093/aje/kws225
10.1136/oem.53.10.652
10.1136/oemed-2014-102170
10.5271/sjweh.3142
10.1093/annweh/wxy080
10.5271/sjweh.3894
10.1136/oem.2008.041566
10.1038/sj.jea.7500232
10.1038/srep25768
10.1016/j.envint.2021.106825
10.1016/j.ejca.2006.10.008",Occupational and environmental medicine,"['agriculture', 'epidemiology', 'meta-analysis', 'occupational health', 'pesticides']",,09-04-22,"35393289
21925579
11378147
32201387
32098789
16596288
12937183
26245248
31360689
26644457
22284215
22948300
30880337
31342895
9465996
9093659
24762670
17874193
28810201
28476329
30691095
28379585
29729297
23844699
22389202
22698719
23713084
30474499
12958120
26343745
30805813
8761387
8633620
16804620
18247399
20192575
19753293
21709170
3689667
8162585
17119216
12148884
1620342
2381528
29136149
32919961
16773614
12815659
9778597
21733194
10584666
31170989
23171882
8943828
25104429
21240453
30239580
32356897
19221114
12198579
27185567
34461377
17134891",,"Impact of occupational pesticide exposure assessment method on risk estimates for prostate cancer, non-Hodgkin's lymphoma and Parkinson's disease: results of three meta-analyses.",<Element 'PubmedArticle' at 0x777b00587240>,,,,,,
"The widespread presence of microplastics (MPs) in the environment has raised significant concerns about their potential impact on human health. As of 2023, the Ocean Conservancy estimates that adults may ingest up to 121,000 MPs annually. While the majority of these particles are cleared from the body, a small fraction can persist, as MPs are non-biodegradable and resist breakdown, posing long-term health risks that remain poorly understood. This review explores the emerging link between MP exposure and the development of neurodegenerative diseases, particularly Alzheimer's disease (AD) and Parkinson's disease [1]. MPs appear capable of triggering neurotoxic pathways, including activation of resident immune cells in the brain, oxidative stress, blood-brain barrier (BBB) disruption, mitochondrial dysfunction, and neuronal damage, which may contribute to neuroinflammation and disease progression. Specifically, six MP-related mechanistic pathways associated with AD were identified: BBB disruption, chronic inflammation, oxidative stress and ROS generation, mitochondrial dysfunction, impaired autophagy and proteostasis, and epigenetic alterations. Similarly, six pathways were implicated in PD: BBB disruption, oxidative stress in dopaminergic neurons, mitochondrial dysfunction, microglial-driven neuroinflammation, α-synuclein aggregation, and gut-brain axis [2] disruption. Ultimately, our findings underscore the urgent need for further research into the neurological consequences of chronic MP exposure in humans and highlight the importance of strengthening global policies to curb plastic pollution and mitigate its long-term health risks.","[{'affiliation': 'Discipline of Pharmacy, Graduate School of Health, University of Technology Sydney, Ultimo, NSW, 2007, Australia.', 'firstname': 'Alexander Chi Wang', 'initials': 'ACW', 'lastname': 'Siu'}, {'affiliation': 'Centre for Inflammation, School of Life Sciences, Faculty of Science, Centenary Institute and University of Technology, Sydney, NSW, 2007, Australia.\nWoolcock Institute of Medical Research, Macquarie University, Sydney, NSW, Australia.\nUttaranchal Institute of Pharmaceutical Sciences, Uttaranchal University, Dehradun, India.', 'firstname': 'Keshav Raj', 'initials': 'KR', 'lastname': 'Paudel'}, {'affiliation': 'Centre for Research Impact & Outcome, Chitkara College of Pharmacy, Chitkara University, Rajpura, 140401, Punjab, India.', 'firstname': 'Gurjeet', 'initials': 'G', 'lastname': 'Singh'}, {'affiliation': 'Centre for Research Impact & Outcome, Chitkara College of Pharmacy, Chitkara University, Rajpura, 140401, Punjab, India.\nCentre of Medical and Bio-allied Health Sciences Research, Ajman University, Ajman, 346, United Arab Emirates.', 'firstname': 'Gaurav', 'initials': 'G', 'lastname': 'Gupta'}, {'affiliation': 'School of Pharmaceutical Sciences , Lovely Professional University, Phagwara, India.\nFaculty of Health, Australian Research Centre in Complementary and Integrative Medicine, University of Technology Sydney, Ultimo, NSW, 2007, Australia.', 'firstname': 'Sachin Kumar', 'initials': 'SK', 'lastname': 'Singh'}, {'affiliation': 'Department of Life Sciences, School of Pharmacy, International Medical University, Bukit Jalil, Kuala Lumpur, 57000, Malaysia.', 'firstname': 'Dinesh Kumar', 'initials': 'DK', 'lastname': 'Chellappan'}, {'affiliation': 'Discipline of Pharmacy, Graduate School of Health, University of Technology Sydney, Ultimo, NSW, 2007, Australia.', 'firstname': 'Gabriele', 'initials': 'G', 'lastname': 'De Rubis'}, {'affiliation': 'Department of Drug Discovery & Development, Harrison College of Pharmacy, Auburn University, 3306B Walker building, Auburn, AL, 36849, USA.', 'firstname': 'Suhrud', 'initials': 'S', 'lastname': 'Pathak'}, {'affiliation': 'Discipline of Pharmacy, Graduate School of Health, University of Technology Sydney, Ultimo, NSW, 2007, Australia.\nWoolcock Institute of Medical Research, Macquarie University, Sydney, NSW, Australia.\nSchool of Life Sciences, University of Technology Sydney, Ultimo, NSW, 2007, Australia.', 'firstname': 'Brian', 'initials': 'B', 'lastname': 'Gregory George Oliver'}, {'affiliation': 'Discipline of Pharmacy, Graduate School of Health, University of Technology Sydney, Ultimo, NSW, 2007, Australia. Kamal.Dua@uts.edu.au.\nWoolcock Institute of Medical Research, Macquarie University, Sydney, NSW, Australia. Kamal.Dua@uts.edu.au.\nFaculty of Health, Australian Research Centre in Complementary and Integrative Medicine, University of Technology Sydney, Ultimo, NSW, 2007, Australia. Kamal.Dua@uts.edu.au.', 'firstname': 'Kamal', 'initials': 'K', 'lastname': 'Dua'}, {'affiliation': 'Department of Drug Discovery & Development, Harrison College of Pharmacy, Auburn University, 3306B Walker building, Auburn, AL, 36849, USA. dhanamu@auburn.edu.\nGraduate School, Auburn University, Auburn, AL, 36849, USA. dhanamu@auburn.edu.', 'firstname': 'Muralikrishnan', 'initials': 'M', 'lastname': 'Dhanasekaran'}]",,© 2025. The Author(s).,"10.1007/s11010-025-05428-3
10.1016/j.marpolbul.2020.111820
10.1126/science.1094559
10.1016/j.jconhyd.2024.104379
10.7185/geochemlet.1829
10.1016/j.oneear.2020.10.020
10.3349/ymj.2023.0048
10.1016/j.marpolbul.2019.01.053
10.1016/j.hazadv.2022.100215
10.1016/j.envadv.2022.100227
10.1007/s11270-019-4320-9
10.1038/s41598-023-32250-y
10.1016/j.marpolbul.2020.111847
10.1016/j.envpol.2020.114096
10.1016/j.marpolbul.2018.01.041
10.1016/j.marpolbul.2017.02.048
10.1021/acs.est.9b05994
10.1021/acs.est.3c03949
10.1007/s11356-021-17408-3
10.1016/j.chemosphere.2020.127199
10.1016/j.scitotenv.2018.10.166
10.1016/j.marpolbul.2021.113115
10.1016/j.envpol.2021.118607
10.33263/BRIAC132.126
10.1016/j.marpolbul.2022.114121
10.1016/j.envpol.2021.118030
10.22034/gjesm.2024.01.14
10.1016/j.envres.2020.109677
10.1016/j.scitotenv.2020.136823
10.1016/j.envpol.2023.123233
10.1016/j.emcon.2024.100417
10.1021/acs.est.9b02540
10.1016/j.scitotenv.2023.162193
10.1038/s41598-019-43023-x
10.1016/j.jhazmat.2024.134054
10.1016/j.eti.2021.101370
10.1016/j.tox.2024.153799
10.1007/s10661-023-11890-7
10.1056/NEJMoa2309822
10.1002/jat.4598
10.1016/j.jhazmat.2024.133518
10.1136/bmjopen-2016-015746
10.1016/s2468-2667(21)00249-8
10.1101/cshperspect.a006239
10.1038/aps.2017.28
10.4161/pri.2.3.7488
10.2147/ijn.S200490
10.3934/Neuroscience.2021020
10.4103/1673-5374.193234
10.3389/fnins.2018.00163
10.1016/j.apsb.2022.01.008
10.1016/s1474-4422(15)70016-5
10.1177/1073858420954811
10.1016/j.radcr.2021.05.080
10.1038/nrdp.2017.13
10.1007/s00702-017-1686-y
10.1016/S0140-6736(23)01419-8
10.1016/S1353-8020(01)00020-7
10.1136/jnnp.51.6.745
10.1080/17425247.2016.1220364
10.1161/STROKEAHA.122.036946
10.1016/j.arr.2024.102224
10.1016/j.jhazmat.2024.136028
10.1001/jamanetworkopen.2024.40018
10.21203/rs.3.rs-4345687/v1
10.1038/s41591-024-03453-1
10.1186/s12989-020-00358-y
10.1016/j.chemosphere.2022.134625
10.3389/fendo.2022.1084236
10.1016/j.scitotenv.2024.171681
10.1016/j.scitotenv.2021.150817
10.3390/cimb46050256
10.1016/j.chemosphere.2022.134261
10.1038/s12276-020-0405-1
10.1016/j.tins.2015.04.003
10.1007/s00424-019-02310-2
10.1186/1750-1326-6-55
10.1038/s41598-024-74637-5
10.2147/NDT.S396556
10.3389/fncel.2018.00114
10.1016/j.ecoenv.2024.117471
10.1042/bst20140319
10.1177/0271678x16655551
10.1038/nm.3407
10.1016/j.ecoenv.2024.117063
10.1016/j.ecoenv.2024.116393
10.1038/s41392-023-01486-5
10.1016/j.jhazmat.2022.128431
10.1289/EHP10255
10.1084/jem.20171406
10.1038/s41423-021-00757-x
10.3389/fncel.2021.695479
10.3389/fncel.2021.661838
10.1038/nm.3913
10.1021/acs.chemrestox.1c00374
10.1523/jneurosci.2614-05.2005
10.1186/s12974-020-01820-6
10.3389/fphar.2022.845185
10.1016/j.neurobiolaging.2021.07.014
10.1016/j.fct.2022.112904
10.1007/s13205-022-03123-4
10.3390/ijms231810329
10.3390/antiox13101208
10.1038/s41536-020-00107-x
10.3390/toxics12070493
10.1016/j.brainres.2011.07.052
10.1016/j.scitotenv.2021.146523
10.1016/j.yexcr.2014.09.017
10.1089/ars.2008.2263
10.1016/j.envpol.2022.119449
10.1038/s41421-020-0141-7
10.1007/s00401-024-02799-7
10.1093/advances/nmab154
10.1016/j.cbi.2022.110021
10.1007/s00244-022-00924-9
10.1016/j.chemosphere.2020.128592
10.1016/j.ajme.2017.09.001
10.3233/jad-1999-1301
10.1016/j.ibneur.2023.11.007
10.1016/j.ecoenv.2021.112018
10.3390/microplastics4010010
10.1016/j.chemosphere.2024.142986
10.1186/s40035-024-00430-z
10.3233/jpd-130230
10.1016/j.arr.2025.102667
10.1186/s13024-023-00676-7
10.1016/j.jhazmat.2022.128459
10.1002/advs.202401009
10.1016/j.nurt.2010.05.014
10.1186/s40035-015-0042-0
10.1038/s12276-022-00789-x
10.3233/jpd-223290
10.1126/sciadv.adi8716
10.1016/j.jhazmat.2023.133289
10.1016/j.arr.2019.01.012
10.3390/biom13101435
10.1016/j.lfs.2022.120366
10.1016/j.enceco.2025.03.005
10.1038/s41392-024-01743-1
10.1007/s10571-024-01496-z
10.3390/jcm12165231
10.1021/acsnano.4c03874
10.1016/j.biopha.2023.114985
10.3389/fcimb.2024.1348279
10.5056/jnm19044
10.1016/j.neurol.2022.12.010
10.1007/s00401-019-02040-w
10.1111/cns.13990
10.3389/fneur.2017.00037
10.1177/13872877251364559
10.1016/j.lfs.2023.121752
10.1007/s12035-024-04160-1
10.1016/j.etap.2022.104027
10.1002/tox.23752
10.1111/j.1750-3639.2009.00369.x
10.1186/s12199-020-00870-9
10.5620/eaht.2021004
10.1016/j.scitotenv.2024.174704
10.1002/etc.5237",Molecular and cellular biochemistry,"['Alzheimer’s disease', 'Microplastics', 'Neuro-pathophysiology', 'Neurodegenerative diseases', 'Parkinson’s disease', 'Plastic environmental pollution']",,18-11-25,"41252097
33203604
15131299
38851130
37114632
30803674
36997607
33338929
32041035
29680567
28238328
31904226
37578171
32480092
30368178
34743074
34883149
36150226
34461419
32454310
31991276
38159628
31552738
36828069
31036862
38503214
38608860
37782357
38446676
38228001
28851777
28713158
19158505
34183987
27904486
29623026
35530153
25792098
33238806
34257791
28332488
28150045
38245248
11489671
2841426
27500785
35387495
38346505
39366047
39283733
38765967
39901044
32513186
35439490
36726457
38490422
34627918
38785524
35302003
32203103
25975510
39390134
36636141
29755324
39657384
26551716
27323783
24309662
39299213
38714083
37433768
35150991
36251724
29061693
34594000
34349624
34588955
26214837
35060696
16207887
35250595
34416493
35257813
35116217
36142234
39456461
39058145
21872849
34030247
25246129
18764739
35550135
32047650
39259382
34928307
35469368
33077188
12213999
39007083
33550076
39094707
39075566
24252804
39848408
35739658
38751156
20880500
26464797
35790884
35988226
37976362
38157817
30690184
37892117
39377830
37629273
39158845
38435303
31327219
36934020
31254094
36284437
28243222
37172818
38635025
36462733
36810933
20522088
32664857
33730791
39002604
34695262",,Do microplastics play a role in the pathogenesis of neurodegenerative diseases? Shared pathophysiological pathways for Alzheimer's and Parkinson's disease.,<Element 'PubmedArticle' at 0x777b020426b0>,,,,,,
"As the global incidence of neurodegenerative disorders rises at a rate beyond what can be attributed solely to population aging, the role of modifiable risk factors has come into research spotlight to inform preventive strategies. While many lifestyle interventions can be implemented at an individual level, addressing environmental pollutants that drive neurodegeneration requires a collective effort involving both public and political engagement. This narrative review summarizes current evidence on the role of selected environmental toxins-pesticides, solvents, air pollution, and heavy metals-in the development of Parkinson's Disease, Alzheimer's Disease, and Amyotrophic Lateral Sclerosis. Drawing from epidemiological and experimental studies, we highlight associations between these exposures and neurodegeneration, as well as potential converging pathophysiological mechanisms such as neuroinflammation and proteinopathy. Understanding these links may help inform public health measures aimed at reducing the burden of these diseases.","[{'affiliation': 'Department of Neurology, P. J. Safarik University, Kosice, Slovak Republic.\nDepartment of Neurology, L. Pasteur University Hospital, Kosice, Slovak Republic.\nDepartment of Clinical Neurosciences, P. J. Safarik University, Kosice, Slovak Republic.', 'firstname': 'Kristína', 'initials': 'K', 'lastname': 'Kulcsárová'}, {'affiliation': 'Department of Neurology, University Hospital Schleswig-Holstein, Campus Kiel and Kiel University, 24105, Kiel, Germany.', 'firstname': 'Johannes Heinrich Alexander', 'initials': 'JHA', 'lastname': 'Piel'}, {'affiliation': 'Department of Neurology, University Hospital Schleswig-Holstein, Campus Kiel and Kiel University, 24105, Kiel, Germany. eva.schaeffer@uksh.de.', 'firstname': 'Eva', 'initials': 'E', 'lastname': 'Schaeffer'}]",,© 2025. The Author(s).,10.1186/s42466-025-00452-6,Neurological research and practice,"['Air pollution', 'Alzheimer’s disease', 'Amyotrophic lateral sclerosis', 'Environmental toxins', 'Heavy metals', 'Neurodegeneration', 'Parkinson’s disease', 'Pesticides', 'Solvents']",,18-11-25,"41250117
32738937
38685425
39520734
34796708
31476981
30474499
29729297
28412655
28379585
27055126
23713084
23071076
22698719
11437458
11022853
30691095
22389202
23150532
19590691
23295711
39601461
37193692
38845028
31412427
31434017
11036900
34755643
27581992
11416089
12615605
20458069
9071441
11386739
4014131
28285934
14504316
26583610
26414854
25469059
37284659
22819005
25405377
36029574
19729209
15936733
19385059
19250966
26916954
28523458
16626962
17389593
38008593
36651528
15987830
21784030
11728820
28627408
32737460
35550926
29040593
37927277
32145396
37330180
38125832
26200627
22899726
24473795
36744686
36347328
32650713
37727721
26210949
35707205
30789100
32907430
26948828
33485193
19750105
17532308
19371602
19321847
16822965
37721161
31330533
31597644
34345834
18157908
22083847
37184848
10573596
36897461
33138082
1833355
7771442
32075885
32331298
24246552
27377857
19922440
29270919
33636387
37669148
37903644
38217613
26151951
37858688
35364040
38569338
33091388
33999109
38457975
37086879
38233432
37995032
28731859
36437665
30391837
30606679
31894453
31770719
35262433
36763275
30577116
30080655
27328897
27729011
36201876
34979121
36529331
31421449
26305859
29897947
35032863
31746986
31399053
35147081
40119171
37019461
32741830
30775976
29103040
14504315
31642489
9830605
27184412
36970522
32870429
26864854
35043999
33009291
19716187
19672412
29783199
23638009
32888951
18349428
29935448
33412145
15319363
21561831
36054165
37619400
35742931
37128335
14692621
37777345
36123122
22896675
22945569
9595985
31889341
27827408
33098743
37022311
27372885
28339068
26265293
37594582
22738721
28160244
28634347
29191695
22965675
17185278
20807691
39080233
21600264
22475798
24072069
34209820
26401693
36464120
25697706
28889268
26592479
37777128
26553347
26098935
26247643
26401698
29439342
26494454
36105221
29865081
30854970
37018859
32941938
32329357
8229049
33068316
27344266
32651318
34263090
23999228
35900586
15961160
33812934
25584146
38003318
18369385
25497688
39178947
24954589
27556332
29189118
12754258
11553618
16866548
30066305
29777524
10617124
37864902
36433892
35048237
29472855
33430181
35385786
20199129
23246732
30371865
21586603
19922117
35144237
39064625
39469346
38613103
30041526
29891223
34025392
31063918",,Environmental toxins in neurodegeneration - a narrative review.,<Element 'PubmedArticle' at 0x777b020935b0>,,,,,,
"Recent studies have shown that air pollutants may have adverse effects on neurological disorders. However, few studies have investigated the long-term exposure of particle components in conjunction with NO","[{'affiliation': 'Department of Environmental Health, Harvard TH Chan School of Public Health, Boston, Massachusetts.', 'firstname': 'Bryan N', 'initials': 'BN', 'lastname': 'Vu'}, {'affiliation': 'Icahn School of Medicine at Mount Sinai, New York City, New York.', 'firstname': 'Heresh', 'initials': 'H', 'lastname': 'Amini'}, {'affiliation': 'Department of Environmental Health, Harvard TH Chan School of Public Health, Boston, Massachusetts.\nDepartment of Medicine, Harvard Medical School, Boston, Massachusetts.\nCardioVascular Institute (CVI), Beth Israel Deaconess Medical Center, Boston, Massachusetts.', 'firstname': 'Xinye', 'initials': 'X', 'lastname': 'Qiu'}, {'affiliation': 'Department of Epidemiology, Harvard TH Chan School of Public Health, Boston, Massachusetts.', 'firstname': 'Yijing', 'initials': 'Y', 'lastname': 'Feng'}, {'affiliation': 'Department of Environmental Health, Harvard TH Chan School of Public Health, Boston, Massachusetts.\nIcahn School of Medicine at Mount Sinai, New York City, New York.', 'firstname': 'Yaguang', 'initials': 'Y', 'lastname': 'Wei'}, {'affiliation': 'Department of Environmental Health, Harvard TH Chan School of Public Health, Boston, Massachusetts.\nDepartment of Epidemiology, Harvard TH Chan School of Public Health, Boston, Massachusetts.', 'firstname': 'Joel', 'initials': 'J', 'lastname': 'Schwartz'}]",,"Copyright © 2025 The Authors. Published by Wolters Kluwer Health, Inc. on behalf of The Environmental Epidemiology. All rights reserved.",10.1097/EE9.0000000000000425,"Environmental epidemiology (Philadelphia, Pa.)","['Nitrate', 'Ozone', 'PM components', 'Parkinson’s disease', 'Weighted quantile sum']",,27-10-25,"41140317
19165397
22981845
26151951
27285422
28917207
35043999
28300224
39448632
33131682
26005323
27117290
31851499
32808786
18349428
19716187
36777523
36529331
36574646
37307604
37878794
32659528
21197404
22484219
37753156
35033038
35101975
31932788
35730917
20394761
33777647
22266892",,Mixture effects of air pollutants on Parkinson's disease in adults ages 40+ in the United States from 2002 to 2016.,<Element 'PubmedArticle' at 0x777b01f32430>,,,,,,
"The global burden of Parkinson's disease is rising. Large-scale genetic studies have confirmed that extrinsic or environmental factors, rather than genetic predisposition, play a dominant role in its cause. Increasing evidence implicates three classes of toxicants-certain pesticides, the dry-cleaning chemicals trichloroethylene and perchloroethylene, and air pollution-in the development of Parkinson's disease. These toxicants are widely prevalent, impair mitochondrial or lysosomal function, or both, and contribute to, if not cause, the disease. Parkinson's disease could be thus largely preventable. Uncertainties remain regarding the relevant doses, timing, and routes of exposure, the nature of genetic and environmental interactions, the effects of combined exposures, the role of the microbiome, and the identity of other environmental risks. Methodological limitations and structural challenges hinder our understanding. However, improved measurement of toxicant exposure in individuals and the environment, long-term prospective studies, increased funding for prevention, and policy changes can precipitate the fall of the burden of Parkinson's disease.","[{'affiliation': 'Center for the Brain & Environment, Atria Research and Global Health Institute, New York, NY, USA; Center for Health and Technology and Department of Neurology, University of Rochester Medical Center, Rochester, NY, USA. Electronic address: ray.dorsey@atria.org.', 'firstname': 'E Ray', 'initials': 'ER', 'lastname': 'Dorsey'}, {'affiliation': 'Department of Neurology, Killion Center for Neurodegeneration and Experimental Therapeutics, University of Alabama at Birmingham, Birmingham, AL, USA.', 'firstname': 'Briana R', 'initials': 'BR', 'lastname': 'De Miranda'}, {'affiliation': 'Center for Health and Technology and Department of Neurology, University of Rochester Medical Center, Rochester, NY, USA; School of Medicine, University of California, San Francisco, San Francisco, CA, USA.', 'firstname': 'Sarrah', 'initials': 'S', 'lastname': 'Hussain'}, {'affiliation': 'Radboud University Medical Centre, Donders Institute for Brain, Cognition and Behaviour, Department of Neurology, Centre of Expertise for Parkinson & Movement Disorders, Nijmegen, Netherlands.', 'firstname': 'Bastiaan R', 'initials': 'BR', 'lastname': 'Bloem'}, {'affiliation': 'Université Paris-Saclay, UVSQ, Inserm, Gustave Roussy, CESP, Villejuif, France.', 'firstname': 'Alexis', 'initials': 'A', 'lastname': 'Elbaz'}, {'affiliation': 'Department of Neurology, Washington University School of Medicine, St Louis, MO, USA.', 'firstname': 'Jorge', 'initials': 'J', 'lastname': 'Llibre-Guerra'}, {'affiliation': ""Center for Dementia Care, St Mary's Hospital, Taitung, Taiwan."", 'firstname': 'Raymond Y', 'initials': 'RY', 'lastname': 'Lo'}, {'affiliation': 'Division of Occupational, Environmental, and Climate Medicine, University of California San Francisco, San Francisco, CA, USA.', 'firstname': 'Samuel M', 'initials': 'SM', 'lastname': 'Goldman'}, {'affiliation': 'Weill Institute for Neurosciences, Department of Neurology, University of California, San Francisco, San Francisco, CA, USA.', 'firstname': 'Caroline M', 'initials': 'CM', 'lastname': 'Tanner'}]",,"Copyright © 2025 Elsevier Ltd. All rights reserved, including those for text and data mining, AI training, and similar technologies.",10.1016/S1474-4422(25)00287-X,The Lancet. Neurology,[],,19-10-25,41109237,,"Environmental toxicants and Parkinson's disease: recent evidence, risks, and prevention opportunities.",<Element 'PubmedArticle' at 0x777b01f47d30>,,,,,,
"The global prevalence of Parkinson's disease (PD) is estimated to be 315 per 100,000 inhabitants, with variations across regions and depending on the epidemiological methods used. Door-to-door prevalence studies in Andean communities are notably underrepresented in the literature.
The aim of this study was to estimate the PD prevalence in Jauja.
A cross-sectional community-based door-to-door prevalence study was conducted from April 2018 to September 2019. We used a Spanish version of the 9-item screening questionnaire (9-item SQ). Trained interviewers conducted face-to-face screening surveys. Participants presenting ""suspected parkinsonism"" underwent further neurological assessment. PD cases responded to the LARGE-PD questionnaire and ""pesticide exposure questionnaire."" We calculated the crude prevalence, gender- and age-specific rates, and age-adjusted rates.
Out of 2527 eligible individuals, 1960 completed the screening survey. Of these, 563 were selected for neurological assessment, and 337 underwent neurological examination. PD was confirmed in 21 individuals, 16 of whom were identified using the 9-item SQ with a crude prevalence of 816/100,000. We observed higher rates of PD in older age groups and in males compared to females (1.6 vs. 0.3%, P < 0.05). The age-standardized prevalence was 566/100,000 (95% confidence interval [CI]: 496.6-635.2). Among PD cases, the most common environmental exposures were living near farming fields and pesticide exposure.
The observed prevalence of PD in this town in the central highlands of Peru aligns with previous reports, with notably higher rates among individuals over the age of 80. Further prospective studies are warranted to investigate the potential influence of environmental factors on PD prevalence in this region.","[{'affiliation': 'Neurogenetics Working Group, Universidad Cientifica del Sur, Lima, Peru.\nNorthern Pacific Global Health Research Program, NIH, Bethesda, Maryland, USA.\nNeurogenetics Research Center, Instituto Nacional de Ciencias Neurologicas, Lima, Peru.', 'firstname': 'Elison', 'initials': 'E', 'lastname': 'Sarapura-Castro'}, {'affiliation': 'Neurogenetics Research Center, Instituto Nacional de Ciencias Neurologicas, Lima, Peru.', 'firstname': 'Karina', 'initials': 'K', 'lastname': 'Milla-Neyra'}, {'affiliation': 'Universidad Peruana Los Andes, Huancayo, Peru.\nMental Health Department, Domingo Olavegoya Hospital, Jauja, Peru.', 'firstname': 'Julia', 'initials': 'J', 'lastname': 'Ríos-Pinto'}, {'affiliation': 'Facultad de Ciencias de la Salud, Universidad Cientifica del Sur, Lima, Peru.', 'firstname': 'Jorge L', 'initials': 'JL', 'lastname': 'Maguiña'}, {'affiliation': 'Northern Pacific Global Health Research Program, NIH, Bethesda, Maryland, USA.\nNeurogenetics Research Center, Instituto Nacional de Ciencias Neurologicas, Lima, Peru.', 'firstname': 'Andrea', 'initials': 'A', 'lastname': 'Rivera-Valdivia'}, {'affiliation': 'Genomic Medicine Institute, Lerner Research Institute, Cleveland Clinic, Cleveland, Ohio, USA.', 'firstname': 'Miguel', 'initials': 'M', 'lastname': 'Inca-Martinez'}, {'affiliation': 'Neurogenetics Working Group, Universidad Cientifica del Sur, Lima, Peru.\nNorthern Pacific Global Health Research Program, NIH, Bethesda, Maryland, USA.\nNeurogenetics Research Center, Instituto Nacional de Ciencias Neurologicas, Lima, Peru.', 'firstname': 'Maryenela', 'initials': 'M', 'lastname': 'Illanes-Manrique'}, {'affiliation': 'Neurogenetics Working Group, Universidad Cientifica del Sur, Lima, Peru.', 'firstname': 'Milagros', 'initials': 'M', 'lastname': 'Galecio-Castillo'}, {'affiliation': 'Naval Medical Research Unit No. 6, Callao, Peru.', 'firstname': 'Silvia', 'initials': 'S', 'lastname': 'Montano'}, {'affiliation': 'Genomic Medicine Institute, Lerner Research Institute, Cleveland Clinic, Cleveland, Ohio, USA.', 'firstname': 'Ignacio F', 'initials': 'IF', 'lastname': 'Mata'}, {'affiliation': 'Neurogenetics Working Group, Universidad Cientifica del Sur, Lima, Peru.\nNeurogenetics Research Center, Instituto Nacional de Ciencias Neurologicas, Lima, Peru.', 'firstname': 'Mario', 'initials': 'M', 'lastname': 'Cornejo-Olivas'}]",,© 2025 International Parkinson and Movement Disorder Society.,10.1002/mdc3.70354,Movement disorders clinical practice,"[""Parkinson's disease"", 'door‐to‐door', 'highlands', 'prevalence']",,19-09-25,40970415,"Out of 2527 eligible individuals, 1960 completed the screening survey. Of these, 563 were selected for neurological assessment, and 337 underwent neurological examination. PD was confirmed in 21 individuals, 16 of whom were identified using the 9-item SQ with a crude prevalence of 816/100,000. We observed higher rates of PD in older age groups and in males compared to females (1.6 vs. 0.3%, P < 0.05). The age-standardized prevalence was 566/100,000 (95% confidence interval [CI]: 496.6-635.2). Among PD cases, the most common environmental exposures were living near farming fields and pesticide exposure.",Prevalence of Parkinson's Disease in a Town of the Central Highlands of Peru: A Population-Based Study.,<Element 'PubmedArticle' at 0x777b01db84a0>,,,,,,
Ambient particulate matter (PM) and nitrogen dioxide (NO,"[{'affiliation': ""Department of Occupational and Environmental Health, School of Public Health, Xi'an Jiaotong University Health Science Center, Xi'an, Shaanxi, China; Key Laboratory of Environment and Genes Related to Diseases (Xi'an Jiaotong University), Ministry of Education, Xi'an, China; Key Laboratory for Disease Prevention and Control and Health Promotion of Shaanxi Province, Xi'an, Shaanxi, China; Key Laboratory of Trace Elements and Endemic Diseases in Ministry of Health, Xi'an, Shaanxi, China."", 'firstname': 'Lijun', 'initials': 'L', 'lastname': 'Bai'}, {'affiliation': ""Department of Occupational and Environmental Health, School of Public Health, Xi'an Jiaotong University Health Science Center, Xi'an, Shaanxi, China; Key Laboratory of Environment and Genes Related to Diseases (Xi'an Jiaotong University), Ministry of Education, Xi'an, China; Key Laboratory for Disease Prevention and Control and Health Promotion of Shaanxi Province, Xi'an, Shaanxi, China; Key Laboratory of Trace Elements and Endemic Diseases in Ministry of Health, Xi'an, Shaanxi, China."", 'firstname': 'Yunxing', 'initials': 'Y', 'lastname': 'Jiang'}, {'affiliation': 'Department of Environmental Health Sciences, School of Public Health, University at Albany, State University of New York, Rensselaer, NY, USA.', 'firstname': 'Kai', 'initials': 'K', 'lastname': 'Zhang'}, {'affiliation': 'Department of Epidemiology and Health Statistics, School of Public Health, Anhui Medical University, Hefei, Anhui, China.', 'firstname': 'Hong', 'initials': 'H', 'lastname': 'Su'}, {'affiliation': ""School of Public Health, Xi'an Jiaotong University Health Science Center, Xi'an, Shaanxi, China; Center for Single Cell Omics and Health, Key Laboratory of Trace Elements and Endemic Diseases, Xi'an Jiaotong University, Xi'an, Shaanxi, China."", 'firstname': 'Shiquan', 'initials': 'S', 'lastname': 'Sun'}, {'affiliation': 'Department of Occupational and Environmental Health Sciences, School of Public Health, Peking University, Beijing, China.', 'firstname': 'Furong', 'initials': 'F', 'lastname': 'Deng'}, {'affiliation': 'Department of Environmental Health Sciences, Mailman School of Public Health, Columbia University, New York, NY, USA.', 'firstname': 'Andrea A', 'initials': 'AA', 'lastname': 'Baccarelli'}, {'affiliation': 'China CDC Key Laboratory of Environment and Population Health, National Institute of Environmental Health, Chinese Center for Disease Control and Prevention, Beijing, China.', 'firstname': 'Xiaoming', 'initials': 'X', 'lastname': 'Shi'}, {'affiliation': 'Department of Occupational and Environmental Health Sciences, School of Public Health, Peking University, Beijing, China.', 'firstname': 'Xinbiao', 'initials': 'X', 'lastname': 'Guo'}, {'affiliation': ""Department of Occupational and Environmental Health, School of Public Health, Xi'an Jiaotong University Health Science Center, Xi'an, Shaanxi, China; Key Laboratory of Environment and Genes Related to Diseases (Xi'an Jiaotong University), Ministry of Education, Xi'an, China; Key Laboratory for Disease Prevention and Control and Health Promotion of Shaanxi Province, Xi'an, Shaanxi, China; Key Laboratory of Trace Elements and Endemic Diseases in Ministry of Health, Xi'an, Shaanxi, China. Electronic address: shaowei_wu@xjtu.edu.cn."", 'firstname': 'Shaowei', 'initials': 'S', 'lastname': 'Wu'}]",,Copyright © 2025 Elsevier Ltd. All rights reserved.,10.1016/j.envpol.2025.127062,"Environmental pollution (Barking, Essex : 1987)","['Ambient air pollution', 'Coarse particulate matter', 'Neurodegenerative disease', 'Time-stratified case-crossover study']",,04-09-25,40902708,,Associations of ambient particulate matter and nitrogen dioxide with hospital admissions for Parkinson's disease: A nationwide case-crossover study in China.,<Element 'PubmedArticle' at 0x777b01de2250>,,,,,,
"While 6:2 chlorinated polyfluoroalkyl ether sulfonate (F-53B) has been frequently detected in human samples and demonstrated to accumulate with age, its health risk for the elderly population remains unknown. Here, we evaluated the aging and neurodegenerative effects of F-53B using the ","[{'affiliation': 'Institute for Environmental pollution and health, School of Environmental and Chemical Engineering, Shanghai University, Shanghai 200444, China.', 'firstname': 'Hui', 'initials': 'H', 'lastname': 'Li'}, {'affiliation': 'Institute for Environmental pollution and health, School of Environmental and Chemical Engineering, Shanghai University, Shanghai 200444, China.', 'firstname': 'Keqi', 'initials': 'K', 'lastname': 'Dong'}, {'affiliation': 'Institute for Environmental pollution and health, School of Environmental and Chemical Engineering, Shanghai University, Shanghai 200444, China.', 'firstname': 'Meihui', 'initials': 'M', 'lastname': 'Zhao'}, {'affiliation': 'Institute for Environmental pollution and health, School of Environmental and Chemical Engineering, Shanghai University, Shanghai 200444, China.', 'firstname': 'Ruifei', 'initials': 'R', 'lastname': 'Li'}, {'affiliation': 'Institute for Environmental pollution and health, School of Environmental and Chemical Engineering, Shanghai University, Shanghai 200444, China.', 'firstname': 'Chongli', 'initials': 'C', 'lastname': 'Shi'}, {'affiliation': 'Institute for Environmental pollution and health, School of Environmental and Chemical Engineering, Shanghai University, Shanghai 200444, China.', 'firstname': 'Chen', 'initials': 'C', 'lastname': 'Wang'}, {'affiliation': 'Institute for Environmental pollution and health, School of Environmental and Chemical Engineering, Shanghai University, Shanghai 200444, China.', 'firstname': 'Yaqiang', 'initials': 'Y', 'lastname': 'Wei'}, {'affiliation': 'Department of Environmental Health, School of Public Health, NHC Key Laboratory of Health Technology Assessment, Key Laboratory of Public Health Safety of the Ministry of Education, Fudan University, Shanghai 200032, China.', 'firstname': 'Jiufeng', 'initials': 'J', 'lastname': 'Li'}, {'affiliation': 'School of Public Health, Southeast University, Nanjing 214135, China.', 'firstname': 'Lili', 'initials': 'L', 'lastname': 'Chen'}, {'affiliation': 'State Environmental Protection Key Laboratory of Environmental Health Impact Assessment of Emerging Contaminants, School of Environmental Science and Engineering, Shanghai Jiao Tong University, 800 Dongchuan Road, Shanghai 200240, China.', 'firstname': 'Yanbin', 'initials': 'Y', 'lastname': 'Zhao'}, {'affiliation': 'Institute for Environmental pollution and health, School of Environmental and Chemical Engineering, Shanghai University, Shanghai 200444, China.', 'firstname': 'Yu', 'initials': 'Y', 'lastname': 'Li'}]",,,10.1021/acs.est.5c02319,Environmental science & technology,"['C. elegans', 'F-53B', 'Parkinson’s disease', 'aging', 'neuronal damage']",,13-07-25,40651002,,6:2 Chlorinated Polyfluoroalkyl Ether Sulfonate (F-53B) Induces Aging and Parkinson's Disease-like Disorders in ,<Element 'PubmedArticle' at 0x777b01deecf0>,,,,,,
,"[{'affiliation': 'Grupo Cerebro, Emoción y Conducta, Escuela de Medicina, Universidad de las Américas (UDLA), Quito, Ecuador.', 'firstname': 'Jose E', 'initials': 'JE', 'lastname': 'Leon-Rojas'}]",,,"10.3389/fpubh.2025.1606732
10.1016/S1474-4422(18)30295-3
10.1016/S1474-4422(24)00038-3
10.1016/j.arr.2014.01.004
10.3389/fneur.2019.00218
10.1186/s40035-019-0165-9
10.1289/ehp.1002839
10.1016/j.nbd.2022.105685
10.1523/JNEUROSCI.23-34-10756.2003
10.1016/j.yrtph.2018.05.005
10.1002/ana.22629
10.1016/j.taap.2012.11.016
10.1001/jamaneurol.2023.1168
10.1289/ehp.1409313
10.1080/01926230252929954
10.4103/aian.aian_62_22
10.1016/S1474-4422(19)30287-X
10.1016/j.neuro.2010.04.007
10.1212/NXG.0000000000000354
10.1002/mds.25216
10.1016/j.mad.2023.111821
10.1016/S1474-4422(16)30230-7
10.1002/mds.27489
10.1001/archneurol.2009.247
10.1001/jama.2021.10207
10.1007/s00415-024-12672-y
10.3389/fneur.2019.01143
10.7759/cureus.54021
10.1001/jamanetworkopen.2018.2421
10.1002/mds.21772
10.1016/j.yfrne.2014.02.002
10.1249/mss.0b013e31815a51b3
10.1038/s41386-018-0125-6
10.1002/mds.26069
10.4103/1673-5374.373673
10.1002/mds.29116
10.1016/j.parkreldis.2010.06.012
10.1016/j.parkreldis.2015.05.015
10.4103/aian.aian_539_23
10.1001/jamaneurol.2021.3895
10.1016/S1474-4422(20)30308-2
10.1016/S2215-0366(21)00084-5",Frontiers in public health,"[""Parkinson's disease"", 'environmental toxic pollutants', 'exposome', 'pesticide and insecticide', 'toxins']",,19-06-25,"40535452
30287051
38493795
24503004
30941085
31428316
21269927
35257879
14645467
29729297
22083847
23220449
37184848
26151951
12051555
36213098
31521533
20430055
31404238
23045187
37127082
27751556
30306634
19822770
34519802
39363041
31736859
38476815
30646166
17960818
24607323
18091006
29946108
25476529
37449597
35579496
20650672
26037459
38022432
34694344
33031735
33836148",,The global rise in Parkinson's disease: a critical analysis of causes and future directions.,<Element 'PubmedArticle' at 0x777b01e02520>,,,,,,
"Longitudinal investigations on the relationship between lifestyle exposures and motor severity are lacking. In this longitudinal study, we included patients with idiopathic Parkinson's disease (iPD) (N = 5139) and LRRK2-related PD (N = 81) from PPMI-Online and Fox Insight. Motor aspects were followed for up to five years. We investigated the association between environmental exposure, lifestyle factors and motor aspect severity over time by applying linear mixed effects models. In LRRK2-PD, black tea consumption was associated with less severe motor aspects (β = -0.51, p = 0.028). In patients with iPD, pesticide exposure was associated with more severe motor aspects over time in PPMI-Online (β = 0.23, p = 3.56 × 10","[{'affiliation': 'Institute of Neurogenetics, University of Lübeck, Lübeck, Germany.', 'firstname': 'Theresa', 'initials': 'T', 'lastname': 'Lüth'}, {'affiliation': 'Institute of Medical Informatics and Statistics, Kiel University and University Hospital Schleswig-Holstein, Kiel, Germany.', 'firstname': 'Amke', 'initials': 'A', 'lastname': 'Caliebe'}, {'affiliation': 'Institute of Neurogenetics, University of Lübeck, Lübeck, Germany.', 'firstname': 'Carolin', 'initials': 'C', 'lastname': 'Gabbert'}, {'affiliation': 'Institute of Medical Informatics and Statistics, Kiel University and University Hospital Schleswig-Holstein, Kiel, Germany.', 'firstname': 'Sebastian', 'initials': 'S', 'lastname': 'Sendel'}, {'affiliation': 'Institute of Medical Biometry and Statistics, University of Lübeck, Lübeck, Germany.', 'firstname': 'Björn-Hergen', 'initials': 'BH', 'lastname': 'Laabs'}, {'affiliation': 'Institute of Medical Biometry and Statistics, University of Lübeck, Lübeck, Germany.', 'firstname': 'Inke R', 'initials': 'IR', 'lastname': 'König'}, {'affiliation': 'Institute of Neurogenetics, University of Lübeck, Lübeck, Germany.', 'firstname': 'Christine', 'initials': 'C', 'lastname': 'Klein'}, {'affiliation': 'Institute of Neurogenetics, University of Lübeck, Lübeck, Germany. joanne.trinh@uni-luebeck.de.', 'firstname': 'Joanne', 'initials': 'J', 'lastname': 'Trinh'}]",,© 2025. The Author(s).,10.1038/s41531-025-01010-2,NPJ Parkinson's disease,[],,13-06-25,"40506444
30584159
38493795
39074992
39087914
38804604
23071076
38217613
31342891
26109889
38820021
36526213
30391837
35262433
34979121
17449559
23713084
34316670
18054291
25101650
35900586
29891430
28988683
35235000
29057010
29362953
32875616
32310186
37308498
37482924
27692902
38866856
30564614
29662921
30219247
38664407
29311330
29550539
36611984
24682598
34196120
37487100
37647388
32982917
26091824
31527283
36216941
22688992
24687615
32076403
35844833
38642225
38320207
33615753
38622810
29495349
32971922
29563862
32999056
33682937
35699244
38598572
28054129
31412802
11456310",,Longitudinal assessment of the association between pesticide exposure and lifestyle with Parkinson's disease motor severity.,<Element 'PubmedArticle' at 0x777b01e16bb0>,,,,,,
,"[{'affiliation': 'Department of Medicine, Surgery and Dentistry ""Scuola Medica Salernitana"", University of Salerno, Baronissi, Italy.', 'firstname': 'Roberto', 'initials': 'R', 'lastname': 'Erro'}, {'affiliation': 'Department of Medicine, Surgery and Dentistry ""Scuola Medica Salernitana"", University of Salerno, Baronissi, Italy.', 'firstname': 'Cristiano', 'initials': 'C', 'lastname': 'Sorrentino'}, {'affiliation': 'Department of Medicine, Surgery and Dentistry ""Scuola Medica Salernitana"", University of Salerno, Baronissi, Italy.\nIRCCS SynlabSDN, Naples, Italy.', 'firstname': 'Paolo', 'initials': 'P', 'lastname': 'Barone'}]",,,"10.1002/mds.30253
10.1016/S1474-4422(24)00038-3
10.1126/science.adl2746
10.2174/1570159X22666240216085947
10.1016/j.jhazmat.2020.124004
10.3390/nano13081404
10.1016/j.chemosphere.2022.134261
10.1289/EHP13435
10.1016/j.envpol.2023.122996
10.1016/j.heliyon.2023.e13070
10.24272/j.issn.2095-8137.2024.038
10.1016/j.envpol.2022.120939
10.1016/j.jhazmat.2024.134017
10.1186/s12989-023-00561-7
10.1001/jamanetworkopen.2024.40018
10.1016/j.envint.2024.108635
10.1016/j.ecoenv.2024.116393
10.1021/acs.nanolett.1c04184
10.1038/s41531-025-00894-4
10.1016/j.neuroscience.2024.07.018
10.1016/j.aquatox.2021.106048
10.1016/j.jhazmat.2022.128459
10.1002/advs.202401009
10.1186/s12989-023-00556-4
10.1016/j.febslet.2015.10.021
10.1021/acs.jpclett.4c00731
10.1002/smll.202308753
10.1126/sciadv.adi8716
10.1016/j.jhazmat.2023.133289
10.1016/j.jhazmat.2024.134054
10.1016/j.chemosphere.2023.139383",Movement disorders : official journal of the Movement Disorder Society,"['environment', 'microplastics', 'nanoplastics', 'pollution', 'α‐synuclein']",,03-06-25,"40459174
38493795
39298564
38549522
33130380
37110989
35302003
38598326
37995956
36711285
38894523
36581239
38518696
38297341
39283733
38631261
38714083
39901044
35089039
34884598
29267402
25476529
38755164
38069536
34413194
37676767
32043464
39235810
35534507
37130861
40108151
33453941
39033990
34875488
35739658
38751156
37993864
26526613
38885454
37988678
37976362
38157817
38503214
38217613
25801826
35900586
37394195
38411261",,Plastamination: A Rising Concern for Parkinson's Disease.,<Element 'PubmedArticle' at 0x777b01e4aa70>,,,,,,
"Several recent observational studies have found associations between nitrogen dioxide (NO2) exposure and the risk of Parkinson's disease (PD), but the causal relationship between them remains unclear. Our objective is to employ a 2-sample Mendelian randomization (MR) approach to determine the causal effect of NO2 exposure on the risk of PD. MR analyses were performed using genome-wide association studies (GWAS) data on NO2 exposure (n = 456,380) and PD GWAS data (33,674 cases and 449,056 controls). Inverse variance weighting (IVW) was the primary analytical method used to examine causal effects, coupled with the MR-Egger, weighted median, weighted model and MR pleiotropy residual sum and outlier (MR-PRESSO). The main results of the IVW method (odds ratio: 4.701; 95% CI: 1.127-19.615, P = .034) showed evidence for a causal relationship between NO2 exposure and the risk of PD. Heterogeneity analyses was conducted using the MR-Egger method (Cochran's Q = 1.155; P = .764) and IVW (Cochran's Q = 1.356; P = .852) demonstrated no statistically significant heterogeneity among the selected SNPs. We employed MR-Egger regression (β intercept = -0.026; SE = 0.058; P = .684) and the MR-PRESSO global test (P = .840), which revealed no significant impact of pleiotropy on the results of the MR evaluation. Based on MR analysis, higher levels of NO2 exposure are causally associated with an increased risk of PD. Consequently, mitigating air pollution could be an important strategy for reducing the risk of PD.","[{'affiliation': 'Department of Epidemiology and Health Statistics, School of Public Health, Anhui Medical University, Hefei, Anhui, China.\nInflammation and Immune Mediated Diseases Laboratory of Anhui Province, Hefei, Anhui, China.', 'firstname': 'Xingxu', 'initials': 'X', 'lastname': 'Yi'}, {'affiliation': 'Department of Epidemiology and Health Statistics, School of Public Health, Anhui Medical University, Hefei, Anhui, China.\nInflammation and Immune Mediated Diseases Laboratory of Anhui Province, Hefei, Anhui, China.\nDepartment of Gastroenterology, the Second Hospital of Anhui Medical University, Hefei, Anhui, China.', 'firstname': 'Shasha', 'initials': 'S', 'lastname': 'Song'}, {'affiliation': 'Department of Epidemiology and Health Statistics, School of Public Health, Anhui Medical University, Hefei, Anhui, China.\nInflammation and Immune Mediated Diseases Laboratory of Anhui Province, Hefei, Anhui, China.', 'firstname': 'Zhiqian', 'initials': 'Z', 'lastname': 'Cui'}, {'affiliation': 'Department of Epidemiology and Health Statistics, School of Public Health, Anhui Medical University, Hefei, Anhui, China.\nInflammation and Immune Mediated Diseases Laboratory of Anhui Province, Hefei, Anhui, China.', 'firstname': 'Ming', 'initials': 'M', 'lastname': 'Li'}, {'affiliation': 'Department of Epidemiology and Health Statistics, School of Public Health, Anhui Medical University, Hefei, Anhui, China.\nInflammation and Immune Mediated Diseases Laboratory of Anhui Province, Hefei, Anhui, China.', 'firstname': 'Yuxin', 'initials': 'Y', 'lastname': 'Huang'}, {'affiliation': 'Department of Epidemiology and Health Statistics, School of Public Health, Anhui Medical University, Hefei, Anhui, China.\nInflammation and Immune Mediated Diseases Laboratory of Anhui Province, Hefei, Anhui, China.', 'firstname': 'Zichen', 'initials': 'Z', 'lastname': 'Zhang'}, {'affiliation': 'Department of Epidemiology and Health Statistics, School of Public Health, Anhui Medical University, Hefei, Anhui, China.\nInflammation and Immune Mediated Diseases Laboratory of Anhui Province, Hefei, Anhui, China.', 'firstname': 'Lingmei', 'initials': 'L', 'lastname': 'Kuang'}, {'affiliation': 'Department of Epidemiology and Health Statistics, School of Public Health, Anhui Medical University, Hefei, Anhui, China.\nInflammation and Immune Mediated Diseases Laboratory of Anhui Province, Hefei, Anhui, China.\nCenter for Big Data and Population Health of IHM, Hefei, Anhui, China.', 'firstname': 'Hong', 'initials': 'H', 'lastname': 'Su'}]",,"Copyright © 2025 the Author(s). Published by Wolters Kluwer Health, Inc.",10.1097/MD.0000000000042582,Medicine,"['Mendelian randomization', 'Parkinson’s disease', 'causal relationship', 'nitrogen dioxide', 'public health']",,27-05-25,"40419892
29068110
32576618
29131880
37080524
31400563
37295329
28809934
35830513
21147609
36504957
28196256
29164242
37325194
33757497
36380372
21414999
26661904
26050253
28527048
31045282
29686387
27061298
29846171
34793444
36743413
25904081
32512030
33999109
35043999
27285422
29294084
35674826
19297138
18349428
31432604
35194478",,Causal relationship between nitrogen dioxide and the risk of Parkinson's disease: Evidence from a Mendelian randomization study.,<Element 'PubmedArticle' at 0x777b01e67970>,,,,,,
"The role of pesticide exposure from golf courses in Parkinson disease (PD) risk remains unclear.
To assess whether proximity to golf courses is associated with increased PD risk and to use information on groundwater vulnerability and municipal well locations to investigate drinking water contamination as a potential route of exposure.
This case-control study included patients with incident PD and matched controls from the Rochester Epidemiology Project from 1991 to 2015. Data were analyzed between June and August 2024.
Distance to golf courses, living in water service areas with a golf course, living in water service areas in vulnerable groundwater regions, living in water service areas with shallow municipal wells, and living in water service areas with a municipal well on a golf course.
Risk of incident PD. All models adjusted for age, sex, race and ethnicity, year of index, median household income, and urban or rural category.
A total of 419 incident PD cases were identified (median [IQR] age, 73 [65-80] years; 257 male [61.3%]) with 5113 matched controls (median [IQR] age, 72 [65-79] years; 3043 male [59.5%]; 4504 White [88.1%]). After adjusting for patient demographics and neighborhood characteristics, living within 1 mile of a golf course was associated with 126% increased odds of developing PD compared with individuals living more than 6 miles away from a golf course (adjusted odds ratio [aOR], 2.26; 95% CI, 1.09-4.70). Individuals living within water service areas with a golf course had nearly double the odds of PD compared with individuals in water service areas without golf courses (aOR, 1.96; 95% CI, 1.20-3.23) and 49% greater odds compared with individuals with private wells (aOR, 1.49; 95% CI, 1.05-2.13). Additionally, individuals living in water service areas with a golf course in vulnerable groundwater regions had 82% greater odds of developing PD compared with those in nonvulnerable groundwater regions (aOR, 1.82; 95% CI, 1.09-3.03).
In this population-based case-control study, the greatest risk of PD was found within 1 to 3 miles of a golf course and risk generally decreased with distance. Associations with the largest effect sizes were in water service areas with a golf course and in vulnerable ground water regions.","[{'affiliation': 'Department of Neurology, Barrow Neurological Institute, Phoenix, Arizona.', 'firstname': 'Brittany', 'initials': 'B', 'lastname': 'Krzyzanowski'}, {'affiliation': 'Department of Neurology, Mayo Clinic, Rochester, Minnesota.\nDepartment of Quantitative Health Sciences, Mayo Clinic, Rochester, Minnesota.', 'firstname': 'Aidan F', 'initials': 'AF', 'lastname': 'Mullan'}, {'affiliation': 'Department of Neurology, Center for Health + Technology, University of Rochester Medical Center, Rochester, New York.', 'firstname': 'E Ray', 'initials': 'ER', 'lastname': 'Dorsey'}, {'affiliation': 'Department of Neurology, Barrow Neurological Institute, Phoenix, Arizona.', 'firstname': 'Sai Shivani', 'initials': 'SS', 'lastname': 'Chirag'}, {'affiliation': 'Department of Neurology, Mayo Clinic, Rochester, Minnesota.', 'firstname': 'Pierpaolo', 'initials': 'P', 'lastname': 'Turcano'}, {'affiliation': 'Department of Neurology, University of Kansas Medical Center, Kansas City, Kansas.', 'firstname': 'Emanuele', 'initials': 'E', 'lastname': 'Camerucci'}, {'affiliation': 'Department of Neurology, Mayo Clinic, Rochester, Minnesota.', 'firstname': 'James H', 'initials': 'JH', 'lastname': 'Bower'}, {'affiliation': 'Department of Neurology, Mayo Clinic, Rochester, Minnesota.', 'firstname': 'Rodolfo', 'initials': 'R', 'lastname': 'Savica'}]",,,"10.1001/jamanetworkopen.2025.9198
10.1212/WNL.0000000000207871
10.1001/jamanetworkopen.2024.33602
10.1289/ehp.0800277
10.3389/fnagi.2022.1023574
10.1101/cshperspect.a008888
10.1155/2022/5563759
10.1016/j.chemosphere.2023.138251
10.1021/acs.chemrestox.0c00522
10.1289/ehp.1002839
10.1016/j.scitotenv.2022.160851
10.1016/j.ijheh.2020.113569
10.1016/j.scitotenv.2023.162498
10.1002/ana.23782
10.1111/j.1745-6592.1990.tb00333.x
10.1001/jamaneurol.2013.114
10.1002/mds.27125
10.1093/ije/dyx268
10.1002/sim.3841
10.1007/s10994-018-5714-4
10.1002/etc.5620200702
10.1002/(SICI)1097-0274(199605)29:5<501::AID-AJIM8>3.0.CO;2-O
10.1038/81834
10.1212/WNL.0000000000004536",JAMA network open,[],,08-05-25,"40338549
37903644
39283636
19590691
36337703
22315721
35096268
36878369
33961406
21269927
36526213
32679516
36863589
23280848
23689920
28843020
29346555
20087875
30393425
11434280
8732923
11100151
28864676","A total of 419 incident PD cases were identified (median [IQR] age, 73 [65-80] years; 257 male [61.3%]) with 5113 matched controls (median [IQR] age, 72 [65-79] years; 3043 male [59.5%]; 4504 White [88.1%]). After adjusting for patient demographics and neighborhood characteristics, living within 1 mile of a golf course was associated with 126% increased odds of developing PD compared with individuals living more than 6 miles away from a golf course (adjusted odds ratio [aOR], 2.26; 95% CI, 1.09-4.70). Individuals living within water service areas with a golf course had nearly double the odds of PD compared with individuals in water service areas without golf courses (aOR, 1.96; 95% CI, 1.20-3.23) and 49% greater odds compared with individuals with private wells (aOR, 1.49; 95% CI, 1.05-2.13). Additionally, individuals living in water service areas with a golf course in vulnerable groundwater regions had 82% greater odds of developing PD compared with those in nonvulnerable groundwater regions (aOR, 1.82; 95% CI, 1.09-3.03).",Proximity to Golf Courses and Risk of Parkinson Disease.,<Element 'PubmedArticle' at 0x777b01e95030>,,,,,,
"Air pollution has been associated with Parkinson's Disease (PD) risk, although this relationship remains unclear. We estimated yearly levels of exposure to ten air pollutants (period 2006-2018) in an Italian population cohort, the Moli-sani study (N = 24,325; ≥35 years; 51.9% women), and derived three principal components, testing their associations with incident PD risk over 23,841 participants (213 cases, median(IQR) follow-up 11.2(2.0) years). This revealed a statistically significant association of PC1 (explaining 38.2% of common variance, tagging PM10 levels), independent on sociodemographic, professional and lifestyles covariates (Hazard Ratio [95%CI] = 1.04[1.02-1.07]). The association was confirmed testing average PM10 levels during follow-up (18[13-24]% increase of PD risk per 1 μg/m","[{'affiliation': 'Research Unit of Epidemiology and Prevention, IRCCS NEUROMED, Pozzilli, Italy. alessandro.gialluisi@gmail.com.\nDepartment of Medicine and Surgery, LUM University, Casamassima, Italy. alessandro.gialluisi@gmail.com.', 'firstname': 'Alessandro', 'initials': 'A', 'lastname': 'Gialluisi'}, {'affiliation': 'Research Unit of Epidemiology and Prevention, IRCCS NEUROMED, Pozzilli, Italy.\nDepartment of Medicine and Surgery, EPIMED Research Center, University of Insubria, Varese, Italy.', 'firstname': 'Simona', 'initials': 'S', 'lastname': 'Costanzo'}, {'affiliation': 'IRCCS NEUROMED, Pozzilli, Italy.\nDepartment of Human Neurosciences, Sapienza University of Rome, Rome, Italy.', 'firstname': 'Maria Ilenia', 'initials': 'MI', 'lastname': 'De Bartolo'}, {'affiliation': 'Department of Medicine and Surgery, EPIMED Research Center, University of Insubria, Varese, Italy.', 'firstname': 'Giovanni', 'initials': 'G', 'lastname': 'Veronesi'}, {'affiliation': 'Department of Epidemiology, Lazio Region Health Service/ASL Roma 1, Rome, Italy.', 'firstname': 'Matteo', 'initials': 'M', 'lastname': 'Renzi'}, {'affiliation': 'CIRA-Italian Aerospace Research Centre, Capua, Italy.', 'firstname': 'Assuntina', 'initials': 'A', 'lastname': 'Cembalo'}, {'affiliation': 'Research Unit of Epidemiology and Prevention, IRCCS NEUROMED, Pozzilli, Italy.', 'firstname': 'Alfonsina', 'initials': 'A', 'lastname': 'Tirozzi'}, {'affiliation': 'UOC Governance del Farmaco, Azienda Sanitaria Regionale del Molise -ASREM, Campobasso, Italy.', 'firstname': 'Stefania', 'initials': 'S', 'lastname': 'Falciglia'}, {'affiliation': 'UOC Governance del Farmaco, Azienda Sanitaria Regionale del Molise -ASREM, Campobasso, Italy.', 'firstname': 'Moreno', 'initials': 'M', 'lastname': 'Ricci'}, {'affiliation': 'Research Unit of Epidemiology and Prevention, IRCCS NEUROMED, Pozzilli, Italy.', 'firstname': 'Americo', 'initials': 'A', 'lastname': 'Bonanni'}, {'affiliation': 'CIRA-Italian Aerospace Research Centre, Capua, Italy.', 'firstname': 'Francesco', 'initials': 'F', 'lastname': 'Martone'}, {'affiliation': 'CIRA-Italian Aerospace Research Centre, Capua, Italy.', 'firstname': 'Gaetano', 'initials': 'G', 'lastname': 'Zazzaro'}, {'affiliation': 'Research Unit of Epidemiology and Prevention, IRCCS NEUROMED, Pozzilli, Italy.', 'firstname': 'Antonietta', 'initials': 'A', 'lastname': 'Pepe'}, {'affiliation': 'IRCCS NEUROMED, Pozzilli, Italy.\nDepartment of Human Neurosciences, Sapienza University of Rome, Rome, Italy.', 'firstname': 'Daniele', 'initials': 'D', 'lastname': 'Belvisi'}, {'affiliation': 'Department of Medicine and Surgery, EPIMED Research Center, University of Insubria, Varese, Italy.', 'firstname': 'Marco Mario', 'initials': 'MM', 'lastname': 'Ferrario'}, {'affiliation': 'Department of Medicine and Surgery, EPIMED Research Center, University of Insubria, Varese, Italy.', 'firstname': 'Francesco', 'initials': 'F', 'lastname': 'Gianfagna'}, {'affiliation': 'Research Unit of Epidemiology and Prevention, IRCCS NEUROMED, Pozzilli, Italy.', 'firstname': 'Chiara', 'initials': 'C', 'lastname': 'Cerletti'}, {'affiliation': 'Research Unit of Epidemiology and Prevention, IRCCS NEUROMED, Pozzilli, Italy.', 'firstname': 'Maria Benedetta', 'initials': 'MB', 'lastname': 'Donati'}, {'affiliation': ""Department of Occupational and Environmental Medicine, Epidemiology and Hygiene, Italian Workers' Compensation Authority (INAIL), Rome, Italy."", 'firstname': 'Stefania', 'initials': 'S', 'lastname': 'Massari'}, {'affiliation': 'IRCCS NEUROMED, Pozzilli, Italy.\nDepartment of Human Neurosciences, Sapienza University of Rome, Rome, Italy.', 'firstname': 'Alfredo', 'initials': 'A', 'lastname': 'Berardelli'}, {'affiliation': 'Research Unit of Epidemiology and Prevention, IRCCS NEUROMED, Pozzilli, Italy.', 'firstname': 'Giovanni', 'initials': 'G', 'lastname': 'de Gaetano'}, {'affiliation': 'Research Unit of Epidemiology and Prevention, IRCCS NEUROMED, Pozzilli, Italy.\nDepartment of Medicine and Surgery, LUM University, Casamassima, Italy.', 'firstname': 'Licia', 'initials': 'L', 'lastname': 'Iacoviello'}]",,© 2025. The Author(s).,10.1038/s41531-025-00935-y,NPJ Parkinson's disease,[],,08-05-25,"40335495
14657488
28077473
27547751
19716187
18344392
36720351
28731859
34755643
36516478
33999109
38175185
33887274
28809934
31103844
37086879
33476876
31998221
31706021
37832485
35262433
28886605
25294559
27285422
27614945
31770719
31894453
31399053
39889875
28887769
36036785
37294324
33636481
34216587
32606300
12023414
29912013
29427166
30945089
21571772
17251276
10993420
9126543
12826634
30548347
28110395
26355794
21853051
30145829
33536275
34798300
31693246
31382822
35586204
37118323
36819664
35024696
32536905
27662452
37284018
33388928
33527442
36720879
37290213
31057478
34101890
27840188
33233416
33117333
36672180
34028370
24019424
21546503
34453631",,Prominent role of PM10 in the link between air pollution and incident Parkinson's Disease.,<Element 'PubmedArticle' at 0x777b01cba2a0>,,,,,,
"Research on the relationship between air pollution and neurodegenerative diseases is growing. However, few studies focus on this association in contaminated sites. We investigated the association between long-term air pollution exposure and dementia/Parkinson's disease (PD) incidence in the River Sacco Valley, a contaminated site in central Italy. Through a retrospective cohort study, we enrolled 298,919 40+ years-old residents in 95 municipalities across the study area from 2007 to 2018. Residential exposure to benzene (C","[{'affiliation': 'Department of Epidemiology of Lazio Region Health Service/ASL Rome 1, Rome, Italy. Electronic address: a.trentalange@deplazio.it.', 'firstname': 'Alessandro', 'initials': 'A', 'lastname': 'Trentalange'}, {'affiliation': 'Department of Epidemiology of Lazio Region Health Service/ASL Rome 1, Rome, Italy.', 'firstname': 'Chiara', 'initials': 'C', 'lastname': 'Badaloni'}, {'affiliation': 'Department of Epidemiology of Lazio Region Health Service/ASL Rome 1, Rome, Italy.', 'firstname': 'Daniela', 'initials': 'D', 'lastname': 'Porta'}, {'affiliation': 'Department of Epidemiology of Lazio Region Health Service/ASL Rome 1, Rome, Italy.', 'firstname': 'Paola', 'initials': 'P', 'lastname': 'Michelozzi'}, {'affiliation': 'Department of Epidemiology of Lazio Region Health Service/ASL Rome 1, Rome, Italy.', 'firstname': 'Matteo', 'initials': 'M', 'lastname': 'Renzi'}]",,Copyright © 2025 Elsevier GmbH. All rights reserved.,10.1016/j.ijheh.2025.114578,International journal of hygiene and environmental health,"['Air pollution', ""Alzheimer's"", 'Cohort', 'Dementia', 'Neurodegeneration', ""Parkinson's""]",,18-04-25,40245549,,"Association between air quality and neurodegenerative diseases in River Sacco Valley: A retrospective cohort study in Latium, central Italy.",<Element 'PubmedArticle' at 0x777b01cf04a0>,,,,,,
"Air pollution has well-documented adverse effects on human health; however, its impact on neurological diseases remains underrecognized. The mechanisms by which various components of air pollutants contribute to neurological disorders are not yet fully understood. This review focuses on key air pollutants, including particulate matter (PM","[{'affiliation': 'Department of Environmental Health Sciences, School of Public Health, University of Michigan, Ann Arbor, MI 48109, USA.', 'firstname': 'Margaret', 'initials': 'M', 'lastname': 'Lane'}, {'affiliation': 'Department of Environmental Health Sciences, School of Public Health, University of Michigan, Ann Arbor, MI 48109, USA.', 'firstname': 'Eleise', 'initials': 'E', 'lastname': 'Oyster'}, {'affiliation': 'Department of Environmental Health Sciences, School of Public Health, University of Michigan, Ann Arbor, MI 48109, USA.', 'firstname': 'Yali', 'initials': 'Y', 'lastname': 'Luo'}, {'affiliation': 'Department of Environmental Health Sciences, School of Public Health, University of Michigan, Ann Arbor, MI 48109, USA.', 'firstname': 'Hao', 'initials': 'H', 'lastname': 'Wang'}]",,,"10.3390/toxics13030207
10.2105/AJPH.2017.304219
10.1016/j.ntt.2015.03.001
10.1016/j.pharmthera.2020.107523
10.1080/09603123.2020.1745764
10.3233/JAD-200483
10.1289/EHP8905
10.1186/s12989-018-0254-4
10.1016/j.bbi.2019.01.013
10.1016/j.envpol.2021.116856
10.1002/aur.1287
10.1289/ehp.1002835
10.1001/jamapsychiatry.2013.266
10.1016/j.envint.2016.11.022
10.1007/s00431-010-1379-0
10.1016/j.envres.2019.108930
10.1097/MOP.0b013e3282f56165
10.1016/j.scitotenv.2018.06.167
10.1002/mds.28922
10.3233/JAD-180631
10.1097/JOM.0000000000000451
10.1186/s12940-021-00712-3
10.1016/j.dadm.2014.11.015
10.1186/s12989-020-00388-6
10.1146/annurev-pharmtox-011613-135937
10.1016/j.biopsych.2022.05.017
10.1002/jnr.24041
10.1016/S1474-4422(19)30320-5
10.1111/dmcn.13050
10.1186/s12989-022-00507-5
10.1155/2012/782462
10.1016/j.neuint.2019.104580
10.1289/ehp.1002986
10.1016/j.neuro.2021.10.009
10.1016/j.toxlet.2012.08.021
10.1016/j.envres.2015.02.022
10.1016/j.eti.2022.102809
10.3390/atmos15070779
10.1080/10473289.2003.10466156
10.1378/chest.128.4.3028
10.3233/JAD-200435
10.1016/j.envint.2021.107072
10.1016/j.redox.2022.102598
10.1164/rccm.201606-1275CI
10.1080/08958370701498075
10.3233/JAD-220493
10.1002/aur.1938
10.1186/s13229-020-00370-1
10.1289/ehp.1205827
10.1371/journal.pone.0075510
10.1093/aje/kwx294
10.1097/EDE.0000000000000297
10.1021/acs.est.2c05197
10.1289/EHP2152
10.1002/ana.24460
10.1016/j.tins.2009.05.009
10.3390/ijms19010257
10.1093/toxsci/kfx240
10.1016/j.neuro.2015.12.014
10.1371/journal.pone.0094336
10.1007/s11064-016-1908-y
10.1186/s12989-014-0053-5
10.7554/eLife.72247
10.1002/jat.3143
10.1007/s10803-015-2619-y
10.3389/fncel.2016.00021
10.1016/j.pneurobio.2015.11.002
10.1016/j.neuint.2020.104715
10.1016/j.cbi.2019.108762
10.1007/s00204-018-2180-5
10.1016/j.etap.2015.06.024
10.1016/j.fct.2019.110766
10.3109/10715762.2013.795649
10.1016/j.scitotenv.2019.06.102
10.1016/j.bbrc.2018.10.057
10.3109/08958378.2010.494313
10.1007/s12035-019-01742-2
10.1155/2017/7526592
10.1038/sj.mp.4001021
10.1016/j.jad.2023.07.071
10.1177/1087054716633858
10.1371/journal.pone.0111670
10.1016/j.envint.2017.04.011
10.1111/j.1440-1819.2012.02330.x
10.1289/ehp.1205239
10.1016/j.neuro.2011.11.005
10.1073/pnas.1012676108
10.1007/s40201-020-00600-x
10.1016/j.taap.2018.02.024
10.1016/j.neulet.2008.09.085
10.2131/jts.38.13
10.1093/toxsci/kfz025
10.1074/jbc.M111.319970
10.1038/s41598-017-03646-4
10.1016/j.mrrev.2015.03.001
10.1002/em.22020
10.1073/pnas.1307849110
10.1177/1087054713510354
10.1161/01.HYP.36.2.264
10.1161/01.RES.0000024417.79275.23
10.1016/j.neuro.2008.12.011
10.3233/JAD-140855
10.1016/j.envres.2019.108638
10.1016/j.molmed.2022.06.004
10.1073/pnas.2211282119
10.3390/toxics10040164
10.3233/JAD-170658
10.1159/000515162
10.1016/j.envres.2020.109226
10.1016/j.nbd.2023.106307
10.1016/j.puhe.2019.09.020
10.3109/00207450108986511
10.1097/00001756-199906030-00012
10.1093/toxsci/kfp252
10.1073/pnas.2220028120
10.3233/JAD-2010-1221
10.15252/emmm.201606210
10.1186/s12989-017-0213-5
10.1016/j.neurobiolaging.2010.05.027
10.1016/j.neuro.2016.07.007
10.1016/j.neuint.2012.08.014
10.1186/1742-2094-5-7
10.1002/msj.20163
10.1016/j.redox.2017.10.014
10.1016/S1474-4422(15)70016-5
10.3389/fnagi.2016.00245
10.1016/S0140-6736(17)31997-9
10.1289/ehp.1409313
10.1289/EHP135
10.1001/jamanetworkopen.2024.33602
10.1007/s11356-023-31047-w
10.1007/s12035-012-8329-y
10.1080/08958370590912888
10.1097/00001756-200604240-00014
10.1016/j.tox.2021.152770
10.1016/j.toxlet.2010.05.020
10.1177/0192623307313011
10.3389/fncel.2017.00216
10.1001/jamaneurol.2016.2742
10.3389/fcimb.2017.00396
10.1021/acschemneuro.2c00730
10.1101/cshperspect.a009399
10.1016/j.neuron.2019.05.035
10.1002/mds.28004
10.1016/j.envpol.2018.04.130
10.1016/j.neures.2021.01.001
10.1164/rccm.201807-1220OC
10.1186/s13195-015-0116-3
10.1007/s12975-017-0570-2
10.1186/s40478-023-01590-1
10.1007/s40572-015-0069-5
10.1080/08958378.2024.2331259
10.1007/s40572-014-0019-7",Toxics,"['air pollution', 'inflammation', 'neurological diseases', 'oxidative stress']",,27-03-25,"40137534
29698099
25772154
32165138
32248699
32741830
33971107
29678176
30668980
33714060
23495194
21156395
23404082
27939018
21191614
31810593
18332716
30045516
35043999
30775976
25951420
33722243
27239507
33243264
24050700
35953319
28225560
31701892
27027609
36447278
22523490
31626830
21561831
34718062
22960396
25791864
12661692
16236983
32568209
34979350
36640724
27753502
17886072
36031897
29573218
32912338
23249813
24086549
29020136
25906366
36548990
29467108
26075655
19716187
29337904
29121345
26721665
24722459
27068033
25358444
35199645
25876056
26443675
26903806
26655283
32169588
31348917
29523932
26363131
31430511
23594291
31412487
30318116
20569119
32026227
28567415
11986998
37495084
26957549
4595616
25372862
28482185
22443244
23164649
22138353
21427228
34150234
29524501
18938223
23358136
30812033
22167199
28607424
26041267
27195522
12538194
23818597
24232168
10948088
12114323
19150462
25310992
31421449
35840480
36574646
35448425
29103040
33882496
32045727
37739136
31770719
11699188
10501558
19833740
36626559
20061647
27025652
28854940
20619937
27448464
22982299
26207229
18302763
20101714
29080524
25792098
27826237
28792395
26151951
27285422
39283636
37995032
22944910
15804941
16603924
33823232
20541596
18349428
28790893
27668667
28936425
36724408
22355802
31255487
32092186
29783199
33417973
30433810
25798202
28971348
37309012
26381684
38618680",,The Effects of Air Pollution on Neurological Diseases: A Narrative Review on Causes and Mechanisms.,<Element 'PubmedArticle' at 0x777b01d318a0>,,,,,,
"The etiology of Parkinson's disease (PD) is complex and multifactorial, depending on interactions involving environmental/lifestyle and genetic factors. The genetic aspects of the disease are becoming well characterized, while the environmental factors still need further investigation. In the present narrative review, we have described the most concrete evidence of associations between environmental factors and the risk of developing PD. Physical activity, healthy dietary patterns, smoking, and caffeine intake are protective factors against PD. Head trauma, consumption of milk and dairy products, and pesticide exposure were associated with a higher risk of developing PD. The associations of alcohol consumption, living in rural areas, farming, and consumption of well water with PD are still controversial. Results of several studies strongly suggest that diabetes mellitus is a risk factor for the development of PD, as well as the pre-diabetic state. Lower serum levels of uric acid were associated with an increased risk of developing PD and with worse clinical features and faster progression of symptoms. The protective effects of nonsteroidal antiinflammatory drugs use are controversial. Several other factors were potentially associated with the risk of developing PD: environmental pollutants such as organic solvents, exposure to sunlight, vitamin D deficiency, bullous pemphigoid, bipolar disorder, inflammatory bowel disease, irritable bowel syndrome, certain infections and agents, and essential tremor. Environmental factors are important risk markers for the development of PD. Understanding these risks and protective factors could lead to the implementation of risk-modifying actions for PD.","[{'affiliation': 'Universidade de São Paulo, Faculdade de Medicina de Ribeirão Preto, Ribeirão Preto SP, Brazil.', 'firstname': 'Vitor', 'initials': 'V', 'lastname': 'Tumas'}, {'affiliation': 'Universidade de São Paulo, Faculdade de Medicina de Ribeirão Preto, Departamento de Neurociências e Ciências do Comportamento, Ribeirão Preto SP, Brazil.', 'firstname': 'Marcelo Jhonatan', 'initials': 'MJ', 'lastname': 'Aureliano'}, {'affiliation': 'Universidade Federal de Ciências da Saúde de Porto Alegre, Departamento de Neurologia, Porto Alegre RS, Brazil.', 'firstname': 'Carlos Roberto de Melo', 'initials': 'CRM', 'lastname': 'Rieder'}, {'affiliation': 'Universidade Federal do Rio Grande do Sul, Departamento de Farmacologia, Porto Alegre RS, Brazil.', 'firstname': 'Artur Francisco Schumacher', 'initials': 'AFS', 'lastname': 'Schuh'}, {'affiliation': 'Universidade Federal de São Paulo, Escola Paulista de Medicina, Departamento de Neurologia e Neurocirurgia, São Paulo SP, Brazil.', 'firstname': 'Henrique Ballalai', 'initials': 'HB', 'lastname': 'Ferraz'}, {'affiliation': 'Universidade Federal de São Paulo, Escola Paulista de Medicina, Departamento de Neurologia e Neurocirurgia, São Paulo SP, Brazil.', 'firstname': 'Vanderci', 'initials': 'V', 'lastname': 'Borges'}, {'affiliation': 'Universidade Federal de São Paulo, Escola Paulista de Medicina, Departamento de Neurologia e Neurocirurgia, São Paulo SP, Brazil.', 'firstname': 'Maria Carolina', 'initials': 'MC', 'lastname': 'Soares'}, {'affiliation': 'Universidade Federal de São Paulo, Escola Paulista de Medicina, Departamento de Neurologia e Neurocirurgia, São Paulo SP, Brazil.', 'firstname': 'Dayany Leonel', 'initials': 'DL', 'lastname': 'Boone'}, {'affiliation': 'Universidade Federal de São Paulo, Escola Paulista de Medicina, Departamento de Neurologia e Neurocirurgia, São Paulo SP, Brazil.', 'firstname': 'Carolina Candeias da', 'initials': 'CCD', 'lastname': 'Silva'}, {'affiliation': 'Universidade Federal de São Paulo, Escola Paulista de Medicina, Departamento de Neurologia e Neurocirurgia, São Paulo SP, Brazil.', 'firstname': 'Mariana Cavalcanti', 'initials': 'MC', 'lastname': 'Costa'}, {'affiliation': 'Universidade Federal de Goiás, Hospital das Clínicas, Centro de Referência em Doença de Parkinson e Transtornos do Movimento (CerMov), Goiânia GO, Brazil.', 'firstname': 'Delson José da', 'initials': 'DJD', 'lastname': 'Silva'}, {'affiliation': 'Universidade Federal de Goiás, Hospital das Clínicas, Centro de Referência em Doença de Parkinson e Transtornos do Movimento (CerMov), Goiânia GO, Brazil.', 'firstname': 'Aracelle Victor do', 'initials': 'AVD', 'lastname': 'Carmo'}, {'affiliation': 'Universidade Federal de Goiás, Hospital das Clínicas, Centro de Referência em Doença de Parkinson e Transtornos do Movimento (CerMov), Goiânia GO, Brazil.', 'firstname': 'Luana de Rezende', 'initials': 'LR', 'lastname': 'Mikael'}, {'affiliation': 'Universidade Federal do Pará, Instituto de Ciências Biológicas, Laboratório de Neuropatologia Experimental, Belém PA, Brazil.', 'firstname': 'Bruno Lopes', 'initials': 'BL', 'lastname': 'Santos-Lobato'}, {'affiliation': 'Universidade Federal do Rio de Janeiro, Hospital Universitário Clementino Fraga Filho, Serviço de Neurologia Prof. Sérgio Novis, Rio de Janeiro RJ, Brazil.', 'firstname': 'Ana Lucia Zuma', 'initials': 'ALZ', 'lastname': 'Rosso'}, {'affiliation': 'Universidade Federal do Rio de Janeiro, Hospital Universitário Clementino Fraga Filho, Serviço de Neurologia Prof. Sérgio Novis, Rio de Janeiro RJ, Brazil.\nUniversidade Federal Fluminense, Niterói RJ, Brazil.', 'firstname': 'Celmir de Oliveira', 'initials': 'CO', 'lastname': 'Vilaça'}, {'affiliation': 'Universidade Federal do Ceará, Faculdade de Medicina, Departamento de Medicina Clínica, Fortaleza CE, Brazil.', 'firstname': 'Pedro', 'initials': 'P', 'lastname': 'Braga-Neto'}, {'affiliation': 'Universidade Federal do Ceará, Faculdade de Medicina, Departamento de Medicina Clínica, Fortaleza CE, Brazil.', 'firstname': 'André Borges Ferreira', 'initials': 'ABF', 'lastname': 'Gomes'}, {'affiliation': 'Universidade Federal do Ceará, Faculdade de Medicina, Departamento de Medicina Clínica, Fortaleza CE, Brazil.', 'firstname': 'Camila Gonçalves Monteiro', 'initials': 'CGM', 'lastname': 'Carvalho'}, {'affiliation': 'Pontifícia Universidade Católica de Campinas, Centro de Ciências da Vida, Ambulatório de Neurologia Clínica, Setor de Distúrbios do Movimento, Campinas SP, Brazil.', 'firstname': 'Grace Helena', 'initials': 'GH', 'lastname': 'Letro'}, {'affiliation': 'Universidade Federal do Estado do Rio de Janeiro, Escola de Medicina e Cirurgia, Serviço de Neurologia, Rio de Janeiro RJ, Brazil.', 'firstname': 'Denise Hack', 'initials': 'DH', 'lastname': 'Nicaretta'}, {'affiliation': 'Universidade do Estado do Amazonas, Departamento de Neurologia, Manaus AM, Brazil.', 'firstname': 'Marcus Vinicius Della', 'initials': 'MVD', 'lastname': 'Coletta'}, {'affiliation': 'Universidade de São Paulo, Faculdade de Medicina, Departamento de Neurologia, São Paulo SP, Brazil.', 'firstname': 'Egberto Reis', 'initials': 'ER', 'lastname': 'Barbosa'}, {'affiliation': 'Universidade de São Paulo, Faculdade de Medicina, Departamento de Neurologia, São Paulo SP, Brazil.', 'firstname': 'Rubens Gisbert', 'initials': 'RG', 'lastname': 'Cury'}, {'affiliation': 'Universidade Federal de Minas Gerais, Faculdade de Medicina, Departamento de Medicina Interna, Belo Horizonte MG, Brazil.', 'firstname': 'Francisco Eduardo Costa', 'initials': 'FEC', 'lastname': 'Cardoso'}, {'affiliation': 'Universidade Federal de Minas Gerais, Faculdade de Medicina, Departamento de Medicina Interna, Belo Horizonte MG, Brazil.', 'firstname': 'Sarah Teixeira', 'initials': 'ST', 'lastname': 'Camargos'}, {'affiliation': 'Cleveland Clinic Foundation, Lerner Research Institute, Genomic Medicine Institute, Cleveland OH, United States.', 'firstname': 'Ignacio Fernandez', 'initials': 'IF', 'lastname': 'Mata'}]",,"The Author(s). This is an open access article published by Thieme under the terms of the Creative Commons Attribution 4.0 International License, permitting copying and reproduction so long as the original work is given appropriate credit (https://creativecommons.org/licenses/by/4.0/).","10.1055/s-0045-1805075
10.1016/S1474-4422(19)30320-5
10.3233/JPD-181474
10.1001/jamanetworkopen.2018.2421
10.1136/jnnp-2023-332974
10.3233/JPD-202521
10.1016/j.ebiom.2022.104154
10.1016/j.archger.2015.08.004
10.1212/WNL.0000000000009437
10.3233/JPD-230053
10.1056/EVIDoa2200311
10.1002/mds.25076
10.1016/j.parkreldis.2011.02.016
10.3389/fneur.2021.619535
10.3233/JAD-2010-091525
10.1007/s10072-018-3253-1
10.1159/000450855
10.1016/j.lfs.2014.01.083
10.1212/WNL.0000000000004568
10.1093/ajcn/86.5.1486
10.3233/JPD-202290
10.3390/nu13113970
10.1002/mds.29580
10.3390/nu14153240
10.1002/mds.25458
10.1016/j.parkreldis.2015.12.005
10.1093/nutrit/nuac114
10.1212/WNL.0000000000004057
10.3390/nu13082893
10.3390/ijms22031059
10.3233/JPD-230206
10.1016/j.biopha.2017.03.100
10.1212/wnl.38.4.550
10.1016/S2542-5196(23)00255-3
10.1093/ije/dyt170
10.1016/j.parkreldis.2023.105493
10.1038/s41531-024-00709-y
10.1007/s00415-018-9032-3
10.3233/JPD-223522
10.1002/mds.28039
10.1002/mds.29778
10.1038/s41598-021-93105-y
10.3390/nu16101517
10.1017/s0317167100026147
10.1371/journal.pone.0151841
10.1016/j.parkreldis.2010.07.002
10.1159/000254572
10.1111/ajr.13054
10.1016/j.parkreldis.2018.10.026
10.1007/s10654-017-0229-z
10.17305/bb.2023.10035
10.1002/mds.28551
10.1002/mds.29122
10.1007/s10072-023-06965-9
10.1016/S0140-6736(17)31585-4
10.1056/NEJMoa2312323
10.3390/medicina57090972
10.1371/journal.pone.0173731
10.1017/s0317167100012981
10.3233/JPD-230007
10.1186/s12883-022-02874-0
10.1002/mds.29209
10.1016/j.expneurol.2017.08.007
10.1001/jama.2021.10207
10.1001/archneur.60.8.1059
10.1159/000108110
10.1007/s00228-018-2561-y
10.1097/MD.0000000000012172
10.1002/brb3.3225
10.1111/jdv.13660
10.1001/jamaneurol.2019.3446
10.1001/jamaneurol.2022.3902
10.3389/fimmu.2024.132590
10.1111/ane.13570
10.1002/mds.27556
10.1016/j.prdoa.2021.100092
10.1007/s10654-018-0399-3
10.1001/jamaneurol.2023.1168
10.1002/mds.27802",Arquivos de neuro-psiquiatria,[],,20-03-25,"40107260
2423234
31701892
30584159
30646166
38418216
33814465
35816897
26272284
32371450
28680589
38320207
22927157
21458354
33776884
20182023
29362953
28135712
24530739
28954882
17991663
33104042
34836224
37602951
35956417
23609436
26725141
36647769
28596209
34445060
33494388
37927277
28412655
3352909
37949088
24057998
37354828
38632283
30155737
36442208
32357270
38532309
34234189
38794754
3815163
27055126
20674462
19887842
37897118
30377035
28185034
38219272
33682937
35699244
37500992
28781108
38598572
34577895
28319195
23250131
37424476
36221048
36056888
28821398
34519802
12925360
17851257
30280208
30212946
37654024
27599898
31609378
36342675
38720896
34908158
30653258
34316670
29730746
37184848
31412427",,Modifiable risk factors associated with the risk of developing Parkinson's disease: a critical review.,<Element 'PubmedArticle' at 0x777b01d907c0>,,,,,,
"Genetic and environmental factors are linked to Parkinson disease (PD), but the role of genetic susceptibility in the association between traffic-related air pollution (TRAP) and PD remains unclear.
To assess the gene-environment interaction between the polygenic risk score (PRS) for PD and long-term TRAP exposure and to estimate the joint effect with PD risk.
This population-based case-control study used a meta-analytical assessment of studies conducted in central California and Denmark. The Parkinson Environment and Genes (PEG) study in California (June 1, 2000, to July 31, 2017) included 634 patients with PD and 733 controls; the Parkinson Disease in Denmark (PASIDA) study (January 1, 2006, to December 31, 2017) included 966 patients with PD and 1045 controls. Data were analyzed from July 1 to October 31, 2024.
PRS was computed by summing the effect estimates of well-known risk alleles from an existing genome-wide association study's summary statistics using participants' genetic arrays. TRAP exposure was estimated using dispersion models to calculate long-term exposure (10- or 15-year means with a 5-year lag) to traffic-related pollutants (represented by carbon monoxide [CO] levels) at participants' residences.
The main outcome was diagnosis of PD. Using multivariable logistic regression, PD risk was estimated from interactions between PRS (per SD) and TRAP exposure (per IQR), with joint effects based on low (quartiles 1-3) and high (quartile 4) exposure levels.
A total of 1600 patients with PD (mean [SD] age, 65.1 [9.9] years; 990 [61.9%] male) and 1778 controls (mean [SD] age, 64.5 [10.3] years; 992 [55.8%] male) were included. Meta-analytical estimates suggest that both higher PRS and increased TRAP exposure increased PD risk, with an interaction effect estimate of 1.06 (95% CI, 1.00-1.12). Joint effect analysis indicated that individuals with both high PRS and high TRAP exposure were at greatest risk of PD (odds ratio, 3.05; 95% CI, 2.23-4.19) compared with the reference group with a low PRS and low TRAP exposure, suggesting a synergistic effect.
In this gene-environment interaction study, a combination of long-term air pollution exposure and genetic susceptibility strongly contributed to the risk of developing PD. Widespread exposure to air pollution makes TRAP an important modifiable risk factor affecting large populations globally, particularly individuals with genetic vulnerability.","[{'affiliation': 'Department of Epidemiology, Fielding School of Public Health, UCLA (University of California, Los Angeles), Los Angeles.', 'firstname': 'Dayoon', 'initials': 'D', 'lastname': 'Kwon'}, {'affiliation': 'Department of Neurology, David Geffen School of Medicine, UCLA, Los Angeles.', 'firstname': 'Kimberly C', 'initials': 'KC', 'lastname': 'Paul'}, {'affiliation': 'Department of Epidemiology, Fielding School of Public Health, UCLA (University of California, Los Angeles), Los Angeles.\nCousins Center for Psychoneuroimmunology, Semel Institute for Neuroscience and Human Behavior, UCLA, Los Angeles.\nDepartment of Psychiatry and Biobehavioral Sciences, David Geffen School of Medicine, UCLA, Los Angeles.', 'firstname': 'Cynthia', 'initials': 'C', 'lastname': 'Kusters'}, {'affiliation': 'Department of Environmental and Occupational Health, School of Population and Public Health, University of California, Irvine.', 'firstname': 'Jun', 'initials': 'J', 'lastname': 'Wu'}, {'affiliation': 'Department of Neurology, David Geffen School of Medicine, UCLA, Los Angeles.', 'firstname': 'Jeff M', 'initials': 'JM', 'lastname': 'Bronstein'}, {'affiliation': 'Institute of Epidemiology and Social Medicine, University of Münster, Münster, Germany.\nAgeing Epidemiology Research Unit, School of Public Health, Imperial College, London, United Kingdom.', 'firstname': 'Christina M', 'initials': 'CM', 'lastname': 'Lill'}, {'affiliation': 'Department of Environmental Science, Aarhus University, Roskilde, Denmark.\nGlobal Centre for Clean Air Research, Department of Civil and Environmental Engineering, University of Surrey, Guildford, United Kingdom.', 'firstname': 'Matthias', 'initials': 'M', 'lastname': 'Ketzel'}, {'affiliation': 'Department of Environmental Science, Aarhus University, Roskilde, Denmark.\nDanish Cancer Institute, Danish Cancer Society, Copenhagen, Denmark.', 'firstname': 'Ole', 'initials': 'O', 'lastname': 'Raachou-Nielsen'}, {'affiliation': 'Danish Cancer Institute, Danish Cancer Society, Copenhagen, Denmark.', 'firstname': 'Johnni', 'initials': 'J', 'lastname': 'Hansen'}, {'affiliation': 'Department of Epidemiology, Fielding School of Public Health, UCLA (University of California, Los Angeles), Los Angeles.\nDepartment of Neurology, David Geffen School of Medicine, UCLA, Los Angeles.', 'firstname': 'Beate', 'initials': 'B', 'lastname': 'Ritz'}]",,,"10.1001/jamanetworkopen.2025.0854
10.1016/S1474-4422(18)30499-X
10.1016/S0140-6736(21)00218-X
10.1016/S2468-2667(20)30190-0
10.1016/S1474-4422(19)30320-5
10.1002/mds.28922
10.1016/j.envint.2022.107667
10.1001/archneurol.2010.101
10.1016/j.envres.2016.09.006
10.1289/ehp.0800277
10.1289/ehp.1408976
10.1093/aje/kwx227
10.1136/jnnp-2020-323646
10.1186/s12883-017-0978-z
10.1001/jamaneurol.2017.4206
10.1002/mds.26505
10.1016/j.envres.2023.117434
10.1289/ehp.1409313
10.1016/j.parkreldis.2019.01.018
10.1001/archneur.56.1.33
10.1136/jnnp.55.3.181
10.2202/1934-2659.1510
10.1080/10962247.2018.1548387
10.1016/j.envint.2005.05.020
10.1504/IJEP.2011.047337
10.1016/j.atmosenv.2018.10.036
10.1002/mds.28760
10.1093/braincomms/fcae146
10.1096/fj.04-1945fje
10.1111/jnc.12231
10.1186/1742-2094-8-105
10.1289/ehp.1002986
10.1016/0272-0590(86)90199-5
10.1093/toxsci/kfaa055
10.1007/s10565-021-09618-9
10.2131/jts.38.13
10.1177/0192623307313011
10.1038/s41531-024-00633-1",JAMA network open,[],,17-03-25,"40094665
30879893
33848468
33007212
31701892
35043999
36516478
20558393
27640071
19590691
26383258
28978193
32934108
29141588
29340614
26853697
37858688
26151951
30833231
9923759
1564476
22381086
29659239
30427279
16005066
34426982
38863574
15319363
23470120
21864400
21561831
3732674
32298450
34057650
23358136
18349428
38233432","A total of 1600 patients with PD (mean [SD] age, 65.1 [9.9] years; 990 [61.9%] male) and 1778 controls (mean [SD] age, 64.5 [10.3] years; 992 [55.8%] male) were included. Meta-analytical estimates suggest that both higher PRS and increased TRAP exposure increased PD risk, with an interaction effect estimate of 1.06 (95% CI, 1.00-1.12). Joint effect analysis indicated that individuals with both high PRS and high TRAP exposure were at greatest risk of PD (odds ratio, 3.05; 95% CI, 2.23-4.19) compared with the reference group with a low PRS and low TRAP exposure, suggesting a synergistic effect.",Interaction Between Traffic-Related Air Pollution and Parkinson Disease Polygenic Risk Score.,<Element 'PubmedArticle' at 0x777b01bcbd80>,,,,,,
,"[{'affiliation': 'Laboratório de Neuropatologia Experimental, Universidade Federal do Pará, Belém, Brazil.', 'firstname': 'Bruno Lopes', 'initials': 'BL', 'lastname': 'Santos-Lobato'}]",,,10.1002/mds.30135,Movement disorders : official journal of the Movement Disorder Society,"[""Parkinson's disease"", 'environment', 'pesticide', 'risk factor']",,06-02-25,39910845,,New Insights into the Association of Pesticide Exposure and Parkinson's Disease.,<Element 'PubmedArticle' at 0x777b01c6a8e0>,,,,,,
"Ensuring sustainable management of water is an indispensable part of sustainable development, however, the limelight on long-term health risk of water hardness is essential but remains inadequate. This study estimated effects of water hardness on the brain system to refine its systemic risk assessment. We assembled a cohort of 397,265 participants from the UK Biobank to investigate the associations of water hardness with neurodegenerative diseases and brain imaging phenotypes through modeling. We found water hardness in 0-120 mg/L elevated the incidence risks of Alzheimer's disease and vascular dementia compared to that in 120-300 mg/L, with hazard ratios of 1.13 (1.01, 1.27) and 1.24 (1.05, 1.46), respectively. Furthermore, the associations with partial cerebral atrophy were also observed, including the caudate nucleus and inferior parietal lobule. Our study provides insights into the importance of enacting more precise guidelines about water hardness and contributes to the achievement of the Sustainable Development Goals.","[{'affiliation': 'School of Public Health, Shanghai Jiao Tong University School of Medicine, Shanghai, China.', 'firstname': 'Yujia', 'initials': 'Y', 'lastname': 'Bao'}, {'affiliation': 'School of Public Health, Shanghai Jiao Tong University School of Medicine, Shanghai, China.', 'firstname': 'Yongxuan', 'initials': 'Y', 'lastname': 'Li'}, {'affiliation': 'School of Public Health, Shanghai Jiao Tong University School of Medicine, Shanghai, China.', 'firstname': 'Yanqiu', 'initials': 'Y', 'lastname': 'Zhou'}, {'affiliation': 'School of Public Health, Shanghai Jiao Tong University School of Medicine, Shanghai, China.', 'firstname': 'Jingqi', 'initials': 'J', 'lastname': 'Zhou'}, {'affiliation': 'School of Public Health, Shanghai Jiao Tong University School of Medicine, Shanghai, China.', 'firstname': 'Wei', 'initials': 'W', 'lastname': 'Mu'}, {'affiliation': 'School of Public Health, Shanghai Jiao Tong University School of Medicine, Shanghai, China.', 'firstname': 'Xiaobei', 'initials': 'X', 'lastname': 'Deng'}, {'affiliation': 'MRC Centre for Environment and Health, Department of Epidemiology and Biostatistics, School of Public Health, Imperial College London, UK.', 'firstname': 'Chen', 'initials': 'C', 'lastname': 'Shen'}, {'affiliation': 'School of Global Health, Shanghai Jiao Tong University School of Medicine, Shanghai, China. Electronic address: lfhan@sjtu.edu.cn.', 'firstname': 'Lefei', 'initials': 'L', 'lastname': 'Han'}, {'affiliation': 'School of Public Health, Shanghai Jiao Tong University School of Medicine, Shanghai, China. Electronic address: jinjunr@sjtu.edu.cn.', 'firstname': 'Jinjun', 'initials': 'J', 'lastname': 'Ran'}]",,Copyright © 2025 The Authors. Published by Elsevier Inc. All rights reserved.,10.1016/j.ecoenv.2024.117647,Ecotoxicology and environmental safety,"['Brain health', 'Drinking water quality', 'Environmental epidemiology', 'Human health effect', 'Neurodegenerative disease']",,06-01-25,39756179,,Water quality and neurodegenerative disease risk in the middle-aged and elderly population.,<Element 'PubmedArticle' at 0x777b01ac81d0>,,,,,,
We examined the effect of annual exposure to fine particulate matter (PM,"[{'affiliation': 'Department of Environmental Health, Harvard T.H. Chan School of Public Health, Boston, MA, USA. vwang@hsph.harvard.edu.', 'firstname': 'Veronica A', 'initials': 'VA', 'lastname': 'Wang'}, {'affiliation': 'Department of Environmental Health, Harvard T.H. Chan School of Public Health, Boston, MA, USA.', 'firstname': 'Scott', 'initials': 'S', 'lastname': 'Delaney'}, {'affiliation': ""Division of Pulmonary Medicine, Boston Children's Hospital, Boston, MA, USA."", 'firstname': 'Lauren E', 'initials': 'LE', 'lastname': 'Flynn'}, {'affiliation': 'Barrow Neurological Institute, Phoenix, AZ, USA.\nFaculty of Health Sciences, University of the Witwatersrand, Johannesburg, South Africa.', 'firstname': 'Brad A', 'initials': 'BA', 'lastname': 'Racette'}, {'affiliation': 'Department of Environmental Health Sciences, Mailman School of Public Health, Columbia University, New York, NY, USA.', 'firstname': 'Gary W', 'initials': 'GW', 'lastname': 'Miller'}, {'affiliation': 'Department of Biostatistics, Harvard T.H. Chan School of Public Health, Boston, MA, USA.\nDepartment of Data Science, Dana Farber Cancer Institute, Boston, MA, USA.', 'firstname': 'Danielle', 'initials': 'D', 'lastname': 'Braun'}, {'affiliation': 'Department of Environmental Health, Harvard T.H. Chan School of Public Health, Boston, MA, USA.', 'firstname': 'Antonella', 'initials': 'A', 'lastname': 'Zanobetti'}, {'affiliation': 'Department of Biostatistics, Harvard T.H. Chan School of Public Health, Boston, MA, USA.', 'firstname': 'Daniel', 'initials': 'D', 'lastname': 'Mork'}]",,© 2024. The Author(s).,10.1038/s41531-024-00815-x,NPJ Parkinson's disease,[],,25-10-24,"39448632
30003140
32665974
35332791
37903644
30606679
30391837
31770719
38457975
25978701
33091388
24886318
34218186
38383041
36936557
36521347
35043999
15204759
24344990
37128335
37927256
33672290
26110197
31272018
31851499
32808786
31688554
18682488
38524247",,The effect of air pollution on hospitalizations with Parkinson's disease among medicare beneficiaries nationwide.,<Element 'PubmedArticle' at 0x777b01b400e0>,,,,,,
"The role of air pollution in risk and progression of Parkinson disease (PD) is unclear.
To assess whether air pollution is associated with increased risk of PD and clinical characteristics of PD.
This population-based case-control study included patients with PD and matched controls from the Rochester Epidemiology Project from 1998 to 2015. Data were analyzed from January to June 2024.
Mean annual exposure to particulate matter with a diameter of 2.5 µm or less (PM2.5) from 1998 to 2015 and mean annual exposure to nitrogen dioxide (NO2) from 2000 to 2014.
Outcomes of interest were PD risk, all-cause mortality, presence of tremor-predominant vs akinetic rigid PD, and development of dyskinesia. Models were adjusted for age, sex, race and ethnicity, year of index, and urban vs rural residence.
A total of 346 patients with PD (median [IQR] age 72 [65-80] years; 216 [62.4%] male) were identified and matched on age and sex with 4813 controls (median [IQR] age, 72 [65-79] years, 2946 [61.2%] male). Greater PM2.5 exposure was associated with increased PD risk, and this risk was greatest after restricting to populations within metropolitan cores (odds ratio [OR], 1.23; 95% CI, 1.11-1.35) for the top quintile of PM2.5 exposure compared with the bottom quintile. Greater NO2 exposure was also associated with increased PD risk when comparing the top quintile with the bottom quintile (OR, 1.13; 95% CI, 1.07-1.19). Air pollution was associated with a 36% increased risk of akinetic rigid presentation (OR per each 1-μg/m3 increase in PM2.5, 1.36; 95% CI, 1.02-1.80). In analyses among patients with PD only, higher PM2.5 exposure was associated with greater risk for developing dyskinesia (HR per 1-μg/m3 increase in PM2.5, 1.42; 95% CI, 1.17-1.73), as was increased NO2 exposure (HR per 1 μg/m3 increase in NO2, 1.13; 95% CI, 1.06-1.19). There was no association between PM2.5 and all-cause mortality among patients with PD.
In this case-control study of air pollution and PD, higher levels of PM2.5 and NO2 exposure were associated with increased risk of PD; also, higher levels of PM2.5 exposure were associated with increased risk of developing akinetic rigid PD and dyskinesia compared with patients with PD exposed to lower levels. These findings suggest that reducing air pollution may reduce risk of PD, modify the PD phenotype, and reduce risk of dyskinesia.","[{'affiliation': 'Barrow Neurological Institute, Phoenix, Arizona.', 'firstname': 'Brittany', 'initials': 'B', 'lastname': 'Krzyzanowski'}, {'affiliation': 'Department of Quantitative Health Sciences, Mayo Clinic, Rochester, Minnesota.', 'firstname': 'Aidan F', 'initials': 'AF', 'lastname': 'Mullan'}, {'affiliation': 'Department of Neurology, Mayo Clinic, Rochester, Minnesota.', 'firstname': 'Pierpaolo', 'initials': 'P', 'lastname': 'Turcano'}, {'affiliation': 'Department of Neurology, University of Kansas Medical Center, Kansas City.', 'firstname': 'Emanuele', 'initials': 'E', 'lastname': 'Camerucci'}, {'affiliation': 'Department of Neurology, Mayo Clinic, Rochester, Minnesota.', 'firstname': 'James H', 'initials': 'JH', 'lastname': 'Bower'}, {'affiliation': 'Department of Neurology, Mayo Clinic, Rochester, Minnesota.', 'firstname': 'Rodolfo', 'initials': 'R', 'lastname': 'Savica'}]",,,"10.1001/jamanetworkopen.2024.33602
10.1038/s41531-018-0058-0
10.1002/mds.27277
10.1016/S1474-4422(20)30302-1
10.1016/S1474-4422(16)30230-7
10.1212/WNL.0000000000207871
10.1289/EHP259
10.1016/j.envint.2022.107667
10.1097/EE9.0000000000000023
10.1097/JOM.0000000000000451
10.1289/ehp.1408973
10.1016/S2542-5196(20)30227-8
10.1093/ije/dyy172
10.1016/j.envres.2021.111170
10.1186/s12940-020-0565-4
10.1177/0192623307313011
10.1016/j.neuro.2020.05.004
10.1002/ana.24460
10.1007/s11356-015-5222-z
10.1016/j.envpol.2013.10.026
10.1186/s12974-016-0480-3
10.1093/aje/kwy194
10.1001/jamaneurol.2021.1335
10.1001/jamaneurol.2013.114
10.1093/ije/dyx268
10.1021/acs.est.5b02076
10.1371/journal.pone.0253253
10.1016/j.envint.2017.08.020
10.1016/j.neuro.2016.07.007
10.1016/j.neuro.2021.10.009
10.1289/EHP135
10.1186/1476-069X-13-80
10.4209/aaqr.2009.10.0063
10.1021/acs.estlett.2c00203
10.3389/fnins.2019.00550
10.1212/WNL.35.7.949
10.1152/jn.1994.72.2.521
10.1002/mds.870131305
10.1016/0166-2236(89)90135-5
10.1002/mds.23068
10.1111/j.1468-1331.2008.02106.x
10.1212/WNL.40.2.340
10.1136/jnnp.53.3.224
10.1212/WNL.0000000000004536
10.1002/mds.27125",JAMA network open,[],,17-09-24,"39283636
30003140
29356127
27751556
37903644
28886605
36516478
25951420
25978701
33091388
30124852
33887274
31964412
18349428
32450181
26075655
26304807
24333687
26810976
30165598
33999109
23689920
29346555
26261937
34242242
28917207
27448464
34718062
27285422
25294559
35719860
31191237
3874373
7983516
9827591
2469210
20310028
18355302
2405297
2324754
28864676
28843020","A total of 346 patients with PD (median [IQR] age 72 [65-80] years; 216 [62.4%] male) were identified and matched on age and sex with 4813 controls (median [IQR] age, 72 [65-79] years, 2946 [61.2%] male). Greater PM2.5 exposure was associated with increased PD risk, and this risk was greatest after restricting to populations within metropolitan cores (odds ratio [OR], 1.23; 95% CI, 1.11-1.35) for the top quintile of PM2.5 exposure compared with the bottom quintile. Greater NO2 exposure was also associated with increased PD risk when comparing the top quintile with the bottom quintile (OR, 1.13; 95% CI, 1.07-1.19). Air pollution was associated with a 36% increased risk of akinetic rigid presentation (OR per each 1-μg/m3 increase in PM2.5, 1.36; 95% CI, 1.02-1.80). In analyses among patients with PD only, higher PM2.5 exposure was associated with greater risk for developing dyskinesia (HR per 1-μg/m3 increase in PM2.5, 1.42; 95% CI, 1.17-1.73), as was increased NO2 exposure (HR per 1 μg/m3 increase in NO2, 1.13; 95% CI, 1.06-1.19). There was no association between PM2.5 and all-cause mortality among patients with PD.",Air Pollution and Parkinson Disease in a Population-Based Study.,<Element 'PubmedArticle' at 0x777b01b57bf0>,,,,,,
"Environmental factors such as air pollution have been associated with Parkinson's disease (PD), but findings have been inconsistent. We investigated the association between exposure to several air pollutants, road traffic noise, and PD risk in two Dutch cohorts.
Data from 50,087 participants from two Dutch population-based cohort studies, European Prospective Investigation into Cancer and Nutrition in the Netherlands and Arbeid, Milieu en Gezondheid Onderzoek were analyzed. In these cohorts, 235 PD cases were ascertained based on a previously validated algorithm combining self-reported information (diagnosis, medication, and symptoms) and registry data. We assigned the following traffic-related exposures to residential addresses at baseline: NO
Both single- and two-pollutant models indicated associations between exposure to NO
Our findings suggest that NO","[{'affiliation': 'Institute for Risk Assessment Sciences, Utrecht University, Utrecht, the Netherlands.', 'firstname': 'Jara', 'initials': 'J', 'lastname': 'Lomme'}, {'affiliation': 'Institute for Risk Assessment Sciences, Utrecht University, Utrecht, the Netherlands.', 'firstname': 'Marije', 'initials': 'M', 'lastname': 'Reedijk'}, {'affiliation': 'Institute for Risk Assessment Sciences, Utrecht University, Utrecht, the Netherlands.', 'firstname': 'Susan', 'initials': 'S', 'lastname': 'Peters'}, {'affiliation': 'Institute for Risk Assessment Sciences, Utrecht University, Utrecht, the Netherlands.\nJulius Centre for Health Sciences and Primary Care, University Medical Centre Utrecht, Utrecht, The Netherlands.', 'firstname': 'George S', 'initials': 'GS', 'lastname': 'Downward'}, {'affiliation': 'Institute for Risk Assessment Sciences, Utrecht University, Utrecht, the Netherlands.', 'firstname': 'Magdalini', 'initials': 'M', 'lastname': 'Stefanopoulou'}, {'affiliation': 'Institute for Risk Assessment Sciences, Utrecht University, Utrecht, the Netherlands.\nJulius Centre for Health Sciences and Primary Care, University Medical Centre Utrecht, Utrecht, The Netherlands.', 'firstname': 'Roel', 'initials': 'R', 'lastname': 'Vermeulen'}, {'affiliation': 'Institute for Risk Assessment Sciences, Utrecht University, Utrecht, the Netherlands.', 'firstname': 'Anke', 'initials': 'A', 'lastname': 'Huss'}]",,"Copyright © 2023 The Authors. Published by Wolters Kluwer Health, Inc. on behalf of The Environmental Epidemiology. All rights reserved.",10.1097/EE9.0000000000000272,"Environmental epidemiology (Philadelphia, Pa.)",[],,24-06-24,"38912395
21626386
12777365
19568887
19716187
21034221
36516478
31770719
35262433
37086879
34042992
31964412
24183105
20708214
19455173
28257128
28343738
19483199
25428630
32609766
29778684
22963366
24076757
27809494
28244744
16961926
21285243
26773394
34388675
15527881
21561831
15804941
35043999
31103844
27614945
19017692
34497091
30978359
31227656
29538344",Both single- and two-pollutant models indicated associations between exposure to NO,"Traffic-related air pollution, road traffic noise, and Parkinson's disease: Evaluations in two Dutch cohort studies.",<Element 'PubmedArticle' at 0x777b00adbc90>,,,,,,
"Emerging evidence suggests that air pollution exposure may increase the risk of Parkinson's disease (PD). We aimed to investigate the association between exposure to fine particulate matter (PM2.5) and the risk of incident PD nationwide.
We utilized data from the Taiwan National Health Insurance Research Database, which is spatiotemporally linked with air quality data from the Taiwan Environmental Protection Administration website. The study population consisted of participants who were followed from the index date (January 1, 2005) until the occurrence of PD or the end of the study period (December 31, 2017). Participants who were diagnosed with PD before the index date were excluded. To evaluate the association between exposure to PM2.5 and incident PD risk, we employed Cox regression to estimate the hazard ratio and 95% confidence interval (CI).
A total of 454,583 participants were included, with a mean (standard deviation) age of 63.1 (9.9) years and a male proportion of 50%. Over a mean follow-up period of 11.1 (3.6) years, 4% of the participants (n = 18,862) developed PD. We observed a significant positive association between PM2.5 exposure and the risk of PD, with a hazard ratio of 1.22 (95% CI, 1.20-1.23) per interquartile range increase in exposure (10.17 μg/m3) when adjusting for both SO2 and NO2.
We provide further evidence of an association between PM2.5 exposure and the risk of PD. These findings underscore the urgent need for public health policies aimed at reducing ambient air pollution and its potential impact on PD.","[{'affiliation': 'Department of Neurology, Neurological Institute, Taichung Veterans General Hospital, Taichung, Taiwan.\nDepartment of Neurology, Kuang Tien General Hospital, Taichung, Taiwan.', 'firstname': 'Ting-Bin', 'initials': 'TB', 'lastname': 'Chen'}, {'affiliation': 'Department of Psychiatry, Beitou Branch, Tri-Service General Hospital, National Defense Medical Center, Taipei, Taiwan.', 'firstname': 'Chih-Sung', 'initials': 'CS', 'lastname': 'Liang'}, {'affiliation': 'Center for Traditional Medicine, Taipei Veterans General Hospital, Taipei, Taiwan.\nCollege of Medicine, National Yang Ming Chiao Tung University, Taipei, Taiwan.\nInstitute of Traditional Medicine, National Yang Ming Chiao Tung University, Taipei, Taiwan.', 'firstname': 'Ching-Mao', 'initials': 'CM', 'lastname': 'Chang'}, {'affiliation': 'Department of Healthcare Administration, Asia University, Taichung, Taiwan.', 'firstname': 'Cheng-Chia', 'initials': 'CC', 'lastname': 'Yang'}, {'affiliation': 'Department of Bioenvironmental Systems Engineering, National Taiwan University, Taipei, Taiwan.', 'firstname': 'Hwa-Lung', 'initials': 'HL', 'lastname': 'Yu'}, {'affiliation': 'Department of Safety, Health, and Environmental Engineering, Hung Kuang University, Taichung, Taiwan.', 'firstname': 'Yuh-Shen', 'initials': 'YS', 'lastname': 'Wu'}, {'affiliation': 'Department of Safety, Health, and Environmental Engineering, Hung Kuang University, Taichung, Taiwan.', 'firstname': 'Winn-Jung', 'initials': 'WJ', 'lastname': 'Huang'}, {'affiliation': 'Department of Medical Research, Kuang Tien General Hospital, Taichung, Taiwan.\nManagement Office for Health Data, China Medical University Hospital, Taichung, Taiwan.', 'firstname': 'I-Ju', 'initials': 'IJ', 'lastname': 'Tsai'}, {'affiliation': 'Department of Medical Research, Kuang Tien General Hospital, Taichung, Taiwan.\nDivision of Endocrinology and Metabolism, Department of Internal Medicine, Kuang Tien General Hospital, Taichung, Taiwan.\nDepartment of Nutrition and Institute of Biomedical Nutrition, Hung Kuang University, Taichung, Taiwan.', 'firstname': 'Yuan-Horng', 'initials': 'YH', 'lastname': 'Yan'}, {'affiliation': 'Department of Exercise and Health Promotion, College of Kinesiology and Health, Chinese Culture University, Taipei, Taiwan.\nDepartment of Neurology, Chang Bing Show Chwan Memorial Hospital, Changhua, Taiwan.', 'firstname': 'Cheng-Yu', 'initials': 'CY', 'lastname': 'Wei'}, {'affiliation': 'Department of Neurology, Kuang Tien General Hospital, Taichung, Taiwan.\nDepartment of Safety, Health, and Environmental Engineering, Hung Kuang University, Taichung, Taiwan.\nDepartment of Nutrition and Institute of Biomedical Nutrition, Hung Kuang University, Taichung, Taiwan.\nPh.D. Program in Translational Medicine, National Chung Hsing University, Taichung, Taiwan.', 'firstname': 'Chun-Pai', 'initials': 'CP', 'lastname': 'Yang'}]",We provide further evidence of an association between PM2.5 exposure and the risk of PD. These findings underscore the urgent need for public health policies aimed at reducing ambient air pollution and its potential impact on PD.,,10.14802/jmd.24003,Journal of movement disorders,"['Air pollution', 'Neurological disease', 'Parkinson’s disease']",,18-06-24,"38887056
33361591
33009291
33392129
33852547
32165138
34119010
33069327
31686637
31127781
35189880
35043999
28731859
30606679
25294559
28886605
31103844
28809934
31786292
33999109
31894453
30391837
25951420
37903644
36516478
37086879
37858688
31118821
26904358
34950630
30287051
30124852
35364040
27285422
26151951
27614945
32006765
21955814
18550243
22436577
29498263","A total of 454,583 participants were included, with a mean (standard deviation) age of 63.1 (9.9) years and a male proportion of 50%. Over a mean follow-up period of 11.1 (3.6) years, 4% of the participants (n = 18,862) developed PD. We observed a significant positive association between PM2.5 exposure and the risk of PD, with a hazard ratio of 1.22 (95% CI, 1.20-1.23) per interquartile range increase in exposure (10.17 μg/m3) when adjusting for both SO2 and NO2.",Association Between Exposure to Particulate Matter and the Incidence of Parkinson's Disease: A Nationwide Cohort Study in Taiwan.,<Element 'PubmedArticle' at 0x777b00af3330>,,,,,,
,"[{'affiliation': 'Department of Chemical, Biological, Pharmaceutical and Environmental Sciences, University of Messina, 98166 Messina, Italy.', 'firstname': 'Ramona', 'initials': 'R', 'lastname': ""D'Amico""}, {'affiliation': 'Department of Veterinary Science, University of Messina, 98168 Messina, Italy.', 'firstname': 'Enrico', 'initials': 'E', 'lastname': 'Gugliandolo'}, {'affiliation': 'Department of Chemical, Biological, Pharmaceutical and Environmental Sciences, University of Messina, 98166 Messina, Italy.', 'firstname': 'Rosalba', 'initials': 'R', 'lastname': 'Siracusa'}, {'affiliation': 'Department of Biomedical, Dental and Morphological and Functional Imaging, University of Messina, 98125 Messina, Italy.', 'firstname': 'Marika', 'initials': 'M', 'lastname': 'Cordaro'}, {'affiliation': 'Department of Chemical, Biological, Pharmaceutical and Environmental Sciences, University of Messina, 98166 Messina, Italy.', 'firstname': 'Tiziana', 'initials': 'T', 'lastname': 'Genovese'}, {'affiliation': 'Department of Chemical, Biological, Pharmaceutical and Environmental Sciences, University of Messina, 98166 Messina, Italy.', 'firstname': 'Alessio Filippo', 'initials': 'AF', 'lastname': 'Peritore'}, {'affiliation': 'Department of Veterinary Science, University of Messina, 98168 Messina, Italy.', 'firstname': 'Rosalia', 'initials': 'R', 'lastname': 'Crupi'}, {'affiliation': 'Department of Chemical, Biological, Pharmaceutical and Environmental Sciences, University of Messina, 98166 Messina, Italy.', 'firstname': 'Livia', 'initials': 'L', 'lastname': 'Interdonato'}, {'affiliation': 'Department of Chemical, Biological, Pharmaceutical and Environmental Sciences, University of Messina, 98166 Messina, Italy.', 'firstname': 'Davide', 'initials': 'D', 'lastname': 'Di Paola'}, {'affiliation': 'Department of Chemical, Biological, Pharmaceutical and Environmental Sciences, University of Messina, 98166 Messina, Italy.', 'firstname': 'Salvatore', 'initials': 'S', 'lastname': 'Cuzzocrea'}, {'affiliation': 'Department of Clinical and Experimental Medicine, University of Messina, 98125 Messina, Italy.', 'firstname': 'Roberta', 'initials': 'R', 'lastname': 'Fusco'}, {'affiliation': 'Department of Chemical, Biological, Pharmaceutical and Environmental Sciences, University of Messina, 98166 Messina, Italy.', 'firstname': 'Daniela', 'initials': 'D', 'lastname': 'Impellizzeri'}, {'affiliation': 'Department of Veterinary Science, University of Messina, 98168 Messina, Italy.', 'firstname': 'Rosanna', 'initials': 'R', 'lastname': 'Di Paola'}]",,,"10.3390/biomedicines12040834
10.3390/biomedicines10051073",Biomedicines,[],,27-04-24,"38672284
35625810",,Correction: D'Amico et al. Toxic Exposure to Endocrine Disruptors Worsens Parkinson's Disease Progression through NRF2/HO-1 Alteration. ,<Element 'PubmedArticle' at 0x777b00ba27a0>,,,,,,
"Parkinson's disease (PD), the second most common neurodegenerative disorder, develops sporadically, likely through a combination of polygenic and environmental factors. Previous studies associate pesticide exposure and genes involved in lysosomal function with PD risk. We evaluated the frequency of variants in lysosomal function genes among patients from the Parkinson's, Environment, and Genes (PEG) study with ambient pesticide exposure from agricultural sources. 757 PD patients, primarily of White European/non-Hispanic ancestry (75%), were screened for variants in 85 genes using a custom amplicon panel. Variant enrichment was calculated against the Genome Aggregation Database (gnomAD). Enriched exonic variants were prioritized by exposure to a cluster of pesticides used on cotton and severity of disease progression in a subset of 386 patients subdivided by race/ethnicity. Gene enrichment analysis identified 36 variants in 26 genes in PEG PD patients. Twelve of the identified genes (12/26, 46%) had multiple enriched variants and/or a single enriched variant present in multiple individuals, representing 61% (22/36) of the observed variation in the cohort. The majority of enriched variants (26/36, 72%) were found in genes contributing to lysosomal function, particularly autophagy, and were bioinformatically deemed functionally deleterious (31/36, 86%). We conclude that, in this study, variants in genes associated with lysosomal function, notably autophagy, were enriched in PD patients exposed to agricultural pesticides suggesting that altered lysosomal function may generate an underlying susceptibility for developing PD with pesticide exposure. Further study of gene-environment interactions targeting lysosomal function may improve understanding of PD risk in individuals exposed to pesticides.","[{'affiliation': 'Department of Neurology, David Geffen School of Medicine, University of California Los Angeles, Los Angeles, CA, 90095, USA.', 'firstname': 'Kathie J', 'initials': 'KJ', 'lastname': 'Ngo'}, {'affiliation': 'Department of Neurology, David Geffen School of Medicine, University of California Los Angeles, Los Angeles, CA, 90095, USA.', 'firstname': 'Kimberly C', 'initials': 'KC', 'lastname': 'Paul'}, {'affiliation': 'Department of Neurology, David Geffen School of Medicine, University of California Los Angeles, Los Angeles, CA, 90095, USA.\nClinical Neurogenomics Research Center, David Geffen School of Medicine, University of California Los Angeles, Los Angeles, CA, 90095, USA.', 'firstname': 'Darice', 'initials': 'D', 'lastname': 'Wong'}, {'affiliation': 'Department of Epidemiology, UCLA Fielding School of Public Health, Los Angeles, CA, USA.', 'firstname': 'Cynthia D J', 'initials': 'CDJ', 'lastname': 'Kusters'}, {'affiliation': 'Department of Neurology, David Geffen School of Medicine, University of California Los Angeles, Los Angeles, CA, 90095, USA.', 'firstname': 'Jeff M', 'initials': 'JM', 'lastname': 'Bronstein'}, {'affiliation': 'Department of Neurology, David Geffen School of Medicine, University of California Los Angeles, Los Angeles, CA, 90095, USA.\nDepartment of Epidemiology, UCLA Fielding School of Public Health, Los Angeles, CA, USA.\nDepartment of Environmental Health Sciences, UCLA Fielding School of Public Health, Los Angeles, CA, USA.', 'firstname': 'Beate', 'initials': 'B', 'lastname': 'Ritz'}, {'affiliation': 'Department of Neurology, David Geffen School of Medicine, University of California Los Angeles, Los Angeles, CA, 90095, USA. bfogel@ucla.edu.\nClinical Neurogenomics Research Center, David Geffen School of Medicine, University of California Los Angeles, Los Angeles, CA, 90095, USA. bfogel@ucla.edu.\nDepartment of Human Genetics, David Geffen School of Medicine, University of California Los Angeles, Los Angeles, CA, 90095, USA. bfogel@ucla.edu.', 'firstname': 'Brent L', 'initials': 'BL', 'lastname': 'Fogel'}]",,© 2024. The Author(s).,"10.1038/s41531-024-00703-4
10.1016/j.nbd.2020.104782
10.1016/j.lpm.2017.01.001
10.1111/ane.12563
10.1016/j.neulet.2021.135865
10.1016/j.ejmg.2018.05.005
10.1073/pnas.1700465115
10.1016/j.nbd.2018.03.008
10.1016/j.neuron.2017.12.012
10.1093/brain/awx285
10.1289/ehp.8095
10.1371/journal.pone.0036199
10.1038/s41467-023-38215-z
10.1186/s13073-021-00835-9
10.1016/j.pneurobio.2011.09.005
10.1002/mds.25462
10.1016/j.parkreldis.2019.11.015
10.1523/JNEUROSCI.1920-10.2010
10.1080/15548627.2022.2062112
10.1016/j.toxlet.2019.01.007
10.1002/ana.21717
10.1093/toxsci/kfw117
10.1128/MCB.01748-12
10.1016/j.envint.2022.107613
10.1016/j.taap.2011.12.006
10.1016/j.pneurobio.2011.03.005
10.1016/j.chemosphere.2019.125138
10.1093/toxsci/kfz049
10.1002/tox.23534
10.1212/WNL.0000000000000083
10.1016/j.neuron.2017.01.022
10.1038/ncb3101
10.1016/j.mam.2006.08.005
10.1080/15548627.2019.1633862
10.1371/journal.pbio.3002244
10.4161/auto.28979
10.1016/j.envres.2020.110186
10.1038/jes.2017.3
10.1093/aje/kwr003
10.1038/s41467-020-18255-5
10.1093/bioinformatics/btt703
10.1126/science.1262110
10.1093/bioinformatics/btp324
10.1101/gr.107524.110
10.1093/bioinformatics/bty849
10.1093/bioinformatics/btp352
10.1093/nar/gkx1153
10.1007/s00439-017-1779-6
10.1086/519795
10.1038/s41586-020-2308-7",NPJ Parkinson's disease,[],,26-04-24,"38664407
31991247
28189372
26942037
26869347
33147750
33812929
29842932
29311330
29550539
29290548
29140481
16451848
22615757
37193692
33618777
21930184
23580333
31761667
20844148
35435793
30664929
19847896
22946053
27413109
23589329
36395557
37894945
22197610
21439347
31670000
36851010
30796443
35388968
24491970
28279350
25686248
16973206
31223056
37535686
24852146
32919961
28327632
21447478
32913184
24336805
25954001
19451168
20644199
30304370
19505943
29165669
28349240
17701901
32461654",,Lysosomal genes contribute to Parkinson's disease near agriculture with high intensity pesticide use.,<Element 'PubmedArticle' at 0x777b00bae700>,,,,,,
"Epidemiological evidence for long-term air pollution exposure and Parkinson's disease (PD) is controversial, and analysis of causality is limited. We identified 293,888 participants who were free of PD at baseline in the UK Biobank (2006-2010). Time-varying air pollution [fine particulate (PM","[{'affiliation': 'Department of Epidemiology, School of Public Health, Sun Yat-sen University, Guangzhou, China.', 'firstname': 'Baozhuo', 'initials': 'B', 'lastname': 'Ai'}, {'affiliation': 'Department of Epidemiology, School of Public Health, Sun Yat-sen University, Guangzhou, China.', 'firstname': 'Jiayue', 'initials': 'J', 'lastname': 'Zhang'}, {'affiliation': 'Department of Epidemiology, School of Public Health, Sun Yat-sen University, Guangzhou, China.', 'firstname': 'Shiyu', 'initials': 'S', 'lastname': 'Zhang'}, {'affiliation': 'Department of Epidemiology, School of Public Health, Sun Yat-sen University, Guangzhou, China.', 'firstname': 'Ge', 'initials': 'G', 'lastname': 'Chen'}, {'affiliation': 'Department of Epidemiology, School of Public Health, Sun Yat-sen University, Guangzhou, China.', 'firstname': 'Fei', 'initials': 'F', 'lastname': 'Tian'}, {'affiliation': 'Department of Epidemiology, School of Public Health, Sun Yat-sen University, Guangzhou, China.', 'firstname': 'Lan', 'initials': 'L', 'lastname': 'Chen'}, {'affiliation': 'Shenzhen University General Hospital, Shenzhen, China.', 'firstname': 'Haitao', 'initials': 'H', 'lastname': 'Li'}, {'affiliation': 'School of Public Health and Preventive Medicine, Monash University, Melbourne, VIC 3004, Australia.', 'firstname': 'Yuming', 'initials': 'Y', 'lastname': 'Guo'}, {'affiliation': 'Schulich Heart Program, Sunnybrook Research Institute, Toronto, ON, Canada; ICES, Toronto, ON, Canada; Department of Anesthesiology and Pain Medicine, Temerty Faculty of Medicine, University of Toronto, Toronto, ON, Canada.', 'firstname': 'Angela', 'initials': 'A', 'lastname': 'Jerath'}, {'affiliation': 'Department of Epidemiology, School of Public Health, Sun Yat-sen University, Guangzhou, China. Electronic address: linhualiang@mail.sysu.edu.cn.', 'firstname': 'Hualiang', 'initials': 'H', 'lastname': 'Lin'}, {'affiliation': 'Department of Epidemiology, School of Public Health, Sun Yat-sen University, Guangzhou, China. Electronic address: zhangzilong@mail.sysu.edu.cn.', 'firstname': 'Zilong', 'initials': 'Z', 'lastname': 'Zhang'}]",,Copyright © 2024 Elsevier B.V. All rights reserved.,10.1016/j.jhazmat.2024.133944,Journal of hazardous materials,"['Air pollution', 'Causal inference', ""Parkinson's disease"", 'Prospective cohort']",,09-03-24,38457975,,Causal association between long-term exposure to air pollution and incident Parkinson's disease.,<Element 'PubmedArticle' at 0x777b00a00a90>,,,,,,
"Research using Sister Study data has implicated nitrogen dioxide (vehicle exhaust is a major source), and possibly fine particulate matter, in increased risk for Parkinson's disease.","[{'affiliation': None, 'firstname': 'Wendee', 'initials': 'W', 'lastname': 'Nicole'}]",,,"10.1289/EHP14469
10.1289/EHP13009
10.1001/jamaneurol.2021.1335
10.1093/ije/dyy172
10.1212/WNL.0000000000207871",Environmental health perspectives,[],,06-03-24,"38446581
38175185
33999109
30124852
37903644",,Trafficking in Disease: More Evidence for Air Pollution-Parkinson's Association.,<Element 'PubmedArticle' at 0x777b00a2a660>,,,,,,
"Environmental exposure to trichloroethylene (TCE), a carcinogenic dry-cleaning chemical, may be linked to Parkinson's disease (PD).
The objective of this study was to determine whether PD and cancer were elevated among attorneys who worked near a contaminated site.
We surveyed and evaluated attorneys with possible exposure and assessed a comparison group.
Seventy-nine of 82 attorneys (96.3%; mean [SD] age: 69.5 [11.4] years; 89.9% men) completed at least one phase of the study. For comparison, 75 lawyers (64.9 [10.2] years; 65.3% men) underwent clinical evaluations. Four (5.1%) of them who worked near the polluted site reported PD, more than expected based on age and sex (1.7%; P = 0.01) but not significantly higher than the comparison group (n = 1 [1.3%]; P = 0.37). Fifteen (19.0%), compared to four in the comparison group (5.3%; P = 0.049), had a TCE-related cancer.
In a retrospective study, diagnoses of PD and TCE-related cancers appeared to be elevated among attorneys who worked next to a contaminated dry-cleaning site. © 2024 The Authors. Movement Disorders published by Wiley Periodicals LLC on behalf of International Parkinson and Movement Disorder Society.","[{'affiliation': 'Department of Neurology, University of Rochester Medical Center, Rochester, New York, USA.\nCenter for Health & Technology, University of Rochester Medical Center, Rochester, New York, USA.', 'firstname': 'E Ray', 'initials': 'ER', 'lastname': 'Dorsey'}, {'affiliation': 'Department of Neurology, University of Rochester Medical Center, Rochester, New York, USA.\nCenter for Health & Technology, University of Rochester Medical Center, Rochester, New York, USA.', 'firstname': 'Dan', 'initials': 'D', 'lastname': 'Kinel'}, {'affiliation': 'Center for Health & Technology, University of Rochester Medical Center, Rochester, New York, USA.', 'firstname': 'Meghan E', 'initials': 'ME', 'lastname': 'Pawlik'}, {'affiliation': 'Center for Health & Technology, University of Rochester Medical Center, Rochester, New York, USA.\nHarvard T.H. Chan School of Public Health, Boston, Massachusetts, USA.', 'firstname': 'Maryam', 'initials': 'M', 'lastname': 'Zafar'}, {'affiliation': 'Center for Health & Technology, University of Rochester Medical Center, Rochester, New York, USA.', 'firstname': 'Samantha E', 'initials': 'SE', 'lastname': 'Lettenberger'}, {'affiliation': 'Donald and Barbara Zucker School of Medicine, Uniondale, New York, USA.', 'firstname': 'Madeleine', 'initials': 'M', 'lastname': 'Coffey'}, {'affiliation': 'Department of Neurology, University of Rochester Medical Center, Rochester, New York, USA.\nCenter for Health & Technology, University of Rochester Medical Center, Rochester, New York, USA.', 'firstname': 'Peggy', 'initials': 'P', 'lastname': 'Auinger'}, {'affiliation': 'Kevin Hylton Environmental Services, Inc., Rochester, New York, USA.', 'firstname': 'Kevin L', 'initials': 'KL', 'lastname': 'Hylton'}, {'affiliation': 'Wilmot Cancer Institute, University of Rochester Medical Center, Rochester, New York, USA.', 'firstname': 'Carol W', 'initials': 'CW', 'lastname': 'Shaw'}, {'affiliation': 'Department of Neurology, University of Rochester Medical Center, Rochester, New York, USA.\nCenter for Health & Technology, University of Rochester Medical Center, Rochester, New York, USA.', 'firstname': 'Jamie L', 'initials': 'JL', 'lastname': 'Adams'}, {'affiliation': 'Department of Neurology, University of Rochester Medical Center, Rochester, New York, USA.', 'firstname': 'Richard', 'initials': 'R', 'lastname': 'Barbano'}, {'affiliation': 'Department of Neurology, University of Rochester Medical Center, Rochester, New York, USA.', 'firstname': 'Melanie K', 'initials': 'MK', 'lastname': 'Braun'}, {'affiliation': 'Department of Neurology, University of Rochester Medical Center, Rochester, New York, USA.', 'firstname': 'Heidi B', 'initials': 'HB', 'lastname': 'Schwarz'}, {'affiliation': 'Department of Environmental Medicine, University of Rochester Medical Center, Rochester, New York, USA.', 'firstname': 'B Paige', 'initials': 'BP', 'lastname': 'Lawrence'}, {'affiliation': 'Department of Neurology, University of Rochester Medical Center, Rochester, New York, USA.\nCenter for Health & Technology, University of Rochester Medical Center, Rochester, New York, USA.', 'firstname': 'Karl', 'initials': 'K', 'lastname': 'Kieburtz'}, {'affiliation': 'Department of Neurology, UCSF Health, San Francisco, California, USA.', 'firstname': 'Caroline M', 'initials': 'CM', 'lastname': 'Tanner'}, {'affiliation': 'Department of Neurology, University of Alabama at Birmingham, Birmingham, Alabama, USA.', 'firstname': 'Briana R', 'initials': 'BR', 'lastname': 'de Miranda'}, {'affiliation': 'Division of Occupational, Environmental, and Climate Medicine, University of California San Francisco, San Francisco, California, USA.', 'firstname': 'Samuel M', 'initials': 'SM', 'lastname': 'Goldman'}]",,© 2024 The Authors. Movement Disorders published by Wiley Periodicals LLC on behalf of International Parkinson and Movement Disorder Society.,10.1002/mds.29723,Movement disorders : official journal of the Movement Disorder Society,"[""Parkinson's disease"", 'disease hotspot', 'environment', 'tetrachloroethylene (perchloroethylene)', 'trichloroethylene']",,23-02-24,38389433,"Seventy-nine of 82 attorneys (96.3%; mean [SD] age: 69.5 [11.4] years; 89.9% men) completed at least one phase of the study. For comparison, 75 lawyers (64.9 [10.2] years; 65.3% men) underwent clinical evaluations. Four (5.1%) of them who worked near the polluted site reported PD, more than expected based on age and sex (1.7%; P = 0.01) but not significantly higher than the comparison group (n = 1 [1.3%]; P = 0.37). Fifteen (19.0%), compared to four in the comparison group (5.3%; P = 0.049), had a TCE-related cancer.",Dry-Cleaning Chemicals and a Cluster of Parkinson's Disease and Cancer: A Retrospective Investigation.,<Element 'PubmedArticle' at 0x777b00a35530>,,,,,,
"Parkinson's disease is the world's fastest growing brain disorder, and exposure to environmental toxicants is the principal reason. In this paper, we consider alternative, but unsatisfactory, explanations for its rise, including improved diagnostic skills, aging populations, and genetic causes. We then detail three environmental toxicants that are likely among the main causes of Parkinson's disease- certain pesticides, the solvent trichloroethylene, and air pollution. All three environmental toxicants are ubiquitous, many affect mitochondrial functioning, and all can access humans via various routes, including inhalation and ingestion. We reach the hopeful conclusion that most of Parkinson's disease is thus preventable and that we can help to create a world where Parkinson's disease is increasingly rare.","[{'affiliation': 'Center for Health + Technology and Department of Neurology, University of Rochester Medical Center, Rochester, NY, USA.', 'firstname': 'E Ray', 'initials': 'ER', 'lastname': 'Dorsey'}, {'affiliation': 'Department of Neurology, Radboud University Medical Centre, Donders Institute for Brain, Cognition and Behavior, Centre of Expertise for Parkinson and Movement Disorders, Nijmegen, the Netherlands.', 'firstname': 'Bastiaan R', 'initials': 'BR', 'lastname': 'Bloem'}]",,,10.3233/JPD-230357,Journal of Parkinson's disease,"['Parkinson disease', 'genetics', 'indoor air pollution', 'mitochondria', 'pesticides', 'primary prevention', 'solvents', 'tetrachloroethylene', 'trichloroethylene', 'water pollution']",,13-01-24,"38217613
11983801
28931491
30879893
30287051
25482515
28520211
22254097
22345227
20625084
16713924
8844928
12411732
38552119
22315721
22847273
6713313
9929087
28639421
25888648
23150532
22776331
32767585
37980685
3815163
28185034
20090375
24050700
27546335
29553378
3876500
25939349
26357584
21269927
25815770
33887276
36526213
32552814
11100151
12127150
22166429
31175000
36522332
37949088
37259092
27159543
36876974
37838044
37193692
31996877
36938742
27838093
7885292
33636387
10457397
4313458
15206739
18157908
22083847
31422098
19922440
29270919
38011294
37184848
29988368
32981430
33999105
29587223
29935448
18349428
26151951
27614945
33999109
35700064
27648592
34770082
18550243
1642478
27187980
22178536
33412145
36054165
37903644
23515615
29616350
16495942
19915575
27285588
33372994
34042992
22192366
21687752
19399512
36450732
28843014
35605864
22229124
23483637
16682554
34950630
31752705
27323276
37688454
24647365
29246470
29137501
36424819
27188952
11783857
28691715
16112328
32650158",,Parkinson's Disease Is Predominantly an Environmental Disease.,<Element 'PubmedArticle' at 0x777b00a78590>,,,,,,
,"[{'affiliation': 'School of Pharmacy, University of Eastern Finland, P.O. Box 1627, 70211, Kuopio, Finland; Department of Health Security, Finnish Institute for Health and Welfare, P.O. Box 95, 70701, Kuopio, Finland. Electronic address: Isabell.Rumrich@uef.fi.', 'firstname': 'Isabell Katharina', 'initials': 'IK', 'lastname': 'Rumrich'}, {'affiliation': 'Department of Health Security, Finnish Institute for Health and Welfare, P.O. Box 95, 70701, Kuopio, Finland.', 'firstname': 'Antti', 'initials': 'A', 'lastname': 'Korhonen'}, {'affiliation': 'Department of Environmental Science, Aarhus University, Frederiksborgvej, 399, 4000, Roskilde, Denmark.', 'firstname': 'Lise Marie', 'initials': 'LM', 'lastname': 'Frohn'}, {'affiliation': 'Department of Environmental Science, Aarhus University, Frederiksborgvej, 399, 4000, Roskilde, Denmark.', 'firstname': 'Camilla', 'initials': 'C', 'lastname': 'Geels'}, {'affiliation': 'Department of Environmental Science, Aarhus University, Frederiksborgvej, 399, 4000, Roskilde, Denmark.', 'firstname': 'Jørgen', 'initials': 'J', 'lastname': 'Brandt'}, {'affiliation': 'School of Pharmacy, University of Eastern Finland, P.O. Box 1627, 70211, Kuopio, Finland.', 'firstname': 'Sirpa', 'initials': 'S', 'lastname': 'Hartikainen'}, {'affiliation': 'Department of Health Security, Finnish Institute for Health and Welfare, P.O. Box 95, 70701, Kuopio, Finland.', 'firstname': 'Otto', 'initials': 'O', 'lastname': 'Hänninen'}, {'affiliation': 'School of Pharmacy, University of Eastern Finland, P.O. Box 1627, 70211, Kuopio, Finland.', 'firstname': 'Anna-Maija', 'initials': 'AM', 'lastname': 'Tolppanen'}]",,,10.1016/j.envres.2023.118008,Environmental research,[],,28-12-23,38150953,,Corrigendum to 'Long-term exposure to low-level particulate air pollution and Parkinson's disease diagnosis - A Finnish register-based study' [Environ. Res. 229 (2023) 1-13/115944].,<Element 'PubmedArticle' at 0x777b00aad620>,,,,,,
"Parkinson's disease (PD) is a neurodegenerative disorder with complex etiology. Multiple genetic and environmental factors have been associated with PD, but most PD risk remains unexplained. The aim of this study was to test for statistical interactions between PD-related genetic and environmental exposures in the 23andMe, Inc. research dataset.
Using a validated PD polygenic risk score and common PD-associated variants in the GBA gene, we explored interactions between genetic susceptibility factors and 7 lifestyle and environmental factors: body mass index (BMI), type 2 diabetes (T2D), tobacco use, caffeine consumption, pesticide exposure, head injury, and physical activity (PA).
We observed that T2D, as well as higher BMI, caffeine consumption, and tobacco use, were associated with lower odds of PD, whereas head injury, pesticide exposure, GBA carrier status, and PD polygenic risk score were associated with higher odds. No significant association was observed between PA and PD. In interaction analyses, we found statistical evidence for an interaction between polygenic risk of PD and the following environmental/lifestyle factors: T2D (p = 6.502 × 10
We provide preliminary evidence that associations between some environmental and lifestyle factors and PD may be modified by genotype. ANN NEUROL 2024;95:677-687.","[{'affiliation': '23andMe, Inc., Sunnyvale, CA, USA.', 'firstname': 'Alexandra', 'initials': 'A', 'lastname': 'Reynoso'}, {'affiliation': 'Center for Preventive Neurology, Wolfson Institute of Population Health, Faculty of Medicine and Dentistry, Queen Mary University of London, London, UK.', 'firstname': 'Roberta', 'initials': 'R', 'lastname': 'Torricelli'}, {'affiliation': 'Center for Preventive Neurology, Wolfson Institute of Population Health, Faculty of Medicine and Dentistry, Queen Mary University of London, London, UK.', 'firstname': 'Benjamin Meir', 'initials': 'BM', 'lastname': 'Jacobs'}, {'affiliation': '23andMe, Inc., Sunnyvale, CA, USA.', 'firstname': 'Jingchunzi', 'initials': 'J', 'lastname': 'Shi'}, {'affiliation': '23andMe, Inc., Sunnyvale, CA, USA.', 'firstname': 'Stella', 'initials': 'S', 'lastname': 'Aslibekyan'}, {'affiliation': '23andMe, Inc., Sunnyvale, CA, USA.', 'firstname': 'Lucy', 'initials': 'L', 'lastname': 'Norcliffe-Kaufmann'}, {'affiliation': 'Center for Preventive Neurology, Wolfson Institute of Population Health, Faculty of Medicine and Dentistry, Queen Mary University of London, London, UK.', 'firstname': 'Alastair J', 'initials': 'AJ', 'lastname': 'Noyce'}, {'affiliation': 'Department of Psychiatry and Psychotherapy, Charité Universitätsmedizin, Berlin, Germany.\nStanley Center for Psychiatric Research, Broad Institute of Harvard and MIT, Cambridge, MA, USA.', 'firstname': 'Karl', 'initials': 'K', 'lastname': 'Heilbron'}]",,© 2023 The Authors. Annals of Neurology published by Wiley Periodicals LLC on behalf of American Neurological Association.,10.1002/ana.26852,Annals of neurology,[],,19-12-23,38113326,"We observed that T2D, as well as higher BMI, caffeine consumption, and tobacco use, were associated with lower odds of PD, whereas head injury, pesticide exposure, GBA carrier status, and PD polygenic risk score were associated with higher odds. No significant association was observed between PA and PD. In interaction analyses, we found statistical evidence for an interaction between polygenic risk of PD and the following environmental/lifestyle factors: T2D (p = 6.502 × 10",Gene-Environment Interactions for Parkinson's Disease.,<Element 'PubmedArticle' at 0x777b00aafce0>,,,,,,
"Parkinson's disease is the fastest-growing neurologic disease with seemingly no means of prevention. Intrinsic risk factors (age, sex, and genetics) are inescapable, but environmental factors are not. We identified repeated blows to the head in sports/combat as a potential new risk factor. 23% of PD cases in females were attributable to pesticide/herbicide exposure, and 30% of PD in males were attributable to pesticides/herbicides, military-related chemical exposures, and repeated blows to the head, and therefore could have potentially been prevented.","[{'affiliation': ""Department of Neurology, University of Alabama at Birmingham, Birmingham, AL, 35233, USA. haydehpayami@uabmc.edu.\nAligning Science Across Parkinson's (ASAP) Collaborative Research Network, Chevy Chase, MD, 20815, USA. haydehpayami@uabmc.edu."", 'firstname': 'Haydeh', 'initials': 'H', 'lastname': 'Payami'}, {'affiliation': ""Department of Neurology, University of Alabama at Birmingham, Birmingham, AL, 35233, USA.\nAligning Science Across Parkinson's (ASAP) Collaborative Research Network, Chevy Chase, MD, 20815, USA."", 'firstname': 'Gwendolyn', 'initials': 'G', 'lastname': 'Cohen'}, {'affiliation': ""Department of Neurology, University of Alabama at Birmingham, Birmingham, AL, 35233, USA.\nAligning Science Across Parkinson's (ASAP) Collaborative Research Network, Chevy Chase, MD, 20815, USA.\nDepartment of Biostatistics, University of Alabama at Birmingham, Birmingham, AL, 35233, USA."", 'firstname': 'Charles F', 'initials': 'CF', 'lastname': 'Murchison'}, {'affiliation': ""Aligning Science Across Parkinson's (ASAP) Collaborative Research Network, Chevy Chase, MD, 20815, USA.\nDepartment of Cell Biology, Emory University School of Medicine, Atlanta, GA, 30329, USA."", 'firstname': 'Timothy R', 'initials': 'TR', 'lastname': 'Sampson'}, {'affiliation': ""Department of Neurology, University of Alabama at Birmingham, Birmingham, AL, 35233, USA.\nAligning Science Across Parkinson's (ASAP) Collaborative Research Network, Chevy Chase, MD, 20815, USA."", 'firstname': 'David G', 'initials': 'DG', 'lastname': 'Standaert'}, {'affiliation': ""Department of Neurology, University of Alabama at Birmingham, Birmingham, AL, 35233, USA.\nAligning Science Across Parkinson's (ASAP) Collaborative Research Network, Chevy Chase, MD, 20815, USA."", 'firstname': 'Zachary D', 'initials': 'ZD', 'lastname': 'Wallen'}]",,© 2023. The Author(s).,"10.1038/s41531-023-00603-z
10.1016/S1474-4422(18)30295-3
10.1016/j.parkreldis.2015.12.008
10.1093/oxfordjournals.aje.a121617
10.1016/S2214-109X(19)30074-9
10.1097/JSM.0000000000000918
10.1186/s12940-019-0488-0",NPJ Parkinson's disease,[],,06-12-23,"38052871
30287051
26739246
4825599
31000129
33797476
31170989",,Population fraction of Parkinson's disease attributable to preventable risk factors.,<Element 'PubmedArticle' at 0x777b008cbd30>,,,,,,
"The correlation between air pollution and neurodegenerative diseases has garnered growing attention. Although observational studies have indicated a potential link between air pollution and neurodegenerative disease, establishing a causal relationship remains uncertain. To address this gap, we performed a two-sample Mendelian randomization analysis utilizing genetic instruments. This analysis aimed to investigate the causal connections between PM","[{'affiliation': ""Department of Geriatric Neurology, Shaanxi Provincial People's Hospital, Xi'an, 710068, People's Republic of China.\nShaanxi Provincial Clinical Research Center for Geriatric Medicine, Xi'an, 710068, People's Republic of China."", 'firstname': 'Pingping', 'initials': 'P', 'lastname': 'Ning'}, {'affiliation': ""Department of Geriatric Neurology, Shaanxi Provincial People's Hospital, Xi'an, 710068, People's Republic of China.\nShaanxi Provincial Clinical Research Center for Geriatric Medicine, Xi'an, 710068, People's Republic of China.\nInstitute of Medical Research, Northwestern Polytechnical University, Xi'an, 710072, People's Republic of China."", 'firstname': 'Xingzhi', 'initials': 'X', 'lastname': 'Guo'}, {'affiliation': ""Department of Neurology, The First Affiliated Hospital of Xi'an Jiaotong University, Xi'an, 710061, People's Republic of China."", 'firstname': 'Qiumin', 'initials': 'Q', 'lastname': 'Qu'}, {'affiliation': ""Department of Geriatric Neurology, Shaanxi Provincial People's Hospital, Xi'an, 710068, People's Republic of China. rli@nwpu.edu.cn.\nShaanxi Provincial Clinical Research Center for Geriatric Medicine, Xi'an, 710068, People's Republic of China. rli@nwpu.edu.cn.\nInstitute of Medical Research, Northwestern Polytechnical University, Xi'an, 710072, People's Republic of China. rli@nwpu.edu.cn."", 'firstname': 'Rui', 'initials': 'R', 'lastname': 'Li'}]",,"© 2023. The Author(s), under exclusive licence to Springer-Verlag GmbH Germany, part of Springer Nature.","10.1007/s11356-023-31047-w
10.1016/j.tins.2009.05.009
10.1016/S0140-6736(21)00218-X
10.1002/gepi.21758
10.1002/gepi.21998
10.1080/01926230490520232
10.1177/0192623307313011
10.1016/j.neuro.2004.08.003
10.1186/s12940-019-0511-5
10.1002/hep.32183
10.1186/s12967-022-03407-6
10.3233/JAD-200483
10.1016/j.puhe.2019.09.020
10.1016/j.envres.2018.10.008
10.1016/S2468-2667(20)30185-7
10.1001/jamaneurol.2021.1335
10.1016/j.ijheh.2018.12.006
10.1038/s41588-019-0358-2
10.1002/sim.3034
10.1289/ehp.1002986
10.1002/mds.28922
10.1016/S1474-4422(19)30320-5
10.3233/JAD-215411
10.1016/S1474-4422(22)00168-5
10.1093/ije/dyq151
10.1038/nrdp.2017.13
10.1038/s41467-019-09432-2
10.1681/ASN.2016010098
10.1093/ije/dyg070
10.1016/j.envres.2019.108638
10.1080/08958370590912888
10.1016/j.dadm.2014.11.015",Environmental science and pollution research international,"['Air pollution', 'Alzheimer’s disease', 'Causality', 'Mendelian randomization', 'Neurodegenerative disorders', 'Parkinson’s disease']",,23-11-23,37995032,,Exploring the association between air pollution and Parkinson's disease or Alzheimer's disease: a Mendelian randomization study.,<Element 'PubmedArticle' at 0x777b008d7d30>,,,,,,
"Prior studies suggested that air pollution exposure may increase the risk of Parkinson's Disease (PD). We investigated the long-term impacts of traffic-related and multiple sources of particulate air pollution on PD in central California.
Our case-control analysis included 761 PD patients and 910 population controls. We assessed exposure at residential and occupational locations from 1981 to 2016, estimating annual average carbon monoxide (CO) concentrations - a traffic pollution marker - based on the California Line Source Dispersion Model, version 4. Additionally, particulate matter (PM
Traffic-related CO was associated with an increased odds ratio for PD at residences (OR for T3 vs. T1: 1.58; 95% CI: 1.20, 2.10; p-trend = 0.02) and workplaces (OR for T3 vs. T1: 1.91; 95% CI: 1.22, 3.00; p-trend <0.01). PM
We found that long-term modeled exposure to local traffic-related air pollution (CO) and fine particulates from multiple sources (PM","[{'affiliation': 'Department of Epidemiology, Fielding School of Public Health, University of California, Los Angeles, United States.', 'firstname': 'Dayoon', 'initials': 'D', 'lastname': 'Kwon'}, {'affiliation': 'Department of Neurology, David Geffen School of Medicine, University of California, Los Angeles, United States.', 'firstname': 'Kimberly C', 'initials': 'KC', 'lastname': 'Paul'}, {'affiliation': 'Department of Epidemiology, Fielding School of Public Health, University of California, Los Angeles, United States; UCLA Center for Health Policy Research, University of California, Los Angeles, United States.', 'firstname': 'Yu', 'initials': 'Y', 'lastname': 'Yu'}, {'affiliation': 'Department of Epidemiology, Fielding School of Public Health, University of California, Los Angeles, United States.', 'firstname': 'Keren', 'initials': 'K', 'lastname': 'Zhang'}, {'affiliation': 'Department of Epidemiology, Fielding School of Public Health, University of California, Los Angeles, United States.', 'firstname': 'Aline D', 'initials': 'AD', 'lastname': 'Folle'}, {'affiliation': 'Department of Environmental and Occupational Health, Program in Public Health, University of California, Irvine, United States.', 'firstname': 'Jun', 'initials': 'J', 'lastname': 'Wu'}, {'affiliation': 'Department of Neurology, David Geffen School of Medicine, University of California, Los Angeles, United States.', 'firstname': 'Jeff M', 'initials': 'JM', 'lastname': 'Bronstein'}, {'affiliation': 'Department of Epidemiology, Fielding School of Public Health, University of California, Los Angeles, United States; Department of Neurology, David Geffen School of Medicine, University of California, Los Angeles, United States. Electronic address: britz@ucla.edu.', 'firstname': 'Beate', 'initials': 'B', 'lastname': 'Ritz'}]",We found that long-term modeled exposure to local traffic-related air pollution (CO) and fine particulates from multiple sources (PM,Copyright © 2023 The Authors. Published by Elsevier Inc. All rights reserved.,10.1016/j.envres.2023.117434,Environmental research,"['Air pollution', 'Case-control study', 'Long-term exposure', ""Parkinson's disease""]",,20-10-23,"37858688
30302391
32298450
33879872
16330147
12498954
19297138
21955814
18550243
28809934
19270050
36213096
30427279
21245015
30287051
36371460
34248501
33999109
15954133
28790893
25951420
35364040
27614945
24499252
27285422
30995030
35043999
25492627
15204759
24344990
28886605
25294559
23205266
30451941
18549826
27668667
33417973
26151951
26857251
37086879
31786292
22550057
30124852
31103844
21505849
33009291
26999434
27382275
33887274
31964412","Traffic-related CO was associated with an increased odds ratio for PD at residences (OR for T3 vs. T1: 1.58; 95% CI: 1.20, 2.10; p-trend = 0.02) and workplaces (OR for T3 vs. T1: 1.91; 95% CI: 1.22, 3.00; p-trend <0.01). PM",Traffic-related air pollution and Parkinson's disease in central California.,<Element 'PubmedArticle' at 0x777b0098bfb0>,,,,,,
"Parkinson's disease (PD) is the second most common human neurodegenerative disorder, and the pathogenesis of it remains poorly understood. Limited studies have shown that both long- and short-term exposure to air pollutants may be associated with increased risk of PD while lacking evidence on the effects of intermediate-term exposure. In this study, over-dispersed Poisson generalized additive models (GAMs) were applied to explore the association between intermediate-term sulfur dioxide (SO","[{'affiliation': 'Department of Epidemiology, College of Preventive Medicine, Army Medical University (Third Military Medical University), 30 Gaotanyan Main Street, Chongqing, 400038, Shapingba, China.', 'firstname': 'Yuegu', 'initials': 'Y', 'lastname': 'Hu'}, {'affiliation': 'Department of Epidemiology, College of Preventive Medicine, Army Medical University (Third Military Medical University), 30 Gaotanyan Main Street, Chongqing, 400038, Shapingba, China.\nChongqing Center for Disease Control and Prevention, Chongqing, 400042, China.', 'firstname': 'Chunbei', 'initials': 'C', 'lastname': 'Zhou'}, {'affiliation': 'Department of Quality Management, Southwest Hospital, Army Medical University (Third Military Medical University), Chongqing, 400038, China.', 'firstname': 'Chunlei', 'initials': 'C', 'lastname': 'Tan'}, {'affiliation': 'Department of Family and Community Health, University of Pennsylvania School of Nursing, Philadelphia, PA, 19104, USA.', 'firstname': 'Jianghong', 'initials': 'J', 'lastname': 'Liu'}, {'affiliation': 'Medical Department, Southwest Hospital, Army Medical University (Third Military Medical University), Chongqing, 400038, China.', 'firstname': 'Xiaolong', 'initials': 'X', 'lastname': 'Huang'}, {'affiliation': 'Department of Epidemiology, College of Preventive Medicine, Army Medical University (Third Military Medical University), 30 Gaotanyan Main Street, Chongqing, 400038, Shapingba, China.', 'firstname': 'Xiaoling', 'initials': 'X', 'lastname': 'Liu'}, {'affiliation': 'Department of Epidemiology, College of Preventive Medicine, Army Medical University (Third Military Medical University), 30 Gaotanyan Main Street, Chongqing, 400038, Shapingba, China.', 'firstname': 'Chunyan', 'initials': 'C', 'lastname': 'Yao'}, {'affiliation': 'Department of Epidemiology, College of Preventive Medicine, Army Medical University (Third Military Medical University), 30 Gaotanyan Main Street, Chongqing, 400038, Shapingba, China.', 'firstname': 'Dawei', 'initials': 'D', 'lastname': 'Li'}, {'affiliation': 'Department of Epidemiology, College of Preventive Medicine, Army Medical University (Third Military Medical University), 30 Gaotanyan Main Street, Chongqing, 400038, Shapingba, China.', 'firstname': 'Qingsong', 'initials': 'Q', 'lastname': 'Huang'}, {'affiliation': 'Department of Epidemiology, College of Preventive Medicine, Army Medical University (Third Military Medical University), 30 Gaotanyan Main Street, Chongqing, 400038, Shapingba, China.', 'firstname': 'Na', 'initials': 'N', 'lastname': 'Li'}, {'affiliation': 'Department of Epidemiology, College of Preventive Medicine, Army Medical University (Third Military Medical University), 30 Gaotanyan Main Street, Chongqing, 400038, Shapingba, China.', 'firstname': 'Jinyun', 'initials': 'J', 'lastname': 'Long'}, {'affiliation': 'Department of Epidemiology, College of Preventive Medicine, Army Medical University (Third Military Medical University), 30 Gaotanyan Main Street, Chongqing, 400038, Shapingba, China.', 'firstname': 'Xiukuan', 'initials': 'X', 'lastname': 'Li'}, {'affiliation': 'Department of Epidemiology, College of Preventive Medicine, Army Medical University (Third Military Medical University), 30 Gaotanyan Main Street, Chongqing, 400038, Shapingba, China.', 'firstname': 'Yafei', 'initials': 'Y', 'lastname': 'Li'}, {'affiliation': 'Medical Department, Southwest Hospital, Army Medical University (Third Military Medical University), Chongqing, 400038, China.', 'firstname': 'Laixin', 'initials': 'L', 'lastname': 'Zhou'}, {'affiliation': 'Department of Epidemiology, College of Preventive Medicine, Army Medical University (Third Military Medical University), 30 Gaotanyan Main Street, Chongqing, 400038, Shapingba, China. ctjcsl@netease.com.', 'firstname': 'Tongjian', 'initials': 'T', 'lastname': 'Cai'}]",,"© 2023. The Author(s), under exclusive licence to Springer-Verlag GmbH Germany, part of Springer Nature.","10.1007/s11356-023-29408-6
10.1016/j.parkreldis.2019.10.019
10.1007/s11356-020-10574-w
10.3389/fnagi.2018.00065
10.1016/s0140-6736(21)00218-x
10.1371/journal.pone.0182834
10.1164/rccm.201609-1862OC
10.1289/ehp2711
10.1016/s1474-4422(06)70471-9
10.3233/jpd-181474
10.1093/ije/dyy230
10.1016/j.yfrne.2014.02.002
10.1001/jamaneurol.2021.1335
10.1016/j.ijheh.2018.12.006
10.1038/srep44741
10.1186/s40035-019-0162-z
10.1016/j.envres.2022.113188
10.1016/j.envpol.2018.09.142
10.1016/j.chemosphere.2020.126615
10.1038/s41467-020-17987-8
10.1097/md.0000000000029309
10.1016/s1382-6689(02)00106-0
10.1212/wnl.0000000000013303
10.1038/s41531-020-0109-1
10.1289/ehp.1409313
10.1001/jama.283.20.2674
10.1093/toxsci/kfr224
10.1093/ije/dyy172
10.1016/j.scitotenv.2022.156027
10.1136/bmj.l6258
10.1016/j.envres.2015.02.022
10.1016/j.envres.2021.111170
10.1002/mds.29181
10.1186/s12940-020-0565-4
10.1016/j.chemosphere.2013.08.063
10.1186/1476-069x-13-38
10.2147/copd.S260988
10.1016/j.chemosphere.2019.124497",Environmental science and pollution research international,"['Air pollution', 'Intermediate-term exposure', 'Monthly outpatient visits', 'Parkinson’s disease', 'Sulfur dioxide', 'Time-series study']",,24-08-23,37615914,,The association between intermediate-term sulfur dioxide exposure and outpatient visits for Parkinson's disease: a time-series study in southwestern China.,<Element 'PubmedArticle' at 0x777b00809670>,,,,,,
The prevalence of Parkinson's disease (PD) is growing worldwide and household pesticides exposure may be related to this phenomenon. We showed that individuals with high exposure to household pesticides have two times more risk of developing PD. Household pesticide exposure did not impact age at PD onset.,"[{'affiliation': 'Universidade Federal do Pará, Instituto de Ciências Médicas, Belém, PA, Brazil. Electronic address: daf.dalledone@gmail.com.', 'firstname': 'Dafne Dalledone', 'initials': 'DD', 'lastname': 'Moura'}, {'affiliation': 'Universidade Federal de São Paulo, Departamento de Neurologia, São Paulo, SP, Brazil. Electronic address: vanderci.borges@gmail.com.', 'firstname': 'Vanderci', 'initials': 'V', 'lastname': 'Borges'}, {'affiliation': 'Departamento de Farmacologia, Universidade Federal do Rio Grande do Sul, Porto Alegre, RS, Brazil. Electronic address: henrique_ferraz@uol.com.br.', 'firstname': 'Henrique Ballalai', 'initials': 'HB', 'lastname': 'Ferraz'}, {'affiliation': 'Departamento de Farmacologia, Universidade Federal do Rio Grande do Sul, Porto Alegre, RS, Brazil; Serviço de Neurologia, Hospital de Clínicas de Porto Alegre, Porto Alegre, RS, Brazil. Electronic address: schuh.afs@gmail.com.', 'firstname': 'Artur F S', 'initials': 'AFS', 'lastname': 'Schuh'}, {'affiliation': 'Departamento de Neurologia, Universidade Federal de Ciências da Saúde de Porto Alegre, Porto Alegre, RS, Brazil. Electronic address: carlosrieder@gmail.com.', 'firstname': 'Carlos Roberto', 'initials': 'CR', 'lastname': 'de Mello Rieder'}, {'affiliation': 'Lerner Research Institute, Genomic Medicine, Cleveland Clinic, Cleveland, OH, USA. Electronic address: matai@ccf.org.', 'firstname': 'Ignacio F', 'initials': 'IF', 'lastname': 'Mata'}, {'affiliation': 'Universidade de São Paulo, Faculdade de Medicina de Ribeirão Preto, Departamento de Neurociências e Ciências Comportamentais, Ribeirão Preto, SP, Brazil. Electronic address: manuelinamacruz@gmail.com.', 'firstname': 'Manuelina Mariana Capellari Macruz', 'initials': 'MMCM', 'lastname': 'Brito'}, {'affiliation': 'Universidade de São Paulo, Faculdade de Medicina de Ribeirão Preto, Departamento de Neurociências e Ciências Comportamentais, Ribeirão Preto, SP, Brazil. Electronic address: tumasv@fmrp.usp.br.', 'firstname': 'Vitor', 'initials': 'V', 'lastname': 'Tumas'}, {'affiliation': 'Universidade Federal do Pará, Instituto de Ciências Médicas, Belém, PA, Brazil; Serviço de Neurologia, Hospital Ophir Loyola, Belém, PA, Brazil. Electronic address: bruls4@ufpa.br.', 'firstname': 'Bruno Lopes', 'initials': 'BL', 'lastname': 'Santos-Lobato'}]",,Copyright © 2023. Published by Elsevier Ltd.,10.1016/j.parkreldis.2023.105493,Parkinsonism & related disorders,"['Insecticides', ""Parkinson's disease"", 'Pesticides', 'Pyrethroids']",,25-06-23,37354828,,History of high household pesticide use and Parkinson's disease in Brazil.,<Element 'PubmedArticle' at 0x777b0081ee80>,,,,,,
"Parkinson's disease (PD) is a complex neurodegenerative disease with etiology rooted in genetic vulnerability and environmental factors. Here we combine quantitative epidemiologic study of pesticide exposures and PD with toxicity screening in dopaminergic neurons derived from PD patient induced pluripotent stem cells (iPSCs) to identify Parkinson's-relevant pesticides. Agricultural records enable investigation of 288 specific pesticides and PD risk in a comprehensive, pesticide-wide association study. We associate long-term exposure to 53 pesticides with PD and identify co-exposure profiles. We then employ a live-cell imaging screening paradigm exposing dopaminergic neurons to 39 PD-associated pesticides. We find that 10 pesticides are directly toxic to these neurons. Further, we analyze pesticides typically used in combinations in cotton farming, demonstrating that co-exposures result in greater toxicity than any single pesticide. We find trifluralin is a driver of toxicity to dopaminergic neurons and leads to mitochondrial dysfunction. Our paradigm may prove useful to mechanistically dissect pesticide exposures implicated in PD risk and guide agricultural policy.","[{'affiliation': 'Department of Neurology, UCLA David Geffen School of Medicine, Los Angeles, CA, USA. kimberlp@ucla.edu.', 'firstname': 'Kimberly C', 'initials': 'KC', 'lastname': 'Paul'}, {'affiliation': ""Division of Movement Disorders, Department of Neurology, Brigham and Women's Hospital and Harvard Medical School, Boston, MA, 02115, USA.\nDepartment of Stem Cell and Regenerative Biology, Harvard University, Cambridge, MA, USA."", 'firstname': 'Richard C', 'initials': 'RC', 'lastname': 'Krolewski'}, {'affiliation': ""Division of Movement Disorders, Department of Neurology, Brigham and Women's Hospital and Harvard Medical School, Boston, MA, 02115, USA."", 'firstname': 'Edinson', 'initials': 'E', 'lastname': 'Lucumi Moreno'}, {'affiliation': 'Prime Medicine, Inc, Cambridge, MA, USA.', 'firstname': 'Jack', 'initials': 'J', 'lastname': 'Blank'}, {'affiliation': 'Department of Stem Cell and Regenerative Biology, Harvard University, Cambridge, MA, USA.', 'firstname': 'Kristina M', 'initials': 'KM', 'lastname': 'Holton'}, {'affiliation': 'Recursion Pharmaceuticals, Salt Lake City, UT, USA.\nNash Family Department of Neuroscience at Mount Sinai, New York, NY, USA.', 'firstname': 'Tim', 'initials': 'T', 'lastname': 'Ahfeldt'}, {'affiliation': 'University of Arizona, Mel and Enid Zuckerman College of Public Health, Tucson, AZ, USA.', 'firstname': 'Melissa', 'initials': 'M', 'lastname': 'Furlong'}, {'affiliation': 'UCLA Center for Health Policy Research, Los Angeles, CA, USA.', 'firstname': 'Yu', 'initials': 'Y', 'lastname': 'Yu'}, {'affiliation': 'Department of Population and Public Health Sciences, Keck School of Medicine, University of Southern California, Los Angeles, CA, USA.', 'firstname': 'Myles', 'initials': 'M', 'lastname': 'Cockburn'}, {'affiliation': 'Department of Population and Public Health Sciences, Keck School of Medicine, University of Southern California, Los Angeles, CA, USA.', 'firstname': 'Laura K', 'initials': 'LK', 'lastname': 'Thompson'}, {'affiliation': 'Department of Stem Cell and Regenerative Biology, Harvard University, Cambridge, MA, USA.', 'firstname': 'Alexander', 'initials': 'A', 'lastname': 'Kreymerman'}, {'affiliation': 'Department of Stem Cell and Regenerative Biology, Harvard University, Cambridge, MA, USA.', 'firstname': 'Elisabeth M', 'initials': 'EM', 'lastname': 'Ricci-Blair'}, {'affiliation': 'Department of Stem Cell and Regenerative Biology, Harvard University, Cambridge, MA, USA.', 'firstname': 'Yu Jun', 'initials': 'YJ', 'lastname': 'Li'}, {'affiliation': 'Department of Stem Cell and Regenerative Biology, Harvard University, Cambridge, MA, USA.', 'firstname': 'Heer B', 'initials': 'HB', 'lastname': 'Patel'}, {'affiliation': ""Department of Stem Cell and Regenerative Biology, Harvard University, Cambridge, MA, USA.\nHarvard Stem Cell Institute, Cambridge, MA, USA.\nDivision of Cardiovascular Medicine, Department of Medicine, Brigham and Women's Hospital and Harvard Medical School, 75 Francis St, Boston, MA, 02115, USA."", 'firstname': 'Richard T', 'initials': 'RT', 'lastname': 'Lee'}, {'affiliation': 'Department of Neurology, UCLA David Geffen School of Medicine, Los Angeles, CA, USA.', 'firstname': 'Jeff', 'initials': 'J', 'lastname': 'Bronstein'}, {'affiliation': 'Department of Stem Cell and Regenerative Biology, Harvard University, Cambridge, MA, USA. lee_rubin@harvard.edu.\nHarvard Stem Cell Institute, Cambridge, MA, USA. lee_rubin@harvard.edu.', 'firstname': 'Lee L', 'initials': 'LL', 'lastname': 'Rubin'}, {'affiliation': ""Division of Movement Disorders, Department of Neurology, Brigham and Women's Hospital and Harvard Medical School, Boston, MA, 02115, USA. vkhurana@bwh.harvard.edu.\nBroad Institute of MIT and Harvard, Cambridge, MA, 02142, USA. vkhurana@bwh.harvard.edu."", 'firstname': 'Vikram', 'initials': 'V', 'lastname': 'Khurana'}, {'affiliation': 'Department of Neurology, UCLA David Geffen School of Medicine, Los Angeles, CA, USA. britz@ucla.edu.\nDepartment of Epidemiology, UCLA Fielding School of Public Health, Los Angeles, CA, USA. britz@ucla.edu.', 'firstname': 'Beate', 'initials': 'B', 'lastname': 'Ritz'}]",,© 2023. The Author(s).,10.1038/s41467-023-38215-z,Nature communications,[],,17-05-23,"37193692
27751556
32318533
33381501
28882997
34732887
24290359
22764206
25986505
33545081
22056989
18035408
31902706
21447478
26857251
1603339
38309714
24158904
22110584
29895861
28860381
14593171
35688132
31243984
27143523
18818210
23519760
31425687
12428725
39079530
21658306
9603205
30344007
24050700
30446643
32013126
15790529
20542017
10385887
18465859
3264893
32919961
33841462
18761404
16406111
19050925
18245082
12642658
16672980
5359222
17119217
33558694
31173718
32619517
12843762
23658980
22645348",,A pesticide and iPSC dopaminergic neuron screen identifies and classifies Parkinson-relevant pesticides.,<Element 'PubmedArticle' at 0x777b0087b420>,,,,,,
"There is mixed evidence for an association between particulate matter air pollution and Parkinson's disease despite biological plausibility.
We studied the association between particulate air pollution, its components and Parkinson's disease (PD) risk.
We conducted a nested case-control study within the population of Finland using national registers. A total of 22,189 incident PD cases diagnosed between 1996 and 2015 were matched by age, sex and region with up to seven controls (n = 148,009) per case. Time weighted average air pollution exposure to particulate matter and its components was modelled at the residential addresses, accounting for move history, for the 16 years preceding diagnosis. Conditional logistic regression analysis was used to evaluate the association between air pollution and PD. Different exposure periods (6-16 years, 11-16 years, 5-10 years, 0-5 years) before the index date (date of PD diagnosis) were applied.
Time-weighted average exposures were relatively low at 12.1 ± 6.5 μg/m
Low-level particulate matter air pollution was not associated with increased risk of incident PD in this Finnish nationwide population. The observed weak inverse associations with specific particle components should be investigated further.","[{'affiliation': 'School of Pharmacy, University of Eastern Finland, P.O. Box 1627, 70211, Kuopio, Finland; Department of Health Security, Finnish Institute for Health and Welfare, P.O. Box 95, 70701, Kuopio, Finland. Electronic address: isabell.rumrich@uef.fi.', 'firstname': 'Isabell Katharina', 'initials': 'IK', 'lastname': 'Rumrich'}, {'affiliation': 'School of Pharmacy, University of Eastern Finland, P.O. Box 1627, 70211, Kuopio, Finland. Electronic address: julian.lin@uef.fi.', 'firstname': 'Julian', 'initials': 'J', 'lastname': 'Lin'}, {'affiliation': 'Department of Health Security, Finnish Institute for Health and Welfare, P.O. Box 95, 70701, Kuopio, Finland. Electronic address: antti.korhonen@thl.fi.', 'firstname': 'Antti', 'initials': 'A', 'lastname': 'Korhonen'}, {'affiliation': 'Department of Environmental Science, Aarhus University, Frederiksborgvej 399, 4000, Roskilde, Denmark. Electronic address: lmf@envs.au.dk.', 'firstname': 'Lise Marie', 'initials': 'LM', 'lastname': 'Frohn'}, {'affiliation': 'Department of Environmental Science, Aarhus University, Frederiksborgvej 399, 4000, Roskilde, Denmark. Electronic address: cag@envs.au.dk.', 'firstname': 'Camilla', 'initials': 'C', 'lastname': 'Geels'}, {'affiliation': 'Department of Environmental Science, Aarhus University, Frederiksborgvej 399, 4000, Roskilde, Denmark. Electronic address: jbr@envs.au.dk.', 'firstname': 'Jørgen', 'initials': 'J', 'lastname': 'Brandt'}, {'affiliation': 'School of Pharmacy, University of Eastern Finland, P.O. Box 1627, 70211, Kuopio, Finland. Electronic address: sirpa.hartikainen@uef.fi.', 'firstname': 'Sirpa', 'initials': 'S', 'lastname': 'Hartikainen'}, {'affiliation': 'Department of Health Security, Finnish Institute for Health and Welfare, P.O. Box 95, 70701, Kuopio, Finland. Electronic address: otto.hanninen@thl.fi.', 'firstname': 'Otto', 'initials': 'O', 'lastname': 'Hänninen'}, {'affiliation': 'School of Pharmacy, University of Eastern Finland, P.O. Box 1627, 70211, Kuopio, Finland. Electronic address: anna-maija.tolppanen@uef.fi.', 'firstname': 'Anna-Maija', 'initials': 'AM', 'lastname': 'Tolppanen'}]",,Copyright © 2023 The Authors. Published by Elsevier Inc. All rights reserved.,10.1016/j.envres.2023.115944,Environmental research,"['Air pollution', 'Long-term exposure', ""Parkinson's disease"", 'Particle component', 'Particulate matter', 'Register-based epidemiology']",,23-04-23,37086879,Time-weighted average exposures were relatively low at 12.1 ± 6.5 μg/m,Long-term exposure to low-level particulate air pollution and Parkinson's disease diagnosis - A Finnish register-based study.,<Element 'PubmedArticle' at 0x777b008b8270>,,,,,,
"Previous studies on particulate matter (PM) exposure and neurodegenerative disorders showed inconsistent results, and few studies systematically examined the long-term effect of PM on neurodegenerative diseases, including all-cause dementia, Alzheimer's disease, Parkinson's disease, vascular dementia, amyotrophic lateral sclerosis, and cognitive function decline. We systematically searched for published studies in PubMed, Embase, Cochrane Library, and Web of Science up to October 31, 2022. To facilitate a comparison of effect sizes from different studies, we standardized units across studies to a 10 μg/m","[{'affiliation': 'The Fifth Affiliated Hospital of Zhengzhou University, Zhengzhou, China.\nSchool of Public Health, Zhengzhou University, Zhengzhou, 450001, Henan, China.', 'firstname': 'Yuting', 'initials': 'Y', 'lastname': 'Gong'}, {'affiliation': 'The Third Affiliated Hospital of Zhengzhou University, Zhengzhou, China.', 'firstname': 'Xiaoan', 'initials': 'X', 'lastname': 'Zhang'}, {'affiliation': 'The Third Affiliated Hospital of Zhengzhou University, Zhengzhou, China.', 'firstname': 'Xin', 'initials': 'X', 'lastname': 'Zhao'}, {'affiliation': 'The Third Affiliated Hospital of Zhengzhou University, Zhengzhou, China.', 'firstname': 'Hui', 'initials': 'H', 'lastname': 'Chang'}, {'affiliation': 'NHC Key Laboratory of Birth Defects Prevention & Henan Key Laboratory of Population Defects Prevention, Zhengzhou, China.', 'firstname': 'Junxi', 'initials': 'J', 'lastname': 'Zhang'}, {'affiliation': 'The Fifth Affiliated Hospital of Zhengzhou University, Zhengzhou, China.', 'firstname': 'Zhan', 'initials': 'Z', 'lastname': 'Gao'}, {'affiliation': 'The Fifth Affiliated Hospital of Zhengzhou University, Zhengzhou, China.', 'firstname': 'Yang', 'initials': 'Y', 'lastname': 'Mi'}, {'affiliation': 'The Fifth Affiliated Hospital of Zhengzhou University, Zhengzhou, China.', 'firstname': 'Yao', 'initials': 'Y', 'lastname': 'Chen'}, {'affiliation': 'School of Public Health, Zhengzhou University, Zhengzhou, 450001, Henan, China. zhanghh@zzu.edu.cn.', 'firstname': 'Huanhuan', 'initials': 'H', 'lastname': 'Zhang'}, {'affiliation': 'Vanke School of Public Health, Tsinghua University, Beijing, China.', 'firstname': 'Cunrui', 'initials': 'C', 'lastname': 'Huang'}, {'affiliation': 'School of Public Health, Zhengzhou University, Zhengzhou, 450001, Henan, China.\nNHC Key Laboratory of Birth Defects Prevention & Henan Key Laboratory of Population Defects Prevention, Zhengzhou, China.', 'firstname': 'Zengli', 'initials': 'Z', 'lastname': 'Yu'}]",,"© 2023. The Author(s), under exclusive licence to Springer-Verlag GmbH Germany, part of Springer Nature.","10.1007/s11356-023-25731-0
10.3233/JAD-200765
10.1016/j.envint.2019.105448
10.1016/j.tins.2009.05.009
10.1016/j.neuro.2012.08.014
10.1097/EE9.0000000000000023
10.1186/s12940-019-0511-5
10.1016/j.envint.2017.08.020
10.3233/JAD-200614
10.3390/ijerph18010316
10.1016/S2468-2667(21)00249-8
10.1016/j.neuro.2015.11.008
10.1038/s41598-018-30568-6
10.1016/j.envint.2022.107118
10.1016/j.scitotenv.2018.11.218
10.3233/JAD-200483
10.1016/j.neuro.2013.09.004
10.1016/j.puhe.2019.09.020
10.1002/sim.1186
10.1016/j.envres.2018.10.008
10.1016/j.envres.2022.114261
10.1183/13993003.01963-2017
10.3233/Jad-200766
10.1093/gerona/glac016
10.3233/JAD-140855
10.1002/advs.202101251
10.1016/j.ijheh.2018.12.006
10.1289/ehp.1408973
10.1016/j.envint.2019.105440
10.1212/WNL.0000000000009314
10.1016/S0140-6736(20)30752-2
10.1016/j.scitotenv.2019.02.447
10.1016/j.envres.2022.113165
10.1016/j.envpol.2019b.07.094
10.1016/j.envint.2016.08.017
10.1016/j.envint.2019.105233
10.1159/000515162
10.1289/EHP135
10.1016/S0140-6736(20)30367-6
10.1073/pnas.1605941113
10.1016/j.envres.2020.110298
10.1016/j.envint.2018.07.015
10.1016/j.envint.2020.106376
10.1164/ajrccm.164.9.2101036
10.1016/j.envres.2021.112316
10.1289/EHP7425
10.1136/bmj.n71
10.1016/j.envres.2022.112895
10.3233/JAD-180631
10.1249/MSS.0000000000002888
10.1016/j.envpol.2020.116303
10.1016/j.envint.2021b.106645
10.1016/j.envres.2009.08.003
10.1016/S2542-5196(22)00001-8
10.1016/j.envint.2018.04.033
10.1016/j.envres.2015.06.009
10.1289/EHP1115
10.1289/EHP9018
10.1016/S2542-5196(20)30227-8
10.1038/s41467-021-27049-2
10.3390/ijerph16193767
10.1093/ije/dyy172
10.1016/j.envres.2020.109870
10.1111/jgs.17188
10.1016/j.envres.2019.108638
10.1007/s10653-019-00484-3
10.1016/j.envint.2021.107067
10.1016/j.dadm.2014.11.015
10.1038/s41598-022-22100-8
10.1001/jama.280.19.1690
10.1016/j.arr.2021.101504",Environmental science and pollution research international,"['Cognitive function', 'Meta-analysis', 'Neurodegenerative disease', 'Particulate matter']",,11-02-23,36763275,,Global ambient particulate matter pollution and neurodegenerative disorders: a systematic review of literature and meta-analysis.,<Element 'PubmedArticle' at 0x777b00707380>,,,,,,
"The link between exposure to ambient air pollution and mortality from cardiorespiratory diseases is well established, while evidence on neurodegenerative disorders including Parkinson's Disease (PD) remains limited.
We examined the association between long-term exposure to ambient air pollution and PD mortality in seven European cohorts.
Within the project 'Effects of Low-Level Air Pollution: A Study in Europe' (ELAPSE), we pooled data from seven cohorts among six European countries. Annual mean residential concentrations of fine particulate matter (PM
Of 271,720 cohort participants, 381 died from PD during 19.7 years of follow-up. In single-pollutant analyses, we observed positive associations between PD mortality and PM
Long-term exposure to PM","[{'affiliation': 'Section of Environmental Health, Department of Public Health, University of Copenhagen, Copenhagen, Denmark.', 'firstname': 'Thomas', 'initials': 'T', 'lastname': 'Cole-Hunter'}, {'affiliation': 'Section of Environmental Health, Department of Public Health, University of Copenhagen, Copenhagen, Denmark.', 'firstname': 'Jiawei', 'initials': 'J', 'lastname': 'Zhang'}, {'affiliation': 'Section of Environmental Health, Department of Public Health, University of Copenhagen, Copenhagen, Denmark.', 'firstname': 'Rina', 'initials': 'R', 'lastname': 'So'}, {'affiliation': 'Department of Hygiene, Epidemiology and Medical Statistics, Medical School, National and Kapodistrian University of Athens, Athens, Greece.', 'firstname': 'Evangelia', 'initials': 'E', 'lastname': 'Samoli'}, {'affiliation': 'Section of Environmental Health, Department of Public Health, University of Copenhagen, Copenhagen, Denmark.', 'firstname': 'Shuo', 'initials': 'S', 'lastname': 'Liu'}, {'affiliation': 'Institute for Risk Assessment Sciences, Utrecht University, Utrecht, the Netherlands.', 'firstname': 'Jie', 'initials': 'J', 'lastname': 'Chen'}, {'affiliation': 'Institute for Risk Assessment Sciences, Utrecht University, Utrecht, the Netherlands; National Institute for Public Health and the Environment, Bilthoven, the Netherlands.', 'firstname': 'Maciej', 'initials': 'M', 'lastname': 'Strak'}, {'affiliation': 'Institute of Epidemiology, Helmholtz Zentrum München, Neuherberg, Germany.', 'firstname': 'Kathrin', 'initials': 'K', 'lastname': 'Wolf'}, {'affiliation': 'Institute of Epidemiology and Medical Biometry, Ulm University, Ulm, Germany.', 'firstname': 'Gudrun', 'initials': 'G', 'lastname': 'Weinmayr'}, {'affiliation': 'Department of Hygiene, Epidemiology and Medical Statistics, Medical School, National and Kapodistrian University of Athens, Athens, Greece.', 'firstname': 'Sophia', 'initials': 'S', 'lastname': 'Rodopolou'}, {'affiliation': 'Wolfson Institute of Population Health, Queen Mary University of London, United Kingdom.', 'firstname': 'Elizabeth', 'initials': 'E', 'lastname': 'Remfry'}, {'affiliation': 'Swiss Tropical and Public Health Institute, Basel, Switzerland; University of Basel, Basel, Switzerland.', 'firstname': 'Kees', 'initials': 'K', 'lastname': 'de Hoogh'}, {'affiliation': 'Institute of Environmental Medicine, Karolinska Institutet, Stockholm, Sweden; Centre for Occupational and Environmental Medicine, Region Stockholm, Stockholm, Sweden.', 'firstname': 'Tom', 'initials': 'T', 'lastname': 'Bellander'}, {'affiliation': 'Department of Environmental Science, Aarhus University, Roskilde, Denmark; iClimate, interdisciplinary Centre for Climate Change, Aarhus University, Roskilde, Denmark.', 'firstname': 'Jørgen', 'initials': 'J', 'lastname': 'Brandt'}, {'affiliation': 'Agency for Preventive and Social Medicine (aks), Bregenz, Austria.', 'firstname': 'Hans', 'initials': 'H', 'lastname': 'Concin'}, {'affiliation': 'Agency for Preventive and Social Medicine (aks), Bregenz, Austria; Department of Internal Medicine 3, LKH Feldkirch, Feldkirch, Austria.', 'firstname': 'Emanuel', 'initials': 'E', 'lastname': 'Zitt'}, {'affiliation': 'MRC Centre for Environment and Health, School of Public Health, Imperial College London, London, United Kingdom.', 'firstname': 'Daniela', 'initials': 'D', 'lastname': 'Fecht'}, {'affiliation': 'Department of Epidemiology, Lazio Region Health Service / ASL Roma 1, Rome, Italy; MRC Centre for Environment and Health, Environmental Research Group, School of Public Health, Imperial College London, London, United Kingdom.', 'firstname': 'Francesco', 'initials': 'F', 'lastname': 'Forastiere'}, {'affiliation': 'MRC Centre for Environment and Health, School of Public Health, Imperial College London, London, United Kingdom; Centre for Environmental Health and Sustainability & School of Geography, Geology and the Environment, University of Leicester, Leicester, United Kingdom.', 'firstname': 'John', 'initials': 'J', 'lastname': 'Gulliver'}, {'affiliation': 'Institute for Occupational, Social and Environmental Medicine, Centre for Health and Society, Medical Faculty, Heinrich Heine University Düsseldorf, Germany.', 'firstname': 'Barbara', 'initials': 'B', 'lastname': 'Hoffmann'}, {'affiliation': 'Danish Cancer Society Research Center, Copenhagen, Denmark.', 'firstname': 'Ulla A', 'initials': 'UA', 'lastname': 'Hvidtfeldt'}, {'affiliation': 'Institute for Medical Informatics, Biometry and Epidemiology, Medical Faculty, University of Duisburg-Essen, Essen, Germany.', 'firstname': 'Karl-Heinz', 'initials': 'KH', 'lastname': 'Jöckel'}, {'affiliation': 'Section of Epidemiology, Department of Public Health, University of Copenhagen, Copenhagen, Denmark; Statistics Denmark, Copenhagen, Denmark.', 'firstname': 'Laust H', 'initials': 'LH', 'lastname': 'Mortensen'}, {'affiliation': 'Department of Environmental Science, Aarhus University, Roskilde, Denmark; Global Centre for Clean Air Research (GCARE), University of Surrey, Guildford GU2 7XH, United Kingdom.', 'firstname': 'Matthias', 'initials': 'M', 'lastname': 'Ketzel'}, {'affiliation': 'Department of Global Public Health, Karolinska Institutet, Stockholm, Sweden; Centre for Epidemiology and Community Medicine, Region Stockholm, Stockholm, Sweden.', 'firstname': 'Diego', 'initials': 'D', 'lastname': 'Yacamán Méndez'}, {'affiliation': 'Institute of Environmental Medicine, Karolinska Institutet, Stockholm, Sweden.', 'firstname': 'Karin', 'initials': 'K', 'lastname': 'Leander'}, {'affiliation': 'Institute of Environmental Medicine, Karolinska Institutet, Stockholm, Sweden; Department of Cardiology, Danderyd University Hospital, Stockholm, Sweden.', 'firstname': 'Petter', 'initials': 'P', 'lastname': 'Ljungman'}, {'affiliation': 'University Paris-Saclay, UVSQ, Inserm, Gustave Roussy, ""Exposome and Heredity"" team, CESP UMR1018, 94805 Villejuif, France.', 'firstname': 'Elodie', 'initials': 'E', 'lastname': 'Faure'}, {'affiliation': 'University Paris-Saclay, UVSQ, Inserm, Gustave Roussy, ""Exposome and Heredity"" team, CESP UMR1018, 94805 Villejuif, France; Department of Public Health, National Cheng Kung University, Tainan, Taiwan.', 'firstname': 'Pei-Chen', 'initials': 'PC', 'lastname': 'Lee'}, {'affiliation': 'University Paris-Saclay, UVSQ, Inserm, Gustave Roussy, ""Exposome and Heredity"" team, CESP UMR1018, 94805 Villejuif, France.', 'firstname': 'Alexis', 'initials': 'A', 'lastname': 'Elbaz'}, {'affiliation': 'Department of Medical Epidemiology and Biostatistics, Karolinska Institutet, Stockholm, Sweden.', 'firstname': 'Patrik K E', 'initials': 'PKE', 'lastname': 'Magnusson'}, {'affiliation': 'Institute of Epidemiology and Medical Biometry, Ulm University, Ulm, Germany.', 'firstname': 'Gabriele', 'initials': 'G', 'lastname': 'Nagel'}, {'affiliation': 'Institute of Environmental Medicine, Karolinska Institutet, Stockholm, Sweden; Centre for Occupational and Environmental Medicine, Region Stockholm, Stockholm, Sweden.', 'firstname': 'Göran', 'initials': 'G', 'lastname': 'Pershagen'}, {'affiliation': 'Institute of Epidemiology, Helmholtz Zentrum München, Neuherberg, Germany; Ludwig Maximilians Universität München, München, Germany.', 'firstname': 'Annette', 'initials': 'A', 'lastname': 'Peters'}, {'affiliation': 'Department of Neurobiology, Care Sciences, and Society, Karolinska Institutet and Stockholm University, Stockholm, Sweden; Stockholm Gerontology Research Center, Stockholm, Sweden.', 'firstname': 'Debora', 'initials': 'D', 'lastname': 'Rizzuto'}, {'affiliation': 'Institute for Risk Assessment Sciences, Utrecht University, Utrecht, the Netherlands; Julius Center for Health Sciences and Primary Care, University Medical Center Utrecht, Utrecht University, Utrecht, the Netherlands.', 'firstname': 'Roel C H', 'initials': 'RCH', 'lastname': 'Vermeulen'}, {'affiliation': 'Institute for Medical Informatics, Biometry and Epidemiology, Medical Faculty, University of Duisburg-Essen, Essen, Germany.', 'firstname': 'Sara', 'initials': 'S', 'lastname': 'Schramm'}, {'affiliation': 'Institute of Environmental Medicine, Karolinska Institutet, Stockholm, Sweden; Department of Epidemiology, Lazio Region Health Service / ASL Roma 1, Rome, Italy.', 'firstname': 'Massimo', 'initials': 'M', 'lastname': 'Stafoggia'}, {'affiliation': 'Department of Hygiene, Epidemiology and Medical Statistics, Medical School, National and Kapodistrian University of Athens, Athens, Greece; MRC Centre for Environment and Health, Environmental Research Group, School of Public Health, Imperial College London, London, United Kingdom.', 'firstname': 'Klea', 'initials': 'K', 'lastname': 'Katsouyanni'}, {'affiliation': 'Institute for Risk Assessment Sciences, Utrecht University, Utrecht, the Netherlands.', 'firstname': 'Bert', 'initials': 'B', 'lastname': 'Brunekreef'}, {'affiliation': 'Institute for Risk Assessment Sciences, Utrecht University, Utrecht, the Netherlands.', 'firstname': 'Gerard', 'initials': 'G', 'lastname': 'Hoek'}, {'affiliation': 'Section of Environmental Health, Department of Public Health, University of Copenhagen, Copenhagen, Denmark.', 'firstname': 'Youn-Hee', 'initials': 'YH', 'lastname': 'Lim'}, {'affiliation': 'Section of Environmental Health, Department of Public Health, University of Copenhagen, Copenhagen, Denmark. Electronic address: zorana.andersen@sund.ku.dk.', 'firstname': 'Zorana J', 'initials': 'ZJ', 'lastname': 'Andersen'}]",Long-term exposure to PM,Copyright © 2022 The Authors. Published by Elsevier Ltd.. All rights reserved.,10.1016/j.envint.2022.107667,Environment international,"['Adults', 'Air pollution', 'Long-term exposure', 'Low-level exposure', 'Parkinson’s Disease', 'Pooled-cohort study']",,15-12-22,36516478,"Of 271,720 cohort participants, 381 died from PD during 19.7 years of follow-up. In single-pollutant analyses, we observed positive associations between PD mortality and PM",Long-term air pollution exposure and Parkinson's disease mortality in a large pooled European cohort: An ELAPSE study.,<Element 'PubmedArticle' at 0x777b0075ea20>,,,,,,
"Pesticides have been widely used in agriculture for more than half a century. However, with thousands currently in use, most have not been adequately assessed for influence Parkinson's disease (PD).
Here we aimed to assess biologic plausibility of 70 pesticides implicated with PD through an agnostic pesticide-wide association study using a data mining approach linking toxicology and toxicogenomics databases.
We linked the 70 targeted pesticides to quantitative high-throughput screening assay findings from the Toxicology in the 21st Century (Tox21) program and pesticide-related genetic/disease information with the Comparative Toxicogenomics Database (CTD). We used the CTD to determine networks of genes each pesticide has been linked to and assess enrichment of relevant gene ontology (GO) annotations. With Tox21, we evaluated pesticide induced activity on a series of 43 nuclear receptor and stress response assays and two cytotoxicity assays.
Overall, 59 % of the 70 pesticides had chemical-gene networks including at least one PD gene/gene product. In total, 41 % of the pesticides had chemical-gene networks enriched for ≥ 1 high-priority PD GO terms. For instance, 23 pesticides had chemical-gene networks enriched for response to oxidative stress, 21 for regulation of neuron death, and twelve for autophagy, including copper sulfate, endosulfan and chlorpyrifos. Of the pesticides tested against the Tox21 assays, 79 % showed activity on ≥ 1 assay and 11 were toxic to the two human cell lines. The set of PD-associated pesticides showed more activity than expected on assays testing for xenobiotic homeostasis, mitochondrial membrane permeability, and genotoxic stress.
Overall, cross-database queries allowed us to connect a targeted set of pesticides implicated in PD via epidemiology to specific biologic targets relevant to PD etiology. This knowledge can be used to help prioritize targets for future experimental studies and improve our understanding of the role of pesticides in PD etiology.","[{'affiliation': 'Department of Neurology, David Geffen School of Medicine, Los Angeles, CA, USA. Electronic address: kimberlp@ucla.edu.', 'firstname': 'Kimberly C', 'initials': 'KC', 'lastname': 'Paul'}, {'affiliation': 'Department of Neurology, David Geffen School of Medicine, Los Angeles, CA, USA; Department of Epidemiology, UCLA Fielding School of Public Health, Los Angeles, CA, USA.', 'firstname': 'Beate', 'initials': 'B', 'lastname': 'Ritz'}]",,Copyright © 2022 The Authors. Published by Elsevier Ltd.. All rights reserved.,"10.1016/j.envint.2022.107613
10.1126/science.aan2683",Environment international,"['Chlorpyrifos', 'Copper sulfate', ""Parkinson's disease"", 'Pesticides', 'Tox21', 'Toxicogenomics']",,18-11-22,"36395557
20150596
28327632
15866761
19595748
18845002
33068428
25461423
20049211
27137187
29688259
11874814
28531190
27518629
26811972
29377626
23950519
17116648
18342850
19076321
23144783
32318533
19907334
28935789
19549813
24057998
33140634
26857251
32919961
20708096
29859868
16271832
21968025
26884967
23603828
31974232","Overall, 59 % of the 70 pesticides had chemical-gene networks including at least one PD gene/gene product. In total, 41 % of the pesticides had chemical-gene networks enriched for ≥ 1 high-priority PD GO terms. For instance, 23 pesticides had chemical-gene networks enriched for response to oxidative stress, 21 for regulation of neuron death, and twelve for autophagy, including copper sulfate, endosulfan and chlorpyrifos. Of the pesticides tested against the Tox21 assays, 79 % showed activity on ≥ 1 assay and 11 were toxic to the two human cell lines. The set of PD-associated pesticides showed more activity than expected on assays testing for xenobiotic homeostasis, mitochondrial membrane permeability, and genotoxic stress.",Epidemiology meets toxicogenomics: Mining toxicologic evidence in support of an untargeted analysis of pesticides exposure and Parkinson's disease.,<Element 'PubmedArticle' at 0x777b007c39c0>,,,,,,
"Parkinson's disease (PD) is a progressive neurodegenerative disorder, and its global incidence is on the rise. There is increasing interest in understanding the role of air pollution in the development of human disease. Although the precise mechanisms are not understood, several epidemiological studies have reported a positive association between air pollution and the risk of PD. However, the various pollutants studied, endpoints measured, and differences in study design yield conflicting results. This review summarizes recent evidence regarding the relationship between particulate matter, ozone, nitrogen dioxide, sulfur dioxide, and carbon monoxide and PD. Limitations and challenges are also discussed, with suggestions for future work to understand the true effects of air pollution on PD.","[{'affiliation': 'Department of Neurology, National Center Hospital, National Center of Neurology and Psychiatry, Kodaira, Tokyo, Japan.', 'firstname': 'Yuji', 'initials': 'Y', 'lastname': 'Saitoh'}, {'affiliation': 'Department of Neurology, National Center Hospital, National Center of Neurology and Psychiatry, Kodaira, Tokyo, Japan.', 'firstname': 'Hidehiro', 'initials': 'H', 'lastname': 'Mizusawa'}]",,Copyright: © 2022 Annals of Indian Academy of Neurology.,10.4103/aian.aian_62_22,Annals of Indian Academy of Neurology,"['Air pollutant', ""Parkinson's disease"", 'air pollution', 'environmental factor']",,11-10-22,"36213098
31409572
29131880
30879893
33848468
23575443
33887274
33476876
33065503
34181919
33010415
34242242
31964412
33091388
31776122
30124852
28300224
28809934
33999109
31786292
31103844
28886605
34385046
31770719
30606679
30577116
31894453
30391837
24792855
29379952
19297574
26474317
32788245
31706021
24050700",,Current Evidence for the Association between Air Pollution and Parkinson's Disease.,<Element 'PubmedArticle' at 0x777b006214e0>,,,,,,
"Amyotrophic lateral sclerosis (ALS) is a fatal neurodegenerative disease. Limited evidence suggests ALS diagnosis may be associated with air pollution exposure and specifically traffic-related pollutants.
In this population-based case-control study, we used 3,937 ALS cases from the Danish National Patient Register diagnosed during 1989-2013 and matched on age, sex, year of birth, and vital status to 19,333 population-based controls free of ALS at index date. We used validated predictions of elemental carbon (EC), nitrogen oxides (NO x ), carbon monoxide (CO), and fine particles (PM 2.5 ) to assign 1-, 5-, and 10-year average exposures pre-ALS diagnosis at study participants' present and historical residential addresses. We used an adjusted Bayesian hierarchical conditional logistic model to estimate individual pollutant associations and joint and average associations for traffic-related pollutants (EC, NO x , CO).
For a standard deviation (SD) increase in 5-year average concentrations, EC (SD = 0.42 µg/m 3 ) had a high probability of individual association with increased odds of ALS (11.5%; 95% credible interval [CrI] = -1.0%, 25.6%; 96.3% posterior probability of positive association), with negative associations for NO x (SD = 20 µg/m 3 ) (-4.6%; 95% CrI = 18.1%, 8.9%; 27.8% posterior probability of positive association), CO (SD = 106 µg/m 3 ) (-3.2%; 95% CrI = 14.4%, 10.0%; 26.7% posterior probability of positive association), and a null association for nonelemental carbon fine particles (non-EC PM 2.5 ) (SD = 2.37 µg/m 3 ) (0.7%; 95% CrI = 9.2%, 12.4%). We found no association between ALS and joint or average traffic pollution concentrations.
This study found high probability of a positive association between ALS diagnosis and EC concentration. Further work is needed to understand the role of traffic-related air pollution in ALS pathogenesis.","[{'affiliation': 'From the Department of Environmental Health Sciences, Mailman School of Public Health, Columbia University, New York, NY.\nThe Earth Institute, Columbia University, New York, NY.', 'firstname': 'Robbie M', 'initials': 'RM', 'lastname': 'Parks'}, {'affiliation': 'From the Department of Environmental Health Sciences, Mailman School of Public Health, Columbia University, New York, NY.', 'firstname': 'Yanelli', 'initials': 'Y', 'lastname': 'Nunez'}, {'affiliation': 'Department of Epidemiology, Mailman School of Public Health, Columbia University, New York, NY.', 'firstname': 'Arin A', 'initials': 'AA', 'lastname': 'Balalian'}, {'affiliation': 'From the Department of Environmental Health Sciences, Mailman School of Public Health, Columbia University, New York, NY.\nDepartment of Biostatistics, Harvard TH Chan School of Public Health, Boston, MA.', 'firstname': 'Elizabeth A', 'initials': 'EA', 'lastname': 'Gibson'}, {'affiliation': 'Danish Cancer Society Research Center, Copenhagen, Denmark.', 'firstname': 'Johnni', 'initials': 'J', 'lastname': 'Hansen'}, {'affiliation': 'Danish Cancer Society Research Center, Copenhagen, Denmark.\nDepartment of Environmental Science, Aarhus University, Roskilde, Denmark.', 'firstname': 'Ole', 'initials': 'O', 'lastname': 'Raaschou-Nielsen'}, {'affiliation': 'Department of Environmental Science, Aarhus University, Roskilde, Denmark.\nGlobal Centre for Clean Air Research (GCARE), University of Surrey, Guildford, United Kingdom.', 'firstname': 'Matthias', 'initials': 'M', 'lastname': 'Ketzel'}, {'affiliation': 'Department of Environmental Science, Aarhus University, Roskilde, Denmark.', 'firstname': 'Jibran', 'initials': 'J', 'lastname': 'Khan'}, {'affiliation': 'Department of Environmental Science, Aarhus University, Roskilde, Denmark.\niClimate-interdisciplinary Center for Climate Change, Aarhus University, Aarhus, Denmark.', 'firstname': 'Jørgen', 'initials': 'J', 'lastname': 'Brandt'}, {'affiliation': 'Institute for Risk Assessment Sciences, Utrecht University, Utrecht, The Netherlands.', 'firstname': 'Roel', 'initials': 'R', 'lastname': 'Vermeulen'}, {'affiliation': 'Institute for Risk Assessment Sciences, Utrecht University, Utrecht, The Netherlands.', 'firstname': 'Susan', 'initials': 'S', 'lastname': 'Peters'}, {'affiliation': 'Department of Biostatistics, Mailman School of Public Health, Columbia University, New York, NY.', 'firstname': 'Jeff', 'initials': 'J', 'lastname': 'Goldsmith'}, {'affiliation': 'From the Department of Environmental Health Sciences, Mailman School of Public Health, Columbia University, New York, NY.', 'firstname': 'Diane B', 'initials': 'DB', 'lastname': 'Re'}, {'affiliation': 'Departments of Environmental Health and Epidemiology, T. H. Chan School of Public Health, Harvard University, Boston, MA.', 'firstname': 'Marc G', 'initials': 'MG', 'lastname': 'Weisskopf'}, {'affiliation': 'From the Department of Environmental Health Sciences, Mailman School of Public Health, Columbia University, New York, NY.', 'firstname': 'Marianthi-Anna', 'initials': 'MA', 'lastname': 'Kioumourtzoglou'}]",,"Copyright © 2022 Wolters Kluwer Health, Inc. All rights reserved.","10.1097/EDE.0000000000001536
10.1371/journal.pmed.1002856
10.1056/NEJM199312093292401
10.1289/EHP9131
10.1289/EHP1115
10.1136/bmj.n1904
10.1136/bmjopen-2016-014985
10.1136/oemed-2018-105110
10.1214/06-BA117A
10.1186/s12989-014-0073-1
10.1002/tox.22295
10.1002/em.21888","Epidemiology (Cambridge, Mass.)",[],,10-08-22,"35944145
11386269
19922118
17574095
27510634
24126629
29052611
26515627
31361627
16522832
31335874
8325268
10784251
20458016
8179653
22981845
24886318
26151951
25978701
21864400
27448464
21172758
16835049
16293802
19672412
12883027
17463411
12676598
12573899
19716187
17220915
7595629
15096698
23797033
20234358
33555200
34181919
25544309
34498494
29989551
37092253
34470785
25870974
28063597
31462251
10766613
26604824
32211514
30870681
25946516
21775345
21227886
22918192
22214647
28320799
29941657
27742817
32308819
23612529
22850792
28547375
29852480
24244728
25497989
27298188
25042074
30892087
34677606
24648037
28520644
23482379
25532525","For a standard deviation (SD) increase in 5-year average concentrations, EC (SD = 0.42 µg/m 3 ) had a high probability of individual association with increased odds of ALS (11.5%; 95% credible interval [CrI] = -1.0%, 25.6%; 96.3% posterior probability of positive association), with negative associations for NO x (SD = 20 µg/m 3 ) (-4.6%; 95% CrI = 18.1%, 8.9%; 27.8% posterior probability of positive association), CO (SD = 106 µg/m 3 ) (-3.2%; 95% CrI = 14.4%, 10.0%; 26.7% posterior probability of positive association), and a null association for nonelemental carbon fine particles (non-EC PM 2.5 ) (SD = 2.37 µg/m 3 ) (0.7%; 95% CrI = 9.2%, 12.4%). We found no association between ALS and joint or average traffic pollution concentrations.",Long-term Traffic-related Air Pollutant Exposure and Amyotrophic Lateral Sclerosis Diagnosis in Denmark: A Bayesian Hierarchical Analysis.,<Element 'PubmedArticle' at 0x777b004e1710>,,,,,,
"There has been increasing interest in the neurological impact of particulate matter (PM). However, its association with the incidence of Parkinson's disease (PD) remains unclear. We selected 313,355 participants satisfying inclusion criteria from the National Health Insurance Service-National Sample Cohort based on the nationwide population of South Korea, and followed them up from January 2007 through December 2015. Individual-level long-term PM exposure was assessed as the five time-varying average concentrations estimated for the previous 1, 2, 3, 4 and 5 years on each year (until censored or event occurred) at the district-level residential addresses of participants using a previously validated prediction model. Incident PD was defined as the first diagnosis accompanied by anti-PD medication prescription from 2007 through 2015. Time-varying Cox proportional hazards models were employed to estimate the hazard ratio (HR) of incident PD for long-term PM exposure, adjusting for individual- and area-level covariates. During the 8 years (2,745,389 person-years) of follow-up for a total of 313,355 participants (mean [range] age, 48.9 [19-87] years; 169,571 males [54.1%]), 2621 participants (0.8%) developed PD. The HR of incident PD per interquartile range (3.3 μg/m","[{'affiliation': 'Department of Health Administration and Management, College of Medical Sciences, Soonchunhyang University, Asan-si, Chungcheongnam-do, South Korea; Department of Software Convergence, Soonchunhyang University Graduate School, Asan-si, Chungcheongnam-do, South Korea.', 'firstname': 'Hyewon', 'initials': 'H', 'lastname': 'Lee'}, {'affiliation': 'Department of Cancer Control and Population Health, Graduate School of Cancer Science and Policy, National Cancer Center, Goyang-si, Gyeonggi-do, South Korea; Environmental Health Research Division, National Institute of Environmental Research, Incheon, South Korea.', 'firstname': 'Ok-Jin', 'initials': 'OJ', 'lastname': 'Kim'}, {'affiliation': 'Data Management and Statistics Institute, Dongguk University Ilsan Hospital, Goyang-si, Gyeonggi-do, South Korea.', 'firstname': 'Jiyun', 'initials': 'J', 'lastname': 'Jung'}, {'affiliation': 'Department of Neuropsychiatry, Seoul National University Bundang Hospital, Seongnam-si, Gyeonggi-do, South Korea; Department of Psychiatry, Seoul National University, College of Medicine, Seoul, South Korea. Electronic address: wmyung@snu.ac.kr.', 'firstname': 'Woojae', 'initials': 'W', 'lastname': 'Myung'}, {'affiliation': 'Department of Cancer Control and Population Health, Graduate School of Cancer Science and Policy, National Cancer Center, Goyang-si, Gyeonggi-do, South Korea. Electronic address: sykim@ncc.re.kr.', 'firstname': 'Sun-Young', 'initials': 'SY', 'lastname': 'Kim'}]",,Copyright © 2022 Elsevier Inc. All rights reserved.,10.1016/j.envres.2022.113165,Environmental research,"['Cohort study', 'Fine particulate matter', 'Long-term exposure', 'Parkinson disease']",,02-04-22,35364040,,Long-term exposure to particulate air pollution and incidence of Parkinson's disease: A nationwide population-based cohort study in South Korea.,<Element 'PubmedArticle' at 0x777b005ad710>,,,,,,
"Environmental exposures to agrochemicals and nutritional factors may be associated with Parkinson's Disease (PD). None of the studies to date has examined the combined effects of diet and agricultural chemical exposure together. To address these research gaps, we aimed to assess the association of nutritional factors and agrochemical exposure with the risk of PD. A hospital-based case-control study was conducted. Multivariable logistic regressions were used to estimate the association of nutritional and agrochemical exposures with PD, adjusting for gender, age, socio-economic status, head injury, family history, smoking, metals exposure, and α-synuclein gene polymorphism. Weighted Quantile Sum (WQS) regression was applied to examine the effect of dietary components as a mixture. We recruited 347 cases and 389 controls. Parent history of PD (OR = 4.15, 95%CI: 2.10, 8.20), metals exposure (OR = 2.50, 95%CI: 1.61-3.89), SNCA rs356219 polymorphism (OR = 1.39, 95%CI: 1.04-1.87 for TC vs. TT; OR = 2.17, 95%CI: 1.43-3.28 for CC vs. TT), agrochemical exposures (OR = 2.11, 95%CI: 1.41-3.16), and being born in the Brescia province (OR = 1.83, 95%CI: 1.17-2.90) were significantly associated with PD. Conversely, fish intake and coffee consumption had a protective effect. The study confirmed the role of environmental exposures in the genesis of PD. Fish intake and coffee consumption are protective factors even when agricultural chemical exposures exist. Genetic factors and metals exposure were confirmed as risk factors for PD.","[{'affiliation': 'School of Medicine and Surgery, University of Milano-Bicocca, 20090 Monza, Italy.', 'firstname': 'Michael', 'initials': 'M', 'lastname': 'Belingheri'}, {'affiliation': 'Department of Environmental Medicine and Public Health, Icahn School of Medicine at Mount Sinai, New York, NY 10029, USA.', 'firstname': 'Yueh-Hsiu Mathilda', 'initials': 'YM', 'lastname': 'Chiu'}, {'affiliation': 'Department of Medical and Surgical Specialties, Radiological Sciences and Public Health, University of Brescia, 25123 Brescia, Italy.', 'firstname': 'Stefano', 'initials': 'S', 'lastname': 'Renzetti'}, {'affiliation': 'Department of Surgery, Icahn School of Medicine at Mount Sinai, New York, NY 10029, USA.', 'firstname': 'Deepika', 'initials': 'D', 'lastname': 'Bhasin'}, {'affiliation': 'Department of Environmental Medicine and Public Health, Icahn School of Medicine at Mount Sinai, New York, NY 10029, USA.', 'firstname': 'Chi', 'initials': 'C', 'lastname': 'Wen'}, {'affiliation': 'Department of Medical and Surgical Specialties, Radiological Sciences and Public Health, University of Brescia, 25123 Brescia, Italy.', 'firstname': 'Donatella', 'initials': 'D', 'lastname': 'Placidi'}, {'affiliation': 'Department of Medical and Surgical Specialties, Radiological Sciences and Public Health, University of Brescia, 25123 Brescia, Italy.', 'firstname': 'Manuela', 'initials': 'M', 'lastname': 'Oppini'}, {'affiliation': 'Department of Medical and Surgical Specialties, Radiological Sciences and Public Health, University of Brescia, 25123 Brescia, Italy.', 'firstname': 'Loredana', 'initials': 'L', 'lastname': 'Covolo'}, {'affiliation': 'Department of Clinical and Experimental Sciences, University of Brescia, 25123 Brescia, Italy.', 'firstname': 'Alessandro', 'initials': 'A', 'lastname': 'Padovani'}, {'affiliation': 'Department of Medical and Surgical Specialties, Radiological Sciences and Public Health, University of Brescia, 25123 Brescia, Italy.\nDepartment of Environmental Health Sciences, School of Public Health and Social Work, Florida International University, Miami, FL 11200, USA.', 'firstname': 'Roberto G', 'initials': 'RG', 'lastname': 'Lucchini'}]",,,"10.3390/ijerph19063309
10.1093/hmg/ddp012
10.1016/S1474-4422(06)70471-9
10.1016/j.mcp.2016.11.001
10.3389/fnmol.2018.00391
10.1126/science.276.5321.2045
10.3389/fneur.2020.556337
10.3389/fncel.2015.00124
10.3389/fneur.2019.00218
10.1002/ana.20904
10.1002/ajim.20494
10.1038/s41370-018-0081-6
10.1016/j.yrtph.2018.05.005
10.1016/j.biopha.2017.03.100
10.1212/WNL.0b013e318294b3c8
10.1016/j.neuro.2019.07.007
10.1016/S1474-4422(16)30230-7
10.1080/07315724.2019.1683379
10.7759/cureus.10921
10.3389/fnagi.2014.00036
10.1001/jama.283.20.2674
10.1093/ajcn/86.5.1486
10.1093/advances/nmaa053
10.1371/journal.pone.0243612
10.1002/ana.410390113
10.1002/1531-8257(199901)14:1<28::AID-MDS1007>3.0.CO;2-O
10.1002/1531-8257(199901)14:1<21::AID-MDS1006>3.0.CO;2-Y
10.1002/mds.27720
10.1016/j.envres.2020.110186
10.3390/ijerph17051584
10.1007/s12017-009-8108-8
10.1016/j.jtemb.2012.04.023
10.1016/j.scitotenv.2015.02.072
10.1007/s11356-013-1473-8
10.3389/fgene.2018.00664
10.1016/j.neuro.2012.01.007
10.1093/toxsci/kfv252
10.1212/01.CON.0000436152.24038.e0
10.1212/WNL.47.5.1113
10.1212/WNL.47.1.1
10.1212/WNL.0b013e31827f0fd1
10.1212/01.wnl.0000324625.00404.15
10.1016/j.neuro.2012.01.005
10.1007/s13253-014-0180-3
10.1016/j.mex.2019.11.008
10.1016/j.scitotenv.2020.143123
10.1038/jes.2014.70
10.4236/jep.2012.35047
10.1017/S0007114512000955
10.1212/01.WNL.0000166038.67153.9F
10.1212/WNL.0000000000004057",International journal of environmental research and public health,"['Parkinson’s Disease', 'SNCA polymorphism', 'agricultural chemical exposure', 'metals exposure', 'nutritional factors']",,26-03-22,"35328997
19297401
16713924
26236139
27818248
30410434
9197268
33362685
25914621
30941085
16802290
17918215
30337680
29729297
28412655
23713084
31377220
27751556
31829802
33062461
24639650
10819950
17991663
32427314
33332388
8572672
9918341
9918340
31091353
32919961
32121433
20012385
22664337
25777956
23338992
30619481
22285144
26628504
24092286
8909416
8710059
23359374
18725592
22322213
30505142
31871919
33160660
25335867
27818841
22716925
15985568
28596209",,"Relationships of Nutritional Factors and Agrochemical Exposure with Parkinson's Disease in the Province of Brescia, Italy.",<Element 'PubmedArticle' at 0x777b005c10d0>,,,,,,
"Current evidence shows inconsistencies about ambient air pollution (AAP) exposure as a risk factor for Parkinson's disease (PD). We performed meta-analyses to estimate the pooled risk of PD due to AAP exposure. We performed a systematic search in PubMed, Google Scholar, The Cochrane Library, and J-GATEPLUS databases for peer-reviewed epidemiological studies reporting the risk of PD due to exposure to PM","[{'affiliation': 'Department of Environmental Health and Epidemiology, ICMR-National Institute for Research in Environmental Health (NIREH), Bhopal, India.', 'firstname': 'Vikas', 'initials': 'V', 'lastname': 'Dhiman'}, {'affiliation': 'Department of Environmental Health and Epidemiology, ICMR-National Institute for Research in Environmental Health (NIREH), Bhopal, India.', 'firstname': 'Tanwi', 'initials': 'T', 'lastname': 'Trushna'}, {'affiliation': 'Department of Biostatistics and Bioinformatics, ICMR-National Institute for Research in Environmental Health (NIREH), Bhopal, India.', 'firstname': 'Dharma', 'initials': 'D', 'lastname': 'Raj'}, {'affiliation': 'ICMR-National Institute for Research in Environmental Health (NIREH), Bhopal, India.', 'firstname': 'Rajnarayan Ramshankar', 'initials': 'RR', 'lastname': 'Tiwari'}]",,,10.1080/09603123.2022.2047903,International journal of environmental health research,"['Air pollution', 'Parkinson’s disease', 'epidemiology', 'meta-Analysis', 'risk']",,10-03-22,35262433,,Is ambient air pollution a risk factor for Parkinson's disease? A meta-analysis of epidemiological evidence.,<Element 'PubmedArticle' at 0x777b003e5a80>,,,,,,
"Earlier longitudinal reviews on environmental and occupational toxins and Parkinson's disease (PD) risk have limitations. This study aimed to determine the strength of association between three types of toxic occupational exposures and the occurrence of PD by diagnostic methods.
A search was conducted of EMBASE, PubMed/Medline, Toxnet, LILACS, and Cochrane Library databases for longitudinal studies that assessed toxic occupational exposure, Parkinsonian, or related disorders, diagnosed by International Classification of Diseases (ICD) codes, medical records, or confirmation by a neurologist/nurse, and published in the English language from January 1990 to July 2021. Pooled risk ratios (RR) estimates were produced using random-effects models. Systematic review with meta-analysis synthesized the results. Study quality, heterogeneity, and publication bias were examined. High-quality articles that met the inclusion criteria were analyzed.
Twenty-four articles were used in the analyses. The pooled RR for electromagnetic exposure and PD were (RR=1.03, 95% confidence interval [CI] 0.91-1.16) while the pooled RR between PD and metal and pesticide exposure were (RR=1.07, 95% CI 0.92-1.24) and (RR=1.41, 95% CI 1.20-1.65), respectively. Pooled RR for methods of diagnosis and their associations with PD were: confirmation by a neurologist or nurse (RR=2.17, 95% CI 1.32-3.54); ICD codes (RR=1.14, 95% CI 1.03-1.26), and medical records (RR=1.06, 95% CI 0.92-1.21).
Our systematic review provides robust evidence that toxic occupational exposures are significant risk factors for PD especially those diagnosed by neurologists or nurses using standardized methods.","[{'affiliation': 'School of Health Sciences, College of New Caledonia, Prince George, BC, Canada.', 'firstname': 'Tamara', 'initials': 'T', 'lastname': 'Chambers-Richards'}, {'affiliation': 'School of Public Health, University of Saskatchewan, Saskatoon, SK, Canada.', 'firstname': 'Yingying', 'initials': 'Y', 'lastname': 'Su'}, {'affiliation': 'Saskatchewan Cancer Agency, Saskatoon, SK, Canada.', 'firstname': 'Batholomew', 'initials': 'B', 'lastname': 'Chireh'}, {'affiliation': 'School of Public Health, University of Saskatchewan, Saskatoon, SK, Canada.\nDepartment of Psychiatry, University of Saskatchewan, Saskatoon, SK, Canada.', 'firstname': 'Carl', 'initials': 'C', 'lastname': ""D'Arcy""}]",,"© 2021 Walter de Gruyter GmbH, Berlin/Boston.","10.1515/reveh-2021-0111
10.1016/S1474-4422(17)30299-5
10.1212/wnl.0000000000000929
10.1016/j.envint.2012.05.004
10.1016/s1474-4422(18)30355-7
10.1146/annurev.neuro.22.1.123
10.1136/oemed-2014-102209
10.1007/s10654-011-9581-6
10.1212/wnl.48.3.650
10.1093/occmed/kql109
10.1002/mds.25150
10.1371/journal.pone.0151841
10.1289/ehp.8095
10.1159/000323797
10.1212/wnl.0b013e318294b3c8
10.1212/wnl.48.6.1583
10.3390/ijerph16030337
10.3109/10408444.2013.798719
10.1016/j.yrtph.2018.05.005
10.1212/wnl.0b013e3182698ced
10.3390/ijerph120707348
10.1001/jama.283.15.2008
10.1016/s0895-4356(02)00571-1
10.1038/sj.ebd.6400375
10.1016/j.jclinepi.2009.06.005
10.1016/0197-2456(86)90046-2
10.1002/sim.1186
10.1136/bmj.315.7109.629
10.1097/01.jom.0000161730.25913.bf
10.1289/ehp.1307218
10.1016/j.neuro.2006.01.005
10.1097/00001648-200009000-00009
10.1289/ehp.5885
10.1093/aje/kwq303
10.1136/oem.2006.031559
10.1093/occmed/kqu105
10.1093/aje/kwf216
10.1016/j.parkreldis.2011.06.009
10.1007/s00420-017-1224-0
10.1136/oem.58.9.582
10.1001/archneur.59.11.1787
10.5271/sjweh.3176
10.1002/mds.25125
10.1016/j.parkreldis.2005.06.010
10.1002/ana.20904
10.1093/aje/kwk024
10.1002/ajim.20178
10.1097/01.EDE.0000078446.76859.c9
10.1097/00001648-199807000-00009
10.5271/sjweh.3641
10.1016/j.parkreldis.2014.12.017
10.1016/j.cbi.2010.06.003
10.1080/19338244.2018.1492894",Reviews on environmental health,"['Parkinson’s disease (PD)', 'meta-analysis', 'occupational exposure', 'systematic review', 'toxic']",,20-11-21,34796708,"Twenty-four articles were used in the analyses. The pooled RR for electromagnetic exposure and PD were (RR=1.03, 95% confidence interval [CI] 0.91-1.16) while the pooled RR between PD and metal and pesticide exposure were (RR=1.07, 95% CI 0.92-1.24) and (RR=1.41, 95% CI 1.20-1.65), respectively. Pooled RR for methods of diagnosis and their associations with PD were: confirmation by a neurologist or nurse (RR=2.17, 95% CI 1.32-3.54); ICD codes (RR=1.14, 95% CI 1.03-1.26), and medical records (RR=1.06, 95% CI 0.92-1.21).",Exposure to toxic occupations and their association with Parkinson's disease: a systematic review with meta-analysis.,<Element 'PubmedArticle' at 0x777b00460d60>,,,,,,
"Parkinson's disease (PD) is a rare, neurodegenerative disease with various occupational and environmental risk factors. Exposure to specific pesticides contributes significantly to the incidence of PD. However, it is difficult to measure the level of pesticide exposure in workers. This study presents the first case recognized the work-relatedness between PD and pesticide exposure.
A 68-year-old male was diagnosed with PD after working with pesticides at a tomato greenhouse for 12 years and 5 months. From the results of a field study, it was reasonable to assume that the patient had been exposed to a significant level of various insecticides. In the present report, we described the first accepted case of work-relatedness between PD and exposure to pesticides. The evaluation was conducted using the following steps: we ruled out other possible risk factors including additional occupational history and personal risk factors, we assessed the work environment, surveyed possible exposures, found proper epidemiological evidence, and calculated the probability of causation. The work-relatedness was determined through the review of epidemiological evidence and estimation of exposure situation and level, and biological plausibility. We also decided work-relatedness based on the exposure of PD related pesticides with identified biologically plausible and the presumption that the exposure level would be high due to the working process.
In this case, the field study and epidemiological results supported the work-relatedness of PD and exposure to pesticides. Moreover, the results of previous studies have confirmed a causal relationship between exposure to pesticides and PD.","[{'affiliation': 'Department of Occupational and Environmental Medicine, Hanyang University Hospital, Seoul, Korea.\nDepartment of Public Health Science, Graduate School of Public Health, Institute of Health and Environment, Seoul National University, Seoul, Korea.', 'firstname': 'Yangwoo', 'initials': 'Y', 'lastname': 'Kim'}, {'affiliation': 'Department of Occupational and Environmental Medicine, College of Medicine, Hanyang University, Seoul, Korea.', 'firstname': 'Inah', 'initials': 'I', 'lastname': 'Kim'}, {'affiliation': 'Occupational Safety and Health Research Institute, Korea Occupational Safety and Health Agency, Incheon, Korea.', 'firstname': 'Jung-Min', 'initials': 'JM', 'lastname': 'Sung'}, {'affiliation': 'Department of Occupational and Environmental Medicine, Hanyang University Hospital, Seoul, Korea.\nDepartment of Occupational and Environmental Medicine, College of Medicine, Hanyang University, Seoul, Korea.', 'firstname': 'Jaechul', 'initials': 'J', 'lastname': 'Song'}]",,Copyright © 2021 Korean Society of Occupational & Environmental Medicine.,10.35371/aoem.2021.33.e6,Annals of occupational and environmental medicine,"['Occupational exposure, Farmers', 'Parkinson disease', 'Pesticides']",,11-11-21,"34754467
30584159
31752705
27751556
27598189
28185034
28327632
29730746
24710392
21491489
1933245
30479777
29992029
31543970
31543963
22953196
29026062
32082586
15527877
11148228
20403794
22965675
15985567
29276632
25164196
23995985
15822177
19481804
21658306
21269927
25514659
31992750
11022853
22389202
29729297
17116648
18373838
25104429
27722929
31816899
6823561
26063352
22835925",,Parkinson's disease in a worker exposed to insecticides at a greenhouse.,<Element 'PubmedArticle' at 0x777b0047eac0>,,,,,,
"Long-term exposure to fine particulate matter (PM
To characterize the association between specific PM
We obtained data on hospitalizations from the New York Department of Health Statewide Planning and Research Cooperative System (2000-2014) to calculate annual first PD hospitalization counts in New York State per county. We used well-validated prediction models at 1 km
We observed a total of 197,545 PD first hospitalizations in NYS from 2000 to 2014. The annual average count per county was 212 first hospitalizations. The RR (95% confidence interval) for PD aggravation was 1.06 (1.03, 1.10) per one standard deviation (SD) increase in nitrate concentrations and 1.06 (1.04, 1.09) for the corresponding increase in OM concentrations. We also found a nonlinear inverse association between PD aggravation and BC at concentrations above the 96th percentile. We found a marginal association with SS and no association with sulfate or soil exposure.
In this study, we detected associations between the PM","[{'affiliation': 'Department of Environmental Health Sciences, Columbia University Mailman School of Public Health, New York, NY, USA. Electronic address: yn2295@cumc.columbia.edu.', 'firstname': 'Yanelli', 'initials': 'Y', 'lastname': 'Nunez'}, {'affiliation': 'Department of Epidemiology and Neurology, Columbia University, New York, NY, USA.', 'firstname': 'Amelia K', 'initials': 'AK', 'lastname': 'Boehme'}, {'affiliation': 'Department of Environmental Health Sciences, Columbia University Mailman School of Public Health, New York, NY, USA.', 'firstname': 'Maggie', 'initials': 'M', 'lastname': 'Li'}, {'affiliation': 'Department of Biostatistics, Columbia University Mailman School of Public Health, New York, NY, USA.', 'firstname': 'Jeff', 'initials': 'J', 'lastname': 'Goldsmith'}, {'affiliation': 'Department of Environmental Health, Harvard T.H. Chan School of Public Health, Boston, MA, USA.', 'firstname': 'Marc G', 'initials': 'MG', 'lastname': 'Weisskopf'}, {'affiliation': 'Department of Environmental Health Sciences, Columbia University Mailman School of Public Health, New York, NY, USA.', 'firstname': 'Diane B', 'initials': 'DB', 'lastname': 'Re'}, {'affiliation': 'Department of Environmental Health Sciences, Columbia University Mailman School of Public Health, New York, NY, USA.', 'firstname': 'Ana', 'initials': 'A', 'lastname': 'Navas-Acien'}, {'affiliation': 'Department of Energy, Environmental & Chemical Engineering, Washington University at St. Louis, MO, USA; Department of Physics and Atmospheric Science, Dalhousie University, Halix, Nova Scotia, Canada.', 'firstname': 'Aaron', 'initials': 'A', 'lastname': 'van Donkelaar'}, {'affiliation': 'Department of Energy, Environmental & Chemical Engineering, Washington University at St. Louis, MO, USA; Department of Physics and Atmospheric Science, Dalhousie University, Halix, Nova Scotia, Canada.', 'firstname': 'Randall V', 'initials': 'RV', 'lastname': 'Martin'}, {'affiliation': 'Department of Environmental Health Sciences, Columbia University Mailman School of Public Health, New York, NY, USA.', 'firstname': 'Marianthi-Anna', 'initials': 'MA', 'lastname': 'Kioumourtzoglou'}]","In this study, we detected associations between the PM",Copyright © 2021. Published by Elsevier Inc.,10.1016/j.envres.2021.111554,Environmental research,"['Air pollution', 'Epidemiology', 'Long-term exposures', 'Neurodegenerative diseases', 'PM2.5 chemical composition', ""Parkinson's disease""]",,29-06-21,"34181919
21890573
22194192
25227730
23850585
17637911
18079763
27567860
22389181
30169957
28063597
26945620
26724585
20801209
23380027
17445792
30577116
26349946
10656852
25926123
27105081
11002600
24776070
21463978
25947314
25738903
25978701
24410940
25951420
28300224
27614945
22456598
27285422
19679711
22850792
28919116
33555200
23983860
17366813
25294559
19711119
25807066
17520052
21172758
26151951
17415791
8875828
33091388
30124852
18006900
24517544
31103844
28150045
30698001
33010415
20959505
31649797
29331891","We observed a total of 197,545 PD first hospitalizations in NYS from 2000 to 2014. The annual average count per county was 212 first hospitalizations. The RR (95% confidence interval) for PD aggravation was 1.06 (1.03, 1.10) per one standard deviation (SD) increase in nitrate concentrations and 1.06 (1.04, 1.09) for the corresponding increase in OM concentrations. We also found a nonlinear inverse association between PD aggravation and BC at concentrations above the 96th percentile. We found a marginal association with SS and no association with sulfate or soil exposure.",Parkinson's disease aggravation in association with fine particle components in New York State.,<Element 'PubmedArticle' at 0x777b00382930>,,,,,,
"Though growing evidence has linked air pollution to Parkinson's disease (PD), the results remain inconsistent. Less is known about the relevance of road proximity and surrounding green. We aimed to investigate the individual and joint associations of air pollution, road proximity and surrounding green with the incidence of PD in a prospective cohort study.
We used data from a prospective cohort of 47,516 participants recruited from July 2015 to January 2018 in Ningbo, China. Long-term exposure to particulate matter with aerodynamic diameter ≤2.5 μm (PM
In single-exposure models, PM
We found that PM","[{'affiliation': 'Department of Epidemiology and Biostatistics, Zhejiang University School of Public Health, Hangzhou, Zhejiang, China.', 'firstname': 'Zhebin', 'initials': 'Z', 'lastname': 'Yu'}, {'affiliation': 'Department of Epidemiology and Biostatistics, Zhejiang University School of Public Health, Hangzhou, Zhejiang, China.', 'firstname': 'Fang', 'initials': 'F', 'lastname': 'Wei'}, {'affiliation': 'Department of Epidemiology and Biostatistics, Zhejiang University School of Public Health, Hangzhou, Zhejiang, China.', 'firstname': 'Xinhan', 'initials': 'X', 'lastname': 'Zhang'}, {'affiliation': 'Department of Epidemiology and Biostatistics, Zhejiang University School of Public Health, Hangzhou, Zhejiang, China.', 'firstname': 'Mengyin', 'initials': 'M', 'lastname': 'Wu'}, {'affiliation': 'The Center for Disease Control and Prevention of Yinzhou District, Ningbo, Zhejiang, China.', 'firstname': 'Hongbo', 'initials': 'H', 'lastname': 'Lin'}, {'affiliation': 'Health Commission of Ningbo, Zhejiang, China.', 'firstname': 'Liming', 'initials': 'L', 'lastname': 'Shui'}, {'affiliation': 'Department of Epidemiology and Biostatistics, Zhejiang University School of Public Health, Hangzhou, Zhejiang, China; Department of Epidemiology and Biostatistics, And Cancer Institute of the Second Affiliated Hospital, Zhejiang University School of Medicine, Zhejiang, China.', 'firstname': 'Mingjuan', 'initials': 'M', 'lastname': 'Jin'}, {'affiliation': ""Department of Epidemiology and Biostatistics, Zhejiang University School of Public Health, Hangzhou, Zhejiang, China; Department of Epidemiology and Biostatistics, And National Clinical Research Center for Child Health of the Children's Hospital, Zhejiang University School of Medicine, Zhejiang, China."", 'firstname': 'Jianbing', 'initials': 'J', 'lastname': 'Wang'}, {'affiliation': 'Department of Epidemiology and Biostatistics, Zhejiang University School of Public Health, Hangzhou, Zhejiang, China. Electronic address: tangml@zju.edu.cn.', 'firstname': 'Mengling', 'initials': 'M', 'lastname': 'Tang'}, {'affiliation': 'Department of Epidemiology and Biostatistics, Zhejiang University School of Public Health, Hangzhou, Zhejiang, China; Department of Epidemiology and Biostatistics, And Cancer Institute of the Second Affiliated Hospital, Zhejiang University School of Medicine, Zhejiang, China. Electronic address: ck@zju.edu.cn.', 'firstname': 'Kun', 'initials': 'K', 'lastname': 'Chen'}]",,Copyright © 2021 Elsevier Inc. All rights reserved.,10.1016/j.envres.2021.111170,Environmental research,"['Air pollution', 'Cohort study', 'Greenness', ""Parkinson's disease"", 'Road proximity']",,23-04-21,33887274,"In single-exposure models, PM","Air pollution, surrounding green, road proximity and Parkinson's disease: A prospective cohort study.",<Element 'PubmedArticle' at 0x777b0029a840>,,,,,,
"Exposure to occupational manganese (Mn) is associated with neurotoxic brain injury, manifesting primarily as parkinsonism. The association between environmental Mn exposure and parkinsonism is unclear. To characterize the association between environmental Mn exposure and parkinsonism, we performed population-based sampling of residents older than 40 in Meyerton, South Africa (N = 621) in residential settlements adjacent to a large Mn smelter and in a comparable non-exposed settlement in Ethembalethu, South Africa (N = 95) in 2016-2020.
A movement disorders specialist examined all participants using the Unified Parkinson Disease Rating Scale motor subsection part 3 (UPDRS3). Participants also completed an accelerometry-based kinematic test and a grooved pegboard test. We compared performance on the UPDRS3, grooved pegboard, and the accelerometry-based kinematic test between the settlements using linear regression, adjusting for covariates. We also measured airborne PM
Mean PM
Environmental airborne Mn exposures at levels substantially lower than current occupational exposure thresholds in the United States may be associated with clinical parkinsonism.","[{'affiliation': 'Department of Neurology, Washington University School of Medicine, 660 South Euclid Avenue, Campus Box 8111, 63110, St. Louis, Missouri, USA. racetteb@wustl.edu.\nSchool of Public Health, Faculty of Health Sciences, University of the Witwatersrand, 7 York Road, 2193, Parktown, South Africa. racetteb@wustl.edu.', 'firstname': 'Brad A', 'initials': 'BA', 'lastname': 'Racette'}, {'affiliation': 'School of Public Health, Faculty of Health Sciences, University of the Witwatersrand, 7 York Road, 2193, Parktown, South Africa.\nResearch Department of Infection & Population Health, UCL Institute for Global Health, University College London, London, UK.', 'firstname': 'Gill', 'initials': 'G', 'lastname': 'Nelson'}, {'affiliation': 'Department of Neurology, Washington University School of Medicine, 660 South Euclid Avenue, Campus Box 8111, 63110, St. Louis, Missouri, USA.', 'firstname': 'Wendy W', 'initials': 'WW', 'lastname': 'Dlamini'}, {'affiliation': 'Department of Energy, Environmental, and Chemical Engineering, Washington University, Campus Box 1180, One Brookings Drive, 63130, St. Louis, Missouri, USA.', 'firstname': 'Pradeep', 'initials': 'P', 'lastname': 'Prathibha'}, {'affiliation': 'Department of Energy, Environmental, and Chemical Engineering, Washington University, Campus Box 1180, One Brookings Drive, 63130, St. Louis, Missouri, USA.', 'firstname': 'Jay R', 'initials': 'JR', 'lastname': 'Turner'}, {'affiliation': 'Department of Neurology, Washington University School of Medicine, 660 South Euclid Avenue, Campus Box 8111, 63110, St. Louis, Missouri, USA.', 'firstname': 'Mwiza', 'initials': 'M', 'lastname': 'Ushe'}, {'affiliation': 'Department of Family Medicine & Public Health, University of California, 9500 Gilman Drive, # 0725, La Jolla, 92093-0725, San Diego, California, USA.', 'firstname': 'Harvey', 'initials': 'H', 'lastname': 'Checkoway'}, {'affiliation': 'Departments of Biostatistics and Environmental and Occupational Health Sciences, University of Washington, Box 357232, Washington,, 98195, Seattle, USA.', 'firstname': 'Lianne', 'initials': 'L', 'lastname': 'Sheppard'}, {'affiliation': 'Department of Neurology, Washington University School of Medicine, 660 South Euclid Avenue, Campus Box 8111, 63110, St. Louis, Missouri, USA.', 'firstname': 'Susan Searles', 'initials': 'SS', 'lastname': 'Nielsen'}]",,,"10.1186/s12940-021-00712-3
10.1289/ehp.00108s3429
10.2741/4665
10.1002/ajim.4700110308
10.1002/ajim.20407
10.1016/j.neuro.2017.06.011
10.1212/WNL.0000000000003533
10.1016/j.neuro.2017.08.013
10.1016/j.ijheh.2011.10.005
10.1002/ajim.20494
10.1016/j.neuro.2014.05.006
10.1016/j.scitotenv.2015.09.084
10.1016/j.neuro.2017.09.012
10.1016/j.ncl.2020.07.008
10.1016/j.neuro.2012.01.007
10.1093/aje/kwq303
10.1212/WNL.0000000000006163
10.1097/JOM.0000000000001915
10.1212/WNL.0b013e3182152830
10.1016/j.neuro.2009.05.001
10.1002/mds.22445
10.1016/j.parkreldis.2015.01.018
10.1002/mds.23893
10.1016/j.parkreldis.2014.02.022
10.1002/mds.23740
10.1016/j.aca.2007.08.014
10.1214/ss/1177013607
10.1002/ana.10277
10.1002/mds.25863
10.1001/archneur.64.7.990
10.1002/ajim.23060
10.1016/j.neuro.2011.07.011
10.1016/j.neuro.2017.07.004
10.1289/ehp.1002192
10.1016/j.neuro.2013.12.008
10.1016/j.tox.2013.09.008",Environmental health : a global access science source,"['Case control studies', 'Manganese', 'Parkinson disease', 'Parkinsonism']",,17-03-21,"33722243
10852840
8329316
29293455
3578289
17096374
28648949
28031394
28873337
22112744
10385894
10385895
17918215
24881811
26437342
28965701
33040869
22285144
20959505
30097475
32472844
21471467
19465050
1733453
19133661
25703990
21953789
24661464
21538531
17870279
12205639
24590499
17620489
32617145
31647574
21840336
28694016
20876035
24374477
24060432",Mean PM,Severity of parkinsonism associated with environmental manganese exposure.,<Element 'PubmedArticle' at 0x777b002a6c50>,,,,,,
"Serum polychlorinated biphenyls (PCBs) have been associated with some chronic diseases, but little evidence exists on their possible relationship with neurodegenerative diseases. We aimed to assess the relationship between PCB exposure and the occurrence of dementia and Parkinson disease in a prospective cohort study in a highly polluted area (Brescia-Caffaro).
PCB exposure was assessed by measuring serum levels of 24 congeners. Data on the onset of dementia and Parkinson disease were retrieved by the Brescia Health Protection Agency Database. We used Poisson regression models adjusted for possible confounders to calculate rate ratios (RRs). A mediation analysis was performed to evaluate the mediatory role of cardiovascular diseases.
699 subjects without neurologic diseases at baseline were enrolled (48.1% males, 63.2 years of mean age) in 2001-2013 and followed up to 2018. During a mean follow-up of 8.8 years, 36 and 20 subjects developed dementia and Parkinson disease. Subjects in the 2nd and 3rd tertiles of the total PCBs distribution, compared with those in the 1st tertile, had a higher risk of dementia (RR = 2.30 and RR = 4.35). The estimates for Parkinson disease included the null value with wide confidence intervals. In the mediation analysis, the association between PCB exposure and dementia was dominated by the direct pathway and not by the hypertension-mediated pathway.
We observed a positive association between total PCBs serum levels and the onset of dementia not mediated by hypertension. For Parkinson, the unstable risk estimates did not allow to draw a conclusion on a possible association.","[{'affiliation': 'Department of Public Health Sciences, Karolinska Institutet, Italy; ATS Brescia (Brescia Health Protection Agency), Italy; Department of Medical and Surgical Specialties Radiological Sciences and Public Health, Unit of Hygiene, Epidemiology, and Public Health, University of Brescia, Italy. Electronic address: elena.raffetti@ki.se.', 'firstname': 'Elena', 'initials': 'E', 'lastname': 'Raffetti'}, {'affiliation': 'Department of Medical and Surgical Specialties Radiological Sciences and Public Health, Unit of Hygiene, Epidemiology, and Public Health, University of Brescia, Italy.', 'firstname': 'Francesco', 'initials': 'F', 'lastname': 'Donato'}, {'affiliation': 'Department of Medical and Surgical Specialties Radiological Sciences and Public Health, Institute of Occupational Health and Industrial Hygiene, University of Brescia, Italy.', 'firstname': 'Giuseppe', 'initials': 'G', 'lastname': 'De Palma'}, {'affiliation': 'ATS Brescia (Brescia Health Protection Agency), Italy.', 'firstname': 'Lucia', 'initials': 'L', 'lastname': 'Leonardi'}, {'affiliation': 'ATS Brescia (Brescia Health Protection Agency), Italy.', 'firstname': 'Claudio', 'initials': 'C', 'lastname': 'Sileo'}, {'affiliation': 'ATS Brescia (Brescia Health Protection Agency), Italy.', 'firstname': 'Michele', 'initials': 'M', 'lastname': 'Magoni'}]",,Copyright © 2020 Elsevier Ltd. All rights reserved.,10.1016/j.chemosphere.2020.127522,Chemosphere,"['Cohort study', 'Dementia', 'PCBs', 'Parkinson disease']",,28-07-20,32712378,"699 subjects without neurologic diseases at baseline were enrolled (48.1% males, 63.2 years of mean age) in 2001-2013 and followed up to 2018. During a mean follow-up of 8.8 years, 36 and 20 subjects developed dementia and Parkinson disease. Subjects in the 2nd and 3rd tertiles of the total PCBs distribution, compared with those in the 1st tertile, had a higher risk of dementia (RR = 2.30 and RR = 4.35). The estimates for Parkinson disease included the null value with wide confidence intervals. In the mediation analysis, the association between PCB exposure and dementia was dominated by the direct pathway and not by the hypertension-mediated pathway.",Polychlorinated biphenyls (PCBs) and risk of dementia and Parkinson disease: A population-based cohort study in a North Italian highly polluted area.,<Element 'PubmedArticle' at 0x777b0001ce50>,,,,,,
"Multiple studies have suggested that various pesticides are associated with a higher risk of developing Parkinson's disease (PD) and may influence the progression of the disease. However, the evidence regarding the impact of pesticide exposure on mortality among patients with PD is equivocal. This study examines whether pesticide exposure influences the risk of mortality among patients with PD in Southern Brazil.
A total of 150 patients with idiopathic PD were enrolled from 2008 to 2013 and followed until 2019. In addition to undergoing a detailed neurologic evaluation, patients completed surveys regarding socioeconomic status and environmental exposures.
Twenty patients (13.3%) reported a history of occupational pesticide exposure with a median duration of exposure of 10 years (mean = 13.1, SD = 11.2). Patients with a history of occupational pesticide exposure had higher UPDRS-III scores, though there were no significant differences in regards to age, sex, disease duration, Charlson Comorbidity Index, and age at symptom onset. Patients with occupational pesticide exposure were more than twice as likely to die than their unexposed PD counterparts (HR = 2.32, 95% CI [1.15, 4.66], p = 0.018). Occupational pesticide exposure was also a significant predictor of death in a cox-proportional hazards model which included smoking and caffeine intake history (HR = 2.23, 95% CI [1.09, 4.59], p = 0.03)) and another which included several measures of socioeconomic status (HR = 3.91, 95% CI [1.32, 11.58], p = 0.01).
In this prospective cohort study, we found an increased all-cause mortality risk in PD patients with occupational exposure to pesticides. More studies are needed to further analyze this topic with longer follow-up periods, more detailed exposure information, and more specific causes of mortality.","[{'affiliation': 'Serviço de Neurologia, Hospital de Clínicas de Porto Alegre, Universidade Federal do Rio Grande do Sul, R. Ramiro Barcelos, 2350 - Santa Cecilia, Porto Alegre, RS, 90040-060, Brazil. marcio.s.medeiros@gmail.com.', 'firstname': 'Márcio', 'initials': 'M', 'lastname': 'Schneider Medeiros'}, {'affiliation': 'Department of Global Health, University of Texas Southwestern Medical Center, Dallas, TX, USA.', 'firstname': 'Sumanth', 'initials': 'S', 'lastname': 'P Reddy'}, {'affiliation': 'Department of Health Policy and Management, Johns Hopkins Bloomberg School of Public Health, Baltimore, MD, USA.', 'firstname': 'Mariana', 'initials': 'M', 'lastname': 'P Socal'}, {'affiliation': 'Serviço de Neurologia, Hospital de Clínicas de Porto Alegre, Universidade Federal do Rio Grande do Sul, R. Ramiro Barcelos, 2350 - Santa Cecilia, Porto Alegre, RS, 90040-060, Brazil.\nDepartamento de Farmacologia, Universidade Federal do Rio Grande do Sul, Porto Alegre, RS, Brazil.', 'firstname': 'Artur Francisco', 'initials': 'AF', 'lastname': 'Schumacher-Schuh'}, {'affiliation': 'Departamento de Neurologia, Universidade Federal de Ciências da Saúde de Porto Alegre, Porto Alegre, RS, Brazil.', 'firstname': 'Carlos Roberto', 'initials': 'CR', 'lastname': 'Mello Rieder'}]","In this prospective cohort study, we found an increased all-cause mortality risk in PD patients with occupational exposure to pesticides. More studies are needed to further analyze this topic with longer follow-up periods, more detailed exposure information, and more specific causes of mortality.",,"10.1186/s12940-020-00624-8
10.3389/fneur.2019.00218
10.1016/B978-0-444-62627-1.00013-5
10.1016/j.envint.2017.06.018
10.4103/ijoem.IJOEM_45_18
10.1080/19338244.2018.1492894
10.1212/WNL.0b013e318294b3c8
10.5271/sjweh.3641
10.1006/enrs.2001.4264
10.1289/ehp.1103881
10.1016/j.envint.2012.05.004
10.1002/mds.25898
10.1136/oemed-2014-102209
10.1093/ije/29.2.323
10.2217/pgs.12.149
10.1093/gerona/53A.5.M337
10.1093/oxfordjournals.aje.a009034
10.1016/j.yrtph.2018.05.005
10.1371/journal.pone.0131809
10.1080/19485561003727372
10.1590/S0034-89101992000600008
10.1097/MD.0000000000004337
10.15585/mmwr.mm6627a2
10.3233/JAD-2010-091525
10.1002/mds.21706
10.1002/ana.10277
10.1002/mds.25076
10.1002/mds.27577
10.1186/s40035-017-0090-8
10.1017/cjn.2015.244",Environmental health : a global access science source,"['Environmental exposure', 'Mortality', 'Occupational exposure', 'Parkinson', 'Pesticides']",,20-06-20,"32552814
30941085
26563792
28689109
30319227
30474499
27598189
23713084
11022853
28379585
11437458
22389202
22698719
31342891
30558363
24821648
25713156
10817132
31395775
23171335
9754138
8982025
29729297
26153885
20589989
1342534
1641443
27472716
28704346
20182023
17712848
14579122
12205639
22927157
30653734
28680589
26189779","Twenty patients (13.3%) reported a history of occupational pesticide exposure with a median duration of exposure of 10 years (mean = 13.1, SD = 11.2). Patients with a history of occupational pesticide exposure had higher UPDRS-III scores, though there were no significant differences in regards to age, sex, disease duration, Charlson Comorbidity Index, and age at symptom onset. Patients with occupational pesticide exposure were more than twice as likely to die than their unexposed PD counterparts (HR = 2.32, 95% CI [1.15, 4.66], p = 0.018). Occupational pesticide exposure was also a significant predictor of death in a cox-proportional hazards model which included smoking and caffeine intake history (HR = 2.23, 95% CI [1.09, 4.59], p = 0.03)) and another which included several measures of socioeconomic status (HR = 3.91, 95% CI [1.32, 11.58], p = 0.01).",Occupational pesticide exposure and the risk of death in patients with Parkinson's disease: an observational study in southern Brazil.,<Element 'PubmedArticle' at 0x777b000308b0>,,,,,,
"Parkinson's disease (PD) is a neurodegenerative disease, mostly presenting with characteristic motor symptoms. Organochlorines (OC) are a class of widely-used pesticides that have been included among the list of environmental factors incriminated in PD pathogenesis. However, most studies reporting this association are based on questionnaires, and few have reported exposure data.
To examine the relationship between OC blood concentrations and PD risk.
In the present study, we studied the concentrations of 8 OC compounds (hexachlorobenzene, heptachlor, hepachlor epoxide, c-chlordane, a-chlordane, p,p'-DDE, DDD, DDT) in 104 Greek PD patients and 110 healthy controls.
All substances studied were present in at least one sample. The most frequently detected (above the level of quantification) pesticides were p,p'-DDE (n = 214, 100 % of both groups) and hexachlorobenzene, HCB (n = 189, cases 46.5 %, controls 53.5 %). Higher levels of DDE were detected among PD patients in comparison to controls by using logistic regression analysis to control for confounders [Odds Ratio, OR (95 % confidence interval, C.I.)]: 2.592,(1.29-5.21)], whilst lower levels of HCB were detect among PD patients [OR,95 %CI:0.176(0.09-0.35)].
Our data suggest that exposure to specific OCs is related to the risk of PD. Further studies, using real exposure data, are needed in order to confirm and extend these findings.","[{'affiliation': 'Department of Neurology, Laboratory of Neurogenetics, University of Thessaly, University Hospital of Larissa, Larissa, Greece.', 'firstname': 'Efthimios', 'initials': 'E', 'lastname': 'Dardiotis'}, {'affiliation': 'Department of Neurology, Laboratory of Neurogenetics, University of Thessaly, University Hospital of Larissa, Larissa, Greece.', 'firstname': 'Athina-Maria', 'initials': 'AM', 'lastname': 'Aloizou'}, {'affiliation': 'Department of Neurology, Laboratory of Neurogenetics, University of Thessaly, University Hospital of Larissa, Larissa, Greece.', 'firstname': 'Evagelos', 'initials': 'E', 'lastname': 'Sakalakis'}, {'affiliation': 'Department of Neurology, Laboratory of Neurogenetics, University of Thessaly, University Hospital of Larissa, Larissa, Greece.', 'firstname': 'Vasileios', 'initials': 'V', 'lastname': 'Siokas'}, {'affiliation': 'Department of Hygiene and Epidemiology, Faculty of Medicine, University of Thessaly, 22 Papakyriazi Street, 41222, Larissa, Greece.', 'firstname': 'Michalis', 'initials': 'M', 'lastname': 'Koureas'}, {'affiliation': 'Department of Neurology, Laboratory of Neurogenetics, University of Thessaly, University Hospital of Larissa, Larissa, Greece.', 'firstname': 'Georgia', 'initials': 'G', 'lastname': 'Xiromerisiou'}, {'affiliation': 'Department of Microbiology, Medical School, University of Thessaly, Larissa, Greece.', 'firstname': 'Efthymia', 'initials': 'E', 'lastname': 'Petinaki'}, {'affiliation': 'Swiss Centre for Applied Human Toxicology, University of Basel, CH‑4055, Basel, Switzerland.', 'firstname': 'Martin', 'initials': 'M', 'lastname': 'Wilks'}, {'affiliation': 'Center of Toxicology Science & Research, Medical School, University of Crete, 71003, Heraklion, Crete, Greece.', 'firstname': 'Aristidis', 'initials': 'A', 'lastname': 'Tsatsakis'}, {'affiliation': 'Department of Hygiene and Epidemiology, Faculty of Medicine, University of Thessaly, 22 Papakyriazi Street, 41222, Larissa, Greece.', 'firstname': 'Christos', 'initials': 'C', 'lastname': 'Hadjichristodoulou'}, {'affiliation': '1stDepartment of Neurology, National and Kapodistrian University of Athens, School of Medicine, Eginition Hospital, 72-74 Vas.Sophias Ave, 11528, Athens, Greece.', 'firstname': 'Leonidas', 'initials': 'L', 'lastname': 'Stefanis'}, {'affiliation': 'Department of Neurology, Laboratory of Neurogenetics, University of Thessaly, University Hospital of Larissa, Larissa, Greece.\nDepartment of Neurology, Medical School, University of Cyprus, Nicosia, Cyprus.', 'firstname': 'Georgios M', 'initials': 'GM', 'lastname': 'Hadjigeorgiou'}]",,© 2020 Published by Elsevier B.V.,"10.1016/j.toxrep.2020.03.011
10.1016/j.tox.2012.12.016
10.1212/wnl.0000000000001012
10.1016/j.toxlet.2014.01.039
10.1016/j.tox.2012.11.021
10.3390/jcm8091295
10.1007/s00415-005-0918-5
10.1136/jnnp.2007.131045
10.1002/mds.26424
10.3389/fneur.2018.00156
10.1016/j.clineuro.2018.09.039
10.1111/j.1365-2990.2008.00952.x
10.1126/science.276.5321.2045
10.1006/exnr.1998.6776
10.1002/ana.410360119
10.1016/j.neuro.2008.03.001
10.1001/archneurol.2009.89
10.1002/ana.21717
10.1016/j.tips.2008.03.007
10.1212/WNL.0b013e3181d76a93
10.1016/j.neuro.2012.05.011
10.1016/j.toxrep.2018.10.003
10.1007/s10158-006-0036-9
10.1016/j.lfs.2015.11.006
10.1016/b978-0-444-62627-1.00009-3
10.1016/j.neuro.2004.07.010
10.1007/s12010-016-2214-5
10.1016/j.toxrep.2017.03.001
10.1016/j.taap.2011.07.022
10.1016/j.envint.2018.04.008
10.1016/j.toxrep.2019.06.004
10.1016/j.tox.2018.10.012
10.1016/j.fct.2018.12.043
10.1016/j.toxrep.2018.10.001
10.1016/j.envres.2016.04.015
10.1016/j.chemosphere.2007.02.043
10.1080/1047322X.1990.10389587
10.1093/bmb/ldl018
10.1016/j.toxrep.2019.08.001
10.1155/2013/371034
10.1289/ehp.1103881
10.1016/s0014-5793(01)02597-2
10.1016/s0891-5849(01)00726-2
10.1074/jbc.M114.585703
10.4414/smw.2015.14204
10.1007/s12031-018-1204-1
10.1016/s0005-2728(09)91004-0
10.1111/jnc.13731
10.1016/s0378-4274(02)00401-0
10.1016/j.pharep.2017.06.013
10.1001/jama.1963.03700020038009
10.1016/j.envres.2006.11.007
10.1016/j.chemosphere.2006.01.033
10.1080/00039899909602243
10.1002/mds.27594
10.1515/reveh.2007.22.3.213
10.1016/0013-9351(75)90033-x
10.1016/j.envint.2015.12.015
10.1590/0004-282x20130060
10.1111/jrh.12154
10.1002/ana.20904
10.1016/j.biopha.2017.03.100
10.1016/j.toxlet.2020.03.005
10.3390/jcm9020430
10.1016/j.toxlet.2019.07.026",Toxicology reports,"['AD, Alzheimer’s disease', 'Environmental factors', 'OC, organochlorines', 'PD', 'PD, Parkinson’s disease', 'Parkinson’s disease', 'organochlorines']",,20-05-20,"32426240
23295711
25326098
26236139
24503016
23246862
31450861
15999234
18344392
26474316
29628907
30308319
18447897
9197268
2381528
9527905
10706031
7517654
18455239
19597089
8628466
19847896
18453001
20350979
22627180
30338225
17206406
26549647
26563787
16112328
27591882
28959635
21851830
28691715
29677557
31293901
30359673
30594548
30450285
2841426
27107243
17408721
7539361
17242039
31463204
15736686
25101650
23936670
22389202
11445065
11728820
25425650
26561744
30415446
1932040
27546335
12523960
29128804
109142
14018209
6487543
17189629
16497358
625756
2590490
4459243
10094287
30597605
18078005
1213019
26720637
23857610
16357589
26515233
16802290
12011297
2505694
28412655
32145396
32033365
31386889","All substances studied were present in at least one sample. The most frequently detected (above the level of quantification) pesticides were p,p'-DDE (n = 214, 100 % of both groups) and hexachlorobenzene, HCB (n = 189, cases 46.5 %, controls 53.5 %). Higher levels of DDE were detected among PD patients in comparison to controls by using logistic regression analysis to control for confounders [Odds Ratio, OR (95 % confidence interval, C.I.)]: 2.592,(1.29-5.21)], whilst lower levels of HCB were detect among PD patients [OR,95 %CI:0.176(0.09-0.35)].",Organochlorine pesticide levels in Greek patients with Parkinson's disease.,<Element 'PubmedArticle' at 0x777b000b7ec0>,,,,,,
"The etiology and pathogenesis of Parkinson's disease (PD) have not yet been clearly described. Both genetic and environmental factors contribute to the onset and progression of PD. Some pesticides have been demonstrated to be associated with PD by many previous studies and experiments, and an increasing number of researchers have paid attention to this area in recent years. This paper aims to explore the knowledge structure, analyze the current research hot spots, and discuss the research trend through screening and summarizing the present literature. Based on 1767 articles from the Web of Science Core Collection and PubMed database, this study carried out the analysis from the keywords, cited references, countries, authors, and some other aspects by using Citespace. The hot topics, valuable articles, and productive authors in this research field could be found after that. To the best of our knowledge, this is the first study to specifically visualize the relationship between pesticide exposure and PD, and forecast research tendency in the future.","[{'affiliation': 'Research Center for Environment and Health, Zhongnan University of Economics and Law, Wuhan, China.\nDepartment of Neurology, Renmin Hospital of Wuhan University, Wuhan, China.\nSchool of Information and Safety Engineering, Zhongnan University of Economics and Law, Wuhan, China.', 'firstname': 'Chaoyang', 'initials': 'C', 'lastname': 'Liu'}, {'affiliation': 'Research Center for Environment and Health, Zhongnan University of Economics and Law, Wuhan, China.\nSchool of Information and Safety Engineering, Zhongnan University of Economics and Law, Wuhan, China.', 'firstname': 'Zehua', 'initials': 'Z', 'lastname': 'Liu'}, {'affiliation': 'Department of Neurology, Renmin Hospital of Wuhan University, Wuhan, China.', 'firstname': 'Zhentao', 'initials': 'Z', 'lastname': 'Zhang'}, {'affiliation': 'Research Center for Environment and Health, Zhongnan University of Economics and Law, Wuhan, China.\nSchool of Information and Safety Engineering, Zhongnan University of Economics and Law, Wuhan, China.', 'firstname': 'Yanan', 'initials': 'Y', 'lastname': 'Li'}, {'affiliation': 'Research Center for Environment and Health, Zhongnan University of Economics and Law, Wuhan, China.\nSchool of Information and Safety Engineering, Zhongnan University of Economics and Law, Wuhan, China.', 'firstname': 'Ruying', 'initials': 'R', 'lastname': 'Fang'}, {'affiliation': 'Research Center for Environment and Health, Zhongnan University of Economics and Law, Wuhan, China.\nSchool of Information and Safety Engineering, Zhongnan University of Economics and Law, Wuhan, China.', 'firstname': 'Fei', 'initials': 'F', 'lastname': 'Li'}, {'affiliation': 'Research Center for Environment and Health, Zhongnan University of Economics and Law, Wuhan, China.\nSchool of Information and Safety Engineering, Zhongnan University of Economics and Law, Wuhan, China.', 'firstname': 'Jingdong', 'initials': 'J', 'lastname': 'Zhang'}]",,"Copyright © 2020 Liu, Liu, Zhang, Li, Fang, Li and Zhang.","10.3389/fpubh.2020.00091
10.1186/s13033-016-0079-1
10.1016/j.parkreldis.2015.08.020
10.1002/mds.27447
10.1002/mds.20609
10.1155/2018/6838965
10.3389/fncel.2018.00485
10.1016/j.neuron.2014.12.007
10.1016/j.cell.2016.11.018
10.1186/s40035-015-0042-0
10.1038/nsmb.3433
10.3389/fncel.2018.00417
10.1007/s00401-018-01956-z
10.1176/jnp.14.2.223
10.1093/hmg/ddm159
10.1212/WNL.52.9.1876
10.1289/ehp.8095
10.1126/science.6823561
10.1016/j.neuro.2018.12.009
10.3233/JPD-140424
10.1016/j.bbadis.2013.03.019
10.1002/ana.20051
10.1016/j.brainres.2016.11.020
10.1016/j.mad.2018.04.004
10.1002/asi.20317
10.1109/ACCESS.2018.2873696
10.1517/14712598.2012.674507
10.3390/ijerph16010029
10.3390/ijerph15102181
10.1016/j.ijhm.2016.10.006
10.2147/JPR.S132808
10.1080/09669582.2017.1329310
10.1016/j.jclepro.2019.119534
10.3390/app6010011
10.3892/etm.2014.2099
10.3791/50892
10.1007/s11064-010-0176-5
10.1080/10715760802513733
10.1289/ehp.1002839
10.1038/81834
10.1006/exnr.2002.8072
10.1093/aje/kwp006
10.1007/s10654-011-9574-5
10.1006/nbdi.2002.0507
10.1016/j.nbd.2009.01.016
10.1016/j.cbi.2010.06.003
10.1038/cdd.2009.217
10.1007/s00441-004-0937-z
10.1016/j.tips.2004.01.007
10.3389/fgene.2018.00701
10.1111/febs.12401
10.1186/1744-9081-9-13
10.1371/journal.pone.0008762
10.3390/su10113830
10.1371/journal.pone.0162099
10.1080/15376516.2017.1333553
10.1016/j.brainresbull.2017.07.012
10.1089/ars.2016.6711
10.3390/ijerph13090881
10.1016/j.tox.2018.09.009
10.1016/j.envint.2017.04.010
10.2174/0929867324666170526122654
10.1016/j.neuro.2016.04.003
10.1016/j.parkreldis.2010.11.011
10.1093/toxsci/kfx086
10.1186/1750-1326-7-49
10.1016/j.redox.2019.101134
10.1016/j.ab.2010.08.011
10.3969/j.issn.1673-5374.2012.05.001
10.1007/s11095-013-1005-8
10.1007/s00204-017-2133-4
10.1371/journal.pone.0151841",Frontiers in public health,"[""Parkinson's disease"", 'bibliometric', 'citespace', 'knowledge mapping', 'pesticide exposure']",,23-04-20,"32318533
27313660
26318964
30145805
16007641
30050705
30618632
25611507
27912057
26464797
28671665
30555300
30721408
11983801
17911161
10371537
16451848
6823561
30605763
25633843
23562983
14991823
27876560
29630901
22443895
30583598
30301209
28479858
25574233
24335747
20455021
18985485
21269927
11100151
12504863
19270050
21505849
12127150
19385059
20542017
20094060
15258850
15019266
30740124
23789887
23497442
20098733
27611317
28532211
28751178
27788593
27598189
30266654
28779877
28552054
27058967
21167764
28460087
23017109
30798073
20705047
25774170
23703371
29209747
27055126",,A Scientometric Analysis and Visualization of Research on Parkinson's Disease Associated With Pesticide Exposure.,<Element 'PubmedArticle' at 0x777afff06430>,,,,,,
"The two major causes of Parkinson's disease (PD) are genetic susceptibility and exposure to agricultural pesticides. Access to 23,224 individuals' hospital primary discharge diagnoses of PD allowed the mapping of cases against known crop distributions and pesticides. Our main objective was to map PD risks (cases per 10,000 people) against crops and their pesticides. The ZIP Code address locations, and the 2000 and 2010 census data, were used to map the risks of PD throughout Louisiana and in relation to United States Department of Agriculture (USDA)-recorded crops. The introduction of glyphosate-resistant crops appears to have initiated the PD disappearance from northeastern parishes on the west bank of the Mississippi river. Rice and sugar cane are seemingly unassociated with PD, as is the Mississippi itself, except for Jefferson and St. Charles Parishes, which are essentially urban or industrial. The present major PD-affected areas are associated with commercial forests, woodlands, and pastures, and thus with certain arbor-pastoral pesticides, 2,4-D, chlorpyrifos, and paraquat. Human populations at maximum risk are those living in areas of moderate and high aquifer-recharge potential. The levels of estimated pesticide exposure in these recharge areas we were able to access were of variable use, but significant amounts of 2,4-D were being used.","[{'affiliation': 'Department of Environmental Sciences, College of the Coast & Environment, Louisiana State University, Baton Rouge, LA 70803, USA.', 'firstname': 'Martin E', 'initials': 'ME', 'lastname': 'Hugh-Jones'}, {'affiliation': 'Cartographic Section, Louisiana Geological Survey, Louisiana State University, Baton Rouge, LA 70803, USA.', 'firstname': 'R Hampton', 'initials': 'RH', 'lastname': 'Peele'}, {'affiliation': 'Department of Environmental Sciences, College of the Coast & Environment, Louisiana State University, Baton Rouge, LA 70803, USA.', 'firstname': 'Vincent L', 'initials': 'VL', 'lastname': 'Wilson'}]",,,"10.3390/ijerph17051584
10.1001/archneur.62.3.378
10.1289/ehp.7570
10.1289/ehp.7573
10.1016/j.sleep.2012.10.009
10.1371/journal.pone.0089741
10.1016/j.sleep.2012.10.015
10.5665/sleep.6102
10.1016/S0197-4580(02)00065-9
10.1016/j.pneurobio.2011.03.005
10.1001/archneur.55.7.969
10.1016/j.jns.2007.06.024
10.1007/s10654-011-9581-6
10.1007/s11064-016-2052-4
10.1016/j.neuro.2012.05.011
10.3109/00207451003668374
10.1289/ehp.0900852
10.1007/s10654-017-0229-z
10.1155/2015/576564
10.1614/WT-D-15-00027.1
10.1017/wet.2017.83",International journal of environmental research and public health,"['2,4-D', 'agricultural ecology', 'agricultural pesticides', 'aquifer recharge', 'chlorpyrifos', 'paraquat', 'pastures', 'woodland']",,04-03-20,"32121433
0
15767502
16140639
16140634
23347909
24587002
23474058
27306265
12498954
21439347
9678315
17673256
21626386
27613618
22627180
20402575
20049211
28185034
26357584",,"Parkinson's Disease in Louisiana, 1999-2012: Based on Hospital Primary Discharge Diagnoses, Incidence, and Risk in Relation to Local Agricultural Crops, Pesticides, and Aquifer Recharge.",<Element 'PubmedArticle' at 0x777afff4b3d0>,,,,,,
"Environmental pollution is a critical predisposing factor underlying neurodegenerative diseases, but the association between particulate matter (PM) exposure and Parkinson's disease (PD) remains unclear. This study aimed to evaluate the association between long-term PM2.5/PM10 exposure and PD risk. We searched the PubMed, Ovid Medline, EMBASE, Cochrane Library, and Web of Science citation databases to select studies about the relationship between long-term PM exposure and PD risk. The association was assessed using meta-analysis, and subgroup analysis was carried out on the basis of the types of PM (PM2.5 and PM10). Among the 611 articles identified from the databases, we selected six articles, including three cohort studies and three case-control studies, which collectively involved 10,077,029 participants. With every 10 μg/m","[{'affiliation': ""Department of Health Toxicology, MOE Key Lab of Environment and Health, School of Public Health, Tongji Medical College, Huazhong University of Science and Technology, 13 Hangkong-Road, Wuhan, 430030, People's Republic of China."", 'firstname': 'Yiqi', 'initials': 'Y', 'lastname': 'Wang'}, {'affiliation': ""Department of Health Toxicology, MOE Key Lab of Environment and Health, School of Public Health, Tongji Medical College, Huazhong University of Science and Technology, 13 Hangkong-Road, Wuhan, 430030, People's Republic of China."", 'firstname': 'Ying', 'initials': 'Y', 'lastname': 'Liu'}, {'affiliation': ""Department of Health Toxicology, MOE Key Lab of Environment and Health, School of Public Health, Tongji Medical College, Huazhong University of Science and Technology, 13 Hangkong-Road, Wuhan, 430030, People's Republic of China. yanhong@mails.tjmu.edu.cn."", 'firstname': 'Hong', 'initials': 'H', 'lastname': 'Yan'}]",,,"10.1007/s10653-019-00484-3
10.1093/aje/kwu155
10.1289/ehp.1002123
10.1016/j.bbabio.2007.10.006
10.1161/CIR.0b013e3181dbece1
10.3233/jad-160472
10.1016/j.etp.2009.02.117
10.1155/2013/161687
10.1016/j.neuro.2004.08.003
10.1046/j.1471-4159.1998.70041584.x
10.1093/eurheartj/ehi835
10.1371/journal.pone.0182834
10.1001/jama.295.10.1127
10.1002/ana.21717
10.1016/j.envres.2007.03.002
10.1016/j.jneuroim.2014.07.012
10.1289/ehp.1408092
10.1007/s10863-009-9257-z
10.1016/s1353-8020(11)70065-7
10.1016/j.bbrc.2018.04.068
10.1016/s0140-6736(14)61393-3
10.1289/ehp.1408973
10.1097/jom.0000000000000451
10.1016/j.taap.2015.01.010
10.1136/jech.56.10.773
10.1186/1742-2094-8-105
10.1124/jpet.102.035048
10.1289/ehp135
10.1093/ptj/80.6.578
10.1186/1476-069x-13-80
10.1289/ehp259
10.1016/s1353-8020(11)70064-5
10.1161/circresaha.116.309279
10.1289/ehp.1002767
10.1016/j.envres.2009.08.003
10.1136/bmj.d5372
10.1371/journal.pone.0195607
10.1007/s10654-010-9491-z
10.1001/jama.294.23.3003
10.1016/j.parkreldis.2015.12.005
10.1093/aje/kwm127
10.1289/ehp.7550
10.1186/1476-069x-13-38
10.1111/jnc.12010",Environmental geochemistry and health,"['PM10', 'PM2.5', 'Parkinson’s disease', 'Particulate matter']",,03-01-20,31894453,,Effect of long-term particulate matter exposure on Parkinson's risk.,<Element 'PubmedArticle' at 0x777affe22610>,,,,,,
