pubmed_id,title,publication_date,keywords,abstract,authors,conclusions,copyrights,doi,journal,methods,results,xml
"41087353
30879893
36522332
33999109
24252804
26045020
32227140
16424447
16805397
22332153
33511535
27751556
38367322
32551355
37086879
25294559
24905870
28731859
30606679
31786292
31770719
28300224
33010415
30124852
33091388
34979121
34242242
30391837
36516478
28886605
26151951
27614945
28063597
17445792
20959505
35262433
27285422
34181919
35364040
31282427
19296921
40175384
32576618
27105081
30213473
29068361
24373585
36502699
19328569
20458016
30935305
30775976
27328897
33340865
30074893
31811609
27217764
32864600
37396023
21296852
23320828
27494955
17049511
28558262
26005952
28753483
38898637
24835507
11022926
30446244
22356901
32656489
21349799
35292243",Exposure to ambient air pollution and onset of Parkinson's disease in a large cohort study.,2025-10-15,,This population-based longitudinal cohort study examines the association between ambient air pollution (PM,"[{'affiliation': ""Queen's Business School, Queen's University Belfast, Belfast, UK. b.jahanshahi@qub.ac.uk."", 'firstname': 'Babak', 'initials': 'B', 'lastname': 'Jahanshahi'}, {'affiliation': ""Queen's Business School, Queen's University Belfast, Belfast, UK."", 'firstname': 'Duncan', 'initials': 'D', 'lastname': 'McVicar'}, {'affiliation': ""Queen's Business School, Queen's University Belfast, Belfast, UK."", 'firstname': 'Neil', 'initials': 'N', 'lastname': 'Rowland'}]",,© 2025. The Author(s).,10.1038/s41531-025-01156-z,NPJ Parkinson's disease,,,<Element 'PubmedArticle' at 0x72c65418b790>
40578417,"Tris (1,3-dichloro-2-propyl) phosphate (TDCPP) aggravates Parkinson's disease neurotoxicity through ferroptosis-related oxidative stress and neuroinflammation.",2025-06-28,"Ferroptosis, Neuroinflammation, Oxidative stress, Parkinson’s disease, TDCPP","Organophosphorus flame retardant TDCPP, a substitute for brominated flame retardants, is widely used in consumer products but readily leaches into the environment, posing human exposure risks. This study investigated the neurotoxic mechanisms of TDCPP in Parkinson's disease (PD). Using an MPTP-induced PD mouse model, TDCPP exposure exacerbated behavioral deficits, reduced tyrosine hydroxylase (TH)-positive neurons in the substantia nigra, and amplified neuroinflammation characterized by enhanced microglial reactivity, elevated pro-inflammatory IFN-γ, and diminished anti-inflammatory IL-4 and regulatory T cells (Tregs). Concurrently, TDCPP lowered glutathione (GSH) levels and altered ferroptosis-related protein expression, indicating oxidative stress involvement. In SH-SY5Y cells, co-treatment with TDCPP and MPTP caused mitochondrial membrane depolarization, increased reactive oxygen species (ROS), and shifted microglia into a pro-inflammatory state-evidenced by increased CD86 expression-and impaired their phagocytic clearance of α-synuclein. These findings demonstrate that TDCPP aggravates PD neurodegeneration through dual mechanisms: ferroptosis-linked oxidative stress and neuroinflammation. This study provides the first evidence linking TDCPP exposure to ferroptosis-mediated neurotoxicity in PD models, bridging environmental toxicology and neurodegenerative research. The results underscore the role of environmental pollutants in PD progression and offer critical insights for refining safety regulations to mitigate human health risks.","[{'affiliation': 'Research Center for Translational Medicine, Shanghai East Hospital, School of Medicine, Tongji University, Shanghai, PR China.', 'firstname': 'Guangming', 'initials': 'G', 'lastname': 'Xie'}, {'affiliation': 'Institute of Basic Medicine, North Sichuan Medical College, Nanchong, Sichuan, PR China.', 'firstname': 'Yulan', 'initials': 'Y', 'lastname': 'Yang'}, {'affiliation': 'Research Center for Translational Medicine at East Hospital, School of Life Science and Technology, Tongji University, Shanghai, PR China.', 'firstname': 'Xinmin', 'initials': 'X', 'lastname': 'Zhang'}, {'affiliation': 'Research Center for Translational Medicine, Shanghai East Hospital, School of Medicine, Tongji University, Shanghai, PR China.', 'firstname': 'Yitong', 'initials': 'Y', 'lastname': 'Chen'}, {'affiliation': 'Research Center for Translational Medicine, Shanghai East Hospital, School of Medicine, Tongji University, Shanghai, PR China.', 'firstname': 'Xinyuan', 'initials': 'X', 'lastname': 'Cao'}, {'affiliation': 'Research Center for Translational Medicine, Shanghai East Hospital, School of Medicine, Tongji University, Shanghai, PR China. Electronic address: junzhang@tongji.edu.cn.', 'firstname': 'Jun', 'initials': 'J', 'lastname': 'Zhang'}, {'affiliation': 'Department of Neurology, Shanghai General Hospital, Shanghai Jiao Tong University School of Medicine, Shanghai, PR China. Electronic address: 15858517436@163.com.', 'firstname': 'Yanyan', 'initials': 'Y', 'lastname': 'Jiang'}, {'affiliation': 'Department of Neurology, Shanghai East Hospital, School of Medicine, Tongji University, Shanghai, PR China. Electronic address: dryangwt@126.com.', 'firstname': 'Weiting', 'initials': 'W', 'lastname': 'Yang'}]",,Copyright © 2025 The Authors. Published by Elsevier B.V. All rights reserved.,10.1016/j.brainres.2025.149805,Brain research,,,<Element 'PubmedArticle' at 0x72c6541c7ce0>
"40535452
30287051
38493795
24503004
30941085
31428316
21269927
35257879
14645467
29729297
22083847
23220449
37184848
26151951
12051555
36213098
31521533
20430055
31404238
23045187
37127082
27751556
30306634
19822770
34519802
39363041
31736859
38476815
30646166
17960818
24607323
18091006
29946108
25476529
37449597
35579496
20650672
26037459
38022432
34694344
33031735
33836148",The global rise in Parkinson's disease: a critical analysis of causes and future directions.,2025-06-19,"Parkinson's disease, environmental toxic pollutants, exposome, pesticide and insecticide, toxins",,"[{'affiliation': 'Grupo Cerebro, Emoción y Conducta, Escuela de Medicina, Universidad de las Américas (UDLA), Quito, Ecuador.', 'firstname': 'Jose E', 'initials': 'JE', 'lastname': 'Leon-Rojas'}]",,,"10.3389/fpubh.2025.1606732
10.1016/S1474-4422(18)30295-3
10.1016/S1474-4422(24)00038-3
10.1016/j.arr.2014.01.004
10.3389/fneur.2019.00218
10.1186/s40035-019-0165-9
10.1289/ehp.1002839
10.1016/j.nbd.2022.105685
10.1523/JNEUROSCI.23-34-10756.2003
10.1016/j.yrtph.2018.05.005
10.1002/ana.22629
10.1016/j.taap.2012.11.016
10.1001/jamaneurol.2023.1168
10.1289/ehp.1409313
10.1080/01926230252929954
10.4103/aian.aian_62_22
10.1016/S1474-4422(19)30287-X
10.1016/j.neuro.2010.04.007
10.1212/NXG.0000000000000354
10.1002/mds.25216
10.1016/j.mad.2023.111821
10.1016/S1474-4422(16)30230-7
10.1002/mds.27489
10.1001/archneurol.2009.247
10.1001/jama.2021.10207
10.1007/s00415-024-12672-y
10.3389/fneur.2019.01143
10.7759/cureus.54021
10.1001/jamanetworkopen.2018.2421
10.1002/mds.21772
10.1016/j.yfrne.2014.02.002
10.1249/mss.0b013e31815a51b3
10.1038/s41386-018-0125-6
10.1002/mds.26069
10.4103/1673-5374.373673
10.1002/mds.29116
10.1016/j.parkreldis.2010.06.012
10.1016/j.parkreldis.2015.05.015
10.4103/aian.aian_539_23
10.1001/jamaneurol.2021.3895
10.1016/S1474-4422(20)30308-2
10.1016/S2215-0366(21)00084-5",Frontiers in public health,,,<Element 'PubmedArticle' at 0x72c6541d7830>
"40474178
25904081
24976103
38945129
35913124
31091353
38751156
37976362
29568057
29370948
26216708
37716300
35597347
35283129
35259376
33130380
33574197
38446676
37110989
35302003
35739658
33848468
37683849
35714743
38453637
34793849
28619472
38336022
35985369
34862106
35381522
37993864
34358975
34704457
34079796
32003282
30966861
36736819
34098985
31653838
36089218
32301585
36029863
30681394
33547068
33041800
11846609
33895792
36157245
38019930
38182888
36704963
36670126
34729301
30116046
31036962
34011928
39454716
39802018
33087287
33692549
33785842
35752074
31707034
35220892
18320306
37191408
35739666",Polystyrene nanoplastics trigger pyroptosis in dopaminergic neurons through TSC2/TFEB-mediated disruption of autophagosome-lysosome fusion in Parkinson's disease.,2025-06-06,"Autophagosome-lysosome fusion, Parkinson’s disease (PD), Polystyrene nanoplastics (PS-NPs), Pyroptosis, Tuberous Sclerosis Complex 2 protein (TSC2)","Parkinson's disease (PD) is a sporadic neurodegenerative disorder with a rising incidence. Environmental toxins are considered the main etiological factor. The increasing use of polystyrene nanoparticles (PS-NPs) has raised concerns about their potential neurotoxic effects in PD.
This study aimed to investigate the impact of PS-NPs on the onset and progression of PD and the underlying mechanisms.
The breach of the blood-brain barrier (BBB) by PS-NPs was assessed using bioluminescence imaging, fluorescence observation, Pyrolysis-Gas Chromatography-Mass Spectrometry (Py-GCMs), transmission electron microscope (TEM), and Evans blue staining. To evaluate the potential promotion of PD by PS-NPs, a 30-day repeated oral administration study was conducted in vivo, during which behavioral changes and alterations in dopaminergic neurons in the substantia nigra were assessed. In vitro cytotoxicity assays were performed following PS-NPs intervention. Molecular biology techniques, including Western blotting and immunofluorescence, were employed to analyze proteins related to pyroptosis and autophagy-lysosomal pathway in both in vivo and in vitro settings. Additionally, proteomic sequencing was utilized to identify the upstream regulator of the autophagy-lysosomal pathway (ALP), and the effects of modulating this target protein on the ALP-pyroptosis pathway were analyzed.
Bioluminescence imaging and Py-GCMs confirmed that PS-NPs entered the brain within 1.5 h. Evans blue staining and TEM showed PS-NPs damaged the BBB. The 30-day oral toxicity revealed that PS-NPs exacerbated behavioral abnormalities and caused dopaminergic neuron loss. Western blotting and immunofluorescence indicated that PS-NPs induced pyroptosis, disrupted autophagic flux, and lowered protein levels involved in autophagosome-lysosome fusion, both in vivo and in vitro. Furthermore, PS-NPs activated the mechanistic target of rapamycin (mTOR) and inhibited the nuclear translocation of Transcription Factor EB (TFEB). Proteomic sequencing identified a deficit of Tuberous Sclerosis Complex (TSC) 2 protein within the mTOR pathway. Immuno-coprecipitation and Coomassie Blue Fast Staining revealed that PS-NPs bound to TSC2 protein, causing disassembly of TSC1-TSC2 complex.
These findings underscore how PS-NPs accelerated PD onset and progression by disrupting autophagosome-lysosome fusion through TSC2-mTOR-TFEB axis, which triggered protein degradation disorders and pyroptosis in dopaminergic neurons. The molecular mechanisms could inform environmental safety regulations concerning nanoplastics and inspire therapeutic strategies for PD.","[{'affiliation': ""Department of Neurology, Guangdong Neuroscience Institute, Guangdong Provincial People's Hospital (Guangdong Academy of Medical Sciences), Guangdong Province, Southern Medical University, Guangzhou, 510080, China.\nGuangzhou Key Laboratory of Diagnosis and Treatment for Neurodegenerative Diseases, Guangdong Provincial People's Hospital (Guangdong Academy of Medical Sciences), Guangzhou, 510080, China."", 'firstname': 'Xiaomei', 'initials': 'X', 'lastname': 'Liang'}, {'affiliation': 'College of Natural Resources and Environment, Key Laboratory of Arable Land Conservation (South China), MOA, Guangdong Provincial Key Laboratory of Agricultural & Rural Pollution Abatement and Environmental Safety, South China Agricultural University, Guangzhou, 510642, Guangdong, China.', 'firstname': 'Yaqi', 'initials': 'Y', 'lastname': 'Zeng'}, {'affiliation': ""Department of Neurology, Guangdong Neuroscience Institute, Guangdong Provincial People's Hospital (Guangdong Academy of Medical Sciences), Guangdong Province, Southern Medical University, Guangzhou, 510080, China.\nGuangzhou Key Laboratory of Diagnosis and Treatment for Neurodegenerative Diseases, Guangdong Provincial People's Hospital (Guangdong Academy of Medical Sciences), Guangzhou, 510080, China."", 'firstname': 'Piao', 'initials': 'P', 'lastname': 'Zhang'}, {'affiliation': ""Department of Neurology, Guangdong Neuroscience Institute, Guangdong Provincial People's Hospital (Guangdong Academy of Medical Sciences), Guangdong Province, Southern Medical University, Guangzhou, 510080, China.\nGuangzhou Key Laboratory of Diagnosis and Treatment for Neurodegenerative Diseases, Guangdong Provincial People's Hospital (Guangdong Academy of Medical Sciences), Guangzhou, 510080, China."", 'firstname': 'Baoyu', 'initials': 'B', 'lastname': 'Zhu'}, {'affiliation': ""Department of Neurology, Guangdong Neuroscience Institute, Guangdong Provincial People's Hospital (Guangdong Academy of Medical Sciences), Guangdong Province, Southern Medical University, Guangzhou, 510080, China.\nGuangzhou Key Laboratory of Diagnosis and Treatment for Neurodegenerative Diseases, Guangdong Provincial People's Hospital (Guangdong Academy of Medical Sciences), Guangzhou, 510080, China.\nSchool of Medicine, South China University of Technology, Guangzhou, 510006, China."", 'firstname': 'Jiezhu', 'initials': 'J', 'lastname': 'Feng'}, {'affiliation': ""Department of Neurology, Guangdong Neuroscience Institute, Guangdong Provincial People's Hospital (Guangdong Academy of Medical Sciences), Guangdong Province, Southern Medical University, Guangzhou, 510080, China.\nGuangzhou Key Laboratory of Diagnosis and Treatment for Neurodegenerative Diseases, Guangdong Provincial People's Hospital (Guangdong Academy of Medical Sciences), Guangzhou, 510080, China.\nSchool of Medicine, South China University of Technology, Guangzhou, 510006, China."", 'firstname': 'Tongtong', 'initials': 'T', 'lastname': 'Deng'}, {'affiliation': ""Department of Neurology, Guangdong Neuroscience Institute, Guangdong Provincial People's Hospital (Guangdong Academy of Medical Sciences), Guangdong Province, Southern Medical University, Guangzhou, 510080, China.\nGuangzhou Key Laboratory of Diagnosis and Treatment for Neurodegenerative Diseases, Guangdong Provincial People's Hospital (Guangdong Academy of Medical Sciences), Guangzhou, 510080, China."", 'firstname': 'Zhongling', 'initials': 'Z', 'lastname': 'Fu'}, {'affiliation': 'College of Natural Resources and Environment, Key Laboratory of Arable Land Conservation (South China), MOA, Guangdong Provincial Key Laboratory of Agricultural & Rural Pollution Abatement and Environmental Safety, South China Agricultural University, Guangzhou, 510642, Guangdong, China.', 'firstname': 'Chengshuai', 'initials': 'C', 'lastname': 'Liu'}, {'affiliation': 'College of Natural Resources and Environment, Key Laboratory of Arable Land Conservation (South China), MOA, Guangdong Provincial Key Laboratory of Agricultural & Rural Pollution Abatement and Environmental Safety, South China Agricultural University, Guangzhou, 510642, Guangdong, China. cychen@scau.edu.cn.', 'firstname': 'Chengyu', 'initials': 'C', 'lastname': 'Chen'}, {'affiliation': ""Department of Neurology, Guangdong Neuroscience Institute, Guangdong Provincial People's Hospital (Guangdong Academy of Medical Sciences), Guangdong Province, Southern Medical University, Guangzhou, 510080, China. zhangyuhu@gdph.org.cn.\nGuangzhou Key Laboratory of Diagnosis and Treatment for Neurodegenerative Diseases, Guangdong Provincial People's Hospital (Guangdong Academy of Medical Sciences), Guangzhou, 510080, China. zhangyuhu@gdph.org.cn.\nSchool of Medicine, South China University of Technology, Guangzhou, 510006, China. zhangyuhu@gdph.org.cn."", 'firstname': 'Yuhu', 'initials': 'Y', 'lastname': 'Zhang'}]","These findings underscore how PS-NPs accelerated PD onset and progression by disrupting autophagosome-lysosome fusion through TSC2-mTOR-TFEB axis, which triggered protein degradation disorders and pyroptosis in dopaminergic neurons. The molecular mechanisms could inform environmental safety regulations concerning nanoplastics and inspire therapeutic strategies for PD.",© 2025. The Author(s).,10.1186/s12967-025-06634-9,Journal of translational medicine,,"Bioluminescence imaging and Py-GCMs confirmed that PS-NPs entered the brain within 1.5 h. Evans blue staining and TEM showed PS-NPs damaged the BBB. The 30-day oral toxicity revealed that PS-NPs exacerbated behavioral abnormalities and caused dopaminergic neuron loss. Western blotting and immunofluorescence indicated that PS-NPs induced pyroptosis, disrupted autophagic flux, and lowered protein levels involved in autophagosome-lysosome fusion, both in vivo and in vitro. Furthermore, PS-NPs activated the mechanistic target of rapamycin (mTOR) and inhibited the nuclear translocation of Transcription Factor EB (TFEB). Proteomic sequencing identified a deficit of Tuberous Sclerosis Complex (TSC) 2 protein within the mTOR pathway. Immuno-coprecipitation and Coomassie Blue Fast Staining revealed that PS-NPs bound to TSC2 protein, causing disassembly of TSC1-TSC2 complex.",<Element 'PubmedArticle' at 0x72c6541efec0>
"40459174
38493795
39298564
38549522
33130380
37110989
35302003
38598326
37995956
36711285
38894523
36581239
38518696
38297341
39283733
38631261
38714083
39901044
35089039
34884598
29267402
25476529
38755164
38069536
34413194
37676767
32043464
39235810
35534507
37130861
40108151
33453941
39033990
34875488
35739658
38751156
37993864
26526613
38885454
37988678
37976362
38157817
38503214
38217613
25801826
35900586
37394195
38411261",Plastamination: A Rising Concern for Parkinson's Disease.,2025-06-03,"environment, microplastics, nanoplastics, pollution, α‐synuclein",,"[{'affiliation': 'Department of Medicine, Surgery and Dentistry ""Scuola Medica Salernitana"", University of Salerno, Baronissi, Italy.', 'firstname': 'Roberto', 'initials': 'R', 'lastname': 'Erro'}, {'affiliation': 'Department of Medicine, Surgery and Dentistry ""Scuola Medica Salernitana"", University of Salerno, Baronissi, Italy.', 'firstname': 'Cristiano', 'initials': 'C', 'lastname': 'Sorrentino'}, {'affiliation': 'Department of Medicine, Surgery and Dentistry ""Scuola Medica Salernitana"", University of Salerno, Baronissi, Italy.\nIRCCS SynlabSDN, Naples, Italy.', 'firstname': 'Paolo', 'initials': 'P', 'lastname': 'Barone'}]",,,"10.1002/mds.30253
10.1016/S1474-4422(24)00038-3
10.1126/science.adl2746
10.2174/1570159X22666240216085947
10.1016/j.jhazmat.2020.124004
10.3390/nano13081404
10.1016/j.chemosphere.2022.134261
10.1289/EHP13435
10.1016/j.envpol.2023.122996
10.1016/j.heliyon.2023.e13070
10.24272/j.issn.2095-8137.2024.038
10.1016/j.envpol.2022.120939
10.1016/j.jhazmat.2024.134017
10.1186/s12989-023-00561-7
10.1001/jamanetworkopen.2024.40018
10.1016/j.envint.2024.108635
10.1016/j.ecoenv.2024.116393
10.1021/acs.nanolett.1c04184
10.1038/s41531-025-00894-4
10.1016/j.neuroscience.2024.07.018
10.1016/j.aquatox.2021.106048
10.1016/j.jhazmat.2022.128459
10.1002/advs.202401009
10.1186/s12989-023-00556-4
10.1016/j.febslet.2015.10.021
10.1021/acs.jpclett.4c00731
10.1002/smll.202308753
10.1126/sciadv.adi8716
10.1016/j.jhazmat.2023.133289
10.1016/j.jhazmat.2024.134054
10.1016/j.chemosphere.2023.139383",Movement disorders : official journal of the Movement Disorder Society,,,<Element 'PubmedArticle' at 0x72c6542253a0>
"39997929
27006759
32996088
35543742
21606896
32143804
27830784
27236050
24074860
20199129
20097775
34194489
19828782
29213760
23572347
31361627
34151800
16087767
28931491
27185810
34971691
15799548
30101496
33663019
31660829
38685425
30003140
30462626
25634431
32045727
23656717
23341986
21777615
29155171
32927024
23932495
32937126
23405071
22743688
33257653
22342404
23997854
32346667
15105259
30530146
30987383
28801915
27913844
22918959
23481557
25874027
31175960
30859219
32178731
37888716
23380243
32424756
36481661
26988607
35900469
33190068
38383591
39375347
38770222
29375678
33981329
19922134
33892821
23300739
30040717
23727898
22720070
27336847
31354407
30602169
30134203
23731538
28088073
36421693
37190071
39408648
32882300
30258237
38605018
17985252
34830770
34864677
35332158
19684580
31466152
34182454","Epigenetic Biomarkers Driven by Environmental Toxins Associated with Alzheimer's Disease, Parkinson's Disease, and Amyotrophic Lateral Sclerosis in the United States: A Systematic Review.",2025-02-25,"biomarker, diagnosis, environmental factor, epigenetic, geography, neurodegenerative disease","Environmental toxins and epigenetic changes have been linked to neurodegenerative diseases, including Alzheimer's Disease (AD), Parkinson's Disease (PD), and amyotrophic lateral sclerosis (ALS). This paper aimed to (i) identify environmental toxins associated with AD, PD, and ALS, (ii) locate potential industrial sources of toxins in the United States (U.S.), and (iii) assess epigenetic changes driven by exposure to toxins reported by patients. Environmental factors and epigenetic biomarkers of neurodegeneration were compiled from 69 studies in the literature using Preferred Reporting Items for Systematic Reviews and Meta Analyses (PRISMA) and geographic information system approaches. Some 127 environmental toxins have been associated or putatively associated with AD, PD, or ALS, with four toxic metals (As, Cd, Mn, and Hg) common to all three of these neurodegenerative diseases. Environmental toxins associated with epigenetic changes (e.g., DNA methylation) in patients include air pollutants, metals, and organic chemicals (e.g., pesticides, mycotoxins, and cyanotoxins). Geographic analysis showed that study locations (e.g., U.S., Europe, and East Asia) were selected by researchers based on convenience of access rather than exposure risk and disease prevalence. We conclude that several toxins and epigenetic markers shared among neurodegenerative diseases could serve as attractive future targets guiding environmental quality improvements and aiding in early disease detection.","[{'affiliation': 'Biodesign Institute, Arizona State University, Tempe, AZ 85287, USA.\nBiodesign Center for Environmental Health Engineering, Tempe, AZ 85287, USA.\nSchool for Engineering of Matter, Transport and Energy, Arizona State University, Tempe, AZ 85287, USA.', 'firstname': 'Melanie Engstrom', 'initials': 'ME', 'lastname': 'Newell'}, {'affiliation': 'Biodesign Institute, Arizona State University, Tempe, AZ 85287, USA.\nBiodesign Center for Environmental Health Engineering, Tempe, AZ 85287, USA.\nBarrett, The Honors College, Arizona State University, Tempe, AZ 85287, USA.', 'firstname': 'Anumitha', 'initials': 'A', 'lastname': 'Aravindan'}, {'affiliation': 'Biodesign Institute, Arizona State University, Tempe, AZ 85287, USA.\nBiodesign Center for Environmental Health Engineering, Tempe, AZ 85287, USA.\nBarrett, The Honors College, Arizona State University, Tempe, AZ 85287, USA.', 'firstname': 'Ayesha', 'initials': 'A', 'lastname': 'Babbrah'}, {'affiliation': 'Biodesign Institute, Arizona State University, Tempe, AZ 85287, USA.\nBiodesign Center for Environmental Health Engineering, Tempe, AZ 85287, USA.\nSchool for Engineering of Matter, Transport and Energy, Arizona State University, Tempe, AZ 85287, USA.\nBarrett, The Honors College, Arizona State University, Tempe, AZ 85287, USA.\nSchool of Sustainable Engineering and The Built Environment, Arizona State University, Tempe, AZ 85287, USA.', 'firstname': 'Rolf U', 'initials': 'RU', 'lastname': 'Halden'}]",,,"10.3390/toxics13020114
10.12688/f1000research.7431.1
10.1007/s11356-020-10950-6
10.1289/EHP9013
10.1097/JGP.0b013e3181faec23
10.1016/j.artmed.2020.101807
10.1038/nature20413
10.1016/j.pneurobio.2016.05.004
10.1016/j.cell.2013.09.011
10.1080/21553769.2016.1249033
10.1124/mol.109.062174
10.1155/2021/9912686
10.1523/JNEUROSCI.3767-09.2009
10.1590/S1980-57642011DN05040011
10.1007/s00415-013-6905-3
10.1097/WCO.0000000000000730
10.3233/JAD-210273
10.1001/archneur.62.8.1265
10.1016/S1474-4422(17)30299-5
10.1093/ije/dyw061
10.1016/j.scitotenv.2021.152504
10.1080/14660820410021311
10.1002/med.21528
10.1002/alz.12285
10.2174/1567205016666191010114744
10.1016/j.scitotenv.2024.172838
10.1038/s41531-018-0058-0
10.15585/mmwr.mm6746a1
10.1016/j.parkreldis.2015.01.007
10.1016/j.envres.2020.109226
10.1186/1743-8977-10-18
10.1371/journal.pone.0053732
10.1001/jama.1941.02820060041009
10.1016/j.neuro.2011.05.018
10.1016/j.neuro.2017.11.003
10.3920/WMJ2014.1795
10.1016/j.neuint.2020.104846
10.1016/j.euroneuro.2013.05.013
10.1016/j.celrep.2020.108131
10.1371/journal.pone.0053478
10.1016/j.neuro.2012.06.008
10.1038/s41467-020-19791-w
10.1016/j.neuro.2012.01.011
10.1155/2013/898034
10.1196/annals.1306.009
10.1016/j.scitotenv.2018.11.381
10.3390/genes10040274
10.1111/jnc.14147
10.1007/s00204-016-1899-0
10.1093/toxsci/kfs257
10.1016/j.cbpc.2013.02.004
10.5487/TR.2015.31.1.001
10.1016/j.exger.2019.06.002
10.1093/toxsci/kfz069
10.1186/s13072-020-00338-8
10.3390/toxics11100866
10.1016/j.tox.2013.01.017
10.1038/s41537-022-00319-8
10.1016/j.taap.2016.03.006
10.1007/s00204-022-03337-8
10.1016/j.jns.2020.117185
10.1186/s40478-024-01725-y
10.1038/s41467-024-52886-2
10.1016/j.ensci.2024.100502
10.3892/etm.2017.5394
10.3389/fgene.2021.640266
10.3109/17482960802635397
10.1186/s40478-021-01183-w
10.1371/journal.pone.0052672
10.3233/JAD-180242
10.3233/JAD-130506
10.1371/journal.pone.0157924
10.3389/fnins.2019.00683
10.1159/000493386
10.1016/j.neuroscience.2018.08.009
10.1016/j.ajhg.2013.04.017
10.1101/2023.12.02.569722
10.1016/j.ctrv.2016.12.005
10.3390/biom12111679
10.3390/cells12081163
10.3390/ijms251910317
10.1016/j.neuro.2020.08.005
10.1038/s41593-018-0237-7
10.1038/s41398-024-02898-9
10.1007/s12017-007-8016-8
10.3390/cancers13225615
10.3233/JAD-215217
10.1038/s41531-022-00295-x
10.1038/nbt.1559
10.1016/j.scitotenv.2019.06.419
10.1016/j.scitotenv.2021.148618",Toxics,,,<Element 'PubmedArticle' at 0x72c65423e2a0>
39855178,HYDROGEN SULFIDE AND CYSTATHIONINE γ-LYASE LEVELS FOR PATIENTS WITH PARKINSON'S DISEASE.,2025-01-25,,"Parkinson's disease (PD) is a complicated neurodegenerative disease that is the most prevalent severe movement disorder worldwide. The research includes studying the levels of hydrogen sulphide (H2S) and cystathionine γ-lyase (CSE) with some biochemical parameters in the serum of patients with PD in Mosul City (Iraq), which include Serotonin (SERT), dopamine (DA), sphingomyelin (SM), vitamin B12, Acetylcholine esterase (AChE), monoamine oxidase (MAO), creatine kinase (CK), aspartate aminotransferase (AST), alanine aminotransferase (ALT). Samples reached (100), which included: (40) for the Parkinson's patients group, and (60) for the control group. The results showed there was a significant decrease in the levels of H2S, CSE, SERT, DA, SM, B12 and CK and a significant increase in the activity of MAO, AST, and ALT and no significant difference in AChE activity in serum for Parkinson's patients when compared with the control group. The effect of periods PD revealed, a significant decline of H2S, CSE, SERT, DA, B12, and AChE, while MAO, CK, AST, and ALT showed a significant rise with increased periods of disease, SM showed a non-significant change with periods of disease. The study concluded that H2S gas produced within the body and CSE suffer from low levels within the body, and they also decrease with the increase in the duration of the disease as a result of their use as protective functions in the body against Parkinson's disease. And developing it by observing the levels of the variables measured with it, and stimulating the body to increase their levels (H2S, CSE) in various ways can lead to improving the health condition of patients.","[{'affiliation': '1Department of Chemistry, College of Education for Pure Science, University of Mosul, Iraq.', 'firstname': 'K', 'initials': 'K', 'lastname': 'Al-Taee'}, {'affiliation': '2Department of Chemistry, College of Science, University of Mosul, Iraq.', 'firstname': 'L', 'initials': 'L', 'lastname': 'Al-Helaly'}]",,,,Georgian medical news,,,<Element 'PubmedArticle' at 0x72c65407b510>
39783870,High Selectivity Fluorescence and Electrochemical Dual-Mode Detection of Glutathione in the Serum of Parkinson's Disease Model Mice and Humans.,2025-01-09,,"Parkinson's disease (PD) is a progressive neurodegenerative disorder characterized by the loss of dopaminergic neurons and the accumulation of alpha-synuclein. Glutathione (GSH), a key antioxidant, is significantly depleted in PD patients. This study presents a dual-mode detection strategy for selectively determining GSH using a single probe. A series of ""turn-on"" electrochemical and fluorescent probes were developed, with resorufin (Re) serving as the reporting unit and featuring specific GSH recognition sites. Among these, the 7-(3,5-dinitrophenoxy)-3","[{'affiliation': 'Henan Key Laboratory of Biomolecular Recognition and Sensing, Henan Joint International Research Laboratory of Chemo/Biosensing and Early Diagnosis of Major Diseases, College of Chemistry and Chemical Engineering, Shangqiu Normal University, Shangqiu 476000, China.', 'firstname': 'Hui', 'initials': 'H', 'lastname': 'Dong'}, {'affiliation': 'Henan Key Laboratory of Biomolecular Recognition and Sensing, Henan Joint International Research Laboratory of Chemo/Biosensing and Early Diagnosis of Major Diseases, College of Chemistry and Chemical Engineering, Shangqiu Normal University, Shangqiu 476000, China.\nCollege of Chemistry, Zhengzhou University, Zhengzhou 450001, China.', 'firstname': 'Weitian', 'initials': 'W', 'lastname': 'Chen'}, {'affiliation': 'Henan Key Laboratory of Biomolecular Recognition and Sensing, Henan Joint International Research Laboratory of Chemo/Biosensing and Early Diagnosis of Major Diseases, College of Chemistry and Chemical Engineering, Shangqiu Normal University, Shangqiu 476000, China.\nCollege of Chemistry, Zhengzhou University, Zhengzhou 450001, China.', 'firstname': 'Ke', 'initials': 'K', 'lastname': 'Xu'}, {'affiliation': 'Henan Key Laboratory of Biomolecular Recognition and Sensing, Henan Joint International Research Laboratory of Chemo/Biosensing and Early Diagnosis of Major Diseases, College of Chemistry and Chemical Engineering, Shangqiu Normal University, Shangqiu 476000, China.', 'firstname': 'Linlin', 'initials': 'L', 'lastname': 'Zheng'}, {'affiliation': 'Henan Key Laboratory of Biomolecular Recognition and Sensing, Henan Joint International Research Laboratory of Chemo/Biosensing and Early Diagnosis of Major Diseases, College of Chemistry and Chemical Engineering, Shangqiu Normal University, Shangqiu 476000, China.', 'firstname': 'Bingyu', 'initials': 'B', 'lastname': 'Wei'}, {'affiliation': 'Henan Key Laboratory of Biomolecular Recognition and Sensing, Henan Joint International Research Laboratory of Chemo/Biosensing and Early Diagnosis of Major Diseases, College of Chemistry and Chemical Engineering, Shangqiu Normal University, Shangqiu 476000, China.', 'firstname': 'Ruiyu', 'initials': 'R', 'lastname': 'Liu'}, {'affiliation': 'Henan Key Laboratory of Biomolecular Recognition and Sensing, Henan Joint International Research Laboratory of Chemo/Biosensing and Early Diagnosis of Major Diseases, College of Chemistry and Chemical Engineering, Shangqiu Normal University, Shangqiu 476000, China.', 'firstname': 'Jingru', 'initials': 'J', 'lastname': 'Yang'}, {'affiliation': 'Henan Key Laboratory of Biomolecular Recognition and Sensing, Henan Joint International Research Laboratory of Chemo/Biosensing and Early Diagnosis of Major Diseases, College of Chemistry and Chemical Engineering, Shangqiu Normal University, Shangqiu 476000, China.', 'firstname': 'Tao', 'initials': 'T', 'lastname': 'Wang'}, {'affiliation': 'Henan Key Laboratory of Biomolecular Recognition and Sensing, Henan Joint International Research Laboratory of Chemo/Biosensing and Early Diagnosis of Major Diseases, College of Chemistry and Chemical Engineering, Shangqiu Normal University, Shangqiu 476000, China.', 'firstname': 'Yanli', 'initials': 'Y', 'lastname': 'Zhou'}, {'affiliation': 'Henan Key Laboratory of Biomolecular Recognition and Sensing, Henan Joint International Research Laboratory of Chemo/Biosensing and Early Diagnosis of Major Diseases, College of Chemistry and Chemical Engineering, Shangqiu Normal University, Shangqiu 476000, China.\nCollege of Chemistry, Zhengzhou University, Zhengzhou 450001, China.\nSchool of Chemistry & Materials Engineering, Xinxiang University, Xinxiang 453000, China.', 'firstname': 'Yintang', 'initials': 'Y', 'lastname': 'Zhang'}, {'affiliation': 'Henan Key Laboratory of Biomolecular Recognition and Sensing, Henan Joint International Research Laboratory of Chemo/Biosensing and Early Diagnosis of Major Diseases, College of Chemistry and Chemical Engineering, Shangqiu Normal University, Shangqiu 476000, China.\nCollege of Chemistry, Zhengzhou University, Zhengzhou 450001, China.', 'firstname': 'Maotian', 'initials': 'M', 'lastname': 'Xu'}]",,,10.1021/acs.analchem.4c05627,Analytical chemistry,,,<Element 'PubmedArticle' at 0x72c654082a70>
39255433,Reader Response: Fine Particulate Matter and Parkinson Disease Risk Among Medicare Beneficiaries.,2024-09-10,,,"[{'affiliation': '(Valhalla, NY).', 'firstname': 'Michelle', 'initials': 'M', 'lastname': 'You'}, {'affiliation': '(Valhalla, NY).', 'firstname': 'Lauren', 'initials': 'L', 'lastname': 'Grobois'}, {'affiliation': '(Valhalla, NY).', 'firstname': 'Mill', 'initials': 'M', 'lastname': 'Etienne'}]",,,10.1212/WNL.0000000000209374,Neurology,,,<Element 'PubmedArticle' at 0x72c65408f560>
39255431,Reader Response: Fine Particulate Matter and Parkinson Disease Risk Among Medicare Beneficiaries.,2024-09-10,,,"[{'affiliation': '(St. Louis, MO).', 'firstname': 'Steven R', 'initials': 'SR', 'lastname': 'Brenner'}]",,,10.1212/WNL.0000000000209911,Neurology,,,<Element 'PubmedArticle' at 0x72c6540959e0>
39255430,Author Response: Fine Particulate Matter and Parkinson Disease Risk Among Medicare Beneficiaries.,2024-09-10,,,"[{'affiliation': '(Phoenix, AZ).', 'firstname': 'Brittany', 'initials': 'B', 'lastname': 'Krzyzanowski'}]",,,10.1212/WNL.0000000000209334,Neurology,,,<Element 'PubmedArticle' at 0x72c654097970>
39255428,Editors' Note: Fine Particulate Matter and Parkinson Disease Risk Among Medicare Beneficiaries.,2024-09-10,,,"[{'affiliation': None, 'firstname': 'Ariane', 'initials': 'A', 'lastname': 'Lewis'}, {'affiliation': None, 'firstname': 'Steven L', 'initials': 'SL', 'lastname': 'Galetta'}]",,,10.1212/WNL.0000000000209851,Neurology,,,<Element 'PubmedArticle' at 0x72c6540a5a30>
39255427,Author Response: Fine Particulate Matter and Parkinson Disease Risk Among Medicare Beneficiaries.,2024-09-10,,,"[{'affiliation': '(Phoenix, AZ).', 'firstname': 'Brittany', 'initials': 'B', 'lastname': 'Krzyzanowski'}]",,,10.1212/WNL.0000000000209412,Neurology,,,<Element 'PubmedArticle' at 0x72c6540a7ab0>
"38912395
21626386
12777365
19568887
19716187
21034221
36516478
31770719
35262433
37086879
34042992
31964412
24183105
20708214
19455173
28257128
28343738
19483199
25428630
32609766
29778684
22963366
24076757
27809494
28244744
16961926
21285243
26773394
34388675
15527881
21561831
15804941
35043999
31103844
27614945
19017692
34497091
30978359
31227656
29538344","Traffic-related air pollution, road traffic noise, and Parkinson's disease: Evaluations in two Dutch cohort studies.",2024-06-24,,"Environmental factors such as air pollution have been associated with Parkinson's disease (PD), but findings have been inconsistent. We investigated the association between exposure to several air pollutants, road traffic noise, and PD risk in two Dutch cohorts.
Data from 50,087 participants from two Dutch population-based cohort studies, European Prospective Investigation into Cancer and Nutrition in the Netherlands and Arbeid, Milieu en Gezondheid Onderzoek were analyzed. In these cohorts, 235 PD cases were ascertained based on a previously validated algorithm combining self-reported information (diagnosis, medication, and symptoms) and registry data. We assigned the following traffic-related exposures to residential addresses at baseline: NO
Both single- and two-pollutant models indicated associations between exposure to NO
Our findings suggest that NO","[{'affiliation': 'Institute for Risk Assessment Sciences, Utrecht University, Utrecht, the Netherlands.', 'firstname': 'Jara', 'initials': 'J', 'lastname': 'Lomme'}, {'affiliation': 'Institute for Risk Assessment Sciences, Utrecht University, Utrecht, the Netherlands.', 'firstname': 'Marije', 'initials': 'M', 'lastname': 'Reedijk'}, {'affiliation': 'Institute for Risk Assessment Sciences, Utrecht University, Utrecht, the Netherlands.', 'firstname': 'Susan', 'initials': 'S', 'lastname': 'Peters'}, {'affiliation': 'Institute for Risk Assessment Sciences, Utrecht University, Utrecht, the Netherlands.\nJulius Centre for Health Sciences and Primary Care, University Medical Centre Utrecht, Utrecht, The Netherlands.', 'firstname': 'George S', 'initials': 'GS', 'lastname': 'Downward'}, {'affiliation': 'Institute for Risk Assessment Sciences, Utrecht University, Utrecht, the Netherlands.', 'firstname': 'Magdalini', 'initials': 'M', 'lastname': 'Stefanopoulou'}, {'affiliation': 'Institute for Risk Assessment Sciences, Utrecht University, Utrecht, the Netherlands.\nJulius Centre for Health Sciences and Primary Care, University Medical Centre Utrecht, Utrecht, The Netherlands.', 'firstname': 'Roel', 'initials': 'R', 'lastname': 'Vermeulen'}, {'affiliation': 'Institute for Risk Assessment Sciences, Utrecht University, Utrecht, the Netherlands.', 'firstname': 'Anke', 'initials': 'A', 'lastname': 'Huss'}]",,"Copyright © 2023 The Authors. Published by Wolters Kluwer Health, Inc. on behalf of The Environmental Epidemiology. All rights reserved.",10.1097/EE9.0000000000000272,"Environmental epidemiology (Philadelphia, Pa.)",,Both single- and two-pollutant models indicated associations between exposure to NO,<Element 'PubmedArticle' at 0x72c6540ada30>
38800879,Investigating the role of rotenone on human blood platelets: Molecular insights into abnormal platelet functions in Parkinson's disease.,2024-05-27,"Parkinson's disease, blood platelet, neurotoxin, reactive oxygen species, rotenone","Parkinson's disease (PD) is a predominant neuromotor disorder characterized by the selective death of dopaminergic neurons in the midbrain. The majority of PD cases are sporadic or idiopathic, with environmental toxins and pollutants potentially contributing to its development or exacerbation. However, clinical PD patients are often associated with a reduced stroke frequency, where circulating blood platelets are indispensable. Although platelet structural impairment is evident in PD, the platelet functional alterations and their underlying molecular mechanisms are still obscure. Therefore, we investigated rotenone (ROT), an environmental neurotoxin that selectively destroys dopaminergic neurons mimicking PD, on human blood platelets to explore its impact on platelet functions, thus replicating PD conditions in vitro. Our study deciphered that ROT decreased thrombin-induced platelet functions, including adhesion, activation, secretion, and aggregation in human blood platelets. As ROT is primarily responsible for generating intracellular reactive oxygen species (ROS), and ROS is a key player regulating the platelet functional parameters, we went on to check the effect of ROT on platelet ROS production. In our investigation, it became evident that ROT treatment resulted in the stimulation of ROS production in human blood platelets. Additionally, we discovered that ROT induced ROS production by augmenting Ca","[{'affiliation': 'Department of Zoology, School of Basic Sciences, Central University of Punjab, Bathinda, Punjab, India.', 'firstname': 'Samir Kumar', 'initials': 'SK', 'lastname': 'Beura'}, {'affiliation': 'Department of Zoology, School of Basic Sciences, Central University of Punjab, Bathinda, Punjab, India.', 'firstname': 'Gaurahari', 'initials': 'G', 'lastname': 'Sahoo'}, {'affiliation': 'Department of Zoology, School of Basic Sciences, Central University of Punjab, Bathinda, Punjab, India.', 'firstname': 'Sonika', 'initials': 'S', 'lastname': 'Yadav'}, {'affiliation': 'Department of Zoology, School of Basic Sciences, Central University of Punjab, Bathinda, Punjab, India.', 'firstname': 'Pooja', 'initials': 'P', 'lastname': 'Yadav'}, {'affiliation': 'Department of Zoology, School of Basic Sciences, Central University of Punjab, Bathinda, Punjab, India.', 'firstname': 'Abhishek Ramachandra', 'initials': 'AR', 'lastname': 'Panigrahi'}, {'affiliation': 'Department of Zoology, School of Basic Sciences, Central University of Punjab, Bathinda, Punjab, India.\nDepartment of Biochemistry, School of Basic Sciences, Central University of Punjab, Bathinda, Punjab, India.', 'firstname': 'Sunil Kumar', 'initials': 'SK', 'lastname': 'Singh'}]",,© 2024 Wiley Periodicals LLC.,10.1002/jbt.23747,Journal of biochemical and molecular toxicology,,,<Element 'PubmedArticle' at 0x72c6540c0400>
38685425,Literature review and meta-analysis of environmental toxins associated with increased risk of Parkinson's disease.,2024-04-30,"Case-control studies, Cohort studies, Environmental factors, Geographic distribution, Parkinson's disease","Parkinson's disease (PD) is a neurodegenerative disorder and leading cause of death worldwide, whose pathogenesis has been linked to toxic environmental exposures. We used the Preferred Reporting Items for Systematic Reviews and Meta-Analyses (PRISMA) guidelines (i) to compile, and group by exposure setting (non-specified general; residential; occupational), environmental factors reported to modulate the risk of developing PD and (ii) to map and geospatially analyze global regions of both research activity and paucity. Among the broader environmental settings, occupational exposures had the highest average odds ratio value at 3.82, followed by general (non-specified or mixed) exposures at 3.07, and residential exposures at 2.36. Occupational exposure to industrial toxins was the highest ranked subset of exposures with an odds ratio of 10.74. Among the studies meeting the inclusion criteria, 75 % were conducted in Europe or the Western United States. The number of individuals partaking per study ranged from a high of 55,585 (Taiwan) to a low of 233 (Faroe Islands), with a mean of n = 14,462. The top three environmental factors associated with high odds ratios for increased risk of developing PD were (i) exposure to dyes (25.33), (ii) methylene chloride (16.5) and specifically in adult men (iii) consumption of fatty whale meat (10.57), which is known to harbor a broad spectrum of so called persistent, bioaccumulative, toxic (PBT) pollutants. Geospatially, the highest odds ratio values were identified in European countries, whereas notable data gaps were revealed for South America, Australia, Africa, and the majority of Asia with the exception of Taiwan. Whereas occupational exposures to industrial chemicals, such as harmful dyes and methylene chloride, ranked highest in risk values, available data suggest notable opportunities for reducing PD cases globally by limiting harmful environmental exposures to a spectrum of toxic chemicals, particularly via the food intake route. Thus, current efforts in improving environmental quality globally by limiting toxic emission may deliver the added benefit of helping to reign in PD. Agents of concern in this respect include pesticides (e.g., paraquat, demeton, monocrotophos), particulate matter associated with air pollution, and a spectrum of organic and inorganic neurotoxins including heavy metals.","[{'affiliation': 'Biodesign Center for Environmental Health Engineering, Biodesign Institute, Arizona State University, Building B, 1001 S McAllister Ave, Tempe, AZ 85281-8101, USA; The College of Liberal Arts and Sciences, Arizona State University, Tempe, AZ, USA; Barrett, The Honors College, Arizona State University, Tempe, AZ, USA. Electronic address: aaravin5@asu.edu.', 'firstname': 'Anumitha', 'initials': 'A', 'lastname': 'Aravindan'}, {'affiliation': 'Biodesign Center for Environmental Health Engineering, Biodesign Institute, Arizona State University, Building B, 1001 S McAllister Ave, Tempe, AZ 85281-8101, USA; Ira A. Fulton School for Engineering of Matter, Transport & Energy, Arizona State University, Tempe, AZ 85281, USA. Electronic address: mengstro@asu.edu.', 'firstname': 'Melanie Engstrom', 'initials': 'ME', 'lastname': 'Newell'}, {'affiliation': 'Biodesign Center for Environmental Health Engineering, Biodesign Institute, Arizona State University, Building B, 1001 S McAllister Ave, Tempe, AZ 85281-8101, USA; Ira A. Fulton School for Engineering of Matter, Transport & Energy, Arizona State University, Tempe, AZ 85281, USA; School of Sustainable Engineering and the Built Environment, Arizona State University, Tempe, AZ, USA; OneWaterOneHealth, Arizona State University Foundation, 1001 S. McAllister Avenue, Tempe, AZ 85287-8101, USA; Global Futures Laboratory, Arizona State University, 800 S. Cady Mall, Tempe, AZ 85281, USA. Electronic address: rolf.halden@asu.edu.', 'firstname': 'Rolf U', 'initials': 'RU', 'lastname': 'Halden'}]",,Copyright © 2024 The Authors. Published by Elsevier B.V. All rights reserved.,10.1016/j.scitotenv.2024.172838,The Science of the total environment,,,<Element 'PubmedArticle' at 0x72c6540c9e90>
38679353,Association between increased and decreased gut microbiota abundance and Parkinson's disease: A systematic review and subgroup meta-analysis.,2024-04-29,"Differential abundance, Gut microbiota, Gut microbiota dysbiosis, Meta-analysis, Microbiome composition, Parkinson's disease","The objective of the study was to systematically investigate the association between gut microbiota (GM) abundance and Parkinson's disease (PD).
PubMed, Medline, Cochrane Library and other literature datebase platforms were searched for eligible studies in the English-language from conception to March 1, 2024. Studies evaluating the association between GM and PD were included. The results of the included studies were analyzed using a random effects model with calculation of the mean difference (MD) with the 95 % confidence interval to quantify the incidence of differences in abundance of various bacterial families in PD patients. Continuous models were used to analyze the extracted data.
A total of 14 studies with 1045 PD cases and 821 healthy controls were included for data extraction and meta-analysis. All the included studies exhibited reasonable quality. The included studies reported the data on the ratios of 10 families of GM. Of these 10 microbiota families, Bifidobacteriaceae, Ruminococcaceae, Rikenellaceae, Lactobacillaceae, Verrucomicrobiaceae and Christensenellaceae were found to have increased ratios according to the pooled ratios, while Prevotellaceae, Lachnospiraceae, Erysipelotrichaceae and Faecalibacterium were decreased in PD cases.
Patients in the PD cohort exhibited distinctive microbiota compositions compared to healthy individuals, with unique differential patterns in gut microbiome abundance at the phylum, family, and genus levels that may be associated wtih PD pathogenesis.","[{'affiliation': 'Department of Neurology, Jinqiu Hospital of Liaoning Province, Shenyang 110016, China.', 'firstname': 'Fusheng', 'initials': 'F', 'lastname': 'Bai'}, {'affiliation': 'Department of Neurology, Jinqiu Hospital of Liaoning Province, Shenyang 110016, China.', 'firstname': 'Lin', 'initials': 'L', 'lastname': 'You'}, {'affiliation': 'Department of Neurology, Jinqiu Hospital of Liaoning Province, Shenyang 110016, China.', 'firstname': 'Hongyan', 'initials': 'H', 'lastname': 'Lei'}, {'affiliation': 'Key Lab of Environmental Pollution and Microecology of Liaoning Province, Shenyang Medical College, Shenyang 110034, China. Electronic address: lixinming@symc.edu.cn.', 'firstname': 'Xinming', 'initials': 'X', 'lastname': 'Li'}]","Patients in the PD cohort exhibited distinctive microbiota compositions compared to healthy individuals, with unique differential patterns in gut microbiome abundance at the phylum, family, and genus levels that may be associated wtih PD pathogenesis.",Copyright © 2024 The Authors. Published by Elsevier Inc. All rights reserved.,10.1016/j.exger.2024.112444,Experimental gerontology,,"A total of 14 studies with 1045 PD cases and 821 healthy controls were included for data extraction and meta-analysis. All the included studies exhibited reasonable quality. The included studies reported the data on the ratios of 10 families of GM. Of these 10 microbiota families, Bifidobacteriaceae, Ruminococcaceae, Rikenellaceae, Lactobacillaceae, Verrucomicrobiaceae and Christensenellaceae were found to have increased ratios according to the pooled ratios, while Prevotellaceae, Lachnospiraceae, Erysipelotrichaceae and Faecalibacterium were decreased in PD cases.",<Element 'PubmedArticle' at 0x72c6540d4b30>
38389433,Dry-Cleaning Chemicals and a Cluster of Parkinson's Disease and Cancer: A Retrospective Investigation.,2024-02-23,"Parkinson's disease, disease hotspot, environment, tetrachloroethylene (perchloroethylene), trichloroethylene","Environmental exposure to trichloroethylene (TCE), a carcinogenic dry-cleaning chemical, may be linked to Parkinson's disease (PD).
The objective of this study was to determine whether PD and cancer were elevated among attorneys who worked near a contaminated site.
We surveyed and evaluated attorneys with possible exposure and assessed a comparison group.
Seventy-nine of 82 attorneys (96.3%; mean [SD] age: 69.5 [11.4] years; 89.9% men) completed at least one phase of the study. For comparison, 75 lawyers (64.9 [10.2] years; 65.3% men) underwent clinical evaluations. Four (5.1%) of them who worked near the polluted site reported PD, more than expected based on age and sex (1.7%; P = 0.01) but not significantly higher than the comparison group (n = 1 [1.3%]; P = 0.37). Fifteen (19.0%), compared to four in the comparison group (5.3%; P = 0.049), had a TCE-related cancer.
In a retrospective study, diagnoses of PD and TCE-related cancers appeared to be elevated among attorneys who worked next to a contaminated dry-cleaning site. © 2024 The Authors. Movement Disorders published by Wiley Periodicals LLC on behalf of International Parkinson and Movement Disorder Society.","[{'affiliation': 'Department of Neurology, University of Rochester Medical Center, Rochester, New York, USA.\nCenter for Health & Technology, University of Rochester Medical Center, Rochester, New York, USA.', 'firstname': 'E Ray', 'initials': 'ER', 'lastname': 'Dorsey'}, {'affiliation': 'Department of Neurology, University of Rochester Medical Center, Rochester, New York, USA.\nCenter for Health & Technology, University of Rochester Medical Center, Rochester, New York, USA.', 'firstname': 'Dan', 'initials': 'D', 'lastname': 'Kinel'}, {'affiliation': 'Center for Health & Technology, University of Rochester Medical Center, Rochester, New York, USA.', 'firstname': 'Meghan E', 'initials': 'ME', 'lastname': 'Pawlik'}, {'affiliation': 'Center for Health & Technology, University of Rochester Medical Center, Rochester, New York, USA.\nHarvard T.H. Chan School of Public Health, Boston, Massachusetts, USA.', 'firstname': 'Maryam', 'initials': 'M', 'lastname': 'Zafar'}, {'affiliation': 'Center for Health & Technology, University of Rochester Medical Center, Rochester, New York, USA.', 'firstname': 'Samantha E', 'initials': 'SE', 'lastname': 'Lettenberger'}, {'affiliation': 'Donald and Barbara Zucker School of Medicine, Uniondale, New York, USA.', 'firstname': 'Madeleine', 'initials': 'M', 'lastname': 'Coffey'}, {'affiliation': 'Department of Neurology, University of Rochester Medical Center, Rochester, New York, USA.\nCenter for Health & Technology, University of Rochester Medical Center, Rochester, New York, USA.', 'firstname': 'Peggy', 'initials': 'P', 'lastname': 'Auinger'}, {'affiliation': 'Kevin Hylton Environmental Services, Inc., Rochester, New York, USA.', 'firstname': 'Kevin L', 'initials': 'KL', 'lastname': 'Hylton'}, {'affiliation': 'Wilmot Cancer Institute, University of Rochester Medical Center, Rochester, New York, USA.', 'firstname': 'Carol W', 'initials': 'CW', 'lastname': 'Shaw'}, {'affiliation': 'Department of Neurology, University of Rochester Medical Center, Rochester, New York, USA.\nCenter for Health & Technology, University of Rochester Medical Center, Rochester, New York, USA.', 'firstname': 'Jamie L', 'initials': 'JL', 'lastname': 'Adams'}, {'affiliation': 'Department of Neurology, University of Rochester Medical Center, Rochester, New York, USA.', 'firstname': 'Richard', 'initials': 'R', 'lastname': 'Barbano'}, {'affiliation': 'Department of Neurology, University of Rochester Medical Center, Rochester, New York, USA.', 'firstname': 'Melanie K', 'initials': 'MK', 'lastname': 'Braun'}, {'affiliation': 'Department of Neurology, University of Rochester Medical Center, Rochester, New York, USA.', 'firstname': 'Heidi B', 'initials': 'HB', 'lastname': 'Schwarz'}, {'affiliation': 'Department of Environmental Medicine, University of Rochester Medical Center, Rochester, New York, USA.', 'firstname': 'B Paige', 'initials': 'BP', 'lastname': 'Lawrence'}, {'affiliation': 'Department of Neurology, University of Rochester Medical Center, Rochester, New York, USA.\nCenter for Health & Technology, University of Rochester Medical Center, Rochester, New York, USA.', 'firstname': 'Karl', 'initials': 'K', 'lastname': 'Kieburtz'}, {'affiliation': 'Department of Neurology, UCSF Health, San Francisco, California, USA.', 'firstname': 'Caroline M', 'initials': 'CM', 'lastname': 'Tanner'}, {'affiliation': 'Department of Neurology, University of Alabama at Birmingham, Birmingham, Alabama, USA.', 'firstname': 'Briana R', 'initials': 'BR', 'lastname': 'de Miranda'}, {'affiliation': 'Division of Occupational, Environmental, and Climate Medicine, University of California San Francisco, San Francisco, California, USA.', 'firstname': 'Samuel M', 'initials': 'SM', 'lastname': 'Goldman'}]",,© 2024 The Authors. Movement Disorders published by Wiley Periodicals LLC on behalf of International Parkinson and Movement Disorder Society.,10.1002/mds.29723,Movement disorders : official journal of the Movement Disorder Society,,"Seventy-nine of 82 attorneys (96.3%; mean [SD] age: 69.5 [11.4] years; 89.9% men) completed at least one phase of the study. For comparison, 75 lawyers (64.9 [10.2] years; 65.3% men) underwent clinical evaluations. Four (5.1%) of them who worked near the polluted site reported PD, more than expected based on age and sex (1.7%; P = 0.01) but not significantly higher than the comparison group (n = 1 [1.3%]; P = 0.37). Fifteen (19.0%), compared to four in the comparison group (5.3%; P = 0.049), had a TCE-related cancer.",<Element 'PubmedArticle' at 0x72c6540d7830>
38150953,Corrigendum to 'Long-term exposure to low-level particulate air pollution and Parkinson's disease diagnosis - A Finnish register-based study' [Environ. Res. 229 (2023) 1-13/115944].,2023-12-28,,,"[{'affiliation': 'School of Pharmacy, University of Eastern Finland, P.O. Box 1627, 70211, Kuopio, Finland; Department of Health Security, Finnish Institute for Health and Welfare, P.O. Box 95, 70701, Kuopio, Finland. Electronic address: Isabell.Rumrich@uef.fi.', 'firstname': 'Isabell Katharina', 'initials': 'IK', 'lastname': 'Rumrich'}, {'affiliation': 'Department of Health Security, Finnish Institute for Health and Welfare, P.O. Box 95, 70701, Kuopio, Finland.', 'firstname': 'Antti', 'initials': 'A', 'lastname': 'Korhonen'}, {'affiliation': 'Department of Environmental Science, Aarhus University, Frederiksborgvej, 399, 4000, Roskilde, Denmark.', 'firstname': 'Lise Marie', 'initials': 'LM', 'lastname': 'Frohn'}, {'affiliation': 'Department of Environmental Science, Aarhus University, Frederiksborgvej, 399, 4000, Roskilde, Denmark.', 'firstname': 'Camilla', 'initials': 'C', 'lastname': 'Geels'}, {'affiliation': 'Department of Environmental Science, Aarhus University, Frederiksborgvej, 399, 4000, Roskilde, Denmark.', 'firstname': 'Jørgen', 'initials': 'J', 'lastname': 'Brandt'}, {'affiliation': 'School of Pharmacy, University of Eastern Finland, P.O. Box 1627, 70211, Kuopio, Finland.', 'firstname': 'Sirpa', 'initials': 'S', 'lastname': 'Hartikainen'}, {'affiliation': 'Department of Health Security, Finnish Institute for Health and Welfare, P.O. Box 95, 70701, Kuopio, Finland.', 'firstname': 'Otto', 'initials': 'O', 'lastname': 'Hänninen'}, {'affiliation': 'School of Pharmacy, University of Eastern Finland, P.O. Box 1627, 70211, Kuopio, Finland.', 'firstname': 'Anna-Maija', 'initials': 'AM', 'lastname': 'Tolppanen'}]",,,10.1016/j.envres.2023.118008,Environmental research,,,<Element 'PubmedArticle' at 0x72c6540ebdd0>
"37976362
29653694
31254888
30861380
30503422
31789171
23013745
35963861
35367073
23203475
23314933
17107855
35089039
15283589
6205278
32581380
25673096
30565853
28931491
30584159
33515275
34982538
29988049
35095403
33641009
26612754
24876496
34264058
34973311
31255487
32948094
30821961
16581836
33945282
22892036
16740485
21816279
34424243
30312546
27424880
20200163
15333840
12719433
12438441
28576704
27653697
2333155
23161999
35302003
33927363
32172100
37110989
34719434
31704179
20175211
25650897
17598144
27238021
23124097",Anionic nanoplastic contaminants promote Parkinson's disease-associated α-synuclein aggregation.,2023-11-17,,"Recent studies have identified increasing levels of nanoplastic pollution in the environment. Here, we find that anionic nanoplastic contaminants potently precipitate the formation and propagation of α-synuclein protein fibrils through a high-affinity interaction with the amphipathic and non-amyloid component (NAC) domains in α-synuclein. Nanoplastics can internalize in neurons through clathrin-dependent endocytosis, causing a mild lysosomal impairment that slows the degradation of aggregated α-synuclein. In mice, nanoplastics combine with α-synuclein fibrils to exacerbate the spread of α-synuclein pathology across interconnected vulnerable brain regions, including the strong induction of α-synuclein inclusions in dopaminergic neurons in the substantia nigra. These results highlight a potential link for further exploration between nanoplastic pollution and α-synuclein aggregation associated with Parkinson's disease and related dementias.","[{'affiliation': 'Duke Center for Neurodegeneration and Neurotheraputics, Duke University, Durham, NC, USA.', 'firstname': 'Zhiyong', 'initials': 'Z', 'lastname': 'Liu'}, {'affiliation': 'Duke Center for Neurodegeneration and Neurotheraputics, Duke University, Durham, NC, USA.', 'firstname': 'Arpine', 'initials': 'A', 'lastname': 'Sokratian'}, {'affiliation': 'Department of Chemistry, Duke University, Durham, NC, USA.', 'firstname': 'Addison M', 'initials': 'AM', 'lastname': 'Duda'}, {'affiliation': 'Duke Center for Neurodegeneration and Neurotheraputics, Duke University, Durham, NC, USA.', 'firstname': 'Enquan', 'initials': 'E', 'lastname': 'Xu'}, {'affiliation': 'Duke Center for Neurodegeneration and Neurotheraputics, Duke University, Durham, NC, USA.', 'firstname': 'Christina', 'initials': 'C', 'lastname': 'Stanhope'}, {'affiliation': 'Duke Center for Neurodegeneration and Neurotheraputics, Duke University, Durham, NC, USA.', 'firstname': 'Amber', 'initials': 'A', 'lastname': 'Fu'}, {'affiliation': 'Duke Center for Neurodegeneration and Neurotheraputics, Duke University, Durham, NC, USA.', 'firstname': 'Samuel', 'initials': 'S', 'lastname': 'Strader'}, {'affiliation': 'Duke Center for Neurodegeneration and Neurotheraputics, Duke University, Durham, NC, USA.', 'firstname': 'Huizhong', 'initials': 'H', 'lastname': 'Li'}, {'affiliation': 'Duke Center for Neurodegeneration and Neurotheraputics, Duke University, Durham, NC, USA.', 'firstname': 'Yuan', 'initials': 'Y', 'lastname': 'Yuan'}, {'affiliation': 'Department of Chemistry, Duke University, Durham, NC, USA.', 'firstname': 'Benjamin G', 'initials': 'BG', 'lastname': 'Bobay'}, {'affiliation': 'Department of Civil and Environmental Engineering, Duke University, Durham, NC, USA.', 'firstname': 'Joana', 'initials': 'J', 'lastname': 'Sipe'}, {'affiliation': 'Duke Center for Neurodegeneration and Neurotheraputics, Duke University, Durham, NC, USA.', 'firstname': 'Ketty', 'initials': 'K', 'lastname': 'Bai'}, {'affiliation': 'Department of Experimental Medical Science, Lund University, Lund, Sweden.\nWallenberg Center for Molecular Medicine, Lund University, Lund, Sweden.', 'firstname': 'Iben', 'initials': 'I', 'lastname': 'Lundgaard'}, {'affiliation': 'Department of Experimental Medical Science, Lund University, Lund, Sweden.\nWallenberg Center for Molecular Medicine, Lund University, Lund, Sweden.', 'firstname': 'Na', 'initials': 'N', 'lastname': 'Liu'}, {'affiliation': 'Department of Ophthalmology and Cell Biology, Duke University, Durham, NC, USA.', 'firstname': 'Belinda', 'initials': 'B', 'lastname': 'Hernandez'}, {'affiliation': 'Department of Ophthalmology and Cell Biology, Duke University, Durham, NC, USA.', 'firstname': 'Catherine', 'initials': 'C', 'lastname': 'Bowes Rickman'}, {'affiliation': 'Department of Pathology, Duke University, Durham, NC, USA.', 'firstname': 'Sara E', 'initials': 'SE', 'lastname': 'Miller'}, {'affiliation': ""Duke Center for Neurodegeneration and Neurotheraputics, Duke University, Durham, NC, USA.\nAligning Science Across Parkinson's (ASAP) Collaborative Research Network, Chevy Chase, MD, USA."", 'firstname': 'Andrew B', 'initials': 'AB', 'lastname': 'West'}]",,,10.1126/sciadv.adi8716,Science advances,,,<Element 'PubmedArticle' at 0x72c6540fa4d0>
"37905313
33848468
28954481
33205381
34210995
29131880
29307212
35533707
34210585
18203818
24293462
26238643
25024356
19468016
32498942
33091388
33823232
25949636
33578928
31640678
15834854
21920621
29255414
22981845
15527881
21864400
21561831
16603924
20541596
25951420
25949636
21920621
24518548
30028073
25771171
24789470",Association between PM2.5 exposure and risk of Parkinson's disease in individuals with chronic obstructive pulmonary disease in Taiwan: a nested case-control study.,2023-10-31,"Chronic obstructive pulmonary disease, Nested case-control studies, Parkinson’s disease, Particulate matter","This cohort study investigated the correlation between Parkinson's disease (PD) risk and chronic obstructive pulmonary disease (COPD) risk under particulate matter with an aerodynamic diameter ≤2.5 μm (PM2.5) exposure.
Data from the National Health Research Institutes of Taiwan were used in this study. The Environmental Protection Administration of Taiwan established an air quality monitoring network for monitoring Taiwan's general air quality. COPD was indicated by at least 3 outpatient records and 1 hospitalization for COPD. After the implementation of age, sex, and endpoint matching at a 1:4 ratio, 137 patients and 548 patients were included in the case group and control group, respectively. Based on the 2005 World Health Organization (WHO) standards, monthly air particle concentration data were classified into the following 4 groups in analyses of exposure-response relationships: normal level, and 1.0, 1.5, and 2.0 times the WHO level ([concentration ≥2]×25 μg/m3×number of exposure months).
A multivariate logistic regression revealed that the 1.0 and 1.5 WHO level groups did not significantly differ from the normal level group, but the 2.0 WHO level did (odds ratio, 4.091; 95% confidence interval, 1.180 to 14.188; p=0.038).
Elevated PM2.5 concentrations were significantly correlated with an increased risk of PD among patients with COPD. Furthermore, exposure to high PM2.5 levels can further increase the risk of PD.","[{'affiliation': ""Department of Medical Research, Tungs' Taichung MetroHarbor Hospital, Taichung, Taiwan.\nDepartment of Pharmacology, Chung Shan Medical University School of Medicine, Taichung, Taiwan."", 'firstname': 'Ci-Wen', 'initials': 'CW', 'lastname': 'Luo'}, {'affiliation': 'Department of Pharmacology, Chung Shan Medical University School of Medicine, Taichung, Taiwan.\nDepartment of Pharmacy, Chung Shan Medical University Hospital, Taichung, Taiwan.', 'firstname': 'Yu-Hsiang', 'initials': 'YH', 'lastname': 'Kuan'}, {'affiliation': 'Department of Veterinary Medicine, National Chung Hsing University, Taichung, Taiwan.', 'firstname': 'Wen-Ying', 'initials': 'WY', 'lastname': 'Chen'}, {'affiliation': 'Department of Education and Research, Taichung Veterans General Hospital, Taichung, Taiwan.', 'firstname': 'Chun-Jung', 'initials': 'CJ', 'lastname': 'Chen'}, {'affiliation': 'Department of Thoracic Surgery, Chung Shan Medical University Hospital, Taichung, Taiwan.\nSchool of Medicine, Chung Shan Medical University, Taichung, Taiwan.', 'firstname': 'Frank Cheau-Feng', 'initials': 'FC', 'lastname': 'Lin'}, {'affiliation': ""Superintendent Office, Tungs' Taichung MetroHarbor Hospital, Taichung, Taiwan.\nDepartment of Post-Baccalaureate Medicine, National Chung Hsing University College of Medicine, Taichung, Taiwan."", 'firstname': 'Stella Chin-Shaw', 'initials': 'SC', 'lastname': 'Tsai'}]",,,10.4178/epih.e2023094,Epidemiology and health,,"A multivariate logistic regression revealed that the 1.0 and 1.5 WHO level groups did not significantly differ from the normal level group, but the 2.0 WHO level did (odds ratio, 4.091; 95% confidence interval, 1.180 to 14.188; p=0.038).",<Element 'PubmedArticle' at 0x72c65411bb50>
37903643,Air Pollution and Parkinson Disease: Increasing Our Risk Each Breath We Take?,2023-10-31,,,"[{'affiliation': 'From the Radboud University Medical Center (S.K.L.D.), Nijmegen, the Netherlands; Ohio State University Medical Center (J.F.B.), Columbus; and Institute for Risk Assessment Sciences (S.P.), Utrecht University, the Netherlands. sirwan.darweesh@radboudumc.nl.', 'firstname': 'Sirwan K L', 'initials': 'SKL', 'lastname': 'Darweesh'}, {'affiliation': 'From the Radboud University Medical Center (S.K.L.D.), Nijmegen, the Netherlands; Ohio State University Medical Center (J.F.B.), Columbus; and Institute for Risk Assessment Sciences (S.P.), Utrecht University, the Netherlands.', 'firstname': 'James F', 'initials': 'JF', 'lastname': 'Burke'}, {'affiliation': 'From the Radboud University Medical Center (S.K.L.D.), Nijmegen, the Netherlands; Ohio State University Medical Center (J.F.B.), Columbus; and Institute for Risk Assessment Sciences (S.P.), Utrecht University, the Netherlands.', 'firstname': 'Susan', 'initials': 'S', 'lastname': 'Peters'}]",,,10.1212/WNL.0000000000207972,Neurology,,,<Element 'PubmedArticle' at 0x72c65413b470>
37890324,A novel coumarin-fluorescein-based fluorescent probe for ultrafast and visual detection of H,2023-10-28,"Bioimaging, Coumarin-fluorescein-based, Hydrogen sulfide probes, Parkinson's disease",Hydrogen sulfide (H,"[{'affiliation': 'Key Laboratory of Flexible Electronics (KLOFE), Institute of Advanced Materials (IAM) & School of Flexible Electronics (Future Technologies), Nanjing Tech University (Nanjing Tech), Nanjing 211800, PR China.', 'firstname': 'Qian', 'initials': 'Q', 'lastname': 'Shen'}, {'affiliation': 'Key Laboratory of Flexible Electronics (KLOFE), Institute of Advanced Materials (IAM) & School of Flexible Electronics (Future Technologies), Nanjing Tech University (Nanjing Tech), Nanjing 211800, PR China.', 'firstname': 'Zhongxi', 'initials': 'Z', 'lastname': 'Huang'}, {'affiliation': 'The Institute of Flexible Electronics (IFE, Future Technologies), Xiamen University, Xiamen 361005, PR China.', 'firstname': 'Duoteng', 'initials': 'D', 'lastname': 'Zhang'}, {'affiliation': 'Key Laboratory of Flexible Electronics (KLOFE), Institute of Advanced Materials (IAM) & School of Flexible Electronics (Future Technologies), Nanjing Tech University (Nanjing Tech), Nanjing 211800, PR China.', 'firstname': 'Xingwei', 'initials': 'X', 'lastname': 'Chen'}, {'affiliation': 'Key Laboratory of Flexible Electronics (KLOFE), Institute of Advanced Materials (IAM) & School of Flexible Electronics (Future Technologies), Nanjing Tech University (Nanjing Tech), Nanjing 211800, PR China.', 'firstname': 'Fangning', 'initials': 'F', 'lastname': 'Du'}, {'affiliation': 'Key Laboratory of Flexible Electronics (KLOFE), Institute of Advanced Materials (IAM) & School of Flexible Electronics (Future Technologies), Nanjing Tech University (Nanjing Tech), Nanjing 211800, PR China.', 'firstname': 'Zhiqiang', 'initials': 'Z', 'lastname': 'Zhou'}, {'affiliation': 'Key Laboratory of Flexible Electronics (KLOFE), Institute of Advanced Materials (IAM) & School of Flexible Electronics (Future Technologies), Nanjing Tech University (Nanjing Tech), Nanjing 211800, PR China.', 'firstname': 'Chan', 'initials': 'C', 'lastname': 'Fu'}, {'affiliation': 'The Institute of Flexible Electronics (IFE, Future Technologies), Xiamen University, Xiamen 361005, PR China.', 'firstname': 'Lin', 'initials': 'L', 'lastname': 'Li'}, {'affiliation': 'Key Laboratory of Flexible Electronics (KLOFE), Institute of Advanced Materials (IAM) & School of Flexible Electronics (Future Technologies), Nanjing Tech University (Nanjing Tech), Nanjing 211800, PR China. Electronic address: iamndyang@njtech.edu.cn.', 'firstname': 'Naidi', 'initials': 'N', 'lastname': 'Yang'}, {'affiliation': 'Key Laboratory of Flexible Electronics (KLOFE), Institute of Advanced Materials (IAM) & School of Flexible Electronics (Future Technologies), Nanjing Tech University (Nanjing Tech), Nanjing 211800, PR China. Electronic address: iamcmyu@njtech.edu.cn.', 'firstname': 'Changmin', 'initials': 'C', 'lastname': 'Yu'}]",,Copyright © 2023 Elsevier B.V. All rights reserved.,10.1016/j.saa.2023.123567,"Spectrochimica acta. Part A, Molecular and biomolecular spectroscopy",,,<Element 'PubmedArticle' at 0x72c654141b70>
"37886561
29653694
31254888
30861380
30503422
31789171
23013745
35963861
35367073
23203475
23314933
17107855
35089039
15283589
6205278
32581380
25673096
30565853
28931491
30584159
33515275
34982538
29988049
35095403
33641009
26612754
24876496
34264058
34973311
31255487
32948094
30821961
16581836
33945282
22892036
16740485
21816279
34424243
30312546
27424880
20200163
15333840
12719433
12438441
28576704
27653697
2333155
23161999
35302003
33927363
32172100
37110989
34719434
31704179
20175211
25650897
17598144
27238021
23124097",Anionic Nanoplastic Contaminants Promote Parkinson's Disease-Associated α-Synuclein Aggregation.,2023-10-27,"microplastics, neurodegeneration, protein aggregation","Recent studies have identified increasing levels of nanoplastic pollution in the environment. Here we find that anionic nanoplastic contaminants potently precipitate the formation and propagation of α-synuclein protein fibrils through a high-affinity interaction with the amphipathic and non-amyloid component (NAC) domains in α-synuclein. Nanoplastics can internalize in neurons through clathrin-dependent endocytosis, causing a mild lysosomal impairment that slows the degradation of aggregated α-synuclein. In mice, nanoplastics combine with α-synuclein fibrils to exacerbate the spread of α-synuclein pathology across interconnected vulnerable brain regions, including the strong induction of α-synuclein inclusions in dopaminergic neurons in the substantia nigra. These results highlight a potential link for further exploration between nanoplastic pollution and α-synuclein aggregation associated with Parkinson's disease and related dementias.","[{'affiliation': 'Duke Center for Neurodegeneration and Neurotheraputics, Duke University, Durham, NC, USA.', 'firstname': 'Zhiyong', 'initials': 'Z', 'lastname': 'Liu'}, {'affiliation': 'Duke Center for Neurodegeneration and Neurotheraputics, Duke University, Durham, NC, USA.', 'firstname': 'Arpine', 'initials': 'A', 'lastname': 'Sokratian'}, {'affiliation': 'Department of Chemistry, Duke University, Durham, NC, USA.', 'firstname': 'Addison M', 'initials': 'AM', 'lastname': 'Duda'}, {'affiliation': 'Duke Center for Neurodegeneration and Neurotheraputics, Duke University, Durham, NC, USA.', 'firstname': 'Enquan', 'initials': 'E', 'lastname': 'Xu'}, {'affiliation': 'Duke Center for Neurodegeneration and Neurotheraputics, Duke University, Durham, NC, USA.', 'firstname': 'Christina', 'initials': 'C', 'lastname': 'Stanhope'}, {'affiliation': 'Duke Center for Neurodegeneration and Neurotheraputics, Duke University, Durham, NC, USA.', 'firstname': 'Amber', 'initials': 'A', 'lastname': 'Fu'}, {'affiliation': 'Duke Center for Neurodegeneration and Neurotheraputics, Duke University, Durham, NC, USA.', 'firstname': 'Samuel', 'initials': 'S', 'lastname': 'Strader'}, {'affiliation': 'Duke Center for Neurodegeneration and Neurotheraputics, Duke University, Durham, NC, USA.', 'firstname': 'Huizhong', 'initials': 'H', 'lastname': 'Li'}, {'affiliation': 'Duke Center for Neurodegeneration and Neurotheraputics, Duke University, Durham, NC, USA.', 'firstname': 'Yuan', 'initials': 'Y', 'lastname': 'Yuan'}, {'affiliation': 'Department of Chemistry, Duke University, Durham, NC, USA.', 'firstname': 'Benjamin G', 'initials': 'BG', 'lastname': 'Bobay'}, {'affiliation': 'Department of Civil and Environmental Engineering, Duke University, Durham, NC, USA.', 'firstname': 'Joana', 'initials': 'J', 'lastname': 'Sipe'}, {'affiliation': 'Duke Center for Neurodegeneration and Neurotheraputics, Duke University, Durham, NC, USA.', 'firstname': 'Ketty', 'initials': 'K', 'lastname': 'Bai'}, {'affiliation': 'Department of Experimental Medical Science, Lund University, Lund, Sweden.\nWallenberg Center for Molecular Medicine, Lund University, Lund, Sweden.', 'firstname': 'Iben', 'initials': 'I', 'lastname': 'Lundgaard'}, {'affiliation': 'Department of Experimental Medical Science, Lund University, Lund, Sweden.\nWallenberg Center for Molecular Medicine, Lund University, Lund, Sweden.', 'firstname': 'Na', 'initials': 'N', 'lastname': 'Liu'}, {'affiliation': 'Department of Ophthalmology and Cell Biology, Duke University, Durham, NC, USA.', 'firstname': 'Belinda', 'initials': 'B', 'lastname': 'Hernandez'}, {'affiliation': 'Department of Ophthalmology and Cell Biology, Duke University, Durham, NC, USA.', 'firstname': 'Catherine Bowes', 'initials': 'CB', 'lastname': 'Rickman'}, {'affiliation': 'Department of Pathology, Duke University, Durham, North Carolina, USA.', 'firstname': 'Sara E', 'initials': 'SE', 'lastname': 'Miller'}, {'affiliation': ""Duke Center for Neurodegeneration and Neurotheraputics, Duke University, Durham, NC, USA.\nAligning Science Across Parkinson's (ASAP) Collaborative Research Network, Chevy Chase, MD."", 'firstname': 'Andrew B', 'initials': 'AB', 'lastname': 'West'}]",,,"10.21203/rs.3.rs-3439102/v1
10.3791/62870
10.3390/nano13081404",Research square,,,<Element 'PubmedArticle' at 0x72c65414dad0>
37086879,Long-term exposure to low-level particulate air pollution and Parkinson's disease diagnosis - A Finnish register-based study.,2023-04-23,"Air pollution, Long-term exposure, Parkinson's disease, Particle component, Particulate matter, Register-based epidemiology","There is mixed evidence for an association between particulate matter air pollution and Parkinson's disease despite biological plausibility.
We studied the association between particulate air pollution, its components and Parkinson's disease (PD) risk.
We conducted a nested case-control study within the population of Finland using national registers. A total of 22,189 incident PD cases diagnosed between 1996 and 2015 were matched by age, sex and region with up to seven controls (n = 148,009) per case. Time weighted average air pollution exposure to particulate matter and its components was modelled at the residential addresses, accounting for move history, for the 16 years preceding diagnosis. Conditional logistic regression analysis was used to evaluate the association between air pollution and PD. Different exposure periods (6-16 years, 11-16 years, 5-10 years, 0-5 years) before the index date (date of PD diagnosis) were applied.
Time-weighted average exposures were relatively low at 12.1 ± 6.5 μg/m
Low-level particulate matter air pollution was not associated with increased risk of incident PD in this Finnish nationwide population. The observed weak inverse associations with specific particle components should be investigated further.","[{'affiliation': 'School of Pharmacy, University of Eastern Finland, P.O. Box 1627, 70211, Kuopio, Finland; Department of Health Security, Finnish Institute for Health and Welfare, P.O. Box 95, 70701, Kuopio, Finland. Electronic address: isabell.rumrich@uef.fi.', 'firstname': 'Isabell Katharina', 'initials': 'IK', 'lastname': 'Rumrich'}, {'affiliation': 'School of Pharmacy, University of Eastern Finland, P.O. Box 1627, 70211, Kuopio, Finland. Electronic address: julian.lin@uef.fi.', 'firstname': 'Julian', 'initials': 'J', 'lastname': 'Lin'}, {'affiliation': 'Department of Health Security, Finnish Institute for Health and Welfare, P.O. Box 95, 70701, Kuopio, Finland. Electronic address: antti.korhonen@thl.fi.', 'firstname': 'Antti', 'initials': 'A', 'lastname': 'Korhonen'}, {'affiliation': 'Department of Environmental Science, Aarhus University, Frederiksborgvej 399, 4000, Roskilde, Denmark. Electronic address: lmf@envs.au.dk.', 'firstname': 'Lise Marie', 'initials': 'LM', 'lastname': 'Frohn'}, {'affiliation': 'Department of Environmental Science, Aarhus University, Frederiksborgvej 399, 4000, Roskilde, Denmark. Electronic address: cag@envs.au.dk.', 'firstname': 'Camilla', 'initials': 'C', 'lastname': 'Geels'}, {'affiliation': 'Department of Environmental Science, Aarhus University, Frederiksborgvej 399, 4000, Roskilde, Denmark. Electronic address: jbr@envs.au.dk.', 'firstname': 'Jørgen', 'initials': 'J', 'lastname': 'Brandt'}, {'affiliation': 'School of Pharmacy, University of Eastern Finland, P.O. Box 1627, 70211, Kuopio, Finland. Electronic address: sirpa.hartikainen@uef.fi.', 'firstname': 'Sirpa', 'initials': 'S', 'lastname': 'Hartikainen'}, {'affiliation': 'Department of Health Security, Finnish Institute for Health and Welfare, P.O. Box 95, 70701, Kuopio, Finland. Electronic address: otto.hanninen@thl.fi.', 'firstname': 'Otto', 'initials': 'O', 'lastname': 'Hänninen'}, {'affiliation': 'School of Pharmacy, University of Eastern Finland, P.O. Box 1627, 70211, Kuopio, Finland. Electronic address: anna-maija.tolppanen@uef.fi.', 'firstname': 'Anna-Maija', 'initials': 'AM', 'lastname': 'Tolppanen'}]",,Copyright © 2023 The Authors. Published by Elsevier Inc. All rights reserved.,10.1016/j.envres.2023.115944,Environmental research,,Time-weighted average exposures were relatively low at 12.1 ± 6.5 μg/m,<Element 'PubmedArticle' at 0x72c63b71d120>
37080524,"Tire components, age and temperature accelerate neurodegeneration in C. elegans models of Alzheimer's and Parkinson's disease.",2023-04-21,"Air pollution, Amyloid disease, Dopaminergic neurons, Nanoparticles, Non-exhaust emissions, Tire wear","Increasingly, traffic-related air pollution is linked with Alzheimer's disease, Parkinson's disease and other neurodegenerative conditions. The molecular pathways underlying the epidemiologic observations are unknown. In this study, models of neurodegenerative disorders in the nematode Caenorhabditis elegans were used to investigate effects of the tire wear component nano silica. Life span-resolved exposition of reporter strain GRU102 that expresses the Alzheimer's peptide amyloid beta","[{'affiliation': ""IUF - Leibniz Research Institute of Environmental Medicine GmbH, Auf'm Hennekamp 50, 40225, Duesseldorf, Germany."", 'firstname': 'Annette', 'initials': 'A', 'lastname': 'Limke'}, {'affiliation': ""IUF - Leibniz Research Institute of Environmental Medicine GmbH, Auf'm Hennekamp 50, 40225, Duesseldorf, Germany."", 'firstname': 'Inge', 'initials': 'I', 'lastname': 'Scharpf'}, {'affiliation': ""IUF - Leibniz Research Institute of Environmental Medicine GmbH, Auf'm Hennekamp 50, 40225, Duesseldorf, Germany."", 'firstname': 'Fabienne', 'initials': 'F', 'lastname': 'Blesing'}, {'affiliation': ""IUF - Leibniz Research Institute of Environmental Medicine GmbH, Auf'm Hennekamp 50, 40225, Duesseldorf, Germany. Electronic address: mikecz@tec-source.de."", 'firstname': 'Anna', 'initials': 'A', 'lastname': 'von Mikecz'}]",,Copyright © 2023 The Authors. Published by Elsevier Ltd.. All rights reserved.,10.1016/j.envpol.2023.121660,"Environmental pollution (Barking, Essex : 1987)",,,<Element 'PubmedArticle' at 0x72c63b725760>
"36767621
30584159
28523556
28417442
30941085
24252804
35118638
30606679
30577116
25978701
30391837
31964412
30124852
28809934
27285422
26739246
28886605
25294559
31103844
27640071
26151951
27614945
28300224
33476876
30691095
22389202
29729297
30672512
28033496
28856442
26824434
18941587
22772304
23939255
24027094
22003319
33887274
34385046
25951420
33999109
26381684
16567753
26171819",Contribution of Solar Radiation and Pollution to Parkinson's Disease.,2023-02-12,"Parkinson’s disease, adaptation, case-control study, immigrants, pollution, solar radiation",,"[{'affiliation': 'Environmental Epidemiology Division, Israel Ministry of Health, Jerusalem 9446724, Israel.\nNegev Environmental Health Research Institute, Soroka University Medical Center, Beer-Sheva P.O. Box 651, Israel.\nFaculty of Health Sciences, Ben-Gurion University of the Negev, Beer-Sheva P.O. Box 653, Israel.', 'firstname': 'Isabella', 'initials': 'I', 'lastname': 'Karakis'}, {'affiliation': 'Negev Environmental Health Research Institute, Soroka University Medical Center, Beer-Sheva P.O. Box 651, Israel.\nFaculty of Health Sciences, Ben-Gurion University of the Negev, Beer-Sheva P.O. Box 653, Israel.', 'firstname': 'Shaked', 'initials': 'S', 'lastname': 'Yarza'}, {'affiliation': 'Neurology Department, Soroka University Medical Center, Beer-Sheva P.O. Box 651, Israel.', 'firstname': 'Yair', 'initials': 'Y', 'lastname': 'Zlotnik'}, {'affiliation': 'Neurology Department, Soroka University Medical Center, Beer-Sheva P.O. Box 651, Israel.', 'firstname': 'Gal', 'initials': 'G', 'lastname': 'Ifergane'}, {'affiliation': 'Negev Environmental Health Research Institute, Soroka University Medical Center, Beer-Sheva P.O. Box 651, Israel.\nDepartment of Geography and Environmental Development, Faculty of Humanities and Social Sciences, Ben-Gurion University of the Negev, Beer-Sheva P.O. Box 653, Israel.', 'firstname': 'Itai', 'initials': 'I', 'lastname': 'Kloog'}, {'affiliation': 'Negev Environmental Health Research Institute, Soroka University Medical Center, Beer-Sheva P.O. Box 651, Israel.\nSoroka Clinical Research Center, Soroka University Medical Center, Beer-Sheva P.O. Box 651, Israel.', 'firstname': 'Kineret', 'initials': 'K', 'lastname': 'Grant-Sasson'}, {'affiliation': 'Negev Environmental Health Research Institute, Soroka University Medical Center, Beer-Sheva P.O. Box 651, Israel.\nFaculty of Health Sciences, Ben-Gurion University of the Negev, Beer-Sheva P.O. Box 653, Israel.', 'firstname': 'Lena', 'initials': 'L', 'lastname': 'Novack'}]",,,"10.3390/ijerph20032254
10.3233/JPD-181474
10.1007/s40572-017-0143-2
10.3389/fneur.2019.00218
10.3233/JPD-130230
10.5603/PJNNS.a2022.0014
10.1016/j.ijheh.2018.12.006
10.1016/j.scitotenv.2018.11.218
10.1289/ehp.1408973
10.1016/j.envres.2018.10.008
10.1186/s12940-020-0565-4
10.1093/ije/dyy172
10.1371/journal.pone.0182834
10.1289/EHP135
10.1016/j.parkreldis.2015.12.008
10.1289/EHP259
10.1186/1476-069X-13-80
10.1016/j.envint.2019.04.069
10.1016/j.envres.2016.09.006
10.1289/ehp.1409313
10.1016/j.envint.2016.08.017
10.1038/srep44741
10.1016/j.parkreldis.2020.12.013
10.3390/ijerph16030337
10.1289/ehp.1103881
10.1016/j.yrtph.2018.05.005
10.12659/MSM.912840
10.1016/j.envres.2016.12.008
10.1007/s00484-017-1427-9
10.1016/j.envint.2016.01.017
10.1289/ehp.11311
10.1007/s00415-012-6584-5
10.3233/JPD-2011-11024
10.1002/sim.5963
10.18637/jss.v043.i08
10.1016/j.envres.2021.111170
10.1016/j.envint.2021.106817
10.1097/JOM.0000000000000451
10.1001/jamaneurol.2021.1335
10.1007/s40572-015-0069-5
10.1503/cmaj.060235
10.1016/j.chemosphere.2015.06.091",International journal of environmental research and public health,,,<Element 'PubmedArticle' at 0x72c63b7345e0>
"36703582
28150045
28592904
29872690
23183883
31235907
30867588
31907406
25904081
25703649
30941085
31643079
11437458
29136149
29209972
21048990
7358347
34400206
7825121
29058724
11430870
17389593
18039652
24819147
22143804
22112368
22721943
22292029
25947082
35306641
18073771
17562483
34336853
27646922
18602321
29149100
9108035
29053143
22245251
26686574
28916328
30296463
18056701
24162660
10625696
19641509
23283967
21167873
30274251
24115095
26261796
20202476
16397584
20929985
9118946
14602080
16044158
18931691
12882340
15686625
11390361
21439937
31331066
9724739
11810403
8861944
9029150
8622669
30071902
16442236
25489417
16687388
12466125
16647047
32266056
31110302
12130673
29149058
9581757
19118169
31358653
14663477
9812896
27762303
29987135
7834748
10837486
11583580
11753656
10409766
11850850
17052182
31229499
21440011
15538382
11154276
16469695
28283069
16919458
21300786
21779001
21343617
26087293
20174468
36469163
28918902
36463449
17341480
31106605
29341130
25234280
30468742
23169527
27370940
24287202
24326514
24431302
17412603
27692691
30205152
7945242
7980435
8524413
19623618
16604061
29787999
22915595
29438981
33139571
15545627
15331580
27879202
22704330
30171970",Paraquat and Parkinson's Disease: The Molecular Crosstalk of Upstream Signal Transduction Pathways Leading to Apoptosis.,2023-01-28,"Apoptosis, Parkinson’s disease, TOR serine-threonine kinases., catenins, mitogen-activated protein kinases, paraquat, phosphatidylinositol 3-kinase, proto-oncogene proteins c-akt","Parkinson's disease (PD) is a heterogeneous disease involving a complex interaction between genes and the environment that affects various cellular pathways and neural networks. Several studies have suggested that environmental factors such as exposure to herbicides, pesticides, heavy metals, and other organic pollutants are significant risk factors for the development of PD. Among the herbicides, paraquat has been commonly used, although it has been banned in many countries due to its acute toxicity. Although the direct causational relationship between paraquat exposure and PD has not been established, paraquat has been demonstrated to cause the degeneration of dopaminergic neurons in the substantia nigra ","[{'affiliation': 'Jeffrey Cheah School of Medicine and Health Sciences, Monash University Malaysia, 47500 Bandar Sunway, Selangor, Malaysia.', 'firstname': 'Wesley Zhi Chung', 'initials': 'WZC', 'lastname': 'See'}, {'affiliation': 'Jeffrey Cheah School of Medicine and Health Sciences, Monash University Malaysia, 47500 Bandar Sunway, Selangor, Malaysia.', 'firstname': 'Rakesh', 'initials': 'R', 'lastname': 'Naidu'}, {'affiliation': 'School of Pharmacy, Monash University Malaysia, 47500 Bandar Sunway, Selangor, Malaysia.', 'firstname': 'Kim San', 'initials': 'KS', 'lastname': 'Tang'}]",,"Copyright© Bentham Science Publishers; For any queries, please email at epub@benthamscience.net.","10.2174/1570159X21666230126161524
10.1007/s00702-017-1686-y
10.1038/nrn.2017.62
10.1038/s41531-018-0044-6
10.1038/nrneurol.2012.242
10.1038/s41593-019-0423-2
10.1038/s41582-019-0155-7
10.1038/s41583-019-0257-7
10.1016/S0140-6736(14)61393-3
10.1016/j.tig.2015.01.004
10.3389/fneur.2019.00218
10.1111/jnc.14902
10.1006/enrs.2001.4264
10.1093/ije/dyx225
10.1007/s11356-017-0875-4
10.1371/journal.pmed.1000357
10.1111/j.1365-2559.1980.tb02911.x
10.1016/j.neuro.2021.08.006
10.1002/syn.890180105
10.1038/nchembio.2499
10.1016/S0006-8993(01)02577-X
10.1074/jbc.M700827200
10.1074/jbc.M708597200
10.1016/j.neurobiolaging.2014.04.008
10.1073/pnas.1115141108
10.1186/1742-2094-8-163
10.1016/j.cbi.2012.05.008
10.1371/journal.pone.0030745
10.1007/s12035-015-9198-y
10.1007/s12035-022-02799-2
10.1038/nrm2312
10.1080/01926230701320337
10.1016/j.bbamcr.2016.09.012
10.1016/j.cbpb.2008.05.010
10.1038/cdd.2017.186
10.1073/pnas.94.8.3668
10.1038/cdd.2017.179
10.1016/j.toxlet.2011.12.021
10.1016/j.tiv.2015.12.005
10.1016/j.tox.2017.09.008
10.1016/j.neuint.2018.10.001
10.1074/jbc.M708451200
10.1038/cdd.2013.139
10.1074/jbc.275.2.1439
10.1038/onc.2009.46
10.1074/jbc.M112.422204
10.1016/j.bbamcr.2010.12.012
10.3390/ijms19102973
10.1002/pro.2374
10.1016/j.freeradbiomed.2010.02.024
10.1038/sj.cdd.4401778
10.1093/toxsci/kfq313
10.1093/emboj/16.5.1080
10.1016/S1534-5807(03)00323-X
10.1038/sj.onc.1208875
10.1038/onc.2008.301
10.1046/j.1474-9728.2002.00014.x
10.1038/sj.cr.7290262
10.1101/gad.888501
10.1016/j.bbrc.2011.03.092
10.3390/nu11071655
10.1073/pnas.95.18.10541
10.1007/s007020100015
10.1002/j.1460-2075.1996.tb00790.x
10.1093/emboj/16.2.295
10.1128/MCB.16.3.1247
10.1186/s13024-018-0273-5
10.1016/j.neuroscience.2005.12.013
10.4062/biomolther.2014.115
10.1093/toxsci/kfl013
10.1016/S0002-9440(10)64487-2
10.1016/j.brainres.2006.03.063
10.1186/s13578-020-00416-0
10.1038/s41580-019-0129-z
10.1124/mol.62.2.225
10.3390/ijms18112441
10.1016/S0896-6273(00)81004-1
10.1523/JNEUROSCI.3928-08.2008
10.1523/JNEUROSCI.0625-19.2019
10.1038/sj.onc.1207115
10.1126/science.282.5392.1318
10.1038/srep35660
10.15252/embr.201745235
10.1016/0092-8674(95)90411-5
10.1074/jbc.M004199200
10.1042/bj3590345
10.1038/sj.onc.1204984
10.1128/MCB.19.8.5800
10.1038/sj.onc.1205181
10.1042/BST0340722
10.1016/j.pneurobio.2019.101645
10.1038/sj.emboj.7600476
10.1128/MCB.21.3.893-901.2001
10.1016/j.cell.2006.01.016
10.1016/j.cell.2017.02.004
10.1016/j.cub.2006.08.001
10.1128/MCB.00939-10
10.1038/cdd.2011.98
10.1126/scisignal.2001731
10.1371/journal.pone.0128651
10.1371/journal.pone.0009313
10.1007/s11064-022-03819-2
10.1016/j.molcel.2017.08.013
10.3233/JAD-220793
10.1093/toxsci/kfm040
10.1080/10715762.2019.1621308
10.1111/jnc.14308
10.1007/s00441-014-1996-4
10.1016/j.pharmthera.2018.11.008
10.1101/cshperspect.a007898
10.1016/j.lfs.2016.06.024
10.1093/jmcb/mjt043
10.1093/jmcb/mjt046
10.1093/jmcb/mju001
10.1016/j.nbd.2007.02.009
10.1016/j.jgg.2016.05.002
10.1016/j.tox.2018.09.003
10.1042/bj3030021
10.1042/bj3030701
10.1038/378785a0
10.1038/ncb1405
10.18632/aging.101455
10.1074/jbc.M112.357509
10.1083/jcb.201708191
10.1073/pnas.2008509117
10.1101/gad.1256504
10.1210/en.2004-0959
10.7554/eLife.16748
10.1007/s13148-010-0018-y
10.1016/j.fct.2018.08.064",Current neuropharmacology,,,<Element 'PubmedArticle' at 0x72c63b7533d0>
"36213098
31409572
29131880
30879893
33848468
23575443
33887274
33476876
33065503
34181919
33010415
34242242
31964412
33091388
31776122
30124852
28300224
28809934
33999109
31786292
31103844
28886605
34385046
31770719
30606679
30577116
31894453
30391837
24792855
29379952
19297574
26474317
32788245
31706021
24050700",Current Evidence for the Association between Air Pollution and Parkinson's Disease.,2022-10-11,"Air pollutant, Parkinson's disease, air pollution, environmental factor","Parkinson's disease (PD) is a progressive neurodegenerative disorder, and its global incidence is on the rise. There is increasing interest in understanding the role of air pollution in the development of human disease. Although the precise mechanisms are not understood, several epidemiological studies have reported a positive association between air pollution and the risk of PD. However, the various pollutants studied, endpoints measured, and differences in study design yield conflicting results. This review summarizes recent evidence regarding the relationship between particulate matter, ozone, nitrogen dioxide, sulfur dioxide, and carbon monoxide and PD. Limitations and challenges are also discussed, with suggestions for future work to understand the true effects of air pollution on PD.","[{'affiliation': 'Department of Neurology, National Center Hospital, National Center of Neurology and Psychiatry, Kodaira, Tokyo, Japan.', 'firstname': 'Yuji', 'initials': 'Y', 'lastname': 'Saitoh'}, {'affiliation': 'Department of Neurology, National Center Hospital, National Center of Neurology and Psychiatry, Kodaira, Tokyo, Japan.', 'firstname': 'Hidehiro', 'initials': 'H', 'lastname': 'Mizusawa'}]",,Copyright: © 2022 Annals of Indian Academy of Neurology.,10.4103/aian.aian_62_22,Annals of Indian Academy of Neurology,,,<Element 'PubmedArticle' at 0x72c63b796980>
"35406080
29346658
30244829
30602150
29204118
10370906
23663200
8786384
16944320
24681994
17517424
19073440
30584168
30941085
31103844
20187243
8888628
32252301
26151951
2710356
28396869
29693003
7734058
26558463
23210978
18455239
26304418
12505649
20403794
20833761
11036725
17710609
2223663
12796527
8971353
30799335
11391760
21367645
24636977
34754467
24436061
25813069
21968025
23602893
23839511
22309908
17904639
23178887
24804623
33346171
29589245
34875476
8419812
9065542
15496864
10084365
22811600
29189118
10545782
26056851
15146013
11425282
31179301
33354453
32491388
31811585
29333317
18693689
19265190
28889266
23936609
23859346
11553618
25136353
24516855
17185278
31197504
6823561
26857251
15198914
9761129
8185390
27128815
28149268
28779877
28506248
28374803
32337162
12721813
17961138
28243222
20098733
25296989
30302391
23017648
22145021
18187549
19664708
29797112
25651996
28894128
26179554
25476529
21508958
28861070
31991346
31442459
32045792
29635013
34329091
33536393
33224022
31071627
20603239
29523931
30813950
31123037
31198632
27392436
30859288
31864061
31918252
22619684
21646515
29704
32295099
28118852
30552719
11442360
32375371
8460906
8827327
21671352
23594743
29910763
33936174
30618594
15090155
31151179
18521955
33390914
11701913
17644306
28324817
22823424
33925709
29032223
12442505
30553213
22717642
28495520
28469448
27756609
16005927
31734597",Food Contamination: An Unexplored Possible Link between Dietary Habits and Parkinson's Disease.,2022-04-13,"healthy lifestyle, in vitro and in vivo model for PD, pollutants","Importance of a healthy lifestyle in maintaining the population's well-being and health, especially in terms of balanced nutrition, is well known. Food choice of and dieting habits could impact disease management, which is especially true for Parkinson's disease (PD). However, nowadays, it is not that simple to maintain a balance in nutrition, and the idea of a healthy diet tends to fade as the consequence of a western lifestyle. This should not only be dealt with in the context of food choice, but also from an environmental point of view. What we put into our bodies is strictly related to the quality of ecosystems we live in. For these reasons, attention should be directed to all the pollutants, which in many cases, we unknowingly ingest. It will be necessary to explore the interaction between food and environment, since human activity also influences the raw materials destined for consumption. This awareness can be achieved by means of an innovative scientific approach, which involves the use of new models, in order to overcome the traditional scientific investigations included in the study of Parkinson's disease.","[{'affiliation': ""Department of Life, Health and Environmental Sciences, University of L'Aquila, 67100 L'Aquila, Italy."", 'firstname': 'Giulia', 'initials': 'G', 'lastname': 'Caioni'}, {'affiliation': ""Department of Life, Health and Environmental Sciences, University of L'Aquila, 67100 L'Aquila, Italy.\nDepartment of Biology, Sbarro Institute for Cancer Research and Molecular Medicine, Temple University, Philadelphia, PA 19122, USA."", 'firstname': 'Annamaria', 'initials': 'A', 'lastname': 'Cimini'}, {'affiliation': ""Department of Life, Health and Environmental Sciences, University of L'Aquila, 67100 L'Aquila, Italy."", 'firstname': 'Elisabetta', 'initials': 'E', 'lastname': 'Benedetti'}]",,,"10.3390/nu14071467
10.1093/nutrit/nux073
10.1016/S1474-4422(18)30338-7
10.1159/000495813
10.3389/fphar.2017.00830
10.1007/978-3-7091-6360-3_6
10.1111/febs.12335
10.1097/00005072-199603000-00001
10.1007/s11064-006-9128-5
10.3892/mmr.2014.2080
10.1016/j.neuropharm.2007.03.017
10.1007/BF03033861
10.3233/JPD-181493
10.3389/fneur.2019.00218
10.1016/j.envint.2019.04.069
10.1002/mds.22721
10.1016/0048-9697(96)05276-X
10.3390/ijms21072464
10.1289/ehp.1409313
10.1212/WNL.39.5.660
10.1186/s40068-017-0098-1
10.1155/2017/5801432
10.1155/2018/1910274
10.1016/j.rsma.2020.101334
10.4136/ambi-agua.1830
10.1021/acs.estlett.0c00299
10.3109/10408449509089885
10.2131/jts.40.817
10.1186/2047-9158-1-3
10.1016/j.neuro.2008.03.001
10.1016/j.foodchem.2015.07.081
10.1016/S0165-0173(02)00234-5
10.1289/ehp.0901748
10.1136/oem.2009.052761
10.1080/10473220050129383
10.1080/15287390600975004
10.1136/oem.47.10.704
10.1212/01.WNL.0000068021.13945.7F
10.1007/BF02784167
10.2169/internalmedicine.2028-18
10.1002/mds.1105
10.1016/j.parkreldis.2011.02.003
10.1016/j.tox.2014.03.001
10.35371/aoem.2021.33.e6
10.1136/oemed-2013-101394
10.1016/j.pestbp.2010.07.006
10.1016/j.brainresbull.2011.09.017
10.1016/j.envint.2013.03.004
10.1007/s10646-013-1097-2
10.1016/j.neuro.2012.01.010
10.1016/j.neuro.2007.08.007
10.1016/j.scitotenv.2012.10.099
10.1016/j.scitotenv.2014.03.022
10.4415/ANN_20_04_07
10.1007/s11356-018-1811-y
10.1016/j.marpolbul.2021.113198
10.1002/mds.870080116
10.1212/WNL.48.3.650
10.1038/nrn1537
10.2165/00002512-199914020-00004
10.1155/2012/949048
10.2174/0929867325666171129124616
10.1159/000026225
10.3109/15376516.2015.1053654
10.1136/jnnp.2003.026310
10.1054/mehy.2000.1134
10.21037/atm.2019.02.43
10.7759/cureus.11509
10.1007/s12640-019-00140-9
10.1155/2017/9164754
10.1021/ja803494v
10.1074/jbc.M900323200
10.1155/2013/487534
10.1111/jnc.12317
10.1074/jbc.M105343200
10.3389/fgene.2014.00265
10.1155/2014/840547
10.1289/ehp.9102
10.1007/s00401-019-02033-9
10.1016/j.ejar.2020.08.007
10.1126/science.6823561
10.1007/s40572-016-0083-2
10.1289/ehp.7135
10.1080/009841098158520
10.1080/00039896.1994.9940381
10.1080/10773525.2015.1123848
10.3389/fnins.2016.00590
10.1016/j.envint.2017.04.010
10.1186/s13643-017-0491-x
10.1038/srep45465
10.1016/j.toxrep.2020.04.001
10.1007/s00702-002-0808-2
10.1111/j.1365-2990.2007.00874.x
10.3389/fneur.2017.00037
10.1371/journal.pone.0008762
10.1007/s00401-014-1343-6
10.1038/s41531-018-0066-0
10.1016/j.nbd.2012.09.007
10.1371/journal.pone.0028032
10.1210/en.2007-1091
10.1016/j.nbd.2009.07.031
10.1007/s00401-018-1856-5
10.3402/mehd.v26.26050
10.1038/s41598-017-10517-5
10.1002/mds.26307
10.1002/mds.26069
10.1038/nature09944
10.3389/fmicb.2017.01562
10.1016/j.envpol.2020.113920
10.1016/j.neuro.2019.08.006
10.1016/j.envpol.2020.114129
10.1016/j.ntt.2018.04.002
10.1016/j.jhazmat.2021.126676
10.2131/jts.46.91
10.3389/fnins.2020.576543
10.1016/j.envpol.2019.04.054
10.1289/ehp.0901794
10.1007/s00204-018-2177-0
10.1186/s40168-019-0645-2
10.1124/dmd.119.086538
10.7717/peerj.6963
10.1016/j.toxlet.2016.07.003
10.1007/s00284-019-01664-1
10.1016/j.chemosphere.2019.125613
10.1016/j.ecoenv.2019.110130
10.3390/e15041416
10.1155/2012/980941
10.1073/pnas.1105135108
10.3390/cells9040958
10.1186/s13024-017-0149-0
10.1111/ejn.14300
10.1006/nbdi.2001.0392
10.3390/ijms21093254
10.1146/annurev.ne.16.030193.003423
10.1007/BF00195012
10.1002/bdrc.20206
10.1038/nature12111
10.3389/fneur.2018.00347
10.3389/fgene.2021.655550
10.3389/fnins.2018.00976
10.20517/2572-8180.2017.15
10.1089/154065802761001293
10.3390/medicines6020061
10.1002/dvdy.21569
10.3389/fnbeh.2020.623924
10.1080/08905436.2019.1673173
10.1126/science.1066652
10.1016/j.ntt.2007.05.001
10.1016/j.ecoenv.2017.02.048
10.1089/zeb.2012.0746
10.3390/ijerph18094664
10.1016/j.tox.2017.10.007
10.1007/978-1-4899-7283-5_3
10.1016/j.chemosphere.2018.12.026
10.1016/j.envint.2012.05.007
10.1016/j.neuro.2017.04.009
10.1177/1178630217700628
10.1016/j.vascn.2016.10.003
10.1016/j.taap.2005.06.003
10.1016/j.chemosphere.2019.125336
10.1186/s40550-017-0058-6
10.3390/app11167283",Nutrients,,,<Element 'PubmedArticle' at 0x72c63b7ac7c0>
"35326429
22535897
18513201
18799635
30824728
33691464
31103557
23904109
29409925
29459272
32085474
11752681
33140901
34012926
16676004
17116745
19602115
21419294
15686486
30282605
16605268
19351880
10506125
27884192
11343803
17546407
17145698
29364516
24659969
31245375
21761924
19805349
27682122
23466556
31722195
27143379
33800163
20398623
34717679
17516567
27105641
17443703
32035920
28614796
29978902
33328957
16507759
25296989
31254094
33318866
23226130
34745023
29174171
32538502
33692356
32566740
20020161
31248424
28429209
31824239
9562248
31591036
34059668
30591685
33763383
32934117
16091443
29776865
32357258
22100523
31660948
30041463
15388697
21753800
31666581
32517799
26179554
28929087
22145021
28536926
33863370
32140945
32645011
28828251
29765908
32717883
28259623
22753266
34694344
29321057
25366965
27149619
32130898
32497191
25608223
33451143
25476529
27591074
33499229
30287051
31660868
24607323
19410597
25179495
15342140
16580805
12721813",Hydrogen Sulfide Produced by Gut Bacteria May Induce Parkinson's Disease.,2022-03-26,"Desulfovibrio, Parkinson’s disease, alpha-synuclein, cytochrome c, enteroendocrine cells, gut microbiome, hydrogen sulfide, influenza, iron, reactive oxygen species",Several bacterial species can generate hydrogen sulfide (H,"[{'affiliation': 'Institute of Clinical Medicine, University of Eastern Finland (UEF), 70211 Kuopio, Finland.', 'firstname': 'Kari Erik', 'initials': 'KE', 'lastname': 'Murros'}]",,,"10.3390/cells11060978
10.1152/physrev.00017.2011
10.1111/j.1471-4159.2008.05502.x
10.1152/ajpregu.90566.2008
10.1038/s41598-019-39389-7
10.1089/ars.2021.0004
10.1016/j.nbd.2019.05.013
10.1152/ajpregu.00218.2013
10.1016/j.bcp.2018.01.045
10.1016/j.jinorgbio.2018.02.007
10.3390/biom10020323
10.1093/toxsci/65.1.18
10.1111/ene.14626
10.3389/fcimb.2021.652617
10.1038/sj.cdd.4401950
10.1096/fj.06-6255com
10.1111/j.1600-0765.2008.01199.x
10.1016/j.joen.2011.01.017
10.1111/j.1471-4159.2004.02918.x
10.1016/j.bbapap.2018.09.003
10.1021/bi0525573
10.1074/jbc.M900418200
10.1074/jbc.274.41.28849
10.1186/s13024-016-0135-y
10.1016/S0167-4838(01)00182-0
10.1007/s10534-007-9099-2
10.1080/03602530600959607
10.1111/jnc.14312
10.3389/fphar.2014.00045
10.3389/fmed.2019.00123
10.1021/tx200051s
10.1073/pnas.0902952106
10.3390/microorganisms3040866
10.1016/j.freeradbiomed.2013.02.024
10.1016/j.celrep.2019.10.035
10.18097/PBMC20166202193
10.3390/metabo11030152
10.1016/j.bbabio.2010.04.004
10.1186/s12974-021-02296-8
10.1002/jcp.21151
10.1007/s11926-016-0587-7
10.1002/mds.21502
10.1016/j.redox.2020.101447
10.1172/jci.insight.92295
10.1002/cphy.c170044
10.3389/fnagi.2020.575481
10.1096/fj.03-1449com
10.1007/s00401-014-1343-6
10.1007/s00401-019-02040-w
10.1016/j.jare.2020.03.003
10.1111/j.1574-6941.1993.tb00023.x
10.3389/fphys.2012.00448
10.3389/fmicb.2021.705583
10.1016/j.parkreldis.2017.11.331
10.1111/ene.14400
10.1038/s41531-021-00156-z
10.1038/s41531-020-0112-6
10.1007/s00726-009-0445-2
10.1186/s12974-019-1528-y
10.1007/s10517-017-3700-7
10.3389/fnins.2019.01184
10.1023/A:1006838231432
10.1016/j.chembiol.2019.09.010
10.1038/s41467-021-22938-y
10.3390/nu11010051
10.3389/fcimb.2021.619354
10.1128/mSystems.00561-20
10.1099/jmm.0.46118-0
10.1016/j.parkreldis.2018.05.007
10.1002/mds.28052
10.1016/j.parkreldis.2011.10.016
10.1186/s12915-019-0699-4
10.3390/microorganisms6030075
10.1099/ijs.0.02873-0
10.1038/ismej.2011.90
10.1038/s41598-019-51878-3
10.1186/s12915-020-00775-7
10.1002/mds.26307
10.3389/fcimb.2017.00387
10.1371/journal.pone.0028032
10.1007/s11427-016-9001-4
10.1186/s13099-021-00420-w
10.1007/s10620-020-06173-x
10.1371/journal.pone.0234906
10.7717/peerj.3647
10.3389/fcimb.2018.00124
10.3390/jcm9082347
10.1016/j.parkreldis.2017.02.026
10.1002/mds.25077
10.1001/jamaneurol.2021.3895
10.1186/s40168-017-0386-z
10.1084/jem.20140625
10.1371/journal.ppat.1005572
10.1016/j.celrep.2020.02.013
10.1093/cid/ciaa709
10.1111/jvh.12392
10.3390/biology10010055
10.1002/mds.26069
10.1016/j.parkreldis.2016.08.019
10.3390/biom11020144
10.1016/S1474-4422(18)30295-3
10.1186/s12866-019-1616-2
10.1016/j.yfrne.2014.02.002
10.1016/j.yfrne.2009.04.014
10.1016/j.parkreldis.2014.08.003
10.1016/j.neulet.2004.06.062
10.1016/j.exger.2006.02.010
10.1007/s00702-002-0808-2",Cells,,,<Element 'PubmedArticle' at 0x72c63b1fc770>
35262433,Is ambient air pollution a risk factor for Parkinson's disease? A meta-analysis of epidemiological evidence.,2022-03-10,"Air pollution, Parkinson’s disease, epidemiology, meta-Analysis, risk","Current evidence shows inconsistencies about ambient air pollution (AAP) exposure as a risk factor for Parkinson's disease (PD). We performed meta-analyses to estimate the pooled risk of PD due to AAP exposure. We performed a systematic search in PubMed, Google Scholar, The Cochrane Library, and J-GATEPLUS databases for peer-reviewed epidemiological studies reporting the risk of PD due to exposure to PM","[{'affiliation': 'Department of Environmental Health and Epidemiology, ICMR-National Institute for Research in Environmental Health (NIREH), Bhopal, India.', 'firstname': 'Vikas', 'initials': 'V', 'lastname': 'Dhiman'}, {'affiliation': 'Department of Environmental Health and Epidemiology, ICMR-National Institute for Research in Environmental Health (NIREH), Bhopal, India.', 'firstname': 'Tanwi', 'initials': 'T', 'lastname': 'Trushna'}, {'affiliation': 'Department of Biostatistics and Bioinformatics, ICMR-National Institute for Research in Environmental Health (NIREH), Bhopal, India.', 'firstname': 'Dharma', 'initials': 'D', 'lastname': 'Raj'}, {'affiliation': 'ICMR-National Institute for Research in Environmental Health (NIREH), Bhopal, India.', 'firstname': 'Rajnarayan Ramshankar', 'initials': 'RR', 'lastname': 'Tiwari'}]",,,10.1080/09603123.2022.2047903,International journal of environmental health research,,,<Element 'PubmedArticle' at 0x72c63b233830>
34747974,Concerns Remain Regarding Ambient NO2 Exposure and the Risk of Parkinson Disease-Reply.,2021-11-09,,,"[{'affiliation': 'Department of Neurology, Asan Medical Center, University of Ulsan College of Medicine, Seoul, Korea.', 'firstname': 'Sungyang', 'initials': 'S', 'lastname': 'Jo'}, {'affiliation': 'Department of Clinical Epidemiology and Biostatistics, Asan Medical Center, University of Ulsan College of Medicine, Seoul, Korea.', 'firstname': 'Ye-Jee', 'initials': 'YJ', 'lastname': 'Kim'}, {'affiliation': 'Department of Neurology, Asan Medical Center, University of Ulsan College of Medicine, Seoul, Korea.', 'firstname': 'Sun Ju', 'initials': 'SJ', 'lastname': 'Chung'}]",,,10.1001/jamaneurol.2021.4106,JAMA neurology,,,<Element 'PubmedArticle' at 0x72c63b23b4c0>
34364430,A bifunctional probe reveals increased viscosity and hydrogen sulfide in zebra fish model of Parkinson's disease.,2021-08-09,"Fluorescent probe, Hydrogen sulfide, Inflammation, Parkinson's disease, Viscosity",Altered H,"[{'affiliation': 'Department of Surgery, Affiliated Jinhua Hospital, Zhejiang University School of Medicine, Jinhua, 321000, China.', 'firstname': 'Wei', 'initials': 'W', 'lastname': 'Shen'}, {'affiliation': 'Key Laboratory of Bioorganic Synthesis of Zhejiang Province, College of Biotechnology and Bioengineering, Zhejiang University of Technology, Hangzhou, 310014, China.', 'firstname': 'Peng', 'initials': 'P', 'lastname': 'Wang'}, {'affiliation': 'Institute of Natural Medicine and Health Product, School of Life Science, Taizhou University, Taizhou, 318000, China.', 'firstname': 'Zhenda', 'initials': 'Z', 'lastname': 'Xie'}, {'affiliation': 'Department of Surgery, Affiliated Jinhua Hospital, Zhejiang University School of Medicine, Jinhua, 321000, China.', 'firstname': 'Haihua', 'initials': 'H', 'lastname': 'Zhou'}, {'affiliation': 'CAS Key Laboratory for Biomedical Effects of Nanomaterials and Nanosafety, Institute of High Energy Physics and University of Chinese Academy of Sciences (UCAS), Chinese Academy of Sciences (CAS), Beijing, 100049, China. Electronic address: huyi@ihep.ac.cn.', 'firstname': 'Yi', 'initials': 'Y', 'lastname': 'Hu'}, {'affiliation': 'Key Laboratory of Bioorganic Synthesis of Zhejiang Province, College of Biotechnology and Bioengineering, Zhejiang University of Technology, Hangzhou, 310014, China. Electronic address: fublue@163.com.', 'firstname': 'Manlin', 'initials': 'M', 'lastname': 'Fu'}, {'affiliation': 'Key Laboratory of Bioorganic Synthesis of Zhejiang Province, College of Biotechnology and Bioengineering, Zhejiang University of Technology, Hangzhou, 310014, China. Electronic address: zhuq@zjut.edu.cn.', 'firstname': 'Qing', 'initials': 'Q', 'lastname': 'Zhu'}]",,Copyright © 2021 Elsevier B.V. All rights reserved.,10.1016/j.talanta.2021.122621,Talanta,,,<Element 'PubmedArticle' at 0x72c63b245940>
"34319482
20736182
6694486
30587420
28400098
31703081
22364958
26412299
19412948
25721152
22433135
19145999
25012004
22287381
26096632
24436092
27403372
24014521
27779783
27159493
20464295
22343138
29458280
30711006
31998112
28304092
22362921
21734182
24278130
28637374
25912367
24776998
23613901
24190245
31863171
28550478
24005726
24078166
30488238
28004533
30911822
19890973
31555978
30895397
19340393
19047559
18855928
18759360
29470631
23561981
25919024
24839905
29104561
20858529
31383472",Systematic review and meta-analysis of Sniffin Sticks Test performance in Parkinson's disease patients in different countries.,2021-07-29,"Hyposmia, Olfaction, Parkinson’s disease, Sniffin Sticks Test","Olfaction impairment occurs in about 90% of patients with Parkinson's disease. The Sniffin Sticks Test is a widely used instrument to measure olfactory performance and is divided into three subtests that assess olfactory threshold, discrimination and identification. However, cultural and socioeconomic differences can influence test performance.
We performed a systematic review and meta-analysis of the existent data about Sniffin Sticks Test performance of Parkinson's disease patients and healthy controls in different countries and investigated if there are other cofactors which could influence the olfactory test results. A subgroup analysis by country was performed as well as a meta-regression using age, gender and air pollution as covariates.
Four hundred and thirty studies were found and 66 articles were included in the meta-analysis. Parkinson's disease patients showed significantly lower scores on the Sniffin Sticks Test and all its subtests than healthy controls. Overall, the heterogeneity among studies was moderate to high as well as the intra-country heterogeneity. The subgroup analysis, stratifying by country, maintained a high residual heterogeneity.
The meta-regression showed a significant correlation with age and air pollution in a few subtests. A high heterogeneity was found among studies which was not significantly decreased after subgroup analysis by country. This fact signalizes that maybe cultural influence has a small impact on the Sniffin Sticks Test results. Age and air pollution have influence in a few olfactory subtests.","[{'affiliation': 'Hospital São Lucas, Pontifícia Universidade Católica do Rio Grande do Sul, 6690, Ipiranga Avenue, Jardim Botânico, Porto Alegre, 90619-900, Brazil. sheilatrentin@hotmail.com.', 'firstname': 'Sheila', 'initials': 'S', 'lastname': 'Trentin'}, {'affiliation': 'Hospital São Lucas, Pontifícia Universidade Católica do Rio Grande do Sul, 6690, Ipiranga Avenue, Jardim Botânico, Porto Alegre, 90619-900, Brazil.\nHospital de Clínicas de Porto Alegre, Porto Alegre, Brazil.', 'firstname': 'Bruno Samuel', 'initials': 'BS', 'lastname': 'Fraiman de Oliveira'}, {'affiliation': 'Hospital São Lucas, Pontifícia Universidade Católica do Rio Grande do Sul, 6690, Ipiranga Avenue, Jardim Botânico, Porto Alegre, 90619-900, Brazil.', 'firstname': 'Yuri', 'initials': 'Y', 'lastname': 'Ferreira Felloni Borges'}, {'affiliation': 'Universidade Federal de Ciências da Saúde de Porto Alegre, Porto Alegre, Brazil.', 'firstname': 'Carlos Roberto', 'initials': 'CR', 'lastname': 'de Mello Rieder'}]",The meta-regression showed a significant correlation with age and air pollution in a few subtests. A high heterogeneity was found among studies which was not significantly decreased after subgroup analysis by country. This fact signalizes that maybe cultural influence has a small impact on the Sniffin Sticks Test results. Age and air pollution have influence in a few olfactory subtests.,"© 2021. The Author(s), under exclusive licence to Springer-Verlag GmbH Germany, part of Springer Nature.","10.1007/s00405-021-06970-8
10.1016/j.jocn.2018.08.003
10.1016/j.parkreldis.2017.11.334
10.1016/j.clinph.2017.03.011
10.1371/journal.pone.0224331
10.1016/j.parkreldis.2014.04.012
10.1016/j.clineuro.2014.04.030
10.1016/j.parkreldis.2011.12.001
10.1002/mds.26276
10.1155/2016/9182946
10.1016/j.parkreldis.2016.11.010
10.7916/tohm.v0.682
10.1016/j.parkreldis.2017.09.010
10.1016/j.parkreldis.2015.03.021
10.3389/fnagi.2019.00018
10.1007/BF03033302
10.1016/j.parkreldis.2014.04.012
10.1371/journal.pone.0064735
10.1371/journal.pone.0061680
10.1002/central/CN-00871919/full
10.1007/s00415-018-8913-9
10.1136/jnnp.2006.103788
10.1007/s00702-019-01996-z
10.4061/2011/473640
10.1371/journal.pone.0091906
10.3389/fneur.2017.00545/full",European archives of oto-rhino-laryngology : official journal of the European Federation of Oto-Rhino-Laryngological Societies (EUFOS) : affiliated with the German Society for Oto-Rhino-Laryngology - Head and Neck Surgery,,"Four hundred and thirty studies were found and 66 articles were included in the meta-analysis. Parkinson's disease patients showed significantly lower scores on the Sniffin Sticks Test and all its subtests than healthy controls. Overall, the heterogeneity among studies was moderate to high as well as the intra-country heterogeneity. The subgroup analysis, stratifying by country, maintained a high residual heterogeneity.",<Element 'PubmedArticle' at 0x72c63b24ce50>
"34226707
33999109",Parkinson disease and air pollution: does what we breathe matter?,2021-07-07,,,"[{'affiliation': 'Biomedical Sciences, The University of Montana, Missoula, MT, USA. lilian.calderon-garciduenas@umontana.edu.\nUniversidad del Valle de México, Mexico City, México. lilian.calderon-garciduenas@umontana.edu.', 'firstname': 'Lilian', 'initials': 'L', 'lastname': 'Calderón-Garcidueñas'}]",,,"10.1038/s41582-021-00531-7
10.1001/jamaneurol.2021.1335
10.1038/s41531-018-0058-0
10.1016/j.parkreldis.2020.12.013
10.1289/ehp.1409313
10.1289/EHP7425
10.1289/EHP259
10.1002/mds.27802
10.1016/j.envres.2020.110139
10.1016/j.envres.2020.109226
10.1001/jamaneurol.2020.1741",Nature reviews. Neurology,,,<Element 'PubmedArticle' at 0x72c63b275940>
"34181919
21890573
22194192
25227730
23850585
17637911
18079763
27567860
22389181
30169957
28063597
26945620
26724585
20801209
23380027
17445792
30577116
26349946
10656852
25926123
27105081
11002600
24776070
21463978
25947314
25738903
25978701
24410940
25951420
28300224
27614945
22456598
27285422
19679711
22850792
28919116
33555200
23983860
17366813
25294559
19711119
25807066
17520052
21172758
26151951
17415791
8875828
33091388
30124852
18006900
24517544
31103844
28150045
30698001
33010415
20959505
31649797
29331891",Parkinson's disease aggravation in association with fine particle components in New York State.,2021-06-29,"Air pollution, Epidemiology, Long-term exposures, Neurodegenerative diseases, PM2.5 chemical composition, Parkinson's disease","Long-term exposure to fine particulate matter (PM
To characterize the association between specific PM
We obtained data on hospitalizations from the New York Department of Health Statewide Planning and Research Cooperative System (2000-2014) to calculate annual first PD hospitalization counts in New York State per county. We used well-validated prediction models at 1 km
We observed a total of 197,545 PD first hospitalizations in NYS from 2000 to 2014. The annual average count per county was 212 first hospitalizations. The RR (95% confidence interval) for PD aggravation was 1.06 (1.03, 1.10) per one standard deviation (SD) increase in nitrate concentrations and 1.06 (1.04, 1.09) for the corresponding increase in OM concentrations. We also found a nonlinear inverse association between PD aggravation and BC at concentrations above the 96th percentile. We found a marginal association with SS and no association with sulfate or soil exposure.
In this study, we detected associations between the PM","[{'affiliation': 'Department of Environmental Health Sciences, Columbia University Mailman School of Public Health, New York, NY, USA. Electronic address: yn2295@cumc.columbia.edu.', 'firstname': 'Yanelli', 'initials': 'Y', 'lastname': 'Nunez'}, {'affiliation': 'Department of Epidemiology and Neurology, Columbia University, New York, NY, USA.', 'firstname': 'Amelia K', 'initials': 'AK', 'lastname': 'Boehme'}, {'affiliation': 'Department of Environmental Health Sciences, Columbia University Mailman School of Public Health, New York, NY, USA.', 'firstname': 'Maggie', 'initials': 'M', 'lastname': 'Li'}, {'affiliation': 'Department of Biostatistics, Columbia University Mailman School of Public Health, New York, NY, USA.', 'firstname': 'Jeff', 'initials': 'J', 'lastname': 'Goldsmith'}, {'affiliation': 'Department of Environmental Health, Harvard T.H. Chan School of Public Health, Boston, MA, USA.', 'firstname': 'Marc G', 'initials': 'MG', 'lastname': 'Weisskopf'}, {'affiliation': 'Department of Environmental Health Sciences, Columbia University Mailman School of Public Health, New York, NY, USA.', 'firstname': 'Diane B', 'initials': 'DB', 'lastname': 'Re'}, {'affiliation': 'Department of Environmental Health Sciences, Columbia University Mailman School of Public Health, New York, NY, USA.', 'firstname': 'Ana', 'initials': 'A', 'lastname': 'Navas-Acien'}, {'affiliation': 'Department of Energy, Environmental & Chemical Engineering, Washington University at St. Louis, MO, USA; Department of Physics and Atmospheric Science, Dalhousie University, Halix, Nova Scotia, Canada.', 'firstname': 'Aaron', 'initials': 'A', 'lastname': 'van Donkelaar'}, {'affiliation': 'Department of Energy, Environmental & Chemical Engineering, Washington University at St. Louis, MO, USA; Department of Physics and Atmospheric Science, Dalhousie University, Halix, Nova Scotia, Canada.', 'firstname': 'Randall V', 'initials': 'RV', 'lastname': 'Martin'}, {'affiliation': 'Department of Environmental Health Sciences, Columbia University Mailman School of Public Health, New York, NY, USA.', 'firstname': 'Marianthi-Anna', 'initials': 'MA', 'lastname': 'Kioumourtzoglou'}]","In this study, we detected associations between the PM",Copyright © 2021. Published by Elsevier Inc.,10.1016/j.envres.2021.111554,Environmental research,,"We observed a total of 197,545 PD first hospitalizations in NYS from 2000 to 2014. The annual average count per county was 212 first hospitalizations. The RR (95% confidence interval) for PD aggravation was 1.06 (1.03, 1.10) per one standard deviation (SD) increase in nitrate concentrations and 1.06 (1.04, 1.09) for the corresponding increase in OM concentrations. We also found a nonlinear inverse association between PD aggravation and BC at concentrations above the 96th percentile. We found a marginal association with SS and no association with sulfate or soil exposure.",<Element 'PubmedArticle' at 0x72c63b27cae0>
"33999109
15527881
19716187
21561831
31356286
12498954
15804941
15513908
18349428
30606679
27899751
26822938
1992358
25951420
30124852
32227140
32245477
2841426
32710579
31021467
31752705
19004861
31071310
2657958
28063597
30611216
15728289
17159100
30646166
31785021
32371450
27614945
26151951
27285422
31103844
31786292
26928013
27657817
25791864
21168897
22960396
29989551
32269113
11310624
25978701
25294559
28886605
17445792
20959505
18982334
26686342
30381408
30342839
22544647
31419995
30679445
32143659
9930084",Association of NO2 and Other Air Pollution Exposures With the Risk of Parkinson Disease.,2021-05-18,,"The development of Parkinson disease (PD) may be promoted by exposure to air pollution.
To investigate the potential association between exposure to particulate matters (PM2.5 and PM10), nitrogen dioxide (NO2), ozone (O3), sulfur dioxide (SO2), and carbon monoxide (CO) and the risk of incident PD.
This retrospective cohort study used data from the Korean National Health Insurance Service. Among the 1 021 208 Korean individuals in the database, those who had lived in Seoul from January 2002 to December 2006 (n = 176 875) were screened for eligibility. A total of 78 830 adults older than 40 years without PD and who lived in Seoul between January 2002 and December 2006 were included in this study. Individuals diagnosed with PD before 2006 (n = 159) and individuals 40 years or younger (n = 97 886) were excluded. Each participant was followed up with annually from January 2007 to December 2015, thereby adding up to 757 704 total person-years of follow-up. Data were analyzed from January to September 2020.
Individual exposure levels to PM2.5, PM10, NO2, O3, SO2, and CO were estimated based on the participants' residential address at the district level. To evaluate long-term exposure to air pollution, time-varying 5-year mean air pollutant exposure was calculated for each participant.
The outcome measure was the association between air pollution and the risk of incident PD measured as hazard ratios after adjusting for demographic factors, socioeconomic factors, and medical comorbidities.
At baseline, the mean (SD) age of the 78 830 participants was 54.4 (10.7) years, and 41 070 (52.1%) were female. A total of 338 individuals with newly diagnosed PD were identified during the study period. Exposure to NO2 was associated with an increase in risk of PD (hazard ratio for highest vs lowest quartile, 1.41; 95% CI, 1.02-1.95; P for trend = .045). No statistically significant associations between exposure to PM2.5, PM10, O3, SO2, or CO and PD incidence were found.
In this large cohort study, a statistically significant association between NO2 exposure and PD risk was identified. This finding suggests the role of air pollutants in PD development, advocating for the need to implement a targeted public health policy.","[{'affiliation': 'Department of Neurology, Asan Medical Center, University of Ulsan College of Medicine, Seoul, Korea.', 'firstname': 'Sungyang', 'initials': 'S', 'lastname': 'Jo'}, {'affiliation': 'Department of Clinical Epidemiology and Biostatistics, Asan Medical Center, University of Ulsan College of Medicine, Seoul, Korea.', 'firstname': 'Ye-Jee', 'initials': 'YJ', 'lastname': 'Kim'}, {'affiliation': 'Department of Neurology, Asan Medical Center, University of Ulsan College of Medicine, Seoul, Korea.', 'firstname': 'Kye Won', 'initials': 'KW', 'lastname': 'Park'}, {'affiliation': 'Department of Neurology, Asan Medical Center, University of Ulsan College of Medicine, Seoul, Korea.', 'firstname': 'Yun Su', 'initials': 'YS', 'lastname': 'Hwang'}, {'affiliation': 'Department of Neurology, Asan Medical Center, University of Ulsan College of Medicine, Seoul, Korea.', 'firstname': 'Seung Hyun', 'initials': 'SH', 'lastname': 'Lee'}, {'affiliation': 'Department of Neurology, Asan Medical Center, University of Ulsan College of Medicine, Seoul, Korea.', 'firstname': 'Bum Joon', 'initials': 'BJ', 'lastname': 'Kim'}, {'affiliation': 'Department of Neurology, Asan Medical Center, University of Ulsan College of Medicine, Seoul, Korea.', 'firstname': 'Sun Ju', 'initials': 'SJ', 'lastname': 'Chung'}]",,,"10.1001/jamaneurol.2021.1335
10.1016/j.neuro.2004.08.003
10.1016/j.tins.2009.05.009
10.1289/ehp.1002986
10.1212/CON.0000000000000764
10.1016/S0197-4580(02)00065-9
10.1080/08958370590912888
10.1080/01926230490520232
10.1177/0192623307313011
10.1016/j.ijheh.2018.12.006
10.1161/STROKEAHA.116.015428
10.1093/ije/dyv319
10.1212/WNL.41.2_Part_1.168
10.1097/JOM.0000000000000451
10.1093/ije/dyy172
10.1001/jamaneurol.2019.4914
10.1186/s12889-020-08503-0
10.1136/jnnp.51.6.745
10.1002/mds.28184
10.1002/mds.27704
10.1186/s12877-019-1332-7
10.1093/heapol/czn037
10.1016/j.metabol.2019.05.002
10.1002/sim.4780080504
10.1016/S0140-6736(16)32399-6
10.1186/s12874-018-0630-7
10.1212/01.WNL.0000151960.28687.93
10.1212/01.wnl.0000247052.18422.e5
10.1001/jamanetworkopen.2018.2421
10.1002/mds.27922
10.1212/WNL.0000000000009437
10.1016/j.envint.2016.08.017
10.1289/ehp.1409313
10.1097/EE9.0000000000000023
10.1289/EHP135
10.1016/j.envint.2019.04.069
10.1016/j.neuint.2019.104615
10.1038/srep22429
10.1016/j.chemosphere.2016.09.063
10.1016/j.envres.2015.02.022
10.1016/j.chemosphere.2010.11.055
10.1016/j.toxlet.2012.08.021
10.1289/EHP1115
10.1212/WNL.0000000000009314
10.1002/ana.96
10.1289/ehp.1408973
10.1186/1476-069X-13-80
10.1289/EHP259
10.1016/j.envres.2007.03.002
10.1093/aje/kwq303
10.1007/s00401-008-0450-7
10.1002/mds.26473
10.1126/scitranslmed.aar5280
10.1016/j.tins.2018.09.007
10.1007/s12035-012-8267-8
10.1186/s13024-019-0335-3
10.1038/s41598-018-35811-8
10.1186/s13024-020-00368-6
10.1136/oem.55.10.651",JAMA neurology,,"At baseline, the mean (SD) age of the 78 830 participants was 54.4 (10.7) years, and 41 070 (52.1%) were female. A total of 338 individuals with newly diagnosed PD were identified during the study period. Exposure to NO2 was associated with an increase in risk of PD (hazard ratio for highest vs lowest quartile, 1.41; 95% CI, 1.02-1.95; P for trend = .045). No statistically significant associations between exposure to PM2.5, PM10, O3, SO2, or CO and PD incidence were found.",<Element 'PubmedArticle' at 0x72c63b2a88b0>
33823232,Exposure to PM2.5 aggravates Parkinson's disease via inhibition of autophagy and mitophagy pathway.,2021-04-07,"Apoptosis, Autophagy, Mitophagy, Oxidative stress, PM2.5, Parkinson’s disease","Extensive health studies had declared that exposure to particulate matter (PM) was closely associated with neurodegenerative diseases, i.e. Parkinson's disease (PD). Our aim was to clarify the potential molecular mechanism by which PM2.5 aggravated PD symptoms using in vitro and in vivo PD models. In this study, PC12 cells treated with rotenone (1 μM) and/or PM2.5 (50 μg/mL) for 4 days was used as the in vitro model. C57BL/6 J mice expored to PM2.5 (inhalation, 2.5 mg/kg) and rotenone (intraperitoneal injection, 30 mg/kg) for 28 days was used as the in vivo model. Rapamycin was used to promote the level of autophagy. The results showed that after exposure to PM2.5, the apoptosis of rotenone-treated PC12 cells were increased by increasing the ROS levels and decreasing the levels of mitochondrial membrane potential. In rotenone-treated PC12 cells, exposure to PM2.5 could decrease the expression levels of LC3II and Atg5, and increase the expression level of mTOR, suggesting that PM2.5 exposure inhibited autophagy. Furthermore, the mitophagy related genes, including PINK1 and Parkin, were decreased. At the same time, inhalation of PM2.5 could relieve the behavioral abnormalities of PD mouse induced by rotenone. The levels of inflammatory factors (TNF-α, IL-1β, and IL-6) were significantly increased. Inhalation of PM2.5 could induce the oxidative stress and apoptosis in the substantia nigra of PD mouse, as well as the key markers of autophagy and mitophagy were also changed, which was consistent with the cell model. Besides, rapamycin would relieve the damaging effect of PM2.5 by triggering autophagy and mitophagy in rotenone-induced PD models. These results indicated that exposure to PM2.5 aggravated the behavioral abnormalities of PD symptoms through increasing oxidative stress, decreasing autophagy and mitophagy, and inducing mitochondria-mediated neuronal apoptosis. These findings not only revealed the effects and mechanism of PM2.5 exposure on PD, but also provided fundamental data that can be exploited to develop environmental safety policies.","[{'affiliation': 'State Key Laboratory for Structural Chemistry of Unstable and Stable Species, Center for Molecular Sciences, Institute of Chemistry, Chinese Academy of Sciences, Beijing, 100190, China; Graduate School, University of Chinese Academy of Sciences, Beijing, 100190, China; Beijing Advanced Innovation Center for Big Data-Based Precision Medicine, School of Medicine and Engineering, Beihang University, Beijing, 100191, China.', 'firstname': 'Yueqi', 'initials': 'Y', 'lastname': 'Wang'}, {'affiliation': 'State Key Laboratory for Structural Chemistry of Unstable and Stable Species, Center for Molecular Sciences, Institute of Chemistry, Chinese Academy of Sciences, Beijing, 100190, China; Graduate School, University of Chinese Academy of Sciences, Beijing, 100190, China; Beijing Advanced Innovation Center for Big Data-Based Precision Medicine, School of Medicine and Engineering, Beihang University, Beijing, 100191, China.', 'firstname': 'Changjian', 'initials': 'C', 'lastname': 'Li'}, {'affiliation': 'State Key Laboratory for Structural Chemistry of Unstable and Stable Species, Center for Molecular Sciences, Institute of Chemistry, Chinese Academy of Sciences, Beijing, 100190, China; Graduate School, University of Chinese Academy of Sciences, Beijing, 100190, China.', 'firstname': 'Xiaojie', 'initials': 'X', 'lastname': 'Zhang'}, {'affiliation': 'Laboratory of Molecular Iron Metabolism, College of Life Science, Hebei Normal University, Hebei, Shijiazhuang, 050024, China.', 'firstname': 'Xiaoxuan', 'initials': 'X', 'lastname': 'Kang'}, {'affiliation': 'State Key Laboratory for Structural Chemistry of Unstable and Stable Species, Center for Molecular Sciences, Institute of Chemistry, Chinese Academy of Sciences, Beijing, 100190, China; Graduate School, University of Chinese Academy of Sciences, Beijing, 100190, China.', 'firstname': 'Yaru', 'initials': 'Y', 'lastname': 'Li'}, {'affiliation': 'State Key Laboratory for Structural Chemistry of Unstable and Stable Species, Center for Molecular Sciences, Institute of Chemistry, Chinese Academy of Sciences, Beijing, 100190, China; Graduate School, University of Chinese Academy of Sciences, Beijing, 100190, China.', 'firstname': 'Wenyu', 'initials': 'W', 'lastname': 'Zhang'}, {'affiliation': 'State Key Laboratory for Structural Chemistry of Unstable and Stable Species, Center for Molecular Sciences, Institute of Chemistry, Chinese Academy of Sciences, Beijing, 100190, China; Graduate School, University of Chinese Academy of Sciences, Beijing, 100190, China.', 'firstname': 'Yan', 'initials': 'Y', 'lastname': 'Chen'}, {'affiliation': 'State Key Laboratory for Structural Chemistry of Unstable and Stable Species, Center for Molecular Sciences, Institute of Chemistry, Chinese Academy of Sciences, Beijing, 100190, China.', 'firstname': 'Yang', 'initials': 'Y', 'lastname': 'Liu'}, {'affiliation': 'State Key Laboratory for Structural Chemistry of Unstable and Stable Species, Center for Molecular Sciences, Institute of Chemistry, Chinese Academy of Sciences, Beijing, 100190, China. Electronic address: wangwg@iccas.ac.cn.', 'firstname': 'Weigang', 'initials': 'W', 'lastname': 'Wang'}, {'affiliation': 'State Key Laboratory for Structural Chemistry of Unstable and Stable Species, Center for Molecular Sciences, Institute of Chemistry, Chinese Academy of Sciences, Beijing, 100190, China.', 'firstname': 'Maofa', 'initials': 'M', 'lastname': 'Ge'}, {'affiliation': 'State Key Laboratory for Structural Chemistry of Unstable and Stable Species, Center for Molecular Sciences, Institute of Chemistry, Chinese Academy of Sciences, Beijing, 100190, China. Electronic address: dulibo@iccas.ac.cn.', 'firstname': 'Libo', 'initials': 'L', 'lastname': 'Du'}]",,Copyright © 2021 Elsevier B.V. All rights reserved.,10.1016/j.tox.2021.152770,Toxicology,,,<Element 'PubmedArticle' at 0x72c63b2ccd60>
33476876,Geospatial analysis of individual-based Parkinson's disease data supports a link with air pollution: A case-control study.,2021-01-22,"Air pollution, Environment, Epidemiology, Parkinson's disease, Prevalence, Spatial dependence","The etiology of Parkinson's disease (PD) remains unknown. To approach the issue of PD's risk factors from a new perspective, we hypothesized that coupling the geographic distribution of PD with spatial statistics may provide new insights into environmental epidemiology research. The aim of this case-control study was to examine the spatial dependence of PD prevalence in the Canton of Geneva, Switzerland (population = 474,211).
PD cases were identified through Geneva University Hospitals, private neurologists and nursing homes medical records (n = 1115). Controls derived from a population-based study (n = 12,614) and a comprehensive population census dataset (n = 237,771). All individuals were geographically localized based on their place of residence. Spatial Getis-Ord Gi* statistics were used to identify clusters of high versus low disease prevalence. Confounder-adjustment was performed for age, sex, nationality and income. Tukey's honestly significant difference was used to determine whether nitrogen dioxide and particulate matters PM
Confounder-adjustment greatly reduced greatly the spatial association. Characteristics of the geographic space influenced PD prevalence in 6% of patients. PD hotspots were concentrated in the urban centre. There was a significant difference in mean annual nitrogen dioxide and PM
PD prevalence exhibited a spatial dependence for a small but significant proportion of patients. A positive association was detected between PD clusters and air pollution. Our data emphasize the multifactorial nature of PD and support a link between PD and air pollution.","[{'affiliation': 'Division of Neurology, Geneva University Hospitals, 1211, Geneva 14, Switzerland; Faculty of Medicine, University of Geneva, CMU, 1211, Geneva 4, Switzerland. Electronic address: Vanessa.FleuryNissen@hcuge.ch.', 'firstname': 'Vanessa', 'initials': 'V', 'lastname': 'Fleury'}, {'affiliation': 'Unit of Population Epidemiology, Division of Primary Care Medicine, Department of Primary Care Medicine, Geneva University Hospitals, 1211, Geneva 14, Switzerland; Geographic Information Research and Analysis in Population Health (GIRAPH) Group, Geneva University Hospitals, Geneva and Ecole Polytechnique Fédérale de Lausanne (EPFL), 1015, Lausanne, Switzerland; Laboratory of Geographical Information Systems (LASIG), School of Architecture, Civil and Environmental Engineering (ENAC), Ecole Polytechnique Fédérale de Lausanne (EPFL), 1015, Lausanne, Switzerland.', 'firstname': 'Rebecca', 'initials': 'R', 'lastname': 'Himsl'}, {'affiliation': 'Geographic Information Research and Analysis in Population Health (GIRAPH) Group, Geneva University Hospitals, Geneva and Ecole Polytechnique Fédérale de Lausanne (EPFL), 1015, Lausanne, Switzerland; Laboratory of Geographical Information Systems (LASIG), School of Architecture, Civil and Environmental Engineering (ENAC), Ecole Polytechnique Fédérale de Lausanne (EPFL), 1015, Lausanne, Switzerland; La Source, School of Nursing, University of Applied Sciences and Arts Western Switzerland (HES-SO), Lausanne, Switzerland.', 'firstname': 'Stéphane', 'initials': 'S', 'lastname': 'Joost'}, {'affiliation': 'Division of Neurology, Geneva University Hospitals, 1211, Geneva 14, Switzerland; Department of Psychiatry, University of Cambridge, UK.', 'firstname': 'Nicolas', 'initials': 'N', 'lastname': 'Nicastro'}, {'affiliation': 'Division of Neurology, Geneva University Hospitals, 1211, Geneva 14, Switzerland.', 'firstname': 'Matthieu', 'initials': 'M', 'lastname': 'Bereau'}, {'affiliation': 'Faculty of Medicine, University of Geneva, CMU, 1211, Geneva 4, Switzerland; Unit of Population Epidemiology, Division of Primary Care Medicine, Department of Primary Care Medicine, Geneva University Hospitals, 1211, Geneva 14, Switzerland; Geographic Information Research and Analysis in Population Health (GIRAPH) Group, Geneva University Hospitals, Geneva and Ecole Polytechnique Fédérale de Lausanne (EPFL), 1015, Lausanne, Switzerland.', 'firstname': 'Idris', 'initials': 'I', 'lastname': 'Guessous'}, {'affiliation': 'Division of Neurology, Geneva University Hospitals, 1211, Geneva 14, Switzerland; Faculty of Medicine, University of Geneva, CMU, 1211, Geneva 4, Switzerland.', 'firstname': 'Pierre R', 'initials': 'PR', 'lastname': 'Burkhard'}]",PD prevalence exhibited a spatial dependence for a small but significant proportion of patients. A positive association was detected between PD clusters and air pollution. Our data emphasize the multifactorial nature of PD and support a link between PD and air pollution.,Copyright © 2021 The Authors. Published by Elsevier Ltd.. All rights reserved.,10.1016/j.parkreldis.2020.12.013,Parkinsonism & related disorders,,Confounder-adjustment greatly reduced greatly the spatial association. Characteristics of the geographic space influenced PD prevalence in 6% of patients. PD hotspots were concentrated in the urban centre. There was a significant difference in mean annual nitrogen dioxide and PM,<Element 'PubmedArticle' at 0x72c63b2d5670>
"36101679
31770719
30065071
28332488
29706419
29236909
28572021
31454134
17445792
25951420
27285422
28886605
12401268
21666054
15173049
14676145
15496621
14501267
16079066
31583404
10615837
15929887
18272743
15051325
16053926
30931239
29056410
27733284",Air pollution and sudden death risk in patients with Parkinson's disease: Assessing the evidence to date.,2020-05-05,"Air Pollution, Parkinson Disease, Sudden Death",,"[{'affiliation': 'Disciplina de Neurociência. Escola Paulista de Medicina/Universidade Federal de São Paulo (EPM/UNIFESP), São Paulo, Brazil.', 'firstname': 'Mariana', 'initials': 'M', 'lastname': 'Nejm'}, {'affiliation': 'Disciplina de Neurociência. Escola Paulista de Medicina/Universidade Federal de São Paulo (EPM/UNIFESP), São Paulo, Brazil.', 'firstname': 'Marcia', 'initials': 'M', 'lastname': 'Guimarães-Marques'}, {'affiliation': 'Disciplina de Neurociência. Escola Paulista de Medicina/Universidade Federal de São Paulo (EPM/UNIFESP), São Paulo, Brazil.', 'firstname': 'Carla A', 'initials': 'CA', 'lastname': 'Scorza'}, {'affiliation': 'Disciplina de Neurociência. Escola Paulista de Medicina/Universidade Federal de São Paulo (EPM/UNIFESP), São Paulo, Brazil.', 'firstname': 'Daniella B', 'initials': 'DB', 'lastname': 'Victorino'}, {'affiliation': 'Krankenanstalt Rudolfstiftung, Messerli Institute, Vienna, Austria.', 'firstname': 'Josef', 'initials': 'J', 'lastname': 'Finsterer'}, {'affiliation': 'Departamento de Fonoaudiologia. Escola Paulista de Medicina/Universidade Federal de São Paulo (EPM/UNIFESP), São Paulo, Brazil.\nPrograma de Estudos Pós-Graduado Em Fonoaudiologia, Pontifícia Universidade Católica de São Paulo (PUC-SP), São Paulo, Brazil.', 'firstname': 'Ana C', 'initials': 'AC', 'lastname': 'Fiorini'}, {'affiliation': 'Disciplina de Neurociência. Escola Paulista de Medicina/Universidade Federal de São Paulo (EPM/UNIFESP), São Paulo, Brazil.', 'firstname': 'Fulvio A', 'initials': 'FA', 'lastname': 'Scorza'}]",,,10.1016/j.puhip.2020.100008,"Public health in practice (Oxford, England)",,,<Element 'PubmedArticle' at 0x72c63b0e13a0>
"31754997
29777524
29343241
19590691
28874701
12213603
27413152
22980357
22903797
7830065
17481795
1832073
8821054
3485428
25461423
16832218
21385734
11707429
17116648
12111452
20403794
15885266
27545971
12042811
24300193
19757210
12684742
21505849
16219024
26838361
23217306
29189118
16162857
20717537
12742365
28642381
15098329
23713084
9278044
24251381
2207882
10878589
27349232
21138437
20541584
6608979
28332488
26374473
11553618
26869347
21331603
24548101
27906991
28124620
12818360
18808931
22922102
6329674
28889024
16687518
17652776
7778844
12127150
21497832
19568912
17511846
2154550
11124998
23690738
12835121
19429081
17596439
19904590
16797138
19042691
15105268
23792957
12867501
11821154
7612302
16808967
28838722
17566121
23045187
2725805
10220107
15585363
28671142
21165659
11460878
15646263
17114838
16242641
20855423
16402116
26022042
29248465
9191770
25231526
17562938
17439924
24060637
15790530
26217195
25721997
7646890
12670420
19270050
20563819
28491292
29390334
28150045
27401947
11238711
18945687
17408840
24050700
23105815
12971891
26782330
28176196
23508043
15936733
19385059
16581534
27720003
20889164
18383118
26962053
24954801
29705946
16893418
19464365
27196972
2861548
7716790
12763259
28660222
21269927
26953346
24269752
9065542
11100151
22754573",The Role of Xenobiotics and Trace Metals in Parkinson's Disease.,2019-11-23,"Alpha-synuclein, Chelating agents, Dopamine, Iron, Manganese, Oxidative stress, Substantia nigra","Research on the etiopathogenesis of Parkinson's disease (PD) has in the very recent years earned many insightful cues about the involvement of xenobiotics and metal pollutants in the onset and exacerbation of this neurodegenerative disorder. Furthermore, particularly for metal pollutants, the hypothesis about the role exerted by impaired mitochondrial function is gaining a leading causative role. In this review, we outline the role of environmental pollution in the pathogenesis of PD, as the prolonged exposure to xenobiotics may account for the majority of PD reported cases, expanding the debate also about some suggested therapeutic approaches.","[{'affiliation': 'Council for Nutritional and Environmental Medicine (CONEM), Toften 24, 8610, Mo i Rana, Norway. bjorklund@conem.org.', 'firstname': 'Geir', 'initials': 'G', 'lastname': 'Bjørklund'}, {'affiliation': 'Razi Vaccine and Serum Research Institute, Agricultural Research, Education and Extension Organization (AREEO), Karaj, Iran.', 'firstname': 'Maryam', 'initials': 'M', 'lastname': 'Dadar'}, {'affiliation': 'Department of Neurosciences, Biomedicine and Movement Sciences, University of Verona, Verona, Italy.\nCONEM Scientific Secretary, Verona, Italy.', 'firstname': 'Salvatore', 'initials': 'S', 'lastname': 'Chirumbolo'}, {'affiliation': 'Research Department, Innlandet Hospital Trust, Brumunddal, Norway.\nIM Sechenov First Moscow State Medical University (Sechenov University), Moscow, Russia.', 'firstname': 'Jan', 'initials': 'J', 'lastname': 'Aaseth'}]",,,10.1007/s12035-019-01832-1,Molecular neurobiology,,,<Element 'PubmedArticle' at 0x72c63b0eb420>
"30203060
24398937
21850687
19782702
10215476
27482103
27566828
16150496
28527591
16565714
11029688
28882997
22776331
19385059
22309908
14691213
26119225
8670890
16242641
23383169
15893801
19270050
22964486
18367607
19042691
29054412
29602772
24727577
24008734
15866053
23108585
15601679
28417442
27086301
24184051
20049211
20798600
28378122
25284487
18808452
26091541
18604209
13611557
18453001
27669650
22166438
21296874
18604214
29467305
19667183
26435000
29437953
26200799
15075209
23416140
9560156
22315721
18362170
29108776
28822065
28595911
6823561
28466394
29786072
22611033
28550072
9191770
28821568
29054699
15953827
27383986
22612568
23161999
24723133
11707429
12716914
19907334
27708076
27982501
28903492
20404107
15519605
12127150
28159219
29665074
16185251
23809161
15603924
26083549
26577567
7576819
15105268
28842186
16797138
25653548
23205266
15527875
17036048
25611507
22949820
17166727
28031394
6333204
24975276
22298416
12183638
26826584
28096454
22975423
24060432
29057315
29057315
19167454
28940479
20303873
27325789
14645467
22342844
12763259
11430870
24723132
28755477
21269927
19913097
18341998
17624522
15087508
27708160
27008885
19966284
30131971
24436061
27482083
29071302
23376588
29376878
22228096
28318352
16912982
27959620
26416893
10943868
25594175
28202418
19902387
24093676
26215101
26853432
24277523
18836210
20023662
21124315
26497020",Inflammasomes: An Emerging Mechanism Translating Environmental Toxicant Exposure Into Neuroinflammation in Parkinson's Disease.,2018-09-12,,"Evidence indicates that complex gene-environment interactions underlie the incidence and progression of Parkinson's disease (PD). Neuroinflammation is a well-characterized feature of PD widely believed to exacerbate the neurodegenerative process. Environmental toxicants associated with PD, such as pesticides and heavy metals, can cause cellular damage and stress potentially triggering an inflammatory response. Toxicant exposure can cause stress and damage to cells by impairing mitochondrial function, deregulating lysosomal function, and enhancing the spread of misfolded proteins. These stress-associated mechanisms produce sterile triggers such as reactive oxygen species (ROS) along with a variety of proteinaceous insults that are well documented in PD. These associations provide a compelling rationale for analysis of sterile inflammatory mechanisms that may link environmental exposure to neuroinflammation and PD progression. Intracellular inflammasomes are cytosolic assemblies of proteins that contain pattern recognition receptors, and a growing body of evidence implicates the association between inflammasome activation and neurodegenerative disease. Characterization of how inflammasomes may function in PD is a high priority because the majority of PD cases are sporadic, supporting the widely held belief that environmental exposure is a major factor in disease initiation and progression. Inflammasomes may represent a common mechanism that helps to explain the strong association between exposure and PD by mechanistically linking environmental toxicant-driven cellular stress with neuroinflammation and ultimately cell death.","[{'affiliation': 'Department of Molecular and Systems Biology.', 'firstname': 'Faith L', 'initials': 'FL', 'lastname': 'Anderson'}, {'affiliation': 'Department of Molecular and Systems Biology.', 'firstname': 'Madeleine M', 'initials': 'MM', 'lastname': 'Coffey'}, {'affiliation': 'Department of Microbiology and Immunology, Geisel School of Medicine at Dartmouth, Lebanon, New Hampshire 03756.', 'firstname': 'Brent L', 'initials': 'BL', 'lastname': 'Berwin'}, {'affiliation': 'Department of Molecular and Systems Biology.', 'firstname': 'Matthew C', 'initials': 'MC', 'lastname': 'Havrda'}]",,,10.1093/toxsci/kfy219,Toxicological sciences : an official journal of the Society of Toxicology,,,<Element 'PubmedArticle' at 0x72c63b11dcb0>
30124852,"Effects of ambient air pollution on incident Parkinson's disease in Ontario, 2001 to 2013: a population-based cohort study.",2018-08-21,,"Despite recent studies linking air pollution to neurodegenerative illness, evidence relating air pollution and Parkinson's disease (PD) remains scarce. We conducted a population-based cohort study in Ontario, Canada, to determine the association between air pollution and incident PD.
Using health administrative databases, we identified all adults aged 55-85 years, free of PD, and who lived in Ontario on 1 April 2001 (∼2.2 million). Individuals were followed up until 31 March 2013. We derived long-term average exposures to fine particulate matter (particles ≤2.5 µm in diameter, or PM2.5), nitrogen dioxide (NO2) and ozone from satellite-based estimates, land-use regression models and optimal interpolation methods, respectively. Using 2-year lags in exposures, we linked these estimates to individuals' annual postal codes from 1994 (7 years before cohort inception). We applied spatial random-effects Cox proportional hazards models, adjusting for individual- and area-level characteristics. We also performed sensitivity analyses, such as considering longer lags in exposures and stratifying by selected characteristics.
During the study period, we identified 38 745 newly diagnosed cases of PD. Each interquartile increment (3.8 µg/m3) of PM2.5 was associated with a 4% increase in incident PD (95% confidence interval, 1.01-1.08) after adjusting for various covariates. We also found positive associations for NO2 and ozone [hazard ratios (HRs) ranged from 1.03 to 1.04]. The associations for all exposures were unaltered with various sensitivity analyses except for considering longer lags, which somewhat attenuated the estimates, particularly for NO2 and ozone.
Exposure to air pollution, especially PM2.5, was found to be related to incident PD.","[{'affiliation': 'Department of Environmental and Occupational Health, Public Health Ontario, Toronto, ON, Canada.\nDalla Lana School of Public Health, University of Toronto, Toronto, ON, Canada.', 'firstname': 'Saeha', 'initials': 'S', 'lastname': 'Shin'}, {'affiliation': 'Population Studies Division, Health Canada, Ottawa, ON, Canada.', 'firstname': 'Richard T', 'initials': 'RT', 'lastname': 'Burnett'}, {'affiliation': 'Dalla Lana School of Public Health, University of Toronto, Toronto, ON, Canada.\nPrimary Care & Population Health Research Program, Institute for Clinical Evaluative Sciences, Toronto, ON, Canada.\nDepartment of Family and Community Medicine, University of Toronto, Toronto, ON, Canada.\nToronto Western Hospital Family Health Team, University Health Network, Toronto, ON, Canada.\nDepartment of Applied Immunization Research, Public Health Ontario, Toronto, ON, Canada.', 'firstname': 'Jeffrey C', 'initials': 'JC', 'lastname': 'Kwong'}, {'affiliation': 'College of Public Health and Human Studies, Oregon State University, Corvallis, OR, USA.', 'firstname': 'Perry', 'initials': 'P', 'lastname': 'Hystad'}, {'affiliation': 'Department of Physics and Atmospheric Science, Dalhousie University, Halifax, NS, Canada.', 'firstname': 'Aaron', 'initials': 'A', 'lastname': 'van Donkelaar'}, {'affiliation': 'Dalla Lana School of Public Health, University of Toronto, Toronto, ON, Canada.\nAir Quality Research Division, Environment Canada, Toronto, ON, Canada.', 'firstname': 'Jeffrey R', 'initials': 'JR', 'lastname': 'Brook'}, {'affiliation': 'Department of Environmental and Occupational Health, Public Health Ontario, Toronto, ON, Canada.\nDalla Lana School of Public Health, University of Toronto, Toronto, ON, Canada.', 'firstname': 'Ray', 'initials': 'R', 'lastname': 'Copes'}, {'affiliation': 'Department of Family and Community Medicine, University of Toronto, Toronto, ON, Canada.\nToronto Western Hospital Family Health Team, University Health Network, Toronto, ON, Canada.', 'firstname': 'Karen', 'initials': 'K', 'lastname': 'Tu'}, {'affiliation': 'Department of Medicine, McGill University, Montreal, QC, Canada.\nDivision of Clinical Epidemiology, McGill University Health Centre, Montreal, QC, Canada.', 'firstname': 'Mark S', 'initials': 'MS', 'lastname': 'Goldberg'}, {'affiliation': 'Department of Health Sciences, Carleton University, Ottawa, ON, Canada.', 'firstname': 'Paul J', 'initials': 'PJ', 'lastname': 'Villeneuve'}, {'affiliation': 'Department of Physics and Atmospheric Science, Dalhousie University, Halifax, NS, Canada.\nSmithsonian Astrophysical Observatory, Harvard-Smithsonian Center for Astrophysics, Cambridge, MA, USA.', 'firstname': 'Randall V', 'initials': 'RV', 'lastname': 'Martin'}, {'affiliation': 'Department of Medicine, University of Toronto, Toronto, ON, Canada.\nDivision of Neurology, Sunnybrook Health Sciences Centre, Toronto, ON, Canada.', 'firstname': 'Brian J', 'initials': 'BJ', 'lastname': 'Murray'}, {'affiliation': 'Primary Care & Population Health Research Program, Institute for Clinical Evaluative Sciences, Toronto, ON, Canada.', 'firstname': 'Andrew S', 'initials': 'AS', 'lastname': 'Wilton'}, {'affiliation': 'Primary Care & Population Health Research Program, Institute for Clinical Evaluative Sciences, Toronto, ON, Canada.', 'firstname': 'Alexander', 'initials': 'A', 'lastname': 'Kopp'}, {'affiliation': 'Department of Environmental and Occupational Health, Public Health Ontario, Toronto, ON, Canada.\nDalla Lana School of Public Health, University of Toronto, Toronto, ON, Canada.\nPrimary Care & Population Health Research Program, Institute for Clinical Evaluative Sciences, Toronto, ON, Canada.', 'firstname': 'Hong', 'initials': 'H', 'lastname': 'Chen'}]",,,10.1093/ije/dyy172,International journal of epidemiology,,"During the study period, we identified 38 745 newly diagnosed cases of PD. Each interquartile increment (3.8 µg/m3) of PM2.5 was associated with a 4% increase in incident PD (95% confidence interval, 1.01-1.08) after adjusting for various covariates. We also found positive associations for NO2 and ozone [hazard ratios (HRs) ranged from 1.03 to 1.04]. The associations for all exposures were unaltered with various sensitivity analyses except for considering longer lags, which somewhat attenuated the estimates, particularly for NO2 and ozone.",<Element 'PubmedArticle' at 0x72c63b161fd0>
"29209972
9191770
24568596
20094060
25428622
16908987
17600522
26515233
16242641
21655332
23380027
19160545
20547124
11100151
21922334
17017539
20220126
9802272
23106139
9872254
26123636
23402800
20497720
20855423
23244436
26580326
8599561
19801673
26942037
23150532
17188257
24486957
23713084
25815770
24389362
21269927
21167764
20558393
19524782
22776331
21505849
23950519
18253895
20807691",PBPK/PD assessment for Parkinson's disease risk posed by airborne pesticide paraquat exposure.,2017-12-07,"PBPK/PD, Paraquat, Parkinson’s disease, Pesticide, Population exposure-response function, Probabilistic risk assessment","Exposure to several specific pesticides has led to an increase of Parkinson's disease (PD) risk. However, it is difficult to quantify the PD population risk related to certain pesticides in regions where environmental exposure data are scarce. Furthermore, the time trend of the prevalence and incidence of PD embedded in the background relationship between PD risk and pesticide exposures has not been well characterized. It has been convincingly identified that a key pesticide associated significantly with an increased risk trend of PD is paraquat (PQ). Here, we present a novel, probabilistic population-based exposure-response approach to quantify the contribution from PQ exposure to prevalence risk of PD. We found that the largest PQ exposure contributions occurred in its positive trend during 2004-2011, with the PQ contributing nearly 21 and 24%, respectively, to the PD prevalence rates among the age groups of 70-79 and ≥ 80 years in Taiwan. We also employed the present population risk model to predict the PQ-induced PD prevalence based on the projected rates of increase in PQ exposure associated with age-specific population. The predicted outcome can be used as an early warning signal for public health authorities. We suggest that a mechanistic understanding of the contribution of a specific pesticide exposure to PD risk trends is crucial to enhance our insights into the perspective on the impacts of environmental exposure on the neurodegenerative diseases.","[{'affiliation': 'Institute of Computational Comparative Medicine, Department of Anatomy and Physiology, Kansas State University, Manhattan, KS, 66506, USA.', 'firstname': 'Yi-Hsien', 'initials': 'YH', 'lastname': 'Cheng'}, {'affiliation': 'National Institute of Environmental Health Sciences, National Health Research Institutes, Miaoli County, 35053, Taiwan, Republic of China.', 'firstname': 'Wei-Chun', 'initials': 'WC', 'lastname': 'Chou'}, {'affiliation': 'Department of Bioenvironmental Systems Engineering, National Taiwan University, Taipei, 10617, Taiwan, Republic of China.', 'firstname': 'Ying-Fei', 'initials': 'YF', 'lastname': 'Yang'}, {'affiliation': 'Department of Bioenvironmental Systems Engineering, National Taiwan University, Taipei, 10617, Taiwan, Republic of China.', 'firstname': 'Chi-Wei', 'initials': 'CW', 'lastname': 'Huang'}, {'affiliation': 'Department of Bioenvironmental Systems Engineering, National Taiwan University, Taipei, 10617, Taiwan, Republic of China.', 'firstname': 'Chun Ming', 'initials': 'CM', 'lastname': 'How'}, {'affiliation': 'Department of Public Health, Chung Shan Medical University, Taichung, 40201, Taiwan, Republic of China.\nDepartment of Family and Community Medicine, Chung Shan Medical University Hospital, Taichung, 40201, Taiwan, Republic of China.', 'firstname': 'Szu-Chieh', 'initials': 'SC', 'lastname': 'Chen'}, {'affiliation': 'Department of Biomedical Science and Environmental Biology, Kaohsiung Medical University, Kaohsiung, 80708, Taiwan, Republic of China.', 'firstname': 'Wei-Yu', 'initials': 'WY', 'lastname': 'Chen'}, {'affiliation': 'Department of Veterinary Integrative Biosciences, College of Veterinary Medicine and Biomedical Sciences, Texas A&M University, College Station, TX, 77845, USA.', 'firstname': 'Nan-Hung', 'initials': 'NH', 'lastname': 'Hsieh'}, {'affiliation': 'Institute of Food Safety and Health Risk Assessment, National Yang-Ming University, Taipei, 11221, Taiwan, Republic of China.', 'firstname': 'Yi-Jun', 'initials': 'YJ', 'lastname': 'Lin'}, {'affiliation': 'National Institute of Environmental Health Sciences, National Health Research Institutes, Miaoli County, 35053, Taiwan, Republic of China.', 'firstname': 'Shu-Han', 'initials': 'SH', 'lastname': 'You'}, {'affiliation': 'Department of Bioenvironmental Systems Engineering, National Taiwan University, Taipei, 10617, Taiwan, Republic of China. cmliao@ntu.edu.tw.', 'firstname': 'Chung-Min', 'initials': 'CM', 'lastname': 'Liao'}]",,,10.1007/s11356-017-0875-4,Environmental science and pollution research international,,,<Element 'PubmedArticle' at 0x72c63b1731f0>
"28809934
19029991
21890573
22074722
21771295
21227886
25738666
25614339
22052517
15513908
22523504
25115939
27239507
17445792
20959505
24905870
25294559
26151951
17261678
19716187
20625084
28644969
12051555
14692621
19297138
18349428
9761765
22285144
22178536
12777365
17635983
21505849
24142978
21378214
20625085
26156952
17584757
20308684
22387374
22505763
23071076
25650675
28099356
25951420
27285422
22194192
18569631
18263666
15527881
16961926
17911161
18550243
11353144",Long-term exposure to air pollution and the incidence of Parkinson's disease: A nested case-control study.,2017-08-16,,"Previous studies revealed that chronic exposure to air pollution can significantly increase the risk of the development of Parkinson's disease (PD), but this relationship is inconclusive as large-scale prospective studies are limited and the results are inconsistent. Therefore, the purpose of this study was to ascertain the adverse health effects of air pollution exposure in a nationwide population using a longitudinal approach.
We conducted a nested case-control study using the National Health Insurance Research Dataset (NHIRD), which consisted of 1,000,000 beneficiaries in the National Health Insurance Program (NHI) in the year 2000 and their medical records from 1995 to 2013 and using public data on air pollution concentrations from monitoring stations across Taiwan released from the Environmental Protection Administration to identify people with ages ≥ 40 years living in areas with monitoring stations during 1995-1999 as study subjects. Then, we excluded subjects with PD, dementia, stroke and diabetes diagnosed before Jan. 1, 2000 and obtained 54,524 subjects to follow until Dec. 31, 2013. In this observational period, 1060 newly diagnosed PD cases were identified. 4240 controls were randomly selected from those without PD using a matching strategy for age, sex, the year of PD diagnosis and the year of entering the NHI program at a ratio of 1:4. Ten elements of air pollution were examined, and multiple logistic regression models were used to measure their risks in subsequent PD development.
The incidence of PD in adults aged ≥ 40 years was 1.9%, and the median duration for disease onset was 8.45 years. None of the chemical compounds (SO2, O3, CO, NOx, NO, NO2, THC, CH4, or NMHC) significantly affected the incidence of PD except for particulate matter. PM10 exposure showed significant effects on the likelihood of PD development (T3 level: > 65μg/m3 versus T1 level: ≤ 54μg/m3; OR = 1.35, 95% CI = 1.12-1.62, 0.001 ≤ P < 0.01). In addition, comorbid conditions such as dementia (ORs = 3.53-3.93, Ps < 0.001), stroke (ORs = 2.99-3.01, Ps < 0.001), depression (ORs = 2.51-2.64, Ps < 0.001), head injury (ORs = 1.24-1.29, 0.001 ≤ Ps < 0.01 or 0.01 ≤ Ps < 0.05), sleep disorder (OR = 1.23-1.26, 0.001 ≤ Ps < 0.01), and hypertension (ORs = 1.18-1.19, 0.01 ≤ Ps < 0.05) also significantly increased the risk for PD development.
Although PM10 plays a significant role in PD development, the associated chemical/metal compounds that are capable of inducing adverse biological mechanisms still warrant further exploration. Because of a link between comorbid conditions and PM exposure, research on the causal relationship between long-term exposure to PM and the development of PD should be considered with caution because other possible modifiers or mediators, comorbid diseases in particular, may be involved.","[{'affiliation': 'Department of Public Health, China Medical University, Taichung, Taiwan.\nGraduate Institute of Clinical Medical Science, College of Medicine, China Medical University, Taichung, Taiwan.', 'firstname': 'Chiu-Ying', 'initials': 'CY', 'lastname': 'Chen'}, {'affiliation': 'Department of Public Health, China Medical University, Taichung, Taiwan.', 'firstname': 'Hui-Jung', 'initials': 'HJ', 'lastname': 'Hung'}, {'affiliation': 'Graduate Institute of Clinical Medical Science, College of Medicine, China Medical University, Taichung, Taiwan.', 'firstname': 'Kuang-Hsi', 'initials': 'KH', 'lastname': 'Chang'}, {'affiliation': 'Graduate Institute of Clinical Medical Science, College of Medicine, China Medical University, Taichung, Taiwan.', 'firstname': 'Chung Y', 'initials': 'CY', 'lastname': 'Hsu'}, {'affiliation': 'Management Office for Health Data, China Medical University Hospital, Taichung, Taiwan.', 'firstname': 'Chih-Hsin', 'initials': 'CH', 'lastname': 'Muo'}, {'affiliation': 'School of Medicine, College of Medicine, China Medical University, Taichung, Taiwan.\nDepartment of Neurology, China Medical University Hospital, Taichung, Taiwan.', 'firstname': 'Chon-Haw', 'initials': 'CH', 'lastname': 'Tsai'}, {'affiliation': 'Department of Healthcare Administration, Asia University, Taichung, Taiwan.', 'firstname': 'Trong-Neng', 'initials': 'TN', 'lastname': 'Wu'}]",,,"10.1371/journal.pone.0182834
10.1038/ncpcardio1399
10.1136/thoraxjnl-2011-200711
10.2337/dc11-1155
10.1186/1476-069X-10-67
10.1289/ehp.1002353
10.1056/NEJMoa1414123
10.1016/j.envres.2015.01.009
10.1161/STROKEAHA.111.629246
10.1080/01926230490520232
10.1155/2012/472751
10.1371/journal.pone.0103078
10.1016/j.envres.2007.03.002
10.1093/aje/kwq303
10.1289/ehp.1307218
10.1186/1476-069X-13-80
10.1289/ehp.1409313
10.1212/01.wnl.0000252807.38124.a3
10.1016/j.tins.2009.05.009
10.1001/archneurol.2010.135
10.1016/j.clineuro.2017.06.010
10.1080/01926230252929954
10.1080/01926230390226645
10.1177/0192623307313011
10.1165/ajrcmb.19.4.3176
10.1016/j.neuro.2012.01.007
10.1016/j.neuro.2011.12.001
10.1136/jnnp.2006.104695
10.1007/s10654-011-9574-5
10.1136/oemed-2013-101444
10.2337/dc10-1922
10.1001/archneurol.2010.120
10.5664/jcsm.5274
10.1093/aje/kwm127
10.1212/WNL.0b013e3181d5a4a3
10.1093/aje/kwr362
10.1093/aje/kwr451
10.1002/ana.23687
10.4088/JCP.13m08790
10.1097/MD.0000000000005921
10.1097/JOM.0000000000000451
10.1289/EHP135
10.1007/s13181-011-0203-1
10.1080/15287390801997732
10.1152/ajplung.00442.2007
10.1016/j.neuro.2004.08.003
10.1186/1743-8977-3-13
10.1016/j.bandc.2008.04.008",PloS one,,"The incidence of PD in adults aged ≥ 40 years was 1.9%, and the median duration for disease onset was 8.45 years. None of the chemical compounds (SO2, O3, CO, NOx, NO, NO2, THC, CH4, or NMHC) significantly affected the incidence of PD except for particulate matter. PM10 exposure showed significant effects on the likelihood of PD development (T3 level: > 65μg/m3 versus T1 level: ≤ 54μg/m3; OR = 1.35, 95% CI = 1.12-1.62, 0.001 ≤ P < 0.01). In addition, comorbid conditions such as dementia (ORs = 3.53-3.93, Ps < 0.001), stroke (ORs = 2.99-3.01, Ps < 0.001), depression (ORs = 2.51-2.64, Ps < 0.001), head injury (ORs = 1.24-1.29, 0.001 ≤ Ps < 0.01 or 0.01 ≤ Ps < 0.05), sleep disorder (OR = 1.23-1.26, 0.001 ≤ Ps < 0.01), and hypertension (ORs = 1.18-1.19, 0.01 ≤ Ps < 0.05) also significantly increased the risk for PD development.",<Element 'PubmedArticle' at 0x72c63b186d90>
"27285422
12762576
19716187
22981845
12498954
18752169
15173049
12051555
19297138
23509683
21955814
14692621
18349428
25147109
20220126
12447934
20123621
23451061
17445792
23892126
17098842
17961138
19672412
9609774
16849812
25951420
21864400
25913161
21520942
23975108
20682521
25294559
24905870
26151951
24015108
11744517
15804941
17584757
20959505",Ambient Air Pollution Exposures and Risk of Parkinson Disease.,2016-11-02,,"Few epidemiologic studies have evaluated the effects of air pollution on the risk of Parkinson disease (PD).
We investigated the associations of long-term residential concentrations of ambient particulate matter (PM) < 10 μm in diameter (PM10) and < 2.5 μm in diameter (PM2.5) and nitrogen dioxide (NO2) in relation to PD risk.
Our nested case-control analysis included 1,556 self-reported physician-diagnosed PD cases identified between 1995 and 2006 and 3,313 controls frequency-matched on age, sex, and race. We geocoded home addresses reported in 1995-1996 and estimated the average ambient concentrations of PM10, PM2.5, and NO2 using a national fine-scale geostatistical model incorporating roadway information and other geographic covariates. Air pollutant exposures were analyzed as both quintiles and continuous variables, adjusting for matching variables and potential confounders.
We observed no statistically significant overall association between PM or NO2 exposures and PD risk. However, in preplanned subgroup analyses, a higher risk of PD was associated with higher exposure to PM10 (ORQ5 vs. Q1 = 1.65; 95% CI: 1.11, 2.45; p-trend = 0.02) among women, and with higher exposure to PM2.5 (ORQ5 vs. Q1 = 1.29; 95% CI: 0.94, 1.76; p-trend = 0.04) among never smokers. In post hoc analyses among female never smokers, both PM2.5 (ORQ5 vs. Q1 = 1.79; 95% CI: 1.01, 3.17; p-trend = 0.05) and PM10 (ORQ5 vs. Q1 = 2.34; 95% CI: 1.29, 4.26; p-trend = 0.01) showed positive associations with PD risk. Analyses based on continuous exposure variables generally showed similar but nonsignificant associations.
Overall, we found limited evidence for an association between exposures to ambient PM10, PM2.5, or NO2 and PD risk. The suggestive evidence that exposures to PM2.5 and PM10 may increase PD risk among female never smokers warrants further investigation. Citation: Liu R, Young MT, Chen JC, Kaufman JD, Chen H. 2016. Ambient air pollution exposures and risk of Parkinson disease. Environ Health Perspect 124:1759-1765; http://dx.doi.org/10.1289/EHP135.","[{'affiliation': 'Epidemiology Branch, National Institute of Environmental Health Sciences, National Institutes of Health, Department of Health and Human Services, Research Triangle Park, North Carolina, USA.', 'firstname': 'Rui', 'initials': 'R', 'lastname': 'Liu'}, {'affiliation': None, 'firstname': 'Michael T', 'initials': 'MT', 'lastname': 'Young'}, {'affiliation': None, 'firstname': 'Jiu-Chiuan', 'initials': 'JC', 'lastname': 'Chen'}, {'affiliation': None, 'firstname': 'Joel D', 'initials': 'JD', 'lastname': 'Kaufman'}, {'affiliation': None, 'firstname': 'Honglei', 'initials': 'H', 'lastname': 'Chen'}]",,,"10.1289/EHP135
10.1155/2013/161687
10.1289/ehp.0900994
10.1371/journal.pone.0056636
10.1186/1742-2094-8-105
10.1186/1476-069X-13-80
10.1289/ehp.1307218
10.1289/ehp.1409313",Environmental health perspectives,,"We observed no statistically significant overall association between PM or NO2 exposures and PD risk. However, in preplanned subgroup analyses, a higher risk of PD was associated with higher exposure to PM10 (ORQ5 vs. Q1 = 1.65; 95% CI: 1.11, 2.45; p-trend = 0.02) among women, and with higher exposure to PM2.5 (ORQ5 vs. Q1 = 1.29; 95% CI: 0.94, 1.76; p-trend = 0.04) among never smokers. In post hoc analyses among female never smokers, both PM2.5 (ORQ5 vs. Q1 = 1.79; 95% CI: 1.01, 3.17; p-trend = 0.05) and PM10 (ORQ5 vs. Q1 = 2.34; 95% CI: 1.29, 4.26; p-trend = 0.01) showed positive associations with PD risk. Analyses based on continuous exposure variables generally showed similar but nonsignificant associations.",<Element 'PubmedArticle' at 0x72c63b1ab4c0>
27614945,Traffic-related air pollution increased the risk of Parkinson's disease in Taiwan: A nationwide study.,2016-10-23,"Ambient air pollution, Parkinson's disease","Ambient air pollution has been associated with many health conditions, but little is known about its effects on neurodegenerative diseases, such as Parkinson's disease (PD). In this study, we investigated the influence of ambient air pollution on PD in a nationwide population-based case-control study in Taiwan.
We identified 11,117 incident PD patients between 2007 and 2009 from the Taiwanese National Health Insurance Research Database and selected 44,468 age- and gender-matched population controls from the longitudinal health insurance database. The average ambient pollutant exposure concentrations from 1998 through the onset of PD were estimated using quantile-based Bayesian Maximum Entropy models. Basing from logistic regression models, we estimated the odds ratios (ORs) and 95% confidence intervals (CIs) of ambient pollutant exposures and PD risk.
We observed positive associations between NO
This study suggests that ambient air pollution exposure, especially from traffic-related pollutants such as NO","[{'affiliation': 'Department of Health Care Management, College of Healthcare Administration and Management, National Taipei University of Nursing Health Sciences, Taiwan.', 'firstname': 'Pei-Chen', 'initials': 'PC', 'lastname': 'Lee'}, {'affiliation': 'Department of Health Care Management, College of Healthcare Administration and Management, National Taipei University of Nursing Health Sciences, Taiwan.', 'firstname': 'Li-Ling', 'initials': 'LL', 'lastname': 'Liu'}, {'affiliation': 'Department of Neurology, En Chu Kong Hospital, Sanxia District, New Taipei City, Taiwan.', 'firstname': 'Yu', 'initials': 'Y', 'lastname': 'Sun'}, {'affiliation': 'Department of Bioenvironmental Systems Engineering, National Taiwan University, Taiwan.', 'firstname': 'Yu-An', 'initials': 'YA', 'lastname': 'Chen'}, {'affiliation': 'Department of Public Health, College of Medicine, National Cheng Kung University, Tainan, Taiwan.', 'firstname': 'Chih-Ching', 'initials': 'CC', 'lastname': 'Liu'}, {'affiliation': 'Department of Public Health, College of Medicine, National Cheng Kung University, Tainan, Taiwan; Department of Public Health, College of Public Health, China Medical University, Taichung, Taiwan.', 'firstname': 'Chung-Yi', 'initials': 'CY', 'lastname': 'Li'}, {'affiliation': 'Department of Bioenvironmental Systems Engineering, National Taiwan University, Taiwan. Electronic address: hlyu@ntu.edu.tw.', 'firstname': 'Hwa-Lung', 'initials': 'HL', 'lastname': 'Yu'}, {'affiliation': 'Department of Neurology, School of Medicine, University of California at Los Angeles, California, USA; Department of Epidemiology, Fielding School of Public Health, University of California at Los Angeles, California, USA.', 'firstname': 'Beate', 'initials': 'B', 'lastname': 'Ritz'}]",,Copyright © 2016 Elsevier Ltd. All rights reserved.,10.1016/j.envint.2016.08.017,Environment international,,We observed positive associations between NO,<Element 'PubmedArticle' at 0x72c63b1d46d0>
27697291,[Geographical distribution of mortality by Parkinson's disease and its association with air lead levels in Spain].,2016-10-05,"Enfermedad de Parkinson, Lead, Material particulado, Parkinson's disease, Particulate matter, Plomo","Parkinson's disease (PD) is the second most common neurodegenerative disease, and the etiology of its sporadic form is unknown. The present study analyzes the temporal and spatial variations of mortality by PD in Spain over a period of 14 years and its relationship with lead concentration levels in the atmosphere.
An ecological study was performed, in which deaths by PD and age group in 50 Spanish provinces between 2000 and 2013 were analyzed. The annual trend of PD mortality was assessed using the non-parametric Spearman's Rho test. Finally, the relationship between lead concentration levels in the air and mortality by PD was evaluated.
Between 2000 and 2013, 36,180 patients with PD died in Spain. There is an increasing trend in mortality through PD over the study period (P<.0001). La Rioja, Asturias, Basque Country and the Lower Ebro valley were the regions with the highest values of PD mortality. Those regions with the highest lead concentrations also showed higher mortality by this disease in people over 64 (P=.02).
Over our period of study, there has been an increase in mortality through PD in Spain, with the northernmost half of the country registering the highest values. Mortality in men was higher than mortality in women. Moreover, a direct correlation was found between lead levels in the air and mortality through PD.","[{'affiliation': 'Unidad de Medicina Legal, Departamento de Fisiología y Farmacología, Universidad de Cantabria, Santander, España. Electronic address: ana.santurtun@unican.es.', 'firstname': 'Ana', 'initials': 'A', 'lastname': 'Santurtún'}, {'affiliation': 'Área de Investigación de Neurociencias, Instituto de Investigación Sanitaria Biodonostia, San Sebastián, Guipúzcoa, España.', 'firstname': 'Manuel', 'initials': 'M', 'lastname': 'Delgado-Alvarado'}, {'affiliation': 'TICNOR S. L., Santander, España.', 'firstname': 'Alejandro', 'initials': 'A', 'lastname': 'Villar'}, {'affiliation': 'Servicio de Neurología, Hospital Universitario Marqués de Valdecilla-IDIVAL (CIBERNED), Santander, España.', 'firstname': 'Javier', 'initials': 'J', 'lastname': 'Riancho'}]",,"Copyright © 2016 Elsevier España, S.L.U. All rights reserved.",10.1016/j.medcli.2016.07.022,Medicina clinica,"An ecological study was performed, in which deaths by PD and age group in 50 Spanish provinces between 2000 and 2013 were analyzed. The annual trend of PD mortality was assessed using the non-parametric Spearman's Rho test. Finally, the relationship between lead concentration levels in the air and mortality by PD was evaluated.","Between 2000 and 2013, 36,180 patients with PD died in Spain. There is an increasing trend in mortality through PD over the study period (P<.0001). La Rioja, Asturias, Basque Country and the Lower Ebro valley were the regions with the highest values of PD mortality. Those regions with the highest lead concentrations also showed higher mortality by this disease in people over 64 (P=.02).",<Element 'PubmedArticle' at 0x72c63b1dc680>
"27073742
15328030
26328004
24553937
26031348
21994366
19818070
23768098
26408505
17265697
16518078
8701752
12677526
14714214
15621629
16564145
17659841
17982883
3915301",Ginsenoside Rd and ginsenoside Re offer neuroprotection in a novel model of Parkinson's disease.,2016-04-14,"CCl4, Ginsenoside Rd, Parkinson’s disease, dopaminergic neurons, ginsenoside Re","Ginsenosides are the main active constituents of Panax ginseng. Ginsenoside Re is one of the major ginsenosides; whereas hydrolysis products such as Rd appear to have higher biological activity though are present in smaller amounts. Ginsenosides, from their early use in folk medicine to modern studies, appear to exert beneficial actions against aging and even neurodegenerative disorders. Parkinson's disease is a progressive neurodegenerative movement disorder characterized by a profound loss of midbrain dopamine neurons in the substantia nigra pars compacta. Carbon tetrachloride (CCl4) exerts neurotoxic effects when present as an environmental pollutant. As a model compound it was used here to study the impact on primary nigrostriatal dopaminergic nerve cells and to investigate the neuroprotective potential of ginsenosides Rd and Re against this organic solvent. CCl4 (2.5 mM on day 12 in vitro for 48 h) significantly decreased the number of tyrosine hydroxylase (TH+) cells by 51% compared with untreated control cultures, reduced their neuritic lengths, and led to truncated degenerations of cell morphology. Ginsenosides Rd and Re (10 µM) strongly reduced cell loss and degeneration and significantly protected process lengths and numbers of neurites of TH+ cells. The anti-oxidative and anti-inflammatory potential of the cellular supernatant was lowered by CCl4 exposure. Inclusion of ginsenosides inhibited both oxidative stress and inflammation. Therefore the neuroprotective effects of ginsenosides at least partially depend on lowering oxidative stress and anti-inflammation.","[{'affiliation': ""School of Pharmacy, Jilin UniversityChangchun, 130021, China; Department of Neurosurgery, Brigham and Women's Hospital, Harvard Medical SchoolBoston, 02115, USA; Institute of Chemistry and Biochemistry, Veterinary Medical University ViennaVeterinaerplatz 1, A-1210 Vienna, Austria."", 'firstname': 'Xinmu', 'initials': 'X', 'lastname': 'Zhang'}, {'affiliation': 'Institute of Chemistry and Biochemistry, Veterinary Medical University Vienna Veterinaerplatz 1, A-1210 Vienna, Austria.', 'firstname': 'Yingzi', 'initials': 'Y', 'lastname': 'Wang'}, {'affiliation': 'College of Pharmacy, Xinjiang Medical University Xinyi Road No. 393, Urumqi, 830054, Xinjiang, China.', 'firstname': 'Cheng', 'initials': 'C', 'lastname': 'Ma'}, {'affiliation': 'Heilongjiang University of Chinese Medicine Harbin, 150040, China.', 'firstname': 'Yan', 'initials': 'Y', 'lastname': 'Yan'}, {'affiliation': 'Hunan University of Chinese Medicine Changsha, 410007, China.', 'firstname': 'Yang', 'initials': 'Y', 'lastname': 'Yang'}, {'affiliation': ""Department of Neurosurgery, Brigham and Women's Hospital, Harvard Medical School Boston, 02115, USA."", 'firstname': 'Xin', 'initials': 'X', 'lastname': 'Wang'}, {'affiliation': 'Institute of Chemistry and Biochemistry, Veterinary Medical University Vienna Veterinaerplatz 1, A-1210 Vienna, Austria.', 'firstname': 'Wolf-Dieter', 'initials': 'WD', 'lastname': 'Rausch'}]",,,,American journal of neurodegenerative disease,,,<Element 'PubmedArticle' at 0x72c63afe8040>
"26151951
21890573
22194192
19716187
15338272
19297138
18550243
15513908
18349428
15527881
19385059
19651612
22192366
22584158
22963366
16882521
17445792
20664293
18474546
19686202
1564476
16007641
21561831
23245609
22178536
23161999
21775347
2910056
19029991
21813214
15204759
12153769
25294559
24905870
21771295
21227886
10703843
21533671
15923244
23849322
22508279
19540476
16414948
20467864
22381086
20959505
12754258",Traffic-Related Air Pollution and Parkinson's Disease in Denmark: A Case-Control Study.,2015-07-08,,"Very little is currently known about air pollutants' adverse effects on neurodegenerative diseases even though recent studies have linked particulate exposures to brain pathologies associated with Parkinson's and Alzheimer's disease.
In the present study, we investigated long-term exposure to traffic-related air pollution and Parkinson's disease.
In a case-control study of 1,696 Parkinson's disease (PD) patients identified from Danish hospital registries and diagnosed 1996-2009 and 1,800 population controls matched by sex and year of birth, we assessed long-term traffic-related air pollutant exposures (represented by nitrogen dioxide; NO2) from a dispersion model, using residential addresses from 1971 to the date of diagnosis or first cardinal symptom for cases and the corresponding index date for their matched controls. Odds ratios (ORs) and 95% confidence intervals (CIs) were estimated with logistic regression, adjusting for matching factors and potential confounders.
We found ambient air pollution from traffic sources to be associated with risk of PD, with a 9% higher risk (95% CI: 3, 16.0%) per interquartile range increase (2.97 μg/m(3)) in modeled NO2. For participants living for ≥ 20 years in the capital city, ORs were larger (OR = 1.21; 95% CI: 1.11, 1.31) than in provincial towns (OR = 1.10; 95% CI: 0.97, 1.26), whereas there was no association among rural residents.
Our findings raise concerns about potential effects of air pollution from traffic and other sources on the risk of PD, particularly in populations with high or increasing exposures.","[{'affiliation': 'Department of Epidemiology, University of California at Los Angeles School of Public Health, Los Angeles, California, USA.', 'firstname': 'Beate', 'initials': 'B', 'lastname': 'Ritz'}, {'affiliation': None, 'firstname': 'Pei-Chen', 'initials': 'PC', 'lastname': 'Lee'}, {'affiliation': None, 'firstname': 'Johnni', 'initials': 'J', 'lastname': 'Hansen'}, {'affiliation': None, 'firstname': 'Christina Funch', 'initials': 'CF', 'lastname': 'Lassen'}, {'affiliation': None, 'firstname': 'Matthias', 'initials': 'M', 'lastname': 'Ketzel'}, {'affiliation': None, 'firstname': 'Mette', 'initials': 'M', 'lastname': 'Sørensen'}, {'affiliation': None, 'firstname': 'Ole', 'initials': 'O', 'lastname': 'Raaschou-Nielsen'}]",,,"10.1289/ehp.1409313
10.1289/ehp.9030
10.1289/ehp.1002986
10.1186/1476-069X-13-80
10.1289/ehp.1307218
10.1186/1476-069X-10-67
10.1289/ehp.1002353",Environmental health perspectives,,"We found ambient air pollution from traffic sources to be associated with risk of PD, with a 9% higher risk (95% CI: 3, 16.0%) per interquartile range increase (2.97 μg/m(3)) in modeled NO2. For participants living for ≥ 20 years in the capital city, ORs were larger (OR = 1.21; 95% CI: 1.11, 1.31) than in provincial towns (OR = 1.10; 95% CI: 0.97, 1.26), whereas there was no association among rural residents.",<Element 'PubmedArticle' at 0x72c63aff0b80>
24376148,"Combined exposure to agriculture pesticides, paraquat and maneb, induces alterations in the N/OFQ-NOPr and PDYN/KOPr systems in rats: Relevance to sporadic Parkinson's disease.",2014-01-01,"N/OFQ-NOPr system, PDYN-KOPr system, Parkinson's disease, pesticides","Despite several years of research, the aetiology of Parkinson's disease (PD) is quite far from being solved. In PD, as well as in other neurodegenerative disorders, it has been proposed that the combination of multiple factors might contribute to the onset of the disease. Indeed, several authors have suggested that environmental factors, such as pollutants and chemicals, might be associated with the onset of several neurodegenerative disorders. On the other hand, several studies have described that the nociceptin/orphanin-NOP and prodynorphin-KOP opioid systems are implicated in the pathology of Parkinson's disease. Considering the nonrestricted commercial availability and common use of several pesticides, such as paraquat and maneb, in agriculture of less developed countries, the aim of our study was to investigate the involvement of nociceptin/orphanin-NOP and prodynorphin-KOP systems in a chronic paraquat and maneb animal model of Parkinson's disease. Our results showed that after paraquat/maneb (5/15 mg kg(-1) ) treatment, a significant reduction in tyrosine hydroxylase (TH) levels, the rate-limiting enzyme for dopamine synthesis, was observed. Also, the association of paraquat and maneb (5/15 mg kg(-1) ) induced an increase in nociceptin/orphanin and a decrease of prodynorphin gene expression levels in the substantia nigra with a down-regulation of NOP and KOP receptors after both treatments in the substantia nigra and caudate putamen. These data further confirm that paraquat and maneb toxicity can modulate gene expression of the nociceptin/orphanin-NOP receptor and prodynorphin-KOP receptor systems in the substantia nigra and caudate putamen, offering further support to the hypothesis that chronic exposure to these agrochemicals might be implicated in the mechanisms underlying sporadic Parkinson's disease. © 2013 Wiley Periodicals, Inc. Environ Toxicol 30: 656-663, 2015.","[{'affiliation': 'Department of Biology, Faculty of Science, University of Tarapacá, Arica, Chile.', 'firstname': 'Sussy', 'initials': 'S', 'lastname': 'Bastías-Candia'}, {'affiliation': 'Department of Pharmacy and Biotechnology, Alma Mater Studiorum, University of Bologna, Irnerio 48, 40126, Bologna, Italy.', 'firstname': 'Manuela', 'initials': 'M', 'lastname': 'Di Benedetto'}, {'affiliation': 'Department of Biomedical Sciences, University of Teramo, Piazza Aldo Moro 45, 64100 Teramo, Italy.', 'firstname': 'Claudio', 'initials': 'C', 'lastname': ""D'Addario""}, {'affiliation': 'Department of Pharmacy and Biotechnology, Alma Mater Studiorum, University of Bologna, Irnerio 48, 40126, Bologna, Italy.', 'firstname': 'Sanzio', 'initials': 'S', 'lastname': 'Candeletti'}, {'affiliation': 'Department of Pharmacy and Biotechnology, Alma Mater Studiorum, University of Bologna, Irnerio 48, 40126, Bologna, Italy.', 'firstname': 'Patrizia', 'initials': 'P', 'lastname': 'Romualdi'}]",,"© 2013 Wiley Periodicals, Inc.",10.1002/tox.21943,Environmental toxicology,,,<Element 'PubmedArticle' at 0x72c63b00aca0>
"24321326
2305815
11903115
16078210
6554056
23415651
17951609
23228515
20027219
18288650
12552200
10592290
19450058
98706
21190757
22351072
20847418
22950384
15329595
8123401
22761654
20577942
23071076
18256367",Exposure to anesthetic gases and Parkinson's disease: a case report.,2013-12-11,,"The administration of anesthetics determines depression of the central nervous system and general anesthesia by inhalation may cause an environmental pollution of the operating rooms. It may therefore conceive a possible occupational etiology of Parkinson's Disease (PD).
In a Caucasian male aged 59 years, PD was diagnosed by brain scans with a presynaptic radioactive tracer of the dopaminergic system. Family history was negative for Parkinson's disease or essential tremor. He was a smoker, a moderate consumer of coffee and alcohol, and never exposed to pesticides/metals. For 30 years (since the age of 29 until today), he worked as an anesthesiologist in private clinics in the Veneto (Northern Italy), exposed to anesthetic gases. The time elapsed from first exposure to onset of disease is 22 years, fulfilling the requirement of the induction/latency period. A literature search demonstrated unacceptable levels of anesthetic gases in public hospitals of the Veneto region from 1990 to 1999. This exposure was presumably high also in private hospitals of the region until at least 2007, when an overexposure to sevoflurane was repeatedly measured in this patient. The association between occupational exposure to anesthetic gases and risk of Parkinson's disease was supported by a case-control study (reporting a two-fold increase in the risk of PD associated with a clinical history of general anesthesia) and a cohort study comparing mortality from PD between US anesthesiologists and internists (showing a statistically significant excess (p=0.01) in anesthesiologists compared to internists). Numerous recent mechanistic studies (in vitro essays and in vivo short-term studies) strengthened the association between exposure to anesthetic gases (nitrous oxide, halothane, isoflurane, levoflurane) and PD.
In view of the limited evidence of human studies and the sufficient evidence of experimental studies, the high exposure to anesthetic gases could have induced PD in the subject under study.","[{'affiliation': 'Department of Molecular Medicine, Padua University, Padua, Italy. giuseppe.mastrangelo@unipd.it.', 'firstname': 'Giuseppe', 'initials': 'G', 'lastname': 'Mastrangelo'}, {'affiliation': None, 'firstname': 'Vera', 'initials': 'V', 'lastname': 'Comiati'}, {'affiliation': None, 'firstname': 'Massimiliano', 'initials': 'M', 'lastname': ""dell'Aquila""}, {'affiliation': None, 'firstname': 'Emanuele', 'initials': 'E', 'lastname': 'Zamprogno'}]","In view of the limited evidence of human studies and the sufficient evidence of experimental studies, the high exposure to anesthetic gases could have induced PD in the subject under study.",,"10.1186/1471-2377-13-194
10.1002/ajim.4700170308
10.1080/15298668291409839
10.1034/j.1600-0404.2002.1o040.x
10.1002/mds.20606
10.1016/S0001-2092(07)69556-8
10.1016/j.biochi.2013.02.007
10.1093/bja/aem280
10.1016/j.biochi.2012.11.017
10.1371/journal.pone.0008268
10.1002/syn.20505
10.1097/00000542-200302000-00021
10.1016/S0006-8993(99)02018-1
10.1089/ars.2009.2459
10.1016/j.neurobiolaging.2010.11.002
10.1097/00000542-200409000-00019
10.1093/bja/71.2.247
10.1371/journal.pone.0037251
10.1055/s-0030-1250073
10.1002/ana.23687
10.1212/01.wnl.0000303818.38960.44",BMC neurology,,,<Element 'PubmedArticle' at 0x72c63b017510>
23813772,"Reply to: ""polychlorinated biphenyls in prospectively collected serum and Parkinson's disease risk"".",2013-07-03,,,"[{'affiliation': None, 'firstname': 'Meike', 'initials': 'M', 'lastname': 'Kasten'}, {'affiliation': None, 'firstname': 'Birger', 'initials': 'B', 'lastname': 'Heinzow'}, {'affiliation': None, 'firstname': 'Peter', 'initials': 'P', 'lastname': 'Vieregge'}, {'affiliation': None, 'firstname': 'Christine', 'initials': 'C', 'lastname': 'Klein'}]",,,10.1002/mds.25570,Movement disorders : official journal of the Movement Disorder Society,,,<Element 'PubmedArticle' at 0x72c63b031710>
"23600398
21655332
20887868
20336136
18039130
9988650
1485710
18692159
17116321
19194443
17667954
12912919
14315085
2342578
9454332
14608368
12956959
15149599
19597488
21118958
21910633
12461777
19053174
16540631
20029423
12447372
8756678
12414652
18691180
12855956
18948382
17634582
22278880
18724938
22080947
17116315
7568133
10562657
11274643
12753300
18495342
18555778
18555777
20148189
21399611
19805069
16862142
18267069
19150958
17251933
20526329
11593017
15657080
16880208
20169192
16424011
15162381
21706180
17409418
16151042
16212146
16731806
20694024
12571445
18489730
17250685
12379901
22732265
8843599
19917131
19754411
16159684
18322405
14730714
15929715
15142431
14648548
20620137
20228251
22248729
21234362
17180163
19027846","Environmental stress, ageing and glial cell senescence: a novel mechanistic link to Parkinson's disease?",2013-04-23,,"Exposure to environmental toxins is associated with a variety of age-related diseases including cancer and neurodegeneration. For example, in Parkinson's disease (PD), chronic environmental exposure to certain toxins has been linked to the age-related development of neuropathology. Neuronal damage is believed to involve the induction of neuroinflammatory events as a consequence of glial cell activation. Cellular senescence is a potent anti-cancer mechanism that occurs in a number of proliferative cell types and causes the arrest of proliferation of cells at risk of malignant transformation following exposure to potentially oncogenic stimuli. With age, senescent cells accumulate and express a senescence-associated secretory phenotype (SASP; that is the robust secretion of many inflammatory cytokines, growth factors and proteases). Whereas cell senescence in peripheral tissues has been causally linked to a number of age-related pathologies, little is known about the induction of cellular senescence and the SASP in the brain. On the basis of recently reported findings, we propose that environmental stressors associated with PD may act in part by eliciting senescence and the SASP within non neuronal glial cells in the ageing brain, thus contributing to the characteristic decline in neuronal integrity that occurs in this disorder.","[{'affiliation': 'Buck Institute for Research on Aging, Novato, CA, USA.', 'firstname': 'S J', 'initials': 'SJ', 'lastname': 'Chinta'}, {'affiliation': None, 'firstname': 'C A', 'initials': 'CA', 'lastname': 'Lieu'}, {'affiliation': None, 'firstname': 'M', 'initials': 'M', 'lastname': 'Demaria'}, {'affiliation': None, 'firstname': 'R-M', 'initials': 'RM', 'lastname': 'Laberge'}, {'affiliation': None, 'firstname': 'J', 'initials': 'J', 'lastname': 'Campisi'}, {'affiliation': None, 'firstname': 'J K', 'initials': 'JK', 'lastname': 'Andersen'}]",,© 2013 The Association for the Publication of the Journal of Internal Medicine.,10.1111/joim.12029,Journal of internal medicine,,,<Element 'PubmedArticle' at 0x72c63b033d80>
"23509683
15253903
19568887
19900921
21798935
23086377
22669748
19716187
19928180
20458016
21273555
12347962
12896848
17188738
22095199
22120540
23222514
3389438
22647242
17687455
12833495
19171930
18550243
21955814
22436577
22531421
22866040
10632958
18349428
22479246
12135807
9761765
22770526
19494813
18403674
22143158
22907983
22032805
12051555
14692621
21557687
21256508
19096165
19928188
21864400
21561831
19461673
15640745
14597556
11994753
16507898
21526751
22229317
22339089
22016657
22606286
22178536
17203472
18474546
18289684
21458557
9000264
10385882
16624849
21596115
19686201
22584158
22192366
22551361
22414849
19297138
22393530
22322856
22520940
22609191
22898390
22974247
20201014
22521509
20060699
21030725
15984022
1759558
12498954
12721813
22002422
21170538
1776740
22176890
22981298
17389308
21757961
19380700
21343896
19597134
19324534
21060015
20935330
21042415
20660505
21636811
22710920
22675648
21605042
15823754
20357768
20658986
20661459
20658996
22971273
23029362
23036024
21266538
22933040
22967820
22936601
23054368
23079557
23111782
23109807
22422426
23085451",Early Alzheimer's and Parkinson's disease pathology in urban children: Friend versus Foe responses--it is time to face the evidence.,2013-03-20,,"Chronic exposure to particulate matter air pollution is known to cause inflammation leading to respiratory- and cardiovascular-related sickness and death. Mexico City Metropolitan Area children exhibit an early brain imbalance in genes involved in oxidative stress, inflammation, and innate and adaptive immune responses. Early dysregulated neuroinflammation, brain microvascular damage, production of potent vasoconstrictors, and perturbations in the integrity of the neurovascular unit likely contribute to progressive neurodegenerative processes. The accumulation of misfolded proteins coincides with the anatomical distribution observed in the early stages of both Alzheimer's and Parkinson's diseases. We contend misfolding of hyperphosphorylated tau (HPπ), alpha-synuclein, and beta-amyloid could represent a compensatory early protective response to the sustained systemic and brain inflammation. However, we favor the view that the chronic systemic and brain dysregulated inflammation and the diffuse vascular damage contribute to the establishment of neurodegenerative processes with childhood clinical manifestations. Friend turns Foe early; therefore, implementation of neuroprotective measures to ameliorate or stop the inflammatory and neurodegenerative processes is warranted in exposed children. Epidemiological, cognitive, structural, and functional neuroimaging and mechanistic studies into the association between air pollution exposures and the development of neuroinflammation and neurodegeneration in children are of pressing importance for public health.","[{'affiliation': 'Center for Structural and Functional Neurosciences, The University of Montana, 32 Campus Drive, Skaggs Building 287, Missoula, MT 59812, USA. lilian.calderon-garciduenas@umontana.edu', 'firstname': 'Lilian', 'initials': 'L', 'lastname': 'Calderón-Garcidueñas'}, {'affiliation': None, 'firstname': 'Maricela', 'initials': 'M', 'lastname': 'Franco-Lira'}, {'affiliation': None, 'firstname': 'Antonieta', 'initials': 'A', 'lastname': 'Mora-Tiscareño'}, {'affiliation': None, 'firstname': 'Humberto', 'initials': 'H', 'lastname': 'Medina-Cortina'}, {'affiliation': None, 'firstname': 'Ricardo', 'initials': 'R', 'lastname': 'Torres-Jardón'}, {'affiliation': None, 'firstname': 'Michael', 'initials': 'M', 'lastname': 'Kavanaugh'}]",,,10.1155/2013/161687,BioMed research international,,,<Element 'PubmedArticle' at 0x72c63b05bfb0>
"23462874
21461961
9126143
12835101
17395592
11050221
14583295
22006901
20679218
14196642
21626550
13767161
20090375
3492690
16377085
98706
12461550
9952424
11724917
8420143
21138437
19882716
10376124
11914592
929199
8282470
12127652
3419598
3822140
2087248
12498954
7704605
5452011",Bright light exposure reduces TH-positive dopamine neurons: implications of light pollution in Parkinson's disease epidemiology.,2013-03-07,,"This study explores the effect of continuous exposure to bright light on neuromelanin formation and dopamine neuron survival in the substantia nigra. Twenty-one days after birth, Sprague-Dawley albino rats were divided into groups and raised under different conditions of light exposure. At the end of the irradiation period, rats were sacrificed and assayed for neuromelanin formation and number of tyrosine hydroxylase (TH)-positive neurons in the substantia nigra. The rats exposed to bright light for 20 days or 90 days showed a relatively greater number of neuromelanin-positive neurons. Surprisingly, TH-positive neurons decreased progressively in the substantia nigra reaching a significant 29% reduction after 90 days of continuous bright light exposure. This decrease was paralleled by a diminution of dopamine and its metabolite in the striatum. Remarkably, in preliminary analysis that accounted for population density, the age and race adjusted Parkinson's disease prevalence significantly correlated with average satellite-observed sky light pollution.","[{'affiliation': ""Biotechnological and Applied Clinical Sciences Department, University of L'Aquila, 67100 L'Aquila, Italy."", 'firstname': 'Stefania', 'initials': 'S', 'lastname': 'Romeo'}, {'affiliation': None, 'firstname': 'Cristina', 'initials': 'C', 'lastname': 'Viaggi'}, {'affiliation': None, 'firstname': 'Daniela', 'initials': 'D', 'lastname': 'Di Camillo'}, {'affiliation': None, 'firstname': 'Allison W', 'initials': 'AW', 'lastname': 'Willis'}, {'affiliation': None, 'firstname': 'Luca', 'initials': 'L', 'lastname': 'Lozzi'}, {'affiliation': None, 'firstname': 'Cristina', 'initials': 'C', 'lastname': 'Rocchi'}, {'affiliation': None, 'firstname': 'Marta', 'initials': 'M', 'lastname': 'Capannolo'}, {'affiliation': None, 'firstname': 'Gabriella', 'initials': 'G', 'lastname': 'Aloisi'}, {'affiliation': None, 'firstname': 'Francesca', 'initials': 'F', 'lastname': 'Vaglini'}, {'affiliation': None, 'firstname': 'Rita', 'initials': 'R', 'lastname': 'Maccarone'}, {'affiliation': None, 'firstname': 'Matteo', 'initials': 'M', 'lastname': 'Caleo'}, {'affiliation': None, 'firstname': 'Cristina', 'initials': 'C', 'lastname': 'Missale'}, {'affiliation': None, 'firstname': 'Brad A', 'initials': 'BA', 'lastname': 'Racette'}, {'affiliation': None, 'firstname': 'Giovanni U', 'initials': 'GU', 'lastname': 'Corsini'}, {'affiliation': None, 'firstname': 'Roberto', 'initials': 'R', 'lastname': 'Maggio'}]",,,10.1038/srep01395,Scientific reports,,,<Element 'PubmedArticle' at 0x72c63b096660>
"23044514
16140637
18607207
19076434
16357589
18455239
15736686
9527905
10706031
3276161
18344392
12397145
11138666
2505694
3752063
12515680
16829543
16002372
20350979
20216575
11693948
16291560
20096358
17673256
9745906
2380990
17017527
9520341
9221830
19410597
17261781
3117385
1837567
17470778
20926834
11673599",Polychlorinated biphenyls in prospectively collected serum and Parkinson's disease risk.,2012-10-10,,"Evidence suggests possible Parkinson's disease (PD)-relevant neural effects of exposure to polychlorinated biphenyls. Limited epidemiological evidence suggests that polychlorinated biphenyl exposure may increase PD risk, but no studies have involved biomarkers of polychlorinated biphenyl exposure before PD onset. We examined the prospective association between serum polychlorinated biphenyls and PD. We conducted a nested case-control study within the Finnish Mobile Clinic Health Examination Survey with serum samples collected during 1968-1972 and analyzed in 2005-2007 for polychlorinated biphenyls. Incident PD cases were identified through the Social Insurance Institution's registry and were confirmed by medical record review (n = 101). Controls (n = 349) were matched on age, sex, municipality, and vital status. We used logistic regression to estimate adjusted odds ratios. There was no evidence of increasing risk of PD with increasing polychlorinated biphenyl exposure in adjusted analyses. Instead, there was a trend toward lower odds of PD with increasing serum polychlorinated biphenyl concentrations, which was most pronounced for the sum of all measured polychlorinated biphenyl congeners and the sum of dioxin-like congeners. Compared with that of those in the lowest quintile, the odds ratio of PD among those in the highest quintile of total polychlorinated biphenyls was 0.29 (95% confidence interval, 0.12-0.70; P trend = .02) and for dioxin-like congeners was 0.34 (95% confidence interval, 0.13-0.90; P trend = .05). These results do not support an increased risk of PD from polychlorinated biphenyl exposure and instead suggest a possible protective effect of polychlorinated biphenyl exposure.","[{'affiliation': 'Department of Environmental Health, Harvard School of Public Health, Boston, Massachusetts 02215, USA. mweissko@hsph.harvard.edu', 'firstname': 'Marc G', 'initials': 'MG', 'lastname': 'Weisskopf'}, {'affiliation': None, 'firstname': 'Paul', 'initials': 'P', 'lastname': 'Knekt'}, {'affiliation': None, 'firstname': 'Eilis J', 'initials': 'EJ', 'lastname': ""O'Reilly""}, {'affiliation': None, 'firstname': 'Jukka', 'initials': 'J', 'lastname': 'Lyytinen'}, {'affiliation': None, 'firstname': 'Antti', 'initials': 'A', 'lastname': 'Reunanen'}, {'affiliation': None, 'firstname': 'Francine', 'initials': 'F', 'lastname': 'Laden'}, {'affiliation': None, 'firstname': 'Larisa', 'initials': 'L', 'lastname': 'Altshul'}, {'affiliation': None, 'firstname': 'Alberto', 'initials': 'A', 'lastname': 'Ascherio'}]",,Copyright © 2012 Movement Disorder Society.,10.1002/mds.25217,Movement disorders : official journal of the Movement Disorder Society,,,<Element 'PubmedArticle' at 0x72c63b0aa2a0>
"22906799
36888731
9776785
15115888
15713339
16702228
9086486
9527905
10706031
10504150
9427250
9651511
11348831
18453001
17291500
2118230
16319092
16174552
11250051
10192785
10498956
9124811
2011243
14872025
15019086
12611666
2014069
12417482
8606473
10731508
16357589",Association between polychlorinated biphenyls and Parkinson's disease neuropathology.,2012-08-22,,"Polychlorinated biphenyls (PCBs) are synthetic chemicals primarily used as coolants and insulators in electrical equipment. Although banned for several decades, PCBs continue to exist in the environment because of their long half-life, continued presence in items produced before the ban, and poor disposal practices. Epidemiological and experimental studies have identified exposure to PCBs as a potential risk factor for Parkinson's disease, perhaps more so in females. The objective of this work was to examine the association between PCB levels in post-mortem human brain tissue and the diagnosis of Parkinson's disease, as well as the degree of nigral depigmentation. We also sought to determine if this association was more significant when patients were stratified by sex. Post-mortem brain samples from control patients and those diagnosed with Parkinson's disease were obtained from the Emory University Brain Bank and from the Nun Study. Concentrations of eight prevalent PCB congeners were extracted from post-mortem brain tissue and analyzed using gas chromatography-mass spectrometry. PCB congeners 153 and 180 were significantly elevated in the brains of Parkinson's disease patients. When stratified by sex, the female Parkinson's disease group demonstrated significantly elevated concentrations of total PCBs and specifically congeners 138, 153, and 180 compared to controls, whereas PCB concentrations in males were not significantly different between control and Parkinson's disease groups. In a separate population of women (Nun Study) who had no clinical signs or symptoms of PD, elevated concentrations total PCB and congeners 138, 153 and 180 were also observed in post-mortem brain tissue exhibiting moderate nigral depigmentation compared to subjects with mild or no depigmentation. These quantitative data demonstrate an association between brain PCB levels and Parkinson's disease-related pathology. Furthermore, these data support epidemiological and laboratory studies reporting a link between PCB exposure and an increased risk for Parkinson's disease, including greater susceptibility of females.","[{'affiliation': 'Center for Neurodegenerative Disease, Emory University School of Medicine, Atlanta, GA 30322, USA.', 'firstname': 'Jaime M', 'initials': 'JM', 'lastname': 'Hatcher-Martin'}, {'affiliation': None, 'firstname': 'Marla', 'initials': 'M', 'lastname': 'Gearing'}, {'affiliation': None, 'firstname': 'Kyle', 'initials': 'K', 'lastname': 'Steenland'}, {'affiliation': None, 'firstname': 'Allan I', 'initials': 'AI', 'lastname': 'Levey'}, {'affiliation': None, 'firstname': 'Gary W', 'initials': 'GW', 'lastname': 'Miller'}, {'affiliation': None, 'firstname': 'Kurt D', 'initials': 'KD', 'lastname': 'Pennell'}]",,Copyright © 2012 Elsevier Inc. All rights reserved.,10.1016/j.neuro.2012.08.002,Neurotoxicology,,,<Element 'PubmedArticle' at 0x72c63b0c6390>
"22389202
16802290
12956856
12902626
12615605
11574106
20938043
18322262
16451848
8170560
9810958
8529177
10706031
11415959
9872254
3802833
17332139
12815659
9310563
19847896
11511745
11687909
9918341
20025075
15642854
7517654
16008163
17188257
16773614
2296261
9595985
18373838
11383940
8139607
12958120
2797455
8414014
1584237
17116648
2381528
10584666
16217247
9191770
19907334
9778597
9802272
8030397
15542008
18455239
12433267
11060508
11022853
19597089
8628466
1620342
8170564
21034221
9745932
1953412
19752299
10581500
20880796
20402575
20350979
10450337
2001187
2207882
11903115",Is pesticide use related to Parkinson disease? Some clues to heterogeneity in study results.,2012-03-06,,"Previous systematic reviews have indicated that pesticide exposure is possibly associated with Parkinson disease (PD). However, considerable heterogeneity has been observed in study results.
We aimed at providing an update of the literature published on PD and exposure to pesticides by performing a systematic review and meta-analysis. In addition, we investigated whether methodological differences between studies could explain the heterogeneity in study results.
We identified studies through a systematic literature search. We calculated summary risk ratios (sRRs) for pesticide exposure and subcategories using random effects meta-analyses and investigated sources of heterogeneity by meta-regression and stratified analyses.
Thirty-nine case-control studies, four cohort studies, and three cross-sectional studies were identified. An sRR of 1.62 [95% confidence interval (CI): 1.40, 1.88] for pesticide exposure (ever vs. never) was found. Summary estimates for subclasses of pesticides indicated a positive association with herbicides and insecticides, but not with fungicides. Heterogeneity in individual study results was not related to study design, source of control population, adjustment of results for potential confounders, or geographical area. However, results were suggestive for heterogeneity related to differences in the exposure assessment. Job title-based exposure assignment resulted in a higher sRR (2.5; 95% CI: 1.5, 4.1) than did assignment based on self-reported exposure (e.g., for self-reported ever/never exposure, sRR = 1.5; 95% CI: 1.3, 1.8).
This review affirms the evidence that exposure to herbicides and insecticides increase the risk of PD. Future studies should focus on more objective and improved methods of pesticide exposure assessment.","[{'affiliation': 'Institute for Risk Assessment Sciences, Division of Environmental Epidemiology, Utrecht University, The Netherlands. M.vanderMark@uu.nl', 'firstname': 'Marianne', 'initials': 'M', 'lastname': 'van der Mark'}, {'affiliation': None, 'firstname': 'Maartje', 'initials': 'M', 'lastname': 'Brouwer'}, {'affiliation': None, 'firstname': 'Hans', 'initials': 'H', 'lastname': 'Kromhout'}, {'affiliation': None, 'firstname': 'Peter', 'initials': 'P', 'lastname': 'Nijssen'}, {'affiliation': None, 'firstname': 'Anke', 'initials': 'A', 'lastname': 'Huss'}, {'affiliation': None, 'firstname': 'Roel', 'initials': 'R', 'lastname': 'Vermeulen'}]",,,"10.1289/ehp.1103881
10.1177/0891988710383572
10.1038/sj.jea.7500176
10.1002/ajim.20788
10.1002/ana.410360119
10.1016/j.cca.2006.11.006
10.1186/1471-2377-8-6
10.1136/bmj.327.7414.557
10.1097/EDE.0b013e3181c15ec6
10.1016/j.neuro.2008.03.001
10.1001/archneurol.2009.89
10.1146/annurev-pathol-011110-130242
10.3109/00207451003668374
10.1212/WNL.0b013e3181d76a93",Environmental health perspectives,,"Thirty-nine case-control studies, four cohort studies, and three cross-sectional studies were identified. An sRR of 1.62 [95% confidence interval (CI): 1.40, 1.88] for pesticide exposure (ever vs. never) was found. Summary estimates for subclasses of pesticides indicated a positive association with herbicides and insecticides, but not with fungicides. Heterogeneity in individual study results was not related to study design, source of control population, adjustment of results for potential confounders, or geographical area. However, results were suggestive for heterogeneity related to differences in the exposure assessment. Job title-based exposure assignment resulted in a higher sRR (2.5; 95% CI: 1.5, 4.1) than did assignment based on self-reported exposure (e.g., for self-reported ever/never exposure, sRR = 1.5; 95% CI: 1.3, 1.8).",<Element 'PubmedArticle' at 0x72c63b0d9d00>
"22083847
5089901
2571809
2611760
8208398
8179306
18157908
10457397
15206739
1683674
11438130
6067093
9929087
7639628
1557062
1564476
9923759
9000307
2556028
12049435
2164501
8921451
8074117
7977404
9055950
12704624
20663906
20833760
8821060
10807551
11356983
11865136
16718702
8637951
19922440
12498954
1904141
17241123
6623542
11906246
19406217
12708612
17763046
12657742
7907472
18582500
19464574
20300918
10807565
37184172
38091456
12020676
9120411
15940722
12963777
19752299
17332139
20025075
7482590
8507307
15840403
3318914
16556747
2220833
9611611",Solvent exposures and Parkinson disease risk in twins.,2011-11-16,,"Several case reports have linked solvent exposure to Parkinson disease (PD), but few studies have assessed associations with specific agents using an analytic epidemiologic design. We tested the hypothesis that exposure to specific solvents is associated with PD risk using a discordant twin pair design.
Ninety-nine twin pairs discordant for PD ascertained from the National Academy of Sciences/National Research Council World War II Veteran Twins Cohort were interviewed regarding lifetime occupations and hobbies using detailed job task-specific questionnaires. Exposures to 6 specific solvents selected a priori were estimated by expert raters unaware of case status.
Ever exposure to trichloroethylene (TCE) was associated with significantly increased risk of PD (odds ratio [OR], 6.1; 95% confidence interval [CI] 1.2-33; p = 0.034), and exposure to perchloroethylene (PERC) and carbon tetrachloride (CCl(4) ) tended toward significance (respectively: OR, 10.5; 95% CI, 0.97-113; p = 0.053; OR, 2.3; 95% CI, 0.9-6.1; p = 0.088). Results were similar for estimates of exposure duration and cumulative lifetime exposure.
Exposure to specific solvents may increase risk of PD. TCE is the most common organic contaminant in groundwater, and PERC and CCl(4) are also ubiquitous in the environment. Our findings require replication in other populations with well-characterized exposures, but the potential public health implications are substantial.","[{'affiliation': ""The Parkinson's Institute, 675 Almanor Avenue, Sunnyvale, CA 94085, USA. sgoldman@thepi.org"", 'firstname': 'Samuel M', 'initials': 'SM', 'lastname': 'Goldman'}, {'affiliation': None, 'firstname': 'Patricia J', 'initials': 'PJ', 'lastname': 'Quinlan'}, {'affiliation': None, 'firstname': 'G Webster', 'initials': 'GW', 'lastname': 'Ross'}, {'affiliation': None, 'firstname': 'Connie', 'initials': 'C', 'lastname': 'Marras'}, {'affiliation': None, 'firstname': 'Cheryl', 'initials': 'C', 'lastname': 'Meng'}, {'affiliation': None, 'firstname': 'Grace S', 'initials': 'GS', 'lastname': 'Bhudhikanok'}, {'affiliation': None, 'firstname': 'Kathleen', 'initials': 'K', 'lastname': 'Comyns'}, {'affiliation': None, 'firstname': 'Monica', 'initials': 'M', 'lastname': 'Korell'}, {'affiliation': None, 'firstname': 'Anabel R', 'initials': 'AR', 'lastname': 'Chade'}, {'affiliation': None, 'firstname': 'Meike', 'initials': 'M', 'lastname': 'Kasten'}, {'affiliation': None, 'firstname': 'Benjamin', 'initials': 'B', 'lastname': 'Priestley'}, {'affiliation': None, 'firstname': 'Kelvin L', 'initials': 'KL', 'lastname': 'Chou'}, {'affiliation': None, 'firstname': 'Hubert H', 'initials': 'HH', 'lastname': 'Fernandez'}, {'affiliation': None, 'firstname': 'Franca', 'initials': 'F', 'lastname': 'Cambi'}, {'affiliation': None, 'firstname': 'J William', 'initials': 'JW', 'lastname': 'Langston'}, {'affiliation': None, 'firstname': 'Caroline M', 'initials': 'CM', 'lastname': 'Tanner'}]",,Copyright © 2011 American Neurological Association.,10.1002/ana.22629,Annals of neurology,,"Ever exposure to trichloroethylene (TCE) was associated with significantly increased risk of PD (odds ratio [OR], 6.1; 95% confidence interval [CI] 1.2-33; p = 0.034), and exposure to perchloroethylene (PERC) and carbon tetrachloride (CCl(4) ) tended toward significance (respectively: OR, 10.5; 95% CI, 0.97-113; p = 0.053; OR, 2.3; 95% CI, 0.9-6.1; p = 0.088). Results were similar for estimates of exposure duration and cumulative lifetime exposure.",<Element 'PubmedArticle' at 0x72c63aefd6c0>
"21234362
15365814
19817075
10025703
17017546
20686125
17332139
20807691
12127150
19385059
12358740
16581975
17166727
20098715
3399080
11205147
8737406
19296921
15895084
15831717
10751435
18490917
19269040
15987955
18394569
18599350
16407283
12897068
12721370
17250723
18327668
18373838
17440812
15642854
19270050
12902626
19042691
9191770
16157030
10095006
15110077
18714822
19782123
20211647
21482445
12911755
17880941
19084006
20307631
18273623
19729209
20096940
11445065
11707429
19595768
12428725
17596439
19027846
11124998
15890010
19559752
20440079
20303880
12165466
17720159
16650942
9518583
9918124
1762091
8370768
11585678
7850874
10501470
1337194
19081643
16456449
19614750
18947400
15589033
17220915
12598611
18187236
10934283
12067227
16504177
17350799
12957870
15530876
15715588
17505457
18346832
18455806
18801351
18582534
19388362
18678243
8673925
11264281
16670534
9183357
9731622
17086900
14525967
16110316
20123961
11965836
20075741
7898772
7478250
17376993
14565085
10212304
17196747
11762320
12075858
18591118
15254939
18198214
15042428
16163375
10230070
14513261
17052351
19104149
17045251
19477238
11551948
10648614
18078452
17188367
16154792
14577848
16807359
18545225
18278798
15678124
16962083
17188882
18375019
20888416
20674684
15837580
1574116
3277884
7754524
9357141
11205134
19631617
18940189
18304357
18504291
20350768
7906726
12694391
12205053
15140182
12429221
19969084
18628756
14657271
15557197
11113345
16187223
10412030
11110796
17073658
15453089
10206978
12242329
15367379
16647138
7945196
9130663
16566823
11124893
12702778
12183047
15285796
20851755
18657183
11259508
16880623
16240369
16606925
17984451
16550541
17851257
18343119
20308684
16432513
17868147
15920732
15883739
11509575
15758944
15845609
14704277
19604516
15155744
20418776
19104449
17884023
14715958
17184197
16262658
18597941
20483760
16101543
19428786
16179516
17257165",Inflammatory mechanisms of neurodegeneration in toxin-based models of Parkinson's disease.,2011-01-15,,"Parkinson's disease (PD) has been associated with exposure to a variety of environmental agents, including pesticides, heavy metals, and organic pollutants; and inflammatory processes appear to constitute a common mechanistic link among these insults. Indeed, toxin exposure has been repeatedly demonstrated to induce the release of oxidative and inflammatory factors from immunocompetent microglia, leading to damage and death of midbrain dopamine (DA) neurons. In particular, proinflammatory cytokines such as tumor necrosis factor-α and interferon-γ, which are produced locally within the brain by microglia, have been implicated in the loss of DA neurons in toxin-based models of PD; and mounting evidence suggests a contributory role of the inflammatory enzyme, cyclooxygenase-2. Likewise, immune-activating bacterial and viral agents were reported to have neurodegenerative effects themselves and to augment the deleterious impact of chemical toxins upon DA neurons. The present paper will focus upon the evidence linking microglia and their inflammatory processes to the death of DA neurons following toxin exposure. Particular attention will be devoted to the possibility that environmental toxins can activate microglia, resulting in these cells adopting a ""sensitized"" state that favors the production of proinflammatory cytokines and damaging oxidative radicals.","[{'affiliation': 'Institute of Neuroscience, Carleton University, 1125 Colonel By Drive, Ottawa, ON, Canada K1S 5B6.', 'firstname': 'Darcy', 'initials': 'D', 'lastname': 'Litteljohn'}, {'affiliation': None, 'firstname': 'Emily', 'initials': 'E', 'lastname': 'Mangano'}, {'affiliation': None, 'firstname': 'Melanie', 'initials': 'M', 'lastname': 'Clarke'}, {'affiliation': None, 'firstname': 'Jessica', 'initials': 'J', 'lastname': 'Bobyn'}, {'affiliation': None, 'firstname': 'Kerry', 'initials': 'K', 'lastname': 'Moloney'}, {'affiliation': None, 'firstname': 'Shawn', 'initials': 'S', 'lastname': 'Hayley'}]",,,10.4061/2011/713517,Parkinson's disease,,,<Element 'PubmedArticle' at 0x72c63af1d8a0>
"20807691
10659745
15551552
5342911
2088281
17185278
9339816
18845552
18607207
11895129
11641049
9065542
494315
18652544
12205639
2270952
9417769
1564476
19346153
9350044
12666096
9326437
9633752
15177059
1361980
7248763
3715885
6495347
14758870
7891817
17408069
9929087
11405257
17130688
8821054",Association of cumulative lead exposure with Parkinson's disease.,2010-09-03,,"Research using reconstructed exposure histories has suggested an association between heavy metal exposures, including lead, and Parkinson's disease (PD), but the only study that used bone lead, a biomarker of cumulative lead exposure, found a nonsignificant increase in risk of PD with increasing bone lead.
We sought to assess the association between bone lead and PD.
Bone lead concentrations were measured using 109Cd excited K-shell X-ray fluorescence from 330 PD patients (216 men, 114 women) and 308 controls (172 men, 136 women) recruited from four clinics for movement disorders and general-community cohorts. Adjusted odds ratios (ORs) for PD were calculated using logistic regression.
The average age of cases and controls at bone lead measurement was 67 (SD = 10) and 69 (SD = 9) years of age, respectively. In primary analyses of cases and controls recruited from the same groups, compared with the lowest quartile of tibia lead, the OR for PD in the highest quartile was 3.21 [95% confidence interval (CI), 1.17-8.83]. Results were similar but slightly weaker in analyses restricted to cases and controls recruited from the movement disorders clinics only (fourth-quartile OR = 2.57; 95% CI, 1.11-5.93) or when we included controls recruited from sites that did not also contribute cases (fourth-quartile OR = 1.91; 95% CI, 1.01-3.60). We found no association with patella bone lead.
These findings, using an objective biological marker of cumulative lead exposure among typical PD patients seen in our movement disorders clinics, strengthen the evidence that cumulative exposure to lead increases the risk of PD.","[{'affiliation': 'Department of Environmental Health, Harvard School of Public Health, Boston, Massachusetts 02215, USA. mweissko@hsph.harvard.edu', 'firstname': 'Marc G', 'initials': 'MG', 'lastname': 'Weisskopf'}, {'affiliation': None, 'firstname': 'Jennifer', 'initials': 'J', 'lastname': 'Weuve'}, {'affiliation': None, 'firstname': 'Huiling', 'initials': 'H', 'lastname': 'Nie'}, {'affiliation': None, 'firstname': 'Marie-Helene', 'initials': 'MH', 'lastname': 'Saint-Hilaire'}, {'affiliation': None, 'firstname': 'Lewis', 'initials': 'L', 'lastname': 'Sudarsky'}, {'affiliation': None, 'firstname': 'David K', 'initials': 'DK', 'lastname': 'Simon'}, {'affiliation': None, 'firstname': 'Bonnie', 'initials': 'B', 'lastname': 'Hersh'}, {'affiliation': None, 'firstname': 'Joel', 'initials': 'J', 'lastname': 'Schwartz'}, {'affiliation': None, 'firstname': 'Robert O', 'initials': 'RO', 'lastname': 'Wright'}, {'affiliation': None, 'firstname': 'Howard', 'initials': 'H', 'lastname': 'Hu'}]",,,10.1289/ehp.1002339,Environmental health perspectives,,"The average age of cases and controls at bone lead measurement was 67 (SD = 10) and 69 (SD = 9) years of age, respectively. In primary analyses of cases and controls recruited from the same groups, compared with the lowest quartile of tibia lead, the OR for PD in the highest quartile was 3.21 [95% confidence interval (CI), 1.17-8.83]. Results were similar but slightly weaker in analyses restricted to cases and controls recruited from the movement disorders clinics only (fourth-quartile OR = 2.57; 95% CI, 1.11-5.93) or when we included controls recruited from sites that did not also contribute cases (fourth-quartile OR = 1.91; 95% CI, 1.01-3.60). We found no association with patella bone lead.",<Element 'PubmedArticle' at 0x72c63af80540>
"20797931
19646462
20236608
12869585
14715449
17466353
18050496
12529643
19924247
18565586
15202766
17996009
9851919
19800745
19534496
20865164
17003356
17017862
16908987
7397109
16221538
19337503
988845
9851916
7624778
19616267
18050501
18166392
17637913
16805772
16140639
18619628
10642852
14751451
15105259
18550292
16962336
9870940
18813540
17084903
17137609
19494152
17020605
9013391
19182805
9120425
14662656
12866711
20403794
7624777
18182484
19001289
20117442
17804796
14762140
12200195
7801300
12875742
6805073
19466807
18050505
16166371
11569921
3872460
9765501
9618006
13027283
6286
11831557
20087441
12807436
10572056
8254383
9952406
16462744
17478886
16417487
16724276
12530969
15236415
3141846
18780965
16054097
19168149
11867711
12477893
8606774
19936816
16308487
18424589
19883620
17604133
15723088
16545583
19160545
9779472
12154385
15355245
17416354
19850127
8752596
18299572
17346966
9132278
19251702
11375483
10896158
7723846
16862591
19801673
9312173
14593171
2563176
18522834
12453501
19129111
11418603
7409314
240872
838129
3520487
18223623
20149821
7418967
18358814
18579573
19721819
16157872
16239214
17551584
12620986
19781568
16321166
6149889
7472454
22462104
19545405
20144986
17217412
11331184
18316030
18369385
20553489
16862581","Environmental exposure, obesity, and Parkinson's disease: lessons from fat and old worms.",2010-08-28,,"A common link has been exposed, namely, that metal exposure plays a role in obesity and in Parkinson's disease (PD). This link may help to elucidate mechanisms of neurotoxicity.
We reviewed the utility of the nematode, Caenorhabditis elegans, as a model organism to study neurodegeneration in obesity and Parkinson's disease (PD), with an emphasis on the neurotransmitter, dopamine (DA).
A PubMed literature search was performed using the terms ""obesity"" and any of the following: ""C. elegans,"" ""central nervous system,"" ""neurodegeneration,"" ""heavy metals,"" ""dopamine"" or ""Parkinson's disease."" We reviewed the identified studies, including others cited therein, to summarize the current evidence of neurodegeneration in obesity and PD, with an emphasis on studies carried out in C. elegans and environmental toxins in the etiology of both diseases.
Heavy metals and DA have both been linked to diet-induced obesity, which has led to the notion that the mechanism of environmentally induced neurodegeneration in PD may also apply to obesity. C. elegans has been instrumental in expanding our mechanism-based knowledge of PD, and this species is emerging as a good model of obesity. With well-established toxicity and neurogenetic assays, it is now feasible to explore the putative link between metal- and chemical-induced neurodegeneration.
One side effect of an aging population is an increase in the prevalence of obesity, metabolic disorders, and neurodegenerative orders, diseases that are likely to co-occur. Environmental toxins, especially heavy metals, may prove to be a previously neglected part of the puzzle.","[{'affiliation': ""King's College London, Pharmaceutical Science Division, London, United Kingdom."", 'firstname': 'Layla', 'initials': 'L', 'lastname': 'Aitlhadj'}, {'affiliation': None, 'firstname': 'Daiana Silva', 'initials': 'DS', 'lastname': 'Avila'}, {'affiliation': None, 'firstname': 'Alexandre', 'initials': 'A', 'lastname': 'Benedetto'}, {'affiliation': None, 'firstname': 'Michael', 'initials': 'M', 'lastname': 'Aschner'}, {'affiliation': None, 'firstname': 'Stephen Richard', 'initials': 'SR', 'lastname': 'Stürzenbaum'}]",,,"10.1289/ehp.1002522
10.1895/wormbook.1.130.1
10.1371/journal.pone.0007792
10.1371/journal.pgen.1001084
10.1895/wormbook.1.132.1
10.1186/1471-213X-6-45
10.1895/wormbook.1.126.1
10.1371/journal.pone.0000504
10.1186/1471-2377-5-23
10.1186/1741-7007-7-33
10.1136/bmj.c824",Environmental health perspectives,,,<Element 'PubmedArticle' at 0x72c63af93920>
"20049211
12629235
16802290
8106225
11100151
16451848
1571189
9810958
6486883
19270050
6819311
8771062
15642854
2296261
9595985
17420321
8139607
15954133
9191770
17706853
9443493
9778597
12843762
16518518
9668673
8030397
17255333
15542008
11437458
3676917
14527836
16112789
12805673
6658844
9745932
8313246
2710356
9929087
12911755
11124998
12428734
8272180
1745430
2001187
16961006
15350641",Well-water consumption and Parkinson's disease in rural California.,2010-01-06,"Parkinson’s, agriculture, contamination, pesticide, well water","Investigators have hypothesized that consuming pesticide-contaminated well water plays a role in Parkinson's disease (PD), and several previous epidemiologic studies support this hypothesis.
We investigated whether consuming water from private wells located in areas with documented historical pesticide use was associated with an increased risk of PD.
We employed a geographic information system (GIS)-based model to estimate potential well-water contamination from agricultural pesticides among 368 cases and 341 population controls enrolled in the Parkinson's Environment and Genes Study (PEG). We separately examined 6 pesticides (diazinon, chlorpyrifos, propargite, paraquat, dimethoate, and methomyl) from among 26 chemicals selected for their potential to pollute groundwater or for their interest in PD, and because at least 10% of our population was exposed to them.
Cases were more likely to have consumed private well water and to have consumed it on average 4.3 years longer than controls (p = 0.02). High levels of possible well-water contamination with methomyl [odds ratio (OR) = 1.67; 95% confidence interval (CI), 1.00-2.78]), chlorpyrifos (OR = 1.87; 95% CI, 1.05-3.31), and propargite (OR = 1.92; 95% CI, 1.15-3.20) resulted in approximately 70-90% increases in relative risk of PD. Adjusting for ambient pesticide exposures only slightly attenuated these increases. Exposure to a higher number of water-soluble pesticides and organophosphate pesticides also increased the relative risk of PD.
Our study, the first to use agricultural pesticide application records, adds evidence that consuming well water presumably contaminated with pesticides may play a role in the etiology of PD.","[{'affiliation': 'Department of Epidemiology, University of California-Los Angeles, Los Angeles, California 90095-1772, USA.', 'firstname': 'Nicole M', 'initials': 'NM', 'lastname': 'Gatto'}, {'affiliation': None, 'firstname': 'Myles', 'initials': 'M', 'lastname': 'Cockburn'}, {'affiliation': None, 'firstname': 'Jeff', 'initials': 'J', 'lastname': 'Bronstein'}, {'affiliation': None, 'firstname': 'Angelika D', 'initials': 'AD', 'lastname': 'Manthripragada'}, {'affiliation': None, 'firstname': 'Beate', 'initials': 'B', 'lastname': 'Ritz'}]","Our study, the first to use agricultural pesticide application records, adds evidence that consuming well water presumably contaminated with pesticides may play a role in the etiology of PD.",,10.1289/ehp.0900852,Environmental health perspectives,,"Cases were more likely to have consumed private well water and to have consumed it on average 4.3 years longer than controls (p = 0.02). High levels of possible well-water contamination with methomyl [odds ratio (OR) = 1.67; 95% confidence interval (CI), 1.00-2.78]), chlorpyrifos (OR = 1.87; 95% CI, 1.05-3.31), and propargite (OR = 1.92; 95% CI, 1.15-3.20) resulted in approximately 70-90% increases in relative risk of PD. Adjusting for ambient pesticide exposures only slightly attenuated these increases. Exposure to a higher number of water-soluble pesticides and organophosphate pesticides also increased the relative risk of PD.",<Element 'PubmedArticle' at 0x72c63afcb3d0>
20049194,Pesticides and Parkinson's disease: the legacy of contaminated well water.,2010-01-06,,,"[{'affiliation': None, 'firstname': 'Tina', 'initials': 'T', 'lastname': 'Adler'}]",,,10.1289/ehp.117-a553a,Environmental health perspectives,,,<Element 'PubmedArticle' at 0x72c63aded530>
19654900,Pesticides: double exposure heightens Parkinson disease risk.,2009-08-06,,,"[{'affiliation': None, 'firstname': 'Cynthia', 'initials': 'C', 'lastname': 'Washam'}]",,,10.1289/ehp.117-a295,Environmental health perspectives,,,<Element 'PubmedArticle' at 0x72c63adef510>
"18945348
11744826
11511745
11383940
10451754
9637199
8959984
8806381
9191770
9810958
9443493
9745932
10349500
10581500
11022853
10817132
10994803
11437458
9929087
7517654
9527905
10706031
3033845
7904908
1282663
1375788
2411534
8820589
11728820
12831855
17291500
16809432
11181820
10567579
11880503
10564540
9307280
9334182
9326266
8668329
8557034
10383415
9527896
5555362
10687948
9390557
10611963
11369761
15681813
14511319
18312582
15608081
17507557
17565007",Environmental neurotoxin dieldrin induces apoptosis via caspase-3-dependent proteolytic activation of protein kinase C delta (PKCdelta): Implications for neurodegeneration in Parkinson's disease.,2008-10-24,,"In previous work, we investigated dieldrin cytotoxicity and signaling cell death mechanisms in dopaminergic PC12 cells. Dieldrin has been reported to be one of the environmental factors correlated with Parkinson's disease and may selectively destroy dopaminergic neurons.
Here we further investigated dieldrin toxicity in a dopaminergic neuronal cell model of Parkinson's disease, namely N27 cells, using biochemical, immunochemical, and flow cytometric analyses.
In this study, dieldrin-treated N27 cells underwent a rapid and significant increase in reactive oxygen species followed by cytochrome c release into cytosol. The cytosolic cytochrome c activated caspase-dependent apoptotic pathway and the increased caspase-3 activity was observed following a 3 hr dieldrin exposure in a dose-dependent manner. Furthermore, dieldrin caused the caspase-dependent proteolytic cleavage of protein kinase C delta (PKCδ) into 41 kDa catalytic and 38 kDa regulatory subunits in N27 cells as well as in brain slices. PKCδ plays a critical role in executing the apoptotic process in dieldrin-treated dopaminergic neuronal cells because pretreatment with the PKCδ inhibitor rottlerin, or transfection and over-expression of catalytically inactive PKCδ(K)³⁷⁶(R), significantly attenuates dieldrin-induced DNA fragmentation and chromatin condensation.
Together, we conclude that caspase-3-dependent proteolytic activation of PKCδ is a critical event in dieldrin-induced apoptotic cell death in dopaminergic neuronal cells.","[{'affiliation': 'Iowa Center for Advanced Neurotoxicology, Department of Biomedical Sciences, Iowa State University, Ames, USA. akanthas@iastate.edu', 'firstname': 'Anumantha G', 'initials': 'AG', 'lastname': 'Kanthasamy'}, {'affiliation': None, 'firstname': 'Masashi', 'initials': 'M', 'lastname': 'Kitazawa'}, {'affiliation': None, 'firstname': 'Yongjie', 'initials': 'Y', 'lastname': 'Yang'}, {'affiliation': None, 'firstname': 'Vellareddy', 'initials': 'V', 'lastname': 'Anantharam'}, {'affiliation': None, 'firstname': 'Arthi', 'initials': 'A', 'lastname': 'Kanthasamy'}]","Together, we conclude that caspase-3-dependent proteolytic activation of PKCδ is a critical event in dieldrin-induced apoptotic cell death in dopaminergic neuronal cells.",,"10.1186/1756-6606-1-12
10.1159/000048614
10.1136/oem.58.9.582
10.1016/S0303-8467(98)00009-2
10.1016/S0753-3322(99)80077-8
10.1002/(SICI)1096-8628(19991215)88:6<742::AID-AJMG29>3.0.CO;2-#
10.1093/ije/29.2.323
10.1006/enrs.2001.4264
10.1001/jama.281.4.341
10.1002/ana.410360119
10.1006/exnr.1998.6776
10.1080/009841000156907
10.1016/0041-008X(87)90206-7
10.1016/0378-4274(92)90287-T
10.2307/3429951
10.2307/3432790
10.1016/S0891-5849(01)00726-2
10.1016/j.expneurol.2006.12.020
10.1096/fj.06-5864fje
10.1046/j.1471-4159.2001.00096.x
10.1046/j.1525-1373.1999.d01-126.x
10.1074/jbc.272.42.26159
10.1074/jbc.274.27.19115
10.1006/exnr.1997.6770
10.1016/S1357-2725(99)00024-2
10.1016/S0092-8674(00)80434-1
10.1146/annurev.cellbio.15.1.269
10.1074/jbc.M100273200
10.1196/annals.1332.017
10.1046/j.1460-9568.2003.02864.x
10.1111/j.1460-9568.2008.06097.x
10.1124/jpet.104.078469
10.1523/JNEUROSCI.4107-06.2007
10.1124/jpet.107.124669",Molecular brain,,"In this study, dieldrin-treated N27 cells underwent a rapid and significant increase in reactive oxygen species followed by cytochrome c release into cytosol. The cytosolic cytochrome c activated caspase-dependent apoptotic pathway and the increased caspase-3 activity was observed following a 3 hr dieldrin exposure in a dose-dependent manner. Furthermore, dieldrin caused the caspase-dependent proteolytic cleavage of protein kinase C delta (PKCδ) into 41 kDa catalytic and 38 kDa regulatory subunits in N27 cells as well as in brain slices. PKCδ plays a critical role in executing the apoptotic process in dieldrin-treated dopaminergic neuronal cells because pretreatment with the PKCδ inhibitor rottlerin, or transfection and over-expression of catalytically inactive PKCδ(K)³⁷⁶(R), significantly attenuates dieldrin-induced DNA fragmentation and chromatin condensation.",<Element 'PubmedArticle' at 0x72c63adf5710>
18409692,[Metals and oxidative stress in Parkinson's disease from industrial areas with exposition to environmental toxins or metal pollution].,2008-04-16,,"Parkinson's disease (PD) is characterized by a progressive degeneration of the nigrostriatal dopaminergic pathway resulting in movement disorders. PD is a complex disease, in which and environmental factors, as exposure to toxins or metals coul be involved.
To assess if serum metals (Cu, Fe, Zn), biological variables of their metabolism, total peroxides and antioxidants were abnormal in PD, in relation to environmental exposure.
We compared levels of serum copper, iron, zinc, ceruloplasmin and transferrin, peroxides, antioxidants (TRAP) in 65 PD patients coming from an Industrial zone highly exposed to metal pollution (Valcamonica) with measures from 28 PD patients from no metal pollution areas of the province of Brescia and 52 healthy controls coming from Valcamonica and 24 from the province of Brescia.
PD patients had higher serum concentration of zinc than controls. Only in PD patients coming from Valcamonica levels of Cu were higher than in subjects coming from the province of Brescia. Moreover, In patients with PD levels of sieric Cu significantly correlated with score of the Unified Parkinson's Disease Rating Scale (UDPRS).
Zinc seems to be higher in PD independently from the exposition to metal pollution. Perturbation of copper metabolism in PD seems to be related to exposition to environmental toxins or metal pollution and coul be involved in the progression of the disease itself.","[{'affiliation': 'Dipartimento di Neuroscienze, AFaR - FBF Ospedale Fatebenefratelli, Italia.', 'firstname': 'R', 'initials': 'R', 'lastname': 'Squitti'}, {'affiliation': None, 'firstname': 'G', 'initials': 'G', 'lastname': 'Gorgone'}, {'affiliation': None, 'firstname': 'G', 'initials': 'G', 'lastname': 'Binetti'}, {'affiliation': None, 'firstname': 'R', 'initials': 'R', 'lastname': 'Ghidoni'}, {'affiliation': None, 'firstname': 'P', 'initials': 'P', 'lastname': 'Pasqualetti'}, {'affiliation': None, 'firstname': 'F', 'initials': 'F', 'lastname': 'Draicchio'}, {'affiliation': None, 'firstname': 'E', 'initials': 'E', 'lastname': 'Albini'}, {'affiliation': None, 'firstname': 'L', 'initials': 'L', 'lastname': 'Benedetti'}, {'affiliation': None, 'firstname': 'R', 'initials': 'R', 'lastname': 'Lucchini'}, {'affiliation': None, 'firstname': 'P M', 'initials': 'PM', 'lastname': 'Rossini'}]",,,,Giornale italiano di medicina del lavoro ed ergonomia,,"PD patients had higher serum concentration of zinc than controls. Only in PD patients coming from Valcamonica levels of Cu were higher than in subjects coming from the province of Brescia. Moreover, In patients with PD levels of sieric Cu significantly correlated with score of the Unified Parkinson's Disease Rating Scale (UDPRS).",<Element 'PubmedArticle' at 0x72c63ae21580>
16702228,Polychlorinated biphenyl-induced reduction of dopamine transporter expression as a precursor to Parkinson's disease-associated dopamine toxicity.,2006-05-17,,"Epidemiological and laboratory studies have suggested that exposure to polychlorinated biphenyls (PCBs) may be a risk factor for Parkinson's disease. The purpose of this study was to examine the potential mechanisms by which PCBs may disrupt normal functioning of the nigrostriatal dopamine (DA) system. We utilized an environmentally relevant exposure of PCBs (7.5 or 15 mg/kg/day Aroclor 1,254:1,260 for 30 days by oral gavage) to identify early signs of damage to the DA system. This dosing regimen, which resulted in PCB levels similar to those found in human brain samples, did not cause overt degeneration to the DA system as shown by a lack of change in striatal DA levels or tyrosine hydroxylase levels. However, we did observe a dramatic dose-dependent decrease in striatal dopamine transporter (DAT) levels. The observed reductions appear to be specific to the DAT populations located in the striatum, as no change was observed in other dopaminergic brain regions or to other neurotransmitter transporters present in the striatum. These data demonstrate that PCB tissue concentrations similar to those found in postmortem human brain specifically disrupt DA transport, which acts as a precursor to subsequent damage to the DA system. Furthermore, DAT imaging may be useful in evaluating alterations in brain function in human populations exposed to PCBs.","[{'affiliation': 'Department of Environmental and Occupational Health, Rollins School of Public Health and Center for Neurodegenerative Disease, School of Medicine, Emory University, Atlanta, Georgia 30322-3090, USA.', 'firstname': 'W Michael', 'initials': 'WM', 'lastname': 'Caudle'}, {'affiliation': None, 'firstname': 'Jason R', 'initials': 'JR', 'lastname': 'Richardson'}, {'affiliation': None, 'firstname': 'Kristin C', 'initials': 'KC', 'lastname': 'Delea'}, {'affiliation': None, 'firstname': 'Thomas S', 'initials': 'TS', 'lastname': 'Guillot'}, {'affiliation': None, 'firstname': 'Minzheng', 'initials': 'M', 'lastname': 'Wang'}, {'affiliation': None, 'firstname': 'Kurt D', 'initials': 'KD', 'lastname': 'Pennell'}, {'affiliation': None, 'firstname': 'Gary W', 'initials': 'GW', 'lastname': 'Miller'}]",,,10.1093/toxsci/kfl018,Toxicological sciences : an official journal of the Society of Toxicology,,,<Element 'PubmedArticle' at 0x72c63ae2c6d0>
16449758,"Spatial test for agricultural pesticide ""blow-in"" effect on prevalence of Parkinson's disease.",2006-02-02,,"The current study used Department of Veteran's Affairs (VA) clinical records, State of California pesticide application records, spatial maps of distribution of Parkinson's disease patients, and pesticide applications to determine if there was evidence for ""blow-in"" of pesticides as a factor in explaining the prevalence of Central Valley Parkinson's disease. The results did not support the hypothesis of increasing prevalence of Parkinsonism attributable to wind drift.","[{'affiliation': 'Sierra-Pacific Mental Illness Research, Education, and Clinical Center, Palo Alto Veterans Affairs Health Care System, Palo Alto, CA 94304, USA. yesavage@stanford.edu', 'firstname': 'J A', 'initials': 'JA', 'lastname': 'Yesavage'}, {'affiliation': None, 'firstname': 'J', 'initials': 'J', 'lastname': 'Sheikh'}, {'affiliation': None, 'firstname': 'A', 'initials': 'A', 'lastname': 'Noda'}, {'affiliation': None, 'firstname': 'G', 'initials': 'G', 'lastname': 'Murphy'}, {'affiliation': None, 'firstname': 'R', 'initials': 'R', 'lastname': ""O'Hara""}, {'affiliation': None, 'firstname': 'R', 'initials': 'R', 'lastname': 'Hierholzer'}, {'affiliation': None, 'firstname': 'M', 'initials': 'M', 'lastname': 'Battista'}, {'affiliation': None, 'firstname': 'J W', 'initials': 'JW', 'lastname': 'Ashford'}, {'affiliation': None, 'firstname': 'B', 'initials': 'B', 'lastname': 'Schneider'}, {'affiliation': None, 'firstname': 'J', 'initials': 'J', 'lastname': 'Hoblyn'}, {'affiliation': None, 'firstname': 'H C', 'initials': 'HC', 'lastname': 'Kraemer'}, {'affiliation': None, 'firstname': 'J', 'initials': 'J', 'lastname': 'Tinklenberg'}]",,,10.1177/0891988705284707,Journal of geriatric psychiatry and neurology,,,<Element 'PubmedArticle' at 0x72c63ae381d0>
16217247,Evaluation of epidemiologic and animal data associating pesticides with Parkinson's disease.,2005-10-12,,"Exposure to pesticides may be a risk factor for developing Parkinson's disease (PD). To evaluate the evidence regarding this association in the scientific literature, we examined both analytic epidemiologic studies of PD cases in which exposure to pesticides was queried directly and whole-animal studies for PD-like effects after systemic pesticide exposure. Epidemiologic studies were considered according to study quality parameters, and results were found to be mixed and without consistent exposure-response or pesticide-specific patterns. These epidemiologic studies were limited by a lack of detailed and validated pesticide exposure assessment. In animal studies, no pesticide has yet demonstrated the selective set of clinical and pathologic signs that characterize human PD, particularly at levels relevant to human populations. We conclude that the animal and epidemiologic data reviewed do not provide sufficient evidence to support a causal association between pesticide exposure and PD.","[{'affiliation': 'Health Sciences Practice, Exponent, Inc., San Francisco, California 94114, USA. abbyli@exponent.com', 'firstname': 'Abby A', 'initials': 'AA', 'lastname': 'Li'}, {'affiliation': None, 'firstname': 'Pamela J', 'initials': 'PJ', 'lastname': 'Mink'}, {'affiliation': None, 'firstname': 'Laura J', 'initials': 'LJ', 'lastname': 'McIntosh'}, {'affiliation': None, 'firstname': 'M Jane', 'initials': 'MJ', 'lastname': 'Teta'}, {'affiliation': None, 'firstname': 'Brent', 'initials': 'B', 'lastname': 'Finley'}]",,,10.1097/01.jom.0000174294.58575.3e,Journal of occupational and environmental medicine,,,<Element 'PubmedArticle' at 0x72c63ae3b830>
15680224,"Methionine oxidation, alpha-synuclein and Parkinson's disease.",2005-02-01,,"The aggregation of normally soluble alpha-synuclein in the dopaminergic neurons of the substantia nigra is a crucial step in the pathogenesis of Parkinson's disease. Oxidative stress is believed to be a contributing factor in this disorder. Because it lacks Trp and Cys residues, mild oxidation of alpha-synuclein in vitro with hydrogen peroxide selectively converts all four methionine residues to the corresponding sulfoxides. Both oxidized and non-oxidized alpha-synucleins have similar unfolded conformations; however, the fibrillation of alpha-synuclein at physiological pH is completely inhibited by methionine oxidation. The inhibition results from stabilization of soluble oligomers of Met-oxidized alpha-synuclein. Furthermore, the Met-oxidized protein also inhibits fibrillation of unmodified alpha-synuclein. The degree of inhibition of fibrillation by Met-oxidized alpha-synuclein is proportional to the number of oxidized methionines. However, the presence of metals can completely overcome the inhibition of fibrillation of the Met-oxidized alpha-synuclein. Since oligomers of aggregated alpha-synuclein may be cytotoxic, these findings indicate that both oxidative stress and environmental metal pollution could play an important role in the aggregation of alpha-synuclein, and hence possibly Parkinson's disease. In addition, if the level of Met-oxidized alpha-synuclein was under the control of methionine sulfoxide reductase (Msr), then this could also be factor in the disease.","[{'affiliation': None, 'firstname': 'Charles B', 'initials': 'CB', 'lastname': 'Glaser'}, {'affiliation': None, 'firstname': 'Ghiam', 'initials': 'G', 'lastname': 'Yamin'}, {'affiliation': None, 'firstname': 'Vladimir N', 'initials': 'VN', 'lastname': 'Uversky'}, {'affiliation': None, 'firstname': 'Anthony L', 'initials': 'AL', 'lastname': 'Fink'}]",,,10.1016/j.bbapap.2004.10.008,Biochimica et biophysica acta,,,<Element 'PubmedArticle' at 0x72c63ae43010>
"14715449
11181819
1919575
12127150
9500851
10746727
9197268
8414014
9613713
11207423
3489912
11790792
1510375
9918340
10865282
2911023
2911028
10545782
11707429
1349466
11264021
1510386
9482355
10506125
2355217
9462735
8381512
9260859
10878583
2575832
11841562
10679792
10934145
9600990
10203692
9278044
9595985
8818712
7639057
8988458
9444565
1620342
10934254
10678833
8248925
11553618
9929087
2500125
8607139
6329674
9482266
10095006
2884568
3736891
1704426
10963356
8416600
8420142
1471873
2898510
3737015
2208639
11852183
2748819
10930548
11445065
8419792
8333254
9191770
11430870
7162692
6823561
11181820
9763461
9546347
12670420
12641729
9764419
11238711
1584237
9749577
2985073
10359669
2305814
8839211
8212007
9295179",Paraquat and iron exposure as possible synergistic environmental risk factors in Parkinson's disease.,2004-01-13,,,"[{'affiliation': 'Buck Institute for Age Research, 8001 Redwood Blvd., Novato, CA 94945, USA. jandersen@buckinstitute.org', 'firstname': 'Julie K', 'initials': 'JK', 'lastname': 'Andersen'}]",,,10.1007/BF03033150,Neurotoxicity research,,,<Element 'PubmedArticle' at 0x72c63ae4dc60>
12709528,Endotoxin: is it an environmental factor in the cause of Parkinson's disease?,2003-04-24,,,"[{'affiliation': None, 'firstname': 'I', 'initials': 'I', 'lastname': 'Niehaus'}, {'affiliation': None, 'firstname': 'J H', 'initials': 'JH', 'lastname': 'Lange'}]",,,10.1136/oem.60.5.378,Occupational and environmental medicine,,,<Element 'PubmedArticle' at 0x72c63ae67510>
10706031,Organochlorine insecticides in substantia nigra in Parkinson's disease.,2000-03-08,,"The concentrations of organochlorine (OC) compounds in the substantia nigra (SN) were compared in Parkinson's disease (PD) with concentrations in brain from cortical Lewy body dementia (CLBD), Alzheimer's disease (AD), and nondemented nonparkinsonian controls (CON). The levels of the gamma isomer of hexachlorocyclohexane (gammaHCH, lindane) were significantly higher in PD tissues (mean +/- SD: 0.56 +/- 0.434 microg/g lipid) than in the other three groups (CLBD 0.052 +/- 0.101 microg/g lipid; AD none detected; CON 0.125 +/- 0.195; all differences from PD significant at p < .05, Mann-Whitney U-test). Dieldrin (HEOD) was higher in PD brain than in AD or control brain, while 1,1'-(2,2-dichloroethenyl diene)-bis(4-chlorobenzene) (p,p-DDE) and total Aroclor-matched polychlorinated biphenyls (matched PCBs) were only higher in PD substantia nigra when these concentrations were compared with those of CLBD. These findings are not inconsistent with the hypothesis derived from epidemiological work and animal studies that organochlorine insecticides produce a direct toxic action on the dopaminergic tracts of the substantia nigra and may contribute to the development of PD in those rendered susceptible by virtue of cytochrome P-450 polymorphism, excessive exposure, or other factors.","[{'affiliation': 'Lomond & Argyll Primary Care Trust, Argyll and Bute Hospital, Lochgilphead, United Kingdom. fmcorrigan@aol.com', 'firstname': 'F M', 'initials': 'FM', 'lastname': 'Corrigan'}, {'affiliation': None, 'firstname': 'C L', 'initials': 'CL', 'lastname': 'Wienburg'}, {'affiliation': None, 'firstname': 'R F', 'initials': 'RF', 'lastname': 'Shore'}, {'affiliation': None, 'firstname': 'S E', 'initials': 'SE', 'lastname': 'Daniel'}, {'affiliation': None, 'firstname': 'D', 'initials': 'D', 'lastname': 'Mann'}]",,,10.1080/009841000156907,Journal of toxicology and environmental health. Part A,,,<Element 'PubmedArticle' at 0x72c63ae6d3f0>
10705567,[Environmental risk factor in Parkinson disease].,2000-03-08,,,[],,,,Fortschritte der Neurologie-Psychiatrie,,,<Element 'PubmedArticle' at 0x72c63ae785e0>
9928895,Environmental MPTP as a factor in the aetiology of Parkinson's disease?,1999-02-03,,"The possibility that parkinsonism might be caused by environmental MPTP present in soot formed from partial combustion of coal has been assessed. Soot was fractionated and the bases were examined by gas chromatography-mass spectrometry (GC-MS) for 1,2,3,6-tetrahydro-1-methyl-4-phenylpyridine (MPTP). Although this method was considered to be capable of detecting MPTP in soot at about 1 in 10(-6) its presence was not detected.","[{'affiliation': ""Department of Pharmacy, King's College London, United Kingdom."", 'firstname': 'B L', 'initials': 'BL', 'lastname': 'Goodwin'}, {'affiliation': None, 'firstname': 'G C', 'initials': 'GC', 'lastname': 'Kite'}]",,,10.1007/s007020050129,"Journal of neural transmission (Vienna, Austria : 1996)",,,<Element 'PubmedArticle' at 0x72c63ae7a1b0>
9527905,Diorthosubstituted polychlorinated biphenyls in caudate nucleus in Parkinson's disease.,1998-05-30,,"As it had previously been demonstrated that there were reduced brain dopamine concentrations in monkeys who had been given polychlorinated biphenyls (PCBs) chronically, we hypothesized that organochlorine compounds in general, and PCBs in particular, might be important in the pathogenesis of Parkinson's disease (PD). In a study of caudate nucleus obtained post mortem from patients with Parkinson's disease and from controls, there were significantly higher concentrations of the organochlorine insecticide dieldrin and the PCB congener 153 in the PD tissue. DDE, PCB congener 180, and total PCBs (matched with a commercial preparation) also tended to be higher in Parkinson's disease tissue. We think that this is important preliminary evidence that diorthosubstituted PCBs may contribute to the pathogenesis of Parkinson's disease, and a greater presence of organochlorine insecticides in the PD tissue suggests that this may be in part the explanation for the association between PD and rural living.","[{'affiliation': 'Argyll and Bute NHS Trust, Argyll and Bute Hospital, Lochgilphead, PA31 8LD, United Kingdom.', 'firstname': 'F M', 'initials': 'FM', 'lastname': 'Corrigan'}, {'affiliation': None, 'firstname': 'L', 'initials': 'L', 'lastname': 'Murray'}, {'affiliation': None, 'firstname': 'C L', 'initials': 'CL', 'lastname': 'Wyatt'}, {'affiliation': None, 'firstname': 'R F', 'initials': 'RF', 'lastname': 'Shore'}]",,Copyright 1998 Academic Press.,10.1006/exnr.1998.6776,Experimental neurology,,,<Element 'PubmedArticle' at 0x72c63ae80270>
9452222,Selective dopamine neurotoxicity by an industrial chemical: an environmental cause of Parkinson's disease?,1998-02-06,,"While unproved, environmental toxins of industrial and or agricultural origin represent an attractive theory to explain the increasing incidence of degenerative diseases of the nervous system such as Parkinson's disease (PD). We have examined several chemicals utilized in an area of Israel previously demonstrated to contain a statistically greater than average number of people with Parkinson's disease. One of these agents, a light stabilizer employed universally in the production of polyolifins used in plastics, depleted primary mesencephalic cultures of dopamine neurons, and produced a dopamine-specific lesion of the substantia nigra pars compacta when injected stereotactically into the ventral midbrain of adult rats. The observed effects were dose-dependent. These findings represent a potentially significant development in the search for industrial/environmental causes of neurodegenerative disease.","[{'affiliation': 'Department of Neurology, Soroka Medical Center and Zlotowski Center for Neuroscience, Ben-Gurion University of the Negev, Beer Sheva, Israel.', 'firstname': 'R', 'initials': 'R', 'lastname': 'Masalha'}, {'affiliation': None, 'firstname': 'Y', 'initials': 'Y', 'lastname': 'Herishanu'}, {'affiliation': None, 'firstname': 'A', 'initials': 'A', 'lastname': 'Alfahel-Kakunda'}, {'affiliation': None, 'firstname': 'W F', 'initials': 'WF', 'lastname': 'Silverman'}]",,,10.1016/s0006-8993(97)81717-9,Brain research,,,<Element 'PubmedArticle' at 0x72c63ae82d40>
9311542,Chemical exposures and Parkinson's disease in residents of three Negev kibbutzim.,1997-01-01,,"We consider whether chemical pollutants in drinking water (including aromatic hydrocarbons, alkanes, halogenated aliphatic hydrocarbons, and phthalic acid) or used occupationally in agriculture that have shown no parkinsonism-inducing effect may be responsible for excess cases of Parkinson's disease (PD) in three adjacent kibbutzim in southern Israel (Negev). Literature data on PD pathogenesis have been compared with common pathogenetic pathways to xenobiotics effects; the following neurotoxic mechanisms, besides individual sensitivity, have been suggested: (1) impairment of the protective role of the substantia nigra against toxicants by binding of chemicals to melanin; (2) oxidative stress induction, including glutathione reduction, impaired calcium metabolism, and alteration of cytochrome P-450 activity; (3) blockade of iron chelators because of structural similarities to them or their precursors; (4) mediation of the production of endogenous dopaminergic neurotoxins, such as trichloroharmanes or isoquinolines; (5) blockade of dopamine receptors because of their resemblance to chemicals with affinity to these receptors; (6) stimulation of prostaglandin-H synthase and monooxygenase activity; and (7) stimulation of autoimmune processes and creation of autoimmunity to structures of the dopaminergic system caused by chemical similarity.","[{'affiliation': 'Soroka Medical Center, Ben Gurion University of the Negev, Negev, Israel.', 'firstname': 'E A', 'initials': 'EA', 'lastname': 'Kordysh'}, {'affiliation': None, 'firstname': 'Y', 'initials': 'Y', 'lastname': 'Herishanu'}, {'affiliation': None, 'firstname': 'J R', 'initials': 'JR', 'lastname': 'Goldsmith'}]",,Copyright 1997 Academic Press.,10.1006/enrs.1997.3695,Environmental research,,,<Element 'PubmedArticle' at 0x72c63ae8d990>
8419812,Parkinson's disease mortality and the industrial use of heavy metals in Michigan.,1993-01-01,,"Parkinson's disease (PD) mortality rates in Michigan counties for 1986-1988 were calculated with respect to potential heavy metal exposure (iron, zinc, copper, mercury, magnesium, and manganese) from industry based on recent census data. Individuals were counted as a PD death if the diagnosis was listed as an ""underlying"" or ""related"" cause of death on the death certificate. Counties with an industry in the paper, chemical, iron, or copper related-industrial categories (ICs) had statistically significantly (p < 0.05) higher PD death rates than counties without these industries. Significant correlations of chemical (rs = 0.22; p = 0.05), paper (rs = 0.22; p = 0.05) and iron (rs = 0.29; p = 0.008) industry densities with PD death rates were also present. Counties were divided into high (> 15/100,000 individuals 45 years old and over) and low (< = 15/100,000) PD death rate counties by cluster analysis. Geographically, counties with high PD mortality were located mainly in the southern half of the lower peninsula and eastern half of the upper peninsula; low PD death rate counties formed two distinct clusters in the western edge of the upper peninsula and the north-central portion of the lower peninsula. Other possible risk factors that may explain the varied distribution of PD death rates in Michigan were examined. Those significantly correlated with PD mortality included population density (rs = 0.31; p = 0.005), farming density (rs = 0.25; p = 0.02), and well water use (rs = -0.24; p = 0.03). These ecologic findings suggest a geographic association between PD mortality and the industrial use of heavy metals.","[{'affiliation': 'Department of Biostatistics and Research Epidemiology, Henry Ford Hospital, Detroit, Michigan.', 'firstname': 'B A', 'initials': 'BA', 'lastname': 'Rybicki'}, {'affiliation': None, 'firstname': 'C C', 'initials': 'CC', 'lastname': 'Johnson'}, {'affiliation': None, 'firstname': 'J', 'initials': 'J', 'lastname': 'Uman'}, {'affiliation': None, 'firstname': 'J M', 'initials': 'JM', 'lastname': 'Gorell'}]",,,10.1002/mds.870080116,Movement disorders : official journal of the Movement Disorder Society,,,<Element 'PubmedArticle' at 0x72c63ae989f0>
1584237,Exposure to well water and pesticides in Parkinson's disease: a case-control study in the Madrid area.,1992-01-01,,"Past exposure to well water and pesticides was assessed in 128 unselected Parkinson's disease (PD) patients and 256 age and sex-matched controls. All were residents in a defined urban area of Madrid, Spain. In keeping with other reports, we found that exposure to well water might be a factor associated with the likelihood of developing PD, though only prolonged exposures of 30 years or longer were significantly different between PD and controls (p less than 0.02). In contrast, past exposure to pesticides did not appear to be associated with an increased risk of developing PD. Prolonged well water drinking antedating the development of PD was not associated with early onset of the disease, nor did such cases progress to greater disability. Future case-control studies addressing prolonged well water consumption as a risk factor in PD should look for differences in the content of substances other than pesticides in the water as determined by the source of water to which patients may have been specifically exposed.","[{'affiliation': 'Department of Neurology, Hospital General Gregorio Marañón, Madrid, Spain.', 'firstname': 'F J', 'initials': 'FJ', 'lastname': 'Jiménez-Jiménez'}, {'affiliation': None, 'firstname': 'D', 'initials': 'D', 'lastname': 'Mateo'}, {'affiliation': None, 'firstname': 'S', 'initials': 'S', 'lastname': 'Giménez-Roldán'}]",,,10.1002/mds.870070209,Movement disorders : official journal of the Movement Disorder Society,,,<Element 'PubmedArticle' at 0x72c63ae9b290>
2472691,Environmental toxins and Parkinson's disease.,1989-05-01,,,[],,,10.1016/0166-2236(89)90066-0,Trends in neurosciences,,,<Element 'PubmedArticle' at 0x72c63aea58f0>
2893174,Environmental toxins in Parkinson's disease.,1988-02-13,,,"[{'affiliation': None, 'firstname': 'P', 'initials': 'P', 'lastname': 'Vieregge'}, {'affiliation': None, 'firstname': 'D', 'initials': 'D', 'lastname': 'Kömpf'}, {'affiliation': None, 'firstname': 'H', 'initials': 'H', 'lastname': 'Fassl'}]",,,10.1016/s0140-6736(88)91161-0,"Lancet (London, England)",,,<Element 'PubmedArticle' at 0x72c63aea6fc0>
3876509,Predicting Parkinson's disease.,1985-09-19,,,"[{'affiliation': None, 'firstname': 'S H', 'initials': 'SH', 'lastname': 'Snyder'}, {'affiliation': None, 'firstname': 'R J', 'initials': 'RJ', 'lastname': ""D'Amato""}]",,,10.1038/317198a0,Nature,,,<Element 'PubmedArticle' at 0x72c63aeacc70>
