pubmed_id,title,publication_date,keywords,abstract,authors,conclusions,copyrights,doi,journal,methods,results,xml
41290924,"Low dose ionising radiation elicits MPTP comparable alterations in locomotor Function, oxidative balance and mitochondrial homeostasis in zebrafish embryos.",2025-11-26,"1-methyl-4-phenyl-1,2,3,6-tetrahydropyridine, Antioxidant, Locomotor activity, Low-dose ionising radiation, Oxidative stress","Prenatal exposure to environmental factors including low-dose ionising radiation and neurotoxins may disrupt the oxidant-antioxidant balance. Our aim was to assess the effects of exposure to low-dose ionising radiation (LDIR) and 1-methyl-4-phenyl-1,2,3,6-tetrahydropyridine (MPTP), which is a neurotoxin used to model Parkinson's disease (PD), on developing zebrafish embryos, focusing on the oxidant-antioxidant system and markers of mitochondrial damage associated with PD. Zebrafish embryos were divided into four groups: control, LDIR, MPTP, and LDIR combined with MPTP (LDIR + MPTP). A dental x-ray unit (60 kVp, 7 mA) was used for the exposures. The 0.08 s LDIR exposure was measured as 0.065 mGy using optically stimulated dosimeters. At the end of 72 h after fertilization, locomotor activities, acetylcholine esterase (AChE) activity, oxidative stress and antioxidant status were assessed. Expressions of genes associated with in PD as markers of mitochondrial damage (pink1, parkin, dj1 and lrrk2) were determined by RT-PCR. Developmental toxicity was observed in all exposure groups as evidenced by pericardial edema, yolk sac edema and spinal curvature. LDIR exposure in zebrafish embryos affected oxidative and mitochondrial stress markers, as well as locomotor activity and AChE as a marker of cognitive function at levels comparable to the MPTP exposure. Our study is the first to determine the effects of LDIR from a dental x-ray unit on the response to MPTP, and we aim to further elucidate the mechanism of these changes observed particularly in the LDIR + MPTP group.","[{'affiliation': 'Department of Oral and Maxillofacial Radiology, Faculty of Dentistry, Marmara University, Istanbul, Turkey.', 'firstname': 'Ezgi', 'initials': 'E', 'lastname': 'Cahide'}, {'affiliation': 'Department of Oral and Maxillofacial Radiology, Faculty of Dentistry, Marmara University, Istanbul, Turkey.', 'firstname': 'Aydas', 'initials': 'A', 'lastname': 'Bayramov'}, {'affiliation': 'Institute of Health Sciences, Department Biochemistry, Marmara University, Istanbul, Turkey.', 'firstname': 'Merih', 'initials': 'M', 'lastname': 'Beler'}, {'affiliation': 'Department of Medical Biochemistry, Faculty of Medicine, Istanbul Medipol University, Istanbul, Turkey.', 'firstname': 'Derya', 'initials': 'D', 'lastname': 'Cansiz'}, {'affiliation': 'Department of Medical Biochemistry, Faculty of Medicine, Istanbul Medipol University, Istanbul, Turkey.', 'firstname': 'Ismail', 'initials': 'I', 'lastname': 'Unal'}, {'affiliation': 'Institute of Health Sciences, Department Biochemistry, Marmara University, Istanbul, Turkey.', 'firstname': 'Gizem', 'initials': 'G', 'lastname': 'Egilmezer'}, {'affiliation': 'Department of Oral and Maxillofacial Radiology, Faculty of Dentistry, Marmara University, Istanbul, Turkey.', 'firstname': 'Selma', 'initials': 'S', 'lastname': 'Yaltkaya'}, {'affiliation': 'Vocational School of Health Services, Fenerbahçe University, Istanbul, Turkey.', 'firstname': 'Atakan', 'initials': 'A', 'lastname': 'Karagoz'}, {'affiliation': 'Epsilon Landauer Dosimeter Technologies, Istanbul, Turkey.', 'firstname': 'Hüseyin', 'initials': 'H', 'lastname': 'Gündüz'}, {'affiliation': 'Department of Basic Medical Sciences, Faculty of Dentistry, Marmara University, Istanbul, Turkey.', 'firstname': 'Ebru', 'initials': 'E', 'lastname': 'Emekli-Alturfan'}, {'affiliation': 'Department of Oral and Maxillofacial Radiology, Faculty of Dentistry, Marmara University, Istanbul, Turkey. sebnemer@rocketmail.com.', 'firstname': 'Sebnem Ercalik', 'initials': 'SE', 'lastname': 'Yalcinkaya'}]",,© 2025. The Author(s).,10.1038/s41598-025-29382-8,Scientific reports,,,<Element 'PubmedArticle' at 0x714e81ae3ab0>
41279937,Aggregation-prone alpha-synuclein proteoforms and dysregulated molecular signatures in the vermiform appendix of synucleinopathy patients.,2025-11-24,,"Synucleinopathies, including Parkinson's disease, are neurodegenerative diseases characterized by intracellular inclusions containing the amyloidogenic protein alpha-synuclein. While classically considered to be brain disorders, increasing evidence suggests involvement of the gut, with alpha-synuclein aggregates potentially propagating to the brain via the vagus nerve. Evidence also suggests that the vermiform appendix is particularly susceptible to alpha-synuclein aggregation, and appendectomy impacts the onset of Parkinson's disease. However, the mechanisms underlying the aggregation of alpha-synuclein in the vermiform appendix remains poorly understood. To explore this, we assessed aggregation properties in postmortem appendix tissues from healthy controls and synucleinopathy patients using the alpha-synuclein seed amplification assay (alpha-synuclein-SAA) and performed total RNA sequencing alongside differential bisulfite-hybridization-based DNA methylation analysis in the same tissues to investigate the molecular underpinnings. Moreover, we determined alpha-synuclein cleavage patterns by cataloging soluble alpha-synuclein proteoforms from postmortem substantia nigra and post-surgical appendix tissues using top-down mass spectrometry (TD-MS). Alpha-synuclein-SAA was positive in appendix samples for 68.75% of synucleinopathy patients and 6.6% of controls. Genomic profiling revealed dysregulated expression of genes linked to protein folding/degradation, immune/inflammatory responses, and ciliary dynamics in synucleinopathy appendix tissues. TD-MS identified 65 distinct alpha-synuclein proteoforms in the substantia nigra and appendix, with 9 unique to the appendix. Further, 
Appendixes from synucleinopathy patients show altered gene expression, unique α-syn proteoforms, and higher aggregation propensity than substantia nigra.","[{'affiliation': None, 'firstname': 'Ehraz', 'initials': 'E', 'lastname': 'Anis'}, {'affiliation': None, 'firstname': 'Saima', 'initials': 'S', 'lastname': 'Zameer'}, {'affiliation': None, 'firstname': 'Joshua', 'initials': 'J', 'lastname': 'Wierenga'}, {'affiliation': None, 'firstname': 'Peipei', 'initials': 'P', 'lastname': 'Li'}, {'affiliation': None, 'firstname': 'Jacek W', 'initials': 'JW', 'lastname': 'Sikora'}, {'affiliation': None, 'firstname': 'Juozas', 'initials': 'J', 'lastname': 'Gordevicius'}, {'affiliation': None, 'firstname': 'Meghan', 'initials': 'M', 'lastname': 'Schilthuis'}, {'affiliation': None, 'firstname': 'Richard D', 'initials': 'RD', 'lastname': 'LeDuc'}, {'affiliation': None, 'firstname': 'Jeffery H', 'initials': 'JH', 'lastname': 'Kordower'}, {'affiliation': None, 'firstname': 'Michelle', 'initials': 'M', 'lastname': 'Pinho'}, {'affiliation': None, 'firstname': 'Sandra', 'initials': 'S', 'lastname': 'Pritzkow'}, {'affiliation': None, 'firstname': 'Claudio', 'initials': 'C', 'lastname': 'Soto'}, {'affiliation': None, 'firstname': 'Patrik', 'initials': 'P', 'lastname': 'Brundin'}, {'affiliation': None, 'firstname': 'Lena', 'initials': 'L', 'lastname': 'Brundin'}, {'affiliation': None, 'firstname': 'B A', 'initials': 'BA', 'lastname': 'Killinger'}]",,,10.1101/2025.10.07.680938,bioRxiv : the preprint server for biology,,,<Element 'PubmedArticle' at 0x714e81b12340>
41279558,"State-dependent release of extracellular particles with distinct α2,6-sialylation patterns and small RNA cargo related to neuroinflammation.",2025-11-24,,"Neuroinflammation is a significant contributor to neurodegenerative diseases, including Alzheimer's disease, Parkinson's disease, and related dementias; yet peripheral biomarkers for neuroinflammation remain an unmet medical need. Microglia, the resident immune cells of the central nervous system, play a dual role in maintaining homeostasis under physiological conditions and driving neuronal damage when chronically dysregulated. One mechanism by which microglia influence their environment is through the release of extracellular vesicles (EVs) and non-vesicular extracellular particles (NVEPs), which can serve as biomarkers the reflect cellular states. Here, we systematically isolated and characterized microglia-derived EVs and NVEPs under pro- and anti-inflammatory conditions and profiled their small RNA cargo by small RNA sequencing. We validated these findings in human iPSC-derived microglia and further recapitulated them in EVs and NVEPs from mouse brain and plasma. Using an engineered mouse model, we were able to isolate plasma microglia-specific EVs ","[{'affiliation': None, 'firstname': 'Marta', 'initials': 'M', 'lastname': 'Garcia-Contreras'}, {'affiliation': None, 'firstname': 'Carinna', 'initials': 'C', 'lastname': 'Lima'}, {'affiliation': None, 'firstname': 'Eric', 'initials': 'E', 'lastname': 'Alsop'}, {'affiliation': None, 'firstname': 'Balazs', 'initials': 'B', 'lastname': 'Kaszala'}, {'affiliation': None, 'firstname': 'Bessie', 'initials': 'B', 'lastname': 'Meechoovet'}, {'affiliation': None, 'firstname': 'Benjamin', 'initials': 'B', 'lastname': 'Purnell'}, {'affiliation': None, 'firstname': 'Nan', 'initials': 'N', 'lastname': 'Jiang'}, {'affiliation': None, 'firstname': 'Andras', 'initials': 'A', 'lastname': 'Saftics'}, {'affiliation': None, 'firstname': 'Candice', 'initials': 'C', 'lastname': 'Tang'}, {'affiliation': None, 'firstname': 'Olivia D', 'initials': 'OD', 'lastname': 'Walsh'}, {'affiliation': None, 'firstname': 'Sophia', 'initials': 'S', 'lastname': 'Holland'}, {'affiliation': None, 'firstname': 'Jimmy', 'initials': 'J', 'lastname': 'Fay'}, {'affiliation': None, 'firstname': 'Barbara', 'initials': 'B', 'lastname': 'Smith'}, {'affiliation': None, 'firstname': 'Krishna P', 'initials': 'KP', 'lastname': 'Sigdel'}, {'affiliation': None, 'firstname': 'Kendall', 'initials': 'K', 'lastname': 'Van Keuren-Jensen'}, {'affiliation': None, 'firstname': 'Tijana', 'initials': 'T', 'lastname': 'Jovanovic-Talisman'}, {'affiliation': None, 'firstname': 'Saumya', 'initials': 'S', 'lastname': 'Das'}]",,,10.1101/2025.10.30.684535,bioRxiv : the preprint server for biology,,,<Element 'PubmedArticle' at 0x714e81d6d800>
41262012,Formation of Condition-Dependent Alpha-Synuclein Fibril Strain in Artificial Cerebrospinal Fluid.,2025-11-20,"Cryo‐EM, Parkinson's disease, aggregate structure analysis, alpha‐synuclein aggregation, physiological conditions","α-Synuclein (aSyn) is an intrinsically disordered protein involved in neurotransmission and synaptic plasticity. The pathological aggregation of this protein is a hallmark of synucleinopathies such as Parkinson's disease (PD) or Multiple System Atrophy (MSA). Misfolded aSyn, which primarily originates in the cell cytosol, transmits between neurons, promoting a prion-like propagation. However, extracellular environments such as interstitial and cerebrospinal fluids (ISF & CSF) play a major role in its clearance and pathological transformation. The molecular components of CSF, including proteins, glycosaminoglycans, and metal ions, may influence the aggregate morphology, structure, and cytotoxicity to cells. To better understand how extracellular composition affects aggregates and their formation, artificial cerebrospinal fluid (aCSF) is employed to mimic potential aggregation processes occurring in CSF. Distinct aSyn fibrils are observed that exhibited low stability outside aCSF, and the removal of key CSF components led to its structural alterations. Cryo-electron microscopy revealed that these fibrils possess an electron density pocket coordinated with polar basic AAs (K43, K45, H50) that is also observed in aggregates obtained from PD and MSA patients. The findings illustrate the importance of physiologically relevant conditions in studying aSyn aggregation and may explain why disease-related fibril structure replication in vitro has not yet been successful.","[{'affiliation': 'Institute of Biotechnology, Life Sciences Center, Vilnius University, Sauletekio al. 7, Vilnius, LT-10257, Lithuania.', 'firstname': 'Rūta', 'initials': 'R', 'lastname': 'Sniečkutė'}, {'affiliation': 'Institute of Biotechnology, Life Sciences Center, Vilnius University, Sauletekio al. 7, Vilnius, LT-10257, Lithuania.', 'firstname': 'Darius', 'initials': 'D', 'lastname': 'Šulskis'}, {'affiliation': 'Institute of Biotechnology, Life Sciences Center, Vilnius University, Sauletekio al. 7, Vilnius, LT-10257, Lithuania.', 'firstname': 'Arūnė', 'initials': 'A', 'lastname': 'Jocytė'}, {'affiliation': 'Institute of Biotechnology, Life Sciences Center, Vilnius University, Sauletekio al. 7, Vilnius, LT-10257, Lithuania.', 'firstname': 'Urtė', 'initials': 'U', 'lastname': 'Venclovaitė'}, {'affiliation': 'Institute of Biochemistry, Life Sciences Center, Vilnius University, Sauletekio al. 7, Vilnius, LT-10257, Lithuania.', 'firstname': 'Rimgailė', 'initials': 'R', 'lastname': 'Tamulytė'}, {'affiliation': 'Institute of Biotechnology, Life Sciences Center, Vilnius University, Sauletekio al. 7, Vilnius, LT-10257, Lithuania.', 'firstname': 'Mantas', 'initials': 'M', 'lastname': 'Žiaunys'}, {'affiliation': 'Institute of Biotechnology, Life Sciences Center, Vilnius University, Sauletekio al. 7, Vilnius, LT-10257, Lithuania.', 'firstname': 'Vytautas', 'initials': 'V', 'lastname': 'Smirnovas'}, {'affiliation': 'Institute of Biotechnology, Life Sciences Center, Vilnius University, Sauletekio al. 7, Vilnius, LT-10257, Lithuania.', 'firstname': 'Andrius', 'initials': 'A', 'lastname': 'Sakalauskas'}]",,© 2025 The Author(s). Advanced Science published by Wiley‐VCH GmbH.,10.1002/advs.202505228,"Advanced science (Weinheim, Baden-Wurttemberg, Germany)",,,<Element 'PubmedArticle' at 0x714e81b027f0>
"41252097
33203604
15131299
38851130
37114632
30803674
36997607
33338929
32041035
29680567
28238328
31904226
37578171
32480092
30368178
34743074
34883149
36150226
34461419
32454310
31991276
38159628
31552738
36828069
31036862
38503214
38608860
37782357
38446676
38228001
28851777
28713158
19158505
34183987
27904486
29623026
35530153
25792098
33238806
34257791
28332488
28150045
38245248
11489671
2841426
27500785
35387495
38346505
39366047
39283733
38765967
39901044
32513186
35439490
36726457
38490422
34627918
38785524
35302003
32203103
25975510
39390134
36636141
29755324
39657384
26551716
27323783
24309662
39299213
38714083
37433768
35150991
36251724
29061693
34594000
34349624
34588955
26214837
35060696
16207887
35250595
34416493
35257813
35116217
36142234
39456461
39058145
21872849
34030247
25246129
18764739
35550135
32047650
39259382
34928307
35469368
33077188
12213999
39007083
33550076
39094707
39075566
24252804
39848408
35739658
38751156
20880500
26464797
35790884
35988226
37976362
38157817
30690184
37892117
39377830
37629273
39158845
38435303
31327219
36934020
31254094
36284437
28243222
37172818
38635025
36462733
36810933
20522088
32664857
33730791
39002604
34695262",Do microplastics play a role in the pathogenesis of neurodegenerative diseases? Shared pathophysiological pathways for Alzheimer's and Parkinson's disease.,2025-11-18,"Alzheimer’s disease, Microplastics, Neuro-pathophysiology, Neurodegenerative diseases, Parkinson’s disease, Plastic environmental pollution","The widespread presence of microplastics (MPs) in the environment has raised significant concerns about their potential impact on human health. As of 2023, the Ocean Conservancy estimates that adults may ingest up to 121,000 MPs annually. While the majority of these particles are cleared from the body, a small fraction can persist, as MPs are non-biodegradable and resist breakdown, posing long-term health risks that remain poorly understood. This review explores the emerging link between MP exposure and the development of neurodegenerative diseases, particularly Alzheimer's disease (AD) and Parkinson's disease [1]. MPs appear capable of triggering neurotoxic pathways, including activation of resident immune cells in the brain, oxidative stress, blood-brain barrier (BBB) disruption, mitochondrial dysfunction, and neuronal damage, which may contribute to neuroinflammation and disease progression. Specifically, six MP-related mechanistic pathways associated with AD were identified: BBB disruption, chronic inflammation, oxidative stress and ROS generation, mitochondrial dysfunction, impaired autophagy and proteostasis, and epigenetic alterations. Similarly, six pathways were implicated in PD: BBB disruption, oxidative stress in dopaminergic neurons, mitochondrial dysfunction, microglial-driven neuroinflammation, α-synuclein aggregation, and gut-brain axis [2] disruption. Ultimately, our findings underscore the urgent need for further research into the neurological consequences of chronic MP exposure in humans and highlight the importance of strengthening global policies to curb plastic pollution and mitigate its long-term health risks.","[{'affiliation': 'Discipline of Pharmacy, Graduate School of Health, University of Technology Sydney, Ultimo, NSW, 2007, Australia.', 'firstname': 'Alexander Chi Wang', 'initials': 'ACW', 'lastname': 'Siu'}, {'affiliation': 'Centre for Inflammation, School of Life Sciences, Faculty of Science, Centenary Institute and University of Technology, Sydney, NSW, 2007, Australia.\nWoolcock Institute of Medical Research, Macquarie University, Sydney, NSW, Australia.\nUttaranchal Institute of Pharmaceutical Sciences, Uttaranchal University, Dehradun, India.', 'firstname': 'Keshav Raj', 'initials': 'KR', 'lastname': 'Paudel'}, {'affiliation': 'Centre for Research Impact & Outcome, Chitkara College of Pharmacy, Chitkara University, Rajpura, 140401, Punjab, India.', 'firstname': 'Gurjeet', 'initials': 'G', 'lastname': 'Singh'}, {'affiliation': 'Centre for Research Impact & Outcome, Chitkara College of Pharmacy, Chitkara University, Rajpura, 140401, Punjab, India.\nCentre of Medical and Bio-allied Health Sciences Research, Ajman University, Ajman, 346, United Arab Emirates.', 'firstname': 'Gaurav', 'initials': 'G', 'lastname': 'Gupta'}, {'affiliation': 'School of Pharmaceutical Sciences , Lovely Professional University, Phagwara, India.\nFaculty of Health, Australian Research Centre in Complementary and Integrative Medicine, University of Technology Sydney, Ultimo, NSW, 2007, Australia.', 'firstname': 'Sachin Kumar', 'initials': 'SK', 'lastname': 'Singh'}, {'affiliation': 'Department of Life Sciences, School of Pharmacy, International Medical University, Bukit Jalil, Kuala Lumpur, 57000, Malaysia.', 'firstname': 'Dinesh Kumar', 'initials': 'DK', 'lastname': 'Chellappan'}, {'affiliation': 'Discipline of Pharmacy, Graduate School of Health, University of Technology Sydney, Ultimo, NSW, 2007, Australia.', 'firstname': 'Gabriele', 'initials': 'G', 'lastname': 'De Rubis'}, {'affiliation': 'Department of Drug Discovery & Development, Harrison College of Pharmacy, Auburn University, 3306B Walker building, Auburn, AL, 36849, USA.', 'firstname': 'Suhrud', 'initials': 'S', 'lastname': 'Pathak'}, {'affiliation': 'Discipline of Pharmacy, Graduate School of Health, University of Technology Sydney, Ultimo, NSW, 2007, Australia.\nWoolcock Institute of Medical Research, Macquarie University, Sydney, NSW, Australia.\nSchool of Life Sciences, University of Technology Sydney, Ultimo, NSW, 2007, Australia.', 'firstname': 'Brian', 'initials': 'B', 'lastname': 'Gregory George Oliver'}, {'affiliation': 'Discipline of Pharmacy, Graduate School of Health, University of Technology Sydney, Ultimo, NSW, 2007, Australia. Kamal.Dua@uts.edu.au.\nWoolcock Institute of Medical Research, Macquarie University, Sydney, NSW, Australia. Kamal.Dua@uts.edu.au.\nFaculty of Health, Australian Research Centre in Complementary and Integrative Medicine, University of Technology Sydney, Ultimo, NSW, 2007, Australia. Kamal.Dua@uts.edu.au.', 'firstname': 'Kamal', 'initials': 'K', 'lastname': 'Dua'}, {'affiliation': 'Department of Drug Discovery & Development, Harrison College of Pharmacy, Auburn University, 3306B Walker building, Auburn, AL, 36849, USA. dhanamu@auburn.edu.\nGraduate School, Auburn University, Auburn, AL, 36849, USA. dhanamu@auburn.edu.', 'firstname': 'Muralikrishnan', 'initials': 'M', 'lastname': 'Dhanasekaran'}]",,© 2025. The Author(s).,"10.1007/s11010-025-05428-3
10.1016/j.marpolbul.2020.111820
10.1126/science.1094559
10.1016/j.jconhyd.2024.104379
10.7185/geochemlet.1829
10.1016/j.oneear.2020.10.020
10.3349/ymj.2023.0048
10.1016/j.marpolbul.2019.01.053
10.1016/j.hazadv.2022.100215
10.1016/j.envadv.2022.100227
10.1007/s11270-019-4320-9
10.1038/s41598-023-32250-y
10.1016/j.marpolbul.2020.111847
10.1016/j.envpol.2020.114096
10.1016/j.marpolbul.2018.01.041
10.1016/j.marpolbul.2017.02.048
10.1021/acs.est.9b05994
10.1021/acs.est.3c03949
10.1007/s11356-021-17408-3
10.1016/j.chemosphere.2020.127199
10.1016/j.scitotenv.2018.10.166
10.1016/j.marpolbul.2021.113115
10.1016/j.envpol.2021.118607
10.33263/BRIAC132.126
10.1016/j.marpolbul.2022.114121
10.1016/j.envpol.2021.118030
10.22034/gjesm.2024.01.14
10.1016/j.envres.2020.109677
10.1016/j.scitotenv.2020.136823
10.1016/j.envpol.2023.123233
10.1016/j.emcon.2024.100417
10.1021/acs.est.9b02540
10.1016/j.scitotenv.2023.162193
10.1038/s41598-019-43023-x
10.1016/j.jhazmat.2024.134054
10.1016/j.eti.2021.101370
10.1016/j.tox.2024.153799
10.1007/s10661-023-11890-7
10.1056/NEJMoa2309822
10.1002/jat.4598
10.1016/j.jhazmat.2024.133518
10.1136/bmjopen-2016-015746
10.1016/s2468-2667(21)00249-8
10.1101/cshperspect.a006239
10.1038/aps.2017.28
10.4161/pri.2.3.7488
10.2147/ijn.S200490
10.3934/Neuroscience.2021020
10.4103/1673-5374.193234
10.3389/fnins.2018.00163
10.1016/j.apsb.2022.01.008
10.1016/s1474-4422(15)70016-5
10.1177/1073858420954811
10.1016/j.radcr.2021.05.080
10.1038/nrdp.2017.13
10.1007/s00702-017-1686-y
10.1016/S0140-6736(23)01419-8
10.1016/S1353-8020(01)00020-7
10.1136/jnnp.51.6.745
10.1080/17425247.2016.1220364
10.1161/STROKEAHA.122.036946
10.1016/j.arr.2024.102224
10.1016/j.jhazmat.2024.136028
10.1001/jamanetworkopen.2024.40018
10.21203/rs.3.rs-4345687/v1
10.1038/s41591-024-03453-1
10.1186/s12989-020-00358-y
10.1016/j.chemosphere.2022.134625
10.3389/fendo.2022.1084236
10.1016/j.scitotenv.2024.171681
10.1016/j.scitotenv.2021.150817
10.3390/cimb46050256
10.1016/j.chemosphere.2022.134261
10.1038/s12276-020-0405-1
10.1016/j.tins.2015.04.003
10.1007/s00424-019-02310-2
10.1186/1750-1326-6-55
10.1038/s41598-024-74637-5
10.2147/NDT.S396556
10.3389/fncel.2018.00114
10.1016/j.ecoenv.2024.117471
10.1042/bst20140319
10.1177/0271678x16655551
10.1038/nm.3407
10.1016/j.ecoenv.2024.117063
10.1016/j.ecoenv.2024.116393
10.1038/s41392-023-01486-5
10.1016/j.jhazmat.2022.128431
10.1289/EHP10255
10.1084/jem.20171406
10.1038/s41423-021-00757-x
10.3389/fncel.2021.695479
10.3389/fncel.2021.661838
10.1038/nm.3913
10.1021/acs.chemrestox.1c00374
10.1523/jneurosci.2614-05.2005
10.1186/s12974-020-01820-6
10.3389/fphar.2022.845185
10.1016/j.neurobiolaging.2021.07.014
10.1016/j.fct.2022.112904
10.1007/s13205-022-03123-4
10.3390/ijms231810329
10.3390/antiox13101208
10.1038/s41536-020-00107-x
10.3390/toxics12070493
10.1016/j.brainres.2011.07.052
10.1016/j.scitotenv.2021.146523
10.1016/j.yexcr.2014.09.017
10.1089/ars.2008.2263
10.1016/j.envpol.2022.119449
10.1038/s41421-020-0141-7
10.1007/s00401-024-02799-7
10.1093/advances/nmab154
10.1016/j.cbi.2022.110021
10.1007/s00244-022-00924-9
10.1016/j.chemosphere.2020.128592
10.1016/j.ajme.2017.09.001
10.3233/jad-1999-1301
10.1016/j.ibneur.2023.11.007
10.1016/j.ecoenv.2021.112018
10.3390/microplastics4010010
10.1016/j.chemosphere.2024.142986
10.1186/s40035-024-00430-z
10.3233/jpd-130230
10.1016/j.arr.2025.102667
10.1186/s13024-023-00676-7
10.1016/j.jhazmat.2022.128459
10.1002/advs.202401009
10.1016/j.nurt.2010.05.014
10.1186/s40035-015-0042-0
10.1038/s12276-022-00789-x
10.3233/jpd-223290
10.1126/sciadv.adi8716
10.1016/j.jhazmat.2023.133289
10.1016/j.arr.2019.01.012
10.3390/biom13101435
10.1016/j.lfs.2022.120366
10.1016/j.enceco.2025.03.005
10.1038/s41392-024-01743-1
10.1007/s10571-024-01496-z
10.3390/jcm12165231
10.1021/acsnano.4c03874
10.1016/j.biopha.2023.114985
10.3389/fcimb.2024.1348279
10.5056/jnm19044
10.1016/j.neurol.2022.12.010
10.1007/s00401-019-02040-w
10.1111/cns.13990
10.3389/fneur.2017.00037
10.1177/13872877251364559
10.1016/j.lfs.2023.121752
10.1007/s12035-024-04160-1
10.1016/j.etap.2022.104027
10.1002/tox.23752
10.1111/j.1750-3639.2009.00369.x
10.1186/s12199-020-00870-9
10.5620/eaht.2021004
10.1016/j.scitotenv.2024.174704
10.1002/etc.5237",Molecular and cellular biochemistry,,,<Element 'PubmedArticle' at 0x714e81ad42c0>
41218368,Elevated blood microplastics and their potential association with Parkinson's disease.,2025-11-12,"Microplastics, Parkinson’s disease, Polyamide 66 (PA66), Polypropylene (PP), Polyvinyl chloride (PVC)","Microplastic (MP) contamination in human blood and its potential link to Parkinson's disease (PD) remain poorly understood. In this study, we collected whole blood samples from 21 PD patients and 12 age- and sex-matched healthy controls under strict anticontamination protocols. A lifestyle questionnaire was administered to assess MP exposure-related habits, revealing that PD patients reported more frequent use of disposable plastic products and bottled water consumption, suggesting greater environmental exposure. Pyrolysis-gas chromatography-mass spectrometry (Py-GC/MS), laser direct infrared imaging (LDIR) and scanning electron microscopy (SEM) were used to quantify and characterize the MPs. Five polymer types-polyethylene (PE), polystyrene (PS), polyvinyl chloride (PVC), polypropylene (PP) and nylon-66 (PA66)-were detected in the sample. The total MP burden was significantly greater in PD patients than in controls (21.36 ± 8.42 vs. 13.56 ± 5.92 μg/g; p < 0.01), with the greatest increases observed for PVC (1.49-fold), PP (2.74-fold) and PA66 (6.62-fold), whereas the PE and PS levels were not significantly different. LDIR and SEM analyses revealed diverse particle morphologies, with most polymers appearing as granular particles. In vitro assays further revealed that PVC and PP microplastics induced dopaminergic neuron apoptosis and increased the level of phosphorylated α-synuclein (p-α-syn), providing support for their potential neurotoxicity. Together, these findings indicate elevated blood MP levels in PD patients and offer preliminary evidence linking polymer exposure with PD-related neuronal vulnerability.","[{'affiliation': 'Department of Neurology, The First Affiliated Hospital of Guangzhou Medical University, Guangzhou 510120, China; Department of Neurology, The Second Affiliated Hospital of Wenzhou Medical University, Wenzhou, Zhejiang 325027, China.', 'firstname': 'Zongtang', 'initials': 'Z', 'lastname': 'Xu'}, {'affiliation': 'Xinjiang Medical University Affiliated Second Hospital, Urumqi, Xinjiang 830054, China.', 'firstname': 'Xingting', 'initials': 'X', 'lastname': 'Huang'}, {'affiliation': 'Department of Neurology, The First Affiliated Hospital of Guangzhou Medical University, Guangzhou 510120, China.', 'firstname': 'Ziting', 'initials': 'Z', 'lastname': 'Zhu'}, {'affiliation': 'Department of Neurology, The First Affiliated Hospital of Guangzhou Medical University, Guangzhou 510120, China.', 'firstname': 'Fengchu', 'initials': 'F', 'lastname': 'Liang'}, {'affiliation': 'Department of Neurology, The First Affiliated Hospital of Guangzhou Medical University, Guangzhou 510120, China.', 'firstname': 'Huimin', 'initials': 'H', 'lastname': 'Hu'}, {'affiliation': 'College of Environment and Energy, South China University of Technology, Guangzhou 510006, China.', 'firstname': 'Tingting', 'initials': 'T', 'lastname': 'Cai'}, {'affiliation': 'Department of Neurology, The First Affiliated Hospital of Guangzhou Medical University, Guangzhou 510120, China.', 'firstname': 'Tianni', 'initials': 'T', 'lastname': 'Liu'}, {'affiliation': 'Guangzhou Institute of Respiratory Health, Guangzhou 510120, China.', 'firstname': 'Weiqing', 'initials': 'W', 'lastname': 'Huang'}, {'affiliation': 'Department of Neurology, The First Affiliated Hospital of Guangzhou Medical University, Guangzhou 510120, China. Electronic address: lulinlc@126.com.', 'firstname': 'Lin', 'initials': 'L', 'lastname': 'Lu'}, {'affiliation': 'Department of Neurology, The First Affiliated Hospital of Guangzhou Medical University, Guangzhou 510120, China. Electronic address: pingyixu@sina.com.', 'firstname': 'Pingyi', 'initials': 'P', 'lastname': 'Xu'}, {'affiliation': 'Department of Neurology, The First Affiliated Hospital of Guangzhou Medical University, Guangzhou 510120, China. Electronic address: 2024991049@gzhmu.edu.cn.', 'firstname': 'Wenlong', 'initials': 'W', 'lastname': 'Zhang'}]",,Copyright © 2025 Elsevier B.V. All rights reserved.,10.1016/j.jhazmat.2025.140431,Journal of hazardous materials,,,<Element 'PubmedArticle' at 0x714e81bb3970>
41216526,"Corrigendum to ""Leveraging ANFIS with Adam and PSO optimizers for Parkinson's disease"" [Heliyon Volume 10, Issue 9, May 15, 2024, Article e30241].",2025-11-11,,[This corrects the article DOI: 10.1016/j.heliyon.2024.e30241.].,"[{'affiliation': 'Department of Computer Science and Engineering, REVA University, Bengaluru, India.', 'firstname': 'Akram', 'initials': 'A', 'lastname': 'Pasha'}, {'affiliation': 'Indian Institute of Technology Hyderabad, India.', 'firstname': 'Syed Thouheed', 'initials': 'ST', 'lastname': 'Ahmed'}, {'affiliation': 'Department of ECE, Kallam Haranadhareddy Institute of Technology, Guntur, Andhra Pradesh, India.', 'firstname': 'Ranjith Kumar', 'initials': 'RK', 'lastname': 'Painam'}, {'affiliation': 'School of Computer Science and Engineering, Galgotias University, Greater Noida, 203201, India.', 'firstname': 'Sandeep Kumar', 'initials': 'SK', 'lastname': 'Mathivanan'}, {'affiliation': 'Department of Computer Applications, School of Computer Science Engineering and Information Systems, Vellore Institute of Technology, Vellore, 632014, Tamil Nadu, India.', 'firstname': 'Karthikeyan', 'initials': 'K', 'lastname': 'P'}, {'affiliation': 'Department of Environmental Health, Harvard T H Chan School of Public Health, Boston, MA, 02115, USA.\nDepartment of Pharmacology & Toxicology, The University of Arizona, Tucson, AZ, USA.', 'firstname': 'Saurav', 'initials': 'S', 'lastname': 'Mallik'}, {'affiliation': 'Department of Computer Science and Engineering, University of Tennessee at Chattanooga, Chattanooga, TN, 37403, USA.', 'firstname': 'Hong', 'initials': 'H', 'lastname': 'Qin'}]",,© 2024 The Author(s).,10.1016/j.heliyon.2025.e43492,Heliyon,,,<Element 'PubmedArticle' at 0x714e81e627a0>
"41204381
41053825",Correction: Integrated multi‑omics highlights alterations of gut microbiome functions in prodromal and idiopathic Parkinson's disease.,2025-11-08,,,"[{'affiliation': 'Luxembourg Centre for Systems Biomedicine, University of Luxembourg, Esch‑Sur‑Alzette, Luxembourg.', 'firstname': 'Rémy', 'initials': 'R', 'lastname': 'Villette'}, {'affiliation': 'Luxembourg Centre for Systems Biomedicine, University of Luxembourg, Esch‑Sur‑Alzette, Luxembourg.', 'firstname': 'Júlia Ortís', 'initials': 'JO', 'lastname': 'Sunyer'}, {'affiliation': 'Luxembourg Centre for Systems Biomedicine, University of Luxembourg, Esch‑Sur‑Alzette, Luxembourg.', 'firstname': 'Polina V', 'initials': 'PV', 'lastname': 'Novikova'}, {'affiliation': 'Luxembourg Centre for Systems Biomedicine, University of Luxembourg, Esch‑Sur‑Alzette, Luxembourg.', 'firstname': 'Velma T E', 'initials': 'VTE', 'lastname': 'Aho'}, {'affiliation': 'Luxembourg Centre for Systems Biomedicine, University of Luxembourg, Esch‑Sur‑Alzette, Luxembourg.', 'firstname': 'Viacheslav A', 'initials': 'VA', 'lastname': 'Petrov'}, {'affiliation': 'Luxembourg Centre for Systems Biomedicine, University of Luxembourg, Esch‑Sur‑Alzette, Luxembourg.', 'firstname': 'Oskar', 'initials': 'O', 'lastname': 'Hickl'}, {'affiliation': 'Luxembourg Centre for Systems Biomedicine, University of Luxembourg, Esch‑Sur‑Alzette, Luxembourg.\nUK Centre for Ecology and Hydrology, Wallingford, Oxfordshire, UK.', 'firstname': 'Susheel Bhanu', 'initials': 'SB', 'lastname': 'Busi'}, {'affiliation': 'Luxembourg Centre for Systems Biomedicine, University of Luxembourg, Esch‑Sur‑Alzette, Luxembourg.', 'firstname': 'Charlotte', 'initials': 'C', 'lastname': 'De Rudder'}, {'affiliation': 'Luxembourg Centre for Systems Biomedicine, University of Luxembourg, Esch‑Sur‑Alzette, Luxembourg.', 'firstname': 'Benoit J', 'initials': 'BJ', 'lastname': 'Kunath'}, {'affiliation': 'Luxembourg Centre for Systems Biomedicine, University of Luxembourg, Esch‑Sur‑Alzette, Luxembourg.\nBiosystems Data Analysis, Swammerdam Institute for Life Sciences, University of Amsterdam, Amsterdam, The Netherlands.', 'firstname': 'Anna', 'initials': 'A', 'lastname': 'Heintz-Buschart'}, {'affiliation': 'Luxembourg Centre for Systems Biomedicine, University of Luxembourg, Esch‑Sur‑Alzette, Luxembourg.', 'firstname': 'Jean-Pierre', 'initials': 'JP', 'lastname': 'Trezzi'}, {'affiliation': 'Luxembourg Centre for Systems Biomedicine, University of Luxembourg, Esch‑Sur‑Alzette, Luxembourg.', 'firstname': 'Rashi', 'initials': 'R', 'lastname': 'Halder'}, {'affiliation': 'Luxembourg Centre for Systems Biomedicine, University of Luxembourg, Esch‑Sur‑Alzette, Luxembourg.', 'firstname': 'Christian', 'initials': 'C', 'lastname': 'Jäger'}, {'affiliation': 'Luxembourg Centre for Systems Biomedicine, University of Luxembourg, Esch‑Sur‑Alzette, Luxembourg.', 'firstname': 'Laura A', 'initials': 'LA', 'lastname': 'Lebrun'}, {'affiliation': 'Luxembourg Centre for Systems Biomedicine, University of Luxembourg, Esch‑Sur‑Alzette, Luxembourg.', 'firstname': 'Annegrät', 'initials': 'A', 'lastname': 'Daujeumont'}, {'affiliation': 'Paracelsus-Elena-Klinik, Kassel, Germany.', 'firstname': 'Sebastian', 'initials': 'S', 'lastname': 'Schade'}, {'affiliation': 'Department of Neurology, Philipps-University Marburg, Marburg, Germany.', 'firstname': 'Annette', 'initials': 'A', 'lastname': 'Janzen'}, {'affiliation': 'Department of Molecular Toxicology, Helmholtz-Centre for Environmental Research GmbH - UFZ, Leipzig, Germany.', 'firstname': 'Nico', 'initials': 'N', 'lastname': 'Jehmlich'}, {'affiliation': 'Department of Molecular Toxicology, Helmholtz-Centre for Environmental Research GmbH - UFZ, Leipzig, Germany.', 'firstname': 'Martin', 'initials': 'M', 'lastname': 'von Bergen'}, {'affiliation': 'Luxembourg Centre for Systems Biomedicine, University of Luxembourg, Esch‑Sur‑Alzette, Luxembourg.', 'firstname': 'Cédric C', 'initials': 'CC', 'lastname': 'Laczny'}, {'affiliation': 'Luxembourg Centre for Systems Biomedicine, University of Luxembourg, Esch‑Sur‑Alzette, Luxembourg.', 'firstname': 'Patrick', 'initials': 'P', 'lastname': 'May'}, {'affiliation': 'Department of Neurosurgery, University Medical Center Göttingen, Göttingen, Germany.', 'firstname': 'Claudia', 'initials': 'C', 'lastname': 'Trenkwalder'}, {'affiliation': 'Department of Neurology, Philipps-University Marburg, Marburg, Germany.', 'firstname': 'Wolfgang', 'initials': 'W', 'lastname': 'Oertel'}, {'affiliation': 'Department of Neurology, University Medical Center Göttingen, Göttingen, Germany.\nParacelsus-Elena-Klinik, Kassel, Germany.', 'firstname': 'Brit', 'initials': 'B', 'lastname': 'Mollenhauer'}, {'affiliation': 'Luxembourg Centre for Systems Biomedicine, University of Luxembourg, Esch‑Sur‑Alzette, Luxembourg. paul.wilmes@uni.lu.\nDepartment of Life Sciences and Medicine, Faculty of Science, Technology and Medicine, University of Luxembourg, Belvaux, Luxembourg. paul.wilmes@uni.lu.', 'firstname': 'Paul', 'initials': 'P', 'lastname': 'Wilmes'}]",,,10.1186/s40168-025-02295-4,Microbiome,,,<Element 'PubmedArticle' at 0x714e8277b8d0>
"41195301
33069326
25985137
21914720
38707435
38579965
36427280
29081689
18319743
25381465
16461860
20861059
25583848
11872902
39379761
39652645
39096926
27729011
27428752
9545414
8116623
31119452
18703462
30953760
23042660
9626291
28154098
36224605
30914942","Heritability and shared environmental effects of brain diseases in 12,040 extended families.",2025-11-06,"Dementia, Genetics, Neurodegenerative diseases, Parkinson's disease, Stroke","Brain diseases have complex patterns of genetic and environmental risk factors, and better understanding of these risks is required for more effective prevention strategies. Participants of the Dutch Brain Research Registry provided detailed information on family structure and occurrence of brain diseases. A total of 12,040 participants (73% female, aged 64.9 ± 11 years) provided information on 101,379 family members (53% female, aged 62 ± 25 years). We estimated heritability (","[{'affiliation': 'Genomics of Neurodegenerative Diseases and Aging, Human Genetics, Vrije Universiteit, Amsterdam UMC location VUmc, Amsterdam, The Netherlands.\nAlzheimer Center Amsterdam, Neurology, Vrije Universiteit, Amsterdam UMC location VUmc, Amsterdam, The Netherlands.\nNeurochemistry Laboratory, Department of Laboratory Medicine, Amsterdam Neuroscience, Amsterdam UMC Vrije Universiteit, Amsterdam, The Netherlands.\nAmsterdam Neuroscience, Neurodegeneration, Amsterdam, The Netherlands.', 'firstname': 'Janna I R', 'initials': 'JIR', 'lastname': 'Dijkstra'}, {'affiliation': 'Genomics of Neurodegenerative Diseases and Aging, Human Genetics, Vrije Universiteit, Amsterdam UMC location VUmc, Amsterdam, The Netherlands.\nAlzheimer Center Amsterdam, Neurology, Vrije Universiteit, Amsterdam UMC location VUmc, Amsterdam, The Netherlands.\nAmsterdam Neuroscience, Neurodegeneration, Amsterdam, The Netherlands.', 'firstname': 'Marc', 'initials': 'M', 'lastname': 'Hulsman'}, {'affiliation': 'Alzheimer Center Amsterdam, Neurology, Vrije Universiteit, Amsterdam UMC location VUmc, Amsterdam, The Netherlands.\nAmsterdam Neuroscience, Neurodegeneration, Amsterdam, The Netherlands.', 'firstname': 'Lisa', 'initials': 'L', 'lastname': 'Waterink'}, {'affiliation': 'Genomics of Neurodegenerative Diseases and Aging, Human Genetics, Vrije Universiteit, Amsterdam UMC location VUmc, Amsterdam, The Netherlands.\nAlzheimer Center Amsterdam, Neurology, Vrije Universiteit, Amsterdam UMC location VUmc, Amsterdam, The Netherlands.\nAmsterdam Neuroscience, Neurodegeneration, Amsterdam, The Netherlands.', 'firstname': 'Henne', 'initials': 'H', 'lastname': 'Holstege'}, {'affiliation': 'Neurochemistry Laboratory, Department of Laboratory Medicine, Amsterdam Neuroscience, Amsterdam UMC Vrije Universiteit, Amsterdam, The Netherlands.\nAmsterdam Neuroscience, Neurodegeneration, Amsterdam, The Netherlands.', 'firstname': 'Charlotte E', 'initials': 'CE', 'lastname': 'Teunissen'}, {'affiliation': 'Genomics of Neurodegenerative Diseases and Aging, Human Genetics, Vrije Universiteit, Amsterdam UMC location VUmc, Amsterdam, The Netherlands.\nAlzheimer Center Amsterdam, Neurology, Vrije Universiteit, Amsterdam UMC location VUmc, Amsterdam, The Netherlands.', 'firstname': 'Wouter F L', 'initials': 'WFL', 'lastname': 'Christiaansen'}, {'affiliation': 'Genomics of Neurodegenerative Diseases and Aging, Human Genetics, Vrije Universiteit, Amsterdam UMC location VUmc, Amsterdam, The Netherlands.\nAlzheimer Center Amsterdam, Neurology, Vrije Universiteit, Amsterdam UMC location VUmc, Amsterdam, The Netherlands.', 'firstname': 'Bryan A', 'initials': 'BA', 'lastname': 'de Jong'}, {'affiliation': 'Psychiatric Research Center, University of Maryland Baltimore, Baltimore, MD USA.\nDepartment of Psychiatry and Behavioral Science, University of Texas Health Science Center Houston, Houston, TX USA.', 'firstname': 'Peter', 'initials': 'P', 'lastname': 'Kochunov'}, {'affiliation': 'Department of Psychiatry and Behavioral Science, University of Texas Health Science Center Houston, Houston, TX USA.', 'firstname': 'Brian', 'initials': 'B', 'lastname': 'Donohue'}, {'affiliation': 'Alzheimer Center Amsterdam, Neurology, Vrije Universiteit, Amsterdam UMC location VUmc, Amsterdam, The Netherlands.\nAmsterdam Neuroscience, Neurodegeneration, Amsterdam, The Netherlands.', 'firstname': 'Marissa D', 'initials': 'MD', 'lastname': 'Zwan'}, {'affiliation': 'Alzheimer Center Amsterdam, Neurology, Vrije Universiteit, Amsterdam UMC location VUmc, Amsterdam, The Netherlands.\nAmsterdam Neuroscience, Neurodegeneration, Amsterdam, The Netherlands.\nDepartment of Radiology and Nuclear Medicine, Vrije Universiteit, Amsterdam UMC location VUmc, Amsterdam, The Netherlands.', 'firstname': 'Anouk', 'initials': 'A', 'lastname': 'den Braber'}, {'affiliation': 'Alzheimer Center Amsterdam, Neurology, Vrije Universiteit, Amsterdam UMC location VUmc, Amsterdam, The Netherlands.\nNeurochemistry Laboratory, Department of Laboratory Medicine, Amsterdam Neuroscience, Amsterdam UMC Vrije Universiteit, Amsterdam, The Netherlands.\nAmsterdam Neuroscience, Neurodegeneration, Amsterdam, The Netherlands.', 'firstname': 'Lisa', 'initials': 'L', 'lastname': 'Vermunt'}, {'affiliation': 'Genomics of Neurodegenerative Diseases and Aging, Human Genetics, Vrije Universiteit, Amsterdam UMC location VUmc, Amsterdam, The Netherlands.\nAlzheimer Center Amsterdam, Neurology, Vrije Universiteit, Amsterdam UMC location VUmc, Amsterdam, The Netherlands.\nAmsterdam Neuroscience, Neurodegeneration, Amsterdam, The Netherlands.', 'firstname': 'Sven J', 'initials': 'SJ', 'lastname': 'van der Lee'}]",,© The Author(s) 2025.,10.1038/s44400-025-00030-2,NPJ dementia,,,<Element 'PubmedArticle' at 0x714e8186e610>
41160771,Ferroptosis Induced by Pb Exposure Causes Parkinson's Disease-Related Dopaminergic Neuronal Death.,2025-10-29,"Drosophila melanogaster, Parkinson’s disease, dopaminergic neuron, ferroptosis, lead","Lead (Pb) exposure is strongly associated with neurodegenerative diseases such as Parkinson's disease (PD). A prominent pathological feature of PD is the degeneration of dopaminergic (DA) neurons. However, the molecular mechanisms underlying Pb-induced DA neuron loss have been insufficiently explored. This study investigated these mechanisms using both ","[{'affiliation': 'Institute of Life Science and Green Development/Hebei Basic Science Center for Biotic Interaction/Collaborative Innovation Center for Baiyangdian Basin Ecological Protection and Beijing-Tianjin-Hebei Sustainable Development, College of Life Science, Hebei University, Baoding 071002, China.', 'firstname': 'Yue', 'initials': 'Y', 'lastname': 'Niu'}, {'affiliation': 'Institute of Life Science and Green Development/Hebei Basic Science Center for Biotic Interaction/Collaborative Innovation Center for Baiyangdian Basin Ecological Protection and Beijing-Tianjin-Hebei Sustainable Development, College of Life Science, Hebei University, Baoding 071002, China.', 'firstname': 'Yifan', 'initials': 'Y', 'lastname': 'Pan'}, {'affiliation': 'Institute of Life Science and Green Development/Hebei Basic Science Center for Biotic Interaction/Collaborative Innovation Center for Baiyangdian Basin Ecological Protection and Beijing-Tianjin-Hebei Sustainable Development, College of Life Science, Hebei University, Baoding 071002, China.', 'firstname': 'Yaqi', 'initials': 'Y', 'lastname': 'Wang'}, {'affiliation': 'Institute of Life Science and Green Development/Hebei Basic Science Center for Biotic Interaction/Collaborative Innovation Center for Baiyangdian Basin Ecological Protection and Beijing-Tianjin-Hebei Sustainable Development, College of Life Science, Hebei University, Baoding 071002, China.', 'firstname': 'Huanyi', 'initials': 'H', 'lastname': 'Qin'}, {'affiliation': 'Institute of Life Science and Green Development/Hebei Basic Science Center for Biotic Interaction/Collaborative Innovation Center for Baiyangdian Basin Ecological Protection and Beijing-Tianjin-Hebei Sustainable Development, College of Life Science, Hebei University, Baoding 071002, China.', 'firstname': 'Yongqi', 'initials': 'Y', 'lastname': 'Fu'}, {'affiliation': 'Institute of Life Science and Green Development/Hebei Basic Science Center for Biotic Interaction/Collaborative Innovation Center for Baiyangdian Basin Ecological Protection and Beijing-Tianjin-Hebei Sustainable Development, College of Life Science, Hebei University, Baoding 071002, China.', 'firstname': 'Meng', 'initials': 'M', 'lastname': 'Zhou'}, {'affiliation': 'Institute of Life Science and Green Development/Hebei Basic Science Center for Biotic Interaction/Collaborative Innovation Center for Baiyangdian Basin Ecological Protection and Beijing-Tianjin-Hebei Sustainable Development, College of Life Science, Hebei University, Baoding 071002, China.\nState Key Laboratory of Integrated Management of Pest Insects and Rodents, Institute of Zoology, Chinese Academy of Sciences, Beijing 100101, China.', 'firstname': 'Le', 'initials': 'L', 'lastname': 'Kang'}]",,,10.1021/acs.est.5c11674,Environmental science & technology,,,<Element 'PubmedArticle' at 0x714e81973100>
41130067,Atrazine induces neurotoxic effects in dopaminergic systems via metabolomic and miRNA alterations.,2025-10-24,"Atrazine, Metabolome, Neurotoxicity, Non-transcriptome, Parkinson’s disease","Atrazine (ATR), a globally utilized herbicide, is known to induce neurotoxic effects on the dopaminergic system at high concentrations. While the roles of metabolomics and non-transcriptomics in energy supplementation, reactive oxygen species (ROS) production, and apoptosis are well-documented, their interactions with ATR have not been thoroughly explored. This study investigated the impact of ATR on the dopaminergic system through integrated metabolomic and non-transcriptomic analyses. We observed significant alterations in miRNA expressions that regulate the AMPK and fatty acid metabolism pathways. These disruptions led to abnormal accumulations of L-carnitine and a notable decrease in L-palmitoylcarnitine (L-PC) in the substantia nigra pars compacta (SNpc), impairing mitochondrial β-oxidation and ATP synthesis. Such metabolic disruptions likely contribute to an inadequate energy supply, hastening neuronal degeneration and autophagy. Additionally, changes in the expression of tyrosine hydroxylase and α-synuclein indicated significant damage of ATR exposure to dopaminergic neurons. These results enhance the understanding of ATR's neurotoxic mechanisms and highlight the need for further studies and risk assessments of environmental pollutants that affect the dopaminergic system.","[{'affiliation': 'School of Public Health, Shantou University, Shantou 515063, China.', 'firstname': 'Bingyun', 'initials': 'B', 'lastname': 'Li'}, {'affiliation': 'School of Public Health, Shantou University, Shantou 515063, China.', 'firstname': 'Xiaojuan', 'initials': 'X', 'lastname': 'Chen'}, {'affiliation': 'College of Public Health, Harbin Medical University, Harbin 150081, China.', 'firstname': 'Xiaomeng', 'initials': 'X', 'lastname': 'Hu'}, {'affiliation': 'College of Public Health, Harbin Medical University, Harbin 150081, China.', 'firstname': 'Hongzhan', 'initials': 'H', 'lastname': 'Liu'}, {'affiliation': 'School of Public Health, Shantou University, Shantou 515063, China.', 'firstname': 'Jinyi', 'initials': 'J', 'lastname': 'He'}, {'affiliation': 'School of Public Health, Shantou University, Shantou 515063, China. Electronic address: ysli@stu.edu.cn.', 'firstname': 'Yanshu', 'initials': 'Y', 'lastname': 'Li'}]",,Copyright © 2025 The Authors. Published by Elsevier Inc. All rights reserved.,10.1016/j.ecoenv.2025.119253,Ecotoxicology and environmental safety,,,<Element 'PubmedArticle' at 0x714e81971ad0>
"41127805
21144997
30711326
19481108
21048897
25140130
30621912
30569209
17339521
37841347
37718439
240872
22462104
24081909
19287374
11867711
10896158
19574391
34388373
12807436
20382224
16204351
29480229
38070655
24192129
33589689
28242493
33106318
38319410
35672307
35317792
39422452
24915976
25064061
34349261
21304930
4399447
15287963
9870940
9765501
36216995
33623004
14739932
34237253
28213524
15338614
28879499
21995323
23689506
11814642
12887685
16001968
19477154
15378064
18837995
26937633
27984591
33837376
19513662
16183138
18288508
14568548
19060335
19609300
24353061
20209143
33524034
24463000
32847964
39788737
20721315
12838583
18094261
21515580
21969584
36353356
22719914
32510332
30240421
22629462
21688290
24709946
28968387
37155851
31083672
22908044
25822066
17698017
27193056
39358459
14762140
21120572
26430569
23977320
17021164
30392795
6805073
37096663
25864633
19494152
25536037
30988167
21304491
15492222
19193891
17196529
26985027
27634141
30651312
37236963
38572143
23986713
20335372
16492461
34528252
10797247
23607404
7718242
15344920
17268620
33889812
19037257
18984564
35074444
19614755
40827508
35906758
25262817
34415309
18050467
22837521
16724276
10572056
12231628
22069471
21593334
7826644
23166505
31270481
26929998
7723846
7472454
15654117
31412049
23525841
26921458
39219718
37431892
40238881
33378642
16093388
33779893
29440990
24770636
21980435
33347799
8883884
29398114
34767769
27035941
37607537
37914938
38036855
29853555",The dopaminergic system of ,2025-10-23,"C. elegans, behaviour, dopamine, model organisms, neuroscience","Dopamine is a highly conserved neurotransmitter that plays a pivotal role in regulating a wide array of behaviours. In vertebrates, it is best known for its involvement in motor control, motivation, reward processing and learning. Dysregulation of dopaminergic signalling is implicated in several human neurological and psychiatric disorders, most notably Parkinson's disease. The fundamental importance of dopamine has driven researchers to study it across a range of model organisms. Among these, the nematode ","[{'affiliation': 'Department of Zoology, University of Cambridge, Cambridge CB2 3EJ, UK.', 'firstname': 'Inchara', 'initials': 'I', 'lastname': 'Muralidhara'}, {'affiliation': 'Department of Zoology, University of Cambridge, Cambridge CB2 3EJ, UK.', 'firstname': 'Iris', 'initials': 'I', 'lastname': 'Hardege'}]",,© 2025 The Authors.,"10.1098/rsos.250843
10.1016/j.neuron.2010.11.022
10.1016/j.tics.2018.12.006
10.1016/j.neubiorev.2009.05.005
10.3389/fnbeh.2010.00163
10.3389/fncir.2014.00093
10.1016/j.tins.2018.12.004
10.1007/s00702-018-1957-2
10.1001/archpsyc.64.3.327
10.3934/neuroscience.2023017
10.1186/s40035-023-00378-6
10.1002/cne.901630207
10.1098/rstb.1986.0056
10.1895/wormbook.1.161.1
10.1038/nature07929
10.1073/pnas.042497999
10.1016/s0896-6273(00)81199-x
10.1126/science.1169243
10.1016/j.cub.2021.07.036
10.1046/j.1471-4159.2003.01809.x
10.1016/j.nbd.2010.04.002
10.1093/hmg/ddi371
10.3233/jpd-171258
10.1016/j.neuro.2023.12.005
10.1159/000355654
10.1038/s42003-021-01731-z
10.1016/j.gde.2017.02.011
10.1242/dmm.046110
10.1007/s12640-024-00686-3
10.1038/s41467-022-30869-5
10.1186/s12915-022-01272-9
10.7554/eLife.95402
10.7554/elife.02938
10.1007/s00018-014-1681-5
10.1038/s41586-021-03778-8
10.1371/journal.pcbi.1001066
10.1146/annurev.bi.40.070171.002341
10.1186/1471-2148-4-24
10.1523/jneurosci.19-01-00072.1999
10.1038/s41589-022-01148-7
10.1038/s41392-020-00456-5
10.1038/sj.emboj.7600057
10.1016/j.cell.2021.06.023
10.1074/jbc.m116.760850
10.1101/sqb.2003.68.159
10.1007/s10519-017-9868-9
10.1111/j.1600-079x.2011.00969.x
10.1074/jbc.c113.477000
10.1016/s0304-3940(01)02477-6
10.1046/j.1471-4159.2003.01896.x
10.1111/j.1471-4159.2005.03268.x
10.1016/j.neuron.2009.04.013
10.1038/nn1316
10.1186/1741-7007-6-42
10.1895/wormbook.1.75.2
10.1371/journal.pcbi.1005283
10.1038/s41583-021-00455-7
10.1007/978-1-60327-317-6_25
10.1016/j.tips.2005.09.007
10.1101/2025.04.02.646353
10.1007/s10158-008-0068-4
10.1016/s0012-1606(03)00447-0
10.1242/dev.030064
10.1038/emboj.2009.194
10.1242/dev.099721
10.1371/journal.pone.0009487
10.1371/journal.pgen.1009346
10.1016/j.neuroscience.2014.01.025
10.1523/jneurosci.1357-20.2020
10.1523/JNEUROSCI.0678-24.2024
10.3389/fnbeh.2010.00049
10.1016/j.applanim.2022.105741
10.1002/neu.10245
10.1523/jneurosci.2992-07.2007
10.1534/genetics.111.128512
10.1073/pnas.1108673108
10.1016/j.mex.2022.101890
10.1371/journal.pone.0038649
10.7554/elife.57093
10.1371/journal.pone.0204057
10.1371/journal.pone.0037831
10.1002/jnr.22694
10.1534/g3.114.010819
10.1371/journal.pgen.1007032
10.1073/pnas.2219341120
10.1371/journal.pone.0216417
10.1534/g3.112.003533
10.7554/eLife.05849
10.1016/j.neuron.2007.07.023
10.1038/srep26297
10.1038/s42003-024-06936-6
10.1523/jneurosci.1569-03.2004
10.1007/s10158-010-0112-z
10.1080/21624054.2015.1062971
10.1371/journal.pone.0072578
10.1523/JNEUROSCI.0819-06.2006
10.1016/j.neuron.2018.10.024
10.1126/science.6805073
10.7554/elife.69779
10.1016/j.neuron.2015.03.026
10.1523/jneurosci.3429-08.2009
10.1371/journal.pone.0115985
10.1523/jneurosci.2985-18.2019
10.1038/emboj.2011.22
10.1073/pnas.0403369101
10.1523/jneurosci.4585-08.2009
10.1016/j.neuron.2006.11.015
10.1523/jneurosci.1128-15.2016
10.1101/lm.041830.116
10.1073/pnas.1807454116
10.1038/s41467-023-38685-1
10.1042/ns20230057
10.3389/fphys.2013.00088
10.1101/lm.960510
10.1016/S0074-7742(05)69002-2
10.1111/jnc.15510
10.1002/(sici)1098-2302(200005)36:43.3.co;2-z
10.1186/1744-9081-9-16
10.1016/0896-6273(95)90224-4
10.1111/j.1601-183X.2004.00080.x
10.1039/b613414a
10.1016/j.isci.2021.102284
10.1038/emboj.2008.252
10.1101/lm.994408
10.1016/j.neures.2022.01.005
10.1111/j.1601-183x.2009.00513.x
10.1111/jnc.70200
10.1002/jnr.25112
10.1002/wdev.136
10.1242/dev.199687
10.1895/wormbook.1.78.1
10.1126/science.1221762
10.1007/s10571-006-9003-6
10.1242/dev.126.24.5819
10.1101/gad.1012602
10.1371/journal.pone.0026811
10.1523/jneurosci.6153-10.2011
10.1016/0896-6273(95)90242-2
10.1371/journal.pgen.1003015
10.1038/s41586-019-1352-7
10.1016/j.conb.2016.02.002
10.1038/375073a0
10.1523/jneurosci.15-10-06975.1995
10.1534/genetics.104.032540
10.1371/journal.pone.0220434
10.4161/worm.19148
10.1016/j.ydbio.2016.02.021
10.3389/ftox.2024.1374866
10.7554/elife.83957
10.1126/sciadv.adu5829
10.1016/j.cell.2020.12.012
10.1523/JNEUROSCI.2048-05.2005
10.1007/s12264-021-00665-0
10.3389/fncel.2018.00011
10.1538/expanim.63.107
10.1371/journal.pone.0025371
10.1086/711293
10.1016/0006-8993(96)00424-6
10.1016/j.cell.2018.01.008
10.1016/j.neuron.2021.10.028
10.1073/pnas.1514074113
10.1016/j.cell.2023.07.035
10.1038/s41586-023-06683-4
10.1038/s41592-023-02100-w
10.1126/science.aat4422",Royal Society open science,,,<Element 'PubmedArticle' at 0x714e81947790>
"41114126
36677744
24376148
11100151
12498954
19042691
38997709
9007411
36982988
32390826
33177086
29184069
28991704
30267336
37240432
16959795
23161999
20880500
36187296
33549656
27598189
15624759
38260026
27701719
32859276
14645467
21566660
20339856
21269927
26464797
21626386
10391881
31785806
34974845",Rotenone accelerates endogenous α-synuclein spreading and enhances neurodegeneration in an intra-striatal α-synuclein preformed fibril injected mouse model of Parkinson's disease.,2025-10-20,"Parkinson’s disease, mouse model, neurodegeneration, rotenone, α-synuclein","Prominent histopathological features of Parkinson's disease (PD) include the presence of Lewy bodies, intra-neural protein aggregates mainly composed of α-synuclein (α-syn), and cell death of dopaminergic neurons. Epidemiological studies have revealed a correlation between exposure to environmental neurotoxins, such as rotenone, and an increased risk of developing PD. In this study, we evaluated the role of rotenone in α-syn spreading and accumulation, with the aim of developing a mouse model of accelerated PD. Human α-synuclein pre-formed fibrils (PFF) were injected into the mouse striatum by stereotactic surgery. Rotenone (2.5 mg/kg-body-weight) was administered intraperitoneally once daily for four consecutive weeks one day or three weeks after the PFF injection. Brains were collected twenty-four hours after the last injection for immunohistochemical analysis. In this study, rotenone significantly synergized PFF induced α-syn spreading, neuroinflammation, in addition to augmented loss of dopaminergic neurons along the nigrostriatal pathway.","[{'affiliation': 'Department of Biochemistry and Molecular Biology, College of Medicine and Health Sciences, United Arab Emirates University, Al Ain, United Arab Emirates.', 'firstname': 'Engila', 'initials': 'E', 'lastname': 'Khan'}, {'affiliation': 'Department of Biochemistry and Molecular Biology, College of Medicine and Health Sciences, United Arab Emirates University, Al Ain, United Arab Emirates.', 'firstname': 'Nada', 'initials': 'N', 'lastname': 'Radwan'}, {'affiliation': 'Department of Medical Laboratory Sciences, Faculty of Allied Medical Sciences, Al-Ahliyya Amman University, Amman, Jordan.', 'firstname': 'Mustafa T', 'initials': 'MT', 'lastname': 'Ardah'}, {'affiliation': 'Otawa-Kagaku, Parkinson Clinic and Research, Kamakura, Japan.', 'firstname': 'Tohru', 'initials': 'T', 'lastname': 'Kitada'}, {'affiliation': 'Department of Biochemistry and Molecular Biology, College of Medicine and Health Sciences, United Arab Emirates University, Al Ain, United Arab Emirates.', 'firstname': 'M Emdadul', 'initials': 'ME', 'lastname': 'Haque'}]",,"Copyright © 2025 Khan, Radwan, Ardah, Kitada and Haque.","10.3389/fncel.2025.1624593
10.1080/16583655.2022.2128561
10.3390/molecules28020685
10.1002/tox.21943
10.1038/81834
10.1016/s0197-4580(02)00065-9
10.1080/10599240801986215
10.1186/s12979-024-00429-0
10.1097/00019052-199612000-00017
10.3390/ijms24065914
10.3389/fphar.2020.00356
10.1126/sciadv.abc2487
10.1038/s41598-017-15813-8
10.1016/j.jns.2017.08.3251
10.1007/s10072-018-3585-x
10.3390/ijms24109088
10.1093/hmg/ddl243
10.1126/science.1227157
10.1016/j.nurt.2010.05.014
10.3389/fncel.2022.967813
10.1016/j.neuro.2021.02.001
10.3390/neurosci1010001
10.3390/ijerph13090881
10.1093/jnen/63.12.1225
10.3389/fnins.2023.1248727
10.1186/s40478-020-01026-0
10.1523/JNEUROSCI.23-34-10756.2003
10.1038/cdd.2011.53
10.1007/s00401-010-0676-z
10.1289/ehp.1002839
10.1186/s40035-015-0042-0
10.1007/s10654-011-9581-6
10.1074/jbc.274.28.19509
10.1016/j.bbrc.2019.11.142
10.1186/s40035-021-00276-9",Frontiers in cellular neuroscience,,,<Element 'PubmedArticle' at 0x714e817f2fc0>
41101626,Decreased DNA methyltransferase 1 level in blood cells in Parkinson's disease.,2025-10-17,"Alpha-synuclein, Blood cells, DNA methyltransferase 1 (DNMT1), Dopamine, Global DNA methylation, Parkinson’s disease","Parkinson's disease (PD) is a most common neurodegenerative disorder caused by genetic, epigenetic, and environmental factors. DNA methylation, regulated by DNA methyltransferases (DNMTs) is the key epigenetic modification playing an important role in gene expression regulation. Oligomeric alpha-synuclein - a major neurotoxic agent in PD - could sequester DNMT1 from the cell nucleus to the cytoplasm leading to global DNA hypomethylation. Here we evaluated DNMT1 expression (mRNA, protein), alpha-synuclein level, global DNA methylation in CD45+ blood cells, as well as global DNA methylation in total peripheral blood cells (TPBCs) from L-DOPA-naïve sporadic PD (sPD) patients and controls. In addition, the effect of exogenous dopamine on DNMT1 level in the nuclear (NP) and cytosolic protein (CP) fractions and DNA methylation level of SNCA intron 1 in cultured peripheral blood mononuclear cells (PBMCs) were assessed as well. We observed reduced DNMT1 protein level in CD45+ blood cells and in the CP and NP fractions of cultured PBMCs of sPD patients compared to controls. Decreased global DNA methylation in TPBCs was demonstrated in sPD compared to controls along with hypomethylation of SNCA intron 1 in cultured PBMCs of sPD patients. There was no effect of dopamine on DNMT1 level and DNA methylation level of SNCA intron 1 in cultured lymphocytes from sPD patients and controls. Alpha-synuclein level was elevated in CD45+ blood cells from sPD patients compared to controls. Our results suggested that changes in DNMT1 level in peripheral blood cells could be implicated in the PD pathogenesis.","[{'affiliation': 'Petersburg Nuclear Physics Institute Named by B.P. Konstantinov of National Research Center «Kurchatov Institute», mkr. Orlova roshcha, 1, Gatchina, 188300, Russia.', 'firstname': 'A O', 'initials': 'AO', 'lastname': 'Lavrinova'}, {'affiliation': 'Petersburg Nuclear Physics Institute Named by B.P. Konstantinov of National Research Center «Kurchatov Institute», mkr. Orlova roshcha, 1, Gatchina, 188300, Russia.', 'firstname': 'E M', 'initials': 'EM', 'lastname': 'Litusova'}, {'affiliation': 'Petersburg Nuclear Physics Institute Named by B.P. Konstantinov of National Research Center «Kurchatov Institute», mkr. Orlova roshcha, 1, Gatchina, 188300, Russia.', 'firstname': 'P A', 'initials': 'PA', 'lastname': 'Gagarina'}, {'affiliation': 'Engelhardt Institute of Molecular Biology, Russian Academy of Sciences, Vavilova str., 32, Moscow, 119991, Russia.', 'firstname': 'A A', 'initials': 'AA', 'lastname': 'Dmitriev'}, {'affiliation': 'Engelhardt Institute of Molecular Biology, Russian Academy of Sciences, Vavilova str., 32, Moscow, 119991, Russia.', 'firstname': 'N V', 'initials': 'NV', 'lastname': 'Melnikova'}, {'affiliation': 'Petersburg Nuclear Physics Institute Named by B.P. Konstantinov of National Research Center «Kurchatov Institute», mkr. Orlova roshcha, 1, Gatchina, 188300, Russia.', 'firstname': 'E A', 'initials': 'EA', 'lastname': 'Demidova'}, {'affiliation': 'Petersburg Nuclear Physics Institute Named by B.P. Konstantinov of National Research Center «Kurchatov Institute», mkr. Orlova roshcha, 1, Gatchina, 188300, Russia.', 'firstname': 'A S', 'initials': 'AS', 'lastname': 'Zhuravlev'}, {'affiliation': 'Petersburg Nuclear Physics Institute Named by B.P. Konstantinov of National Research Center «Kurchatov Institute», mkr. Orlova roshcha, 1, Gatchina, 188300, Russia.', 'firstname': 'D G', 'initials': 'DG', 'lastname': 'Kulabukhova'}, {'affiliation': 'Petersburg Nuclear Physics Institute Named by B.P. Konstantinov of National Research Center «Kurchatov Institute», mkr. Orlova roshcha, 1, Gatchina, 188300, Russia; N.P. Bechtereva Institute of the Human Brain, Russian Academy of Sciences, Pavlova str., 9, Saint-Petersburg, 197376, Russia.', 'firstname': 'I V', 'initials': 'IV', 'lastname': 'Miliukhina'}, {'affiliation': ""Pavlov First Saint-Petersburg State Medical University, L'va Tolstogo str., 6-8, Saint-Petersburg, 197022, Russia."", 'firstname': 'A A', 'initials': 'AA', 'lastname': 'Timofeeva'}, {'affiliation': ""Pavlov First Saint-Petersburg State Medical University, L'va Tolstogo str., 6-8, Saint-Petersburg, 197022, Russia."", 'firstname': 'O A', 'initials': 'OA', 'lastname': 'Berkovich'}, {'affiliation': ""Petersburg Nuclear Physics Institute Named by B.P. Konstantinov of National Research Center «Kurchatov Institute», mkr. Orlova roshcha, 1, Gatchina, 188300, Russia; Pavlov First Saint-Petersburg State Medical University, L'va Tolstogo str., 6-8, Saint-Petersburg, 197022, Russia."", 'firstname': 'S N', 'initials': 'SN', 'lastname': 'Pchelina'}, {'affiliation': ""Petersburg Nuclear Physics Institute Named by B.P. Konstantinov of National Research Center «Kurchatov Institute», mkr. Orlova roshcha, 1, Gatchina, 188300, Russia; Pavlov First Saint-Petersburg State Medical University, L'va Tolstogo str., 6-8, Saint-Petersburg, 197022, Russia. Electronic address: e_anton_gen@mail.ru."", 'firstname': 'A K', 'initials': 'AK', 'lastname': 'Emelyanov'}]",,Copyright © 2025 International Brain Research Organization (IBRO). Published by Elsevier Inc. All rights reserved.,10.1016/j.neuroscience.2025.10.025,Neuroscience,,,<Element 'PubmedArticle' at 0x714e816cf290>
"41097493
38489197
38377788
24389262
11487197
39134389
37359515
34719434
38217613
36943668
33074190
33540042
31432604
27912057
36376318
36332796
37048085
35456966
37433768
34864130
32576618
26739246
38759892
27722929
36265728
24057998
31246571
38691300
36108500
39065014
36179124
38915462
39919328
36140986
37224004
39728409
38923832
38830480
40080935
35796789
37858827
40391651
39771106
32915649
30944313
37943830
31752564
38834626
35609983
38397589
19499576
26249810
16211538
20408171
20162312
26598167
34525672
12471596
36436338
5662083
18856071
29943287
36067690
32659088
34944694
31898838
38040169
38853201
39660000
39383141
38890280
39979637
40725602
35601652
36514978
35230626",Speculation on the Mechanism of Parkinson's Disease Induced by Risk Residual Pesticides in Fresh Jujube and Hawthorn Through Network Toxicology and Molecular Docking Analysis.,2025-10-16,"Parkinson’s disease (PD), fresh jujube, hawthorn, molecular docking, network toxicology, pesticide residues","Parkinson's disease (PD) is a neurodegenerative disease that is closely related to genetic and environmental factors, among which pesticide exposure is considered an important risk factor. Fresh jujube and hawthorn, as widely consumed fruits, may contain pesticide residues, but the potential effects of long-term low-dose intake on PD are not yet clear. This study combines network toxicology and molecular docking technology to elucidate the molecular mechanism of PD induced by residual pesticides in fresh jujube and hawthorn. Firstly, common risk pesticides (such as organophosphates and pyrethroids) in fresh jujube and hawthorn were screened through the database. Subsequently, a ""pesticide target-PD"" interactive network was constructed using network toxicology to predict key targets and related pathways. Finally, molecular docking technology was used to verify the binding ability of pesticide molecules to PD-related proteins. The results indicate that some pesticides (such as chlorpyrifos and cypermethrin) may increase the risk of PD by affecting lipid metabolism and oxidative stress response. This study provides a new approach for assessing the neurotoxicity of pesticide residues and suggests the need to pay attention to the potential impact of dietary pesticide exposure on PD, providing a scientific basis for food safety regulation and PD prevention strategies.","[{'affiliation': 'Shanxi Center for Testing of Functional Agro-Products, Shanxi Agricultural University, Taiyuan 030031, China.', 'firstname': 'Yecan', 'initials': 'Y', 'lastname': 'Pan'}, {'affiliation': 'Shanxi Center for Testing of Functional Agro-Products, Shanxi Agricultural University, Taiyuan 030031, China.', 'firstname': 'Wenkui', 'initials': 'W', 'lastname': 'Liu'}, {'affiliation': 'Shanxi Center for Testing of Functional Agro-Products, Shanxi Agricultural University, Taiyuan 030031, China.', 'firstname': 'Wenxin', 'initials': 'W', 'lastname': 'Shi'}, {'affiliation': 'Shanxi Center for Testing of Functional Agro-Products, Shanxi Agricultural University, Taiyuan 030031, China.', 'firstname': 'Ying', 'initials': 'Y', 'lastname': 'Lv'}, {'affiliation': 'Shanxi Center for Testing of Functional Agro-Products, Shanxi Agricultural University, Taiyuan 030031, China.', 'firstname': 'Chen', 'initials': 'C', 'lastname': 'Yang'}, {'affiliation': 'Shanxi Center for Testing of Functional Agro-Products, Shanxi Agricultural University, Taiyuan 030031, China.', 'firstname': 'Yanjie', 'initials': 'Y', 'lastname': 'Wang'}, {'affiliation': 'Shanxi Center for Testing of Functional Agro-Products, Shanxi Agricultural University, Taiyuan 030031, China.', 'firstname': 'Chao', 'initials': 'C', 'lastname': 'Ding'}, {'affiliation': 'Shanxi Center for Testing of Functional Agro-Products, Shanxi Agricultural University, Taiyuan 030031, China.', 'firstname': 'Bianqing', 'initials': 'B', 'lastname': 'Hao'}]",,,"10.3390/foods14193324
10.3233/JPD-230411
10.1016/j.redox.2024.103092
10.2741/S415
10.1007/s100720170042
10.1101/cshperspect.a041774
10.3389/fimmu.2023.1168539
10.3233/JPD-212922
10.3233/JPD-230357
10.1007/s11064-023-03904-0
10.3233/JPD-201981
10.1016/j.arr.2021.101263
10.1111/acel.13031
10.1016/j.cell.2016.11.018
10.1038/s41467-022-34667-x
10.1016/j.jare.2022.10.013
10.3390/cells12071012
10.3390/ijms23084148
10.1038/s41392-023-01486-5
10.1016/j.toxlet.2021.12.003
10.1136/jnnp-2019-322338
10.1016/j.parkreldis.2015.12.008
10.1016/j.arr.2024.102340
10.1007/s00204-016-1849-x
10.1016/j.envpol.2022.120445
10.1093/ije/dyt170
10.2478/aiht-2019-70-3263
10.1007/s12035-024-04140-5
10.1016/j.envint.2022.107512
10.3390/molecules29143437
10.1093/jpp/rgac050
10.3389/fphar.2024.1384189
10.1016/j.phymed.2025.156458
10.3390/foods11182861
10.1021/acs.est.3c00653
10.3390/jox14040101
10.1002/advs.202400389
10.1016/j.tox.2024.153847
10.1016/j.ecoenv.2025.118030
10.1007/s10661-022-10253-y
10.1016/j.scitotenv.2023.167904
10.1021/acs.est.5c01085
10.3390/toxics12120891
10.1080/13813455.2020.1817944
10.1038/s41467-019-09234-6
10.1371/journal.pone.0294236
10.1080/14756366.2019.1692828
10.1038/s41598-024-61769-x
10.1093/nar/gkac394
10.3390/foods13040612
10.1002/jcc.21334
10.1093/bioinformatics/btv458
10.1002/jcc.20291
10.1002/prot.22711
10.1007/s00894-010-0650-7
10.1021/ct2002732
10.1103/PhysRevE.104.025304
10.1002/prot.10250
10.1016/j.bbrc.2022.11.017
10.1021/j100854a047
10.1007/s00894-018-3695-7
10.1016/j.foodchem.2022.134048
10.1021/acs.jcim.9b01134
10.3390/biomedicines9121879
10.1002/humu.23970
10.1016/j.mito.2023.11.007
10.1007/s10495-024-01984-z
10.3389/fphar.2024.1487474
10.1371/journal.pone.0311824
10.1038/s41467-024-48961-3
10.1038/s43587-025-00818-0
10.3390/jcm14144908
10.1155/2022/6600944
10.1080/00207454.2022.2158824
10.1007/s11011-022-00937-2","Foods (Basel, Switzerland)",,,<Element 'PubmedArticle' at 0x714e816659e0>
"41094927
33019633
37069193
37112339
36088898
29843253
30967832
39275396
1564476
32079910
33938809
36366038
30158894
33923809
37588481
18668623",Enhanced Detection and Segmentation of Sit Phases in Patients with Parkinson's Disease Using a Single SmartWatch and Random Forest Algorithms.,2025-10-16,"Activities of daily living, automatic detection, inertial sensors, movement disorders, random forest","Automatic detection of 
The aim of this study was to enhance the accuracy of detecting and segmenting 
Twenty-two patients living with PD performed activities of daily living that incorporate repeated transitions to a seated position in a simulated free-living environment during 3 min, 4 min, and 5 min trials. Tri-axial accelerations and angular velocities of the right or left ankle were recorded at 50 Hz using a SmartWatch. Random forest algorithms were trained using raw and filtered data to automatically detect and segment 
Sensibility, specificity, and F-score achieved 78.3%, 93.8%, and 84.7% for 
This study demonstrates that a random forest algorithm can accurately detect and segment ","[{'affiliation': 'Institut de Recherche Robert-Sauvé en Santé et en Sécurité du Travail (IRSST), 505 Boul. de Maisonneuve O, Montréal, QC H3A 3C2, Canada.', 'firstname': 'Etienne', 'initials': 'E', 'lastname': 'Goubault'}, {'affiliation': ""Centre de Recherche sur le Vieillissement, CIUSSS de l'Estrie-CHUS, Sherbrooke, QC J1H 4C4, Canada."", 'firstname': 'Camille', 'initials': 'C', 'lastname': 'Martin'}, {'affiliation': ""Département des Sciences de l'Activité Physique, Université du Québec à Montréal, Montréal, QC H2X 1Y4, Canada.\nCentre de Recherche de l'Institut Universitaire de Gériatrie de Montréal, Montréal, QC H3W 1W6, Canada."", 'firstname': 'Christian', 'initials': 'C', 'lastname': 'Duval'}, {'affiliation': 'Department of Rehabilitation and Movement Sciences, Rutgers University, Newark, NJ 07107, USA.', 'firstname': 'Jean-François', 'initials': 'JF', 'lastname': 'Daneault'}, {'affiliation': ""Centre de Recherche sur le Vieillissement, CIUSSS de l'Estrie-CHUS, Sherbrooke, QC J1H 4C4, Canada.\nDépartement de Chirurgie, Service d'Orthopédie, Faculté de Médecine et des Sciences de la Santé, Université de Sherbrooke, Sherbrooke, QC J1H 5H3, Canada."", 'firstname': 'Patrick', 'initials': 'P', 'lastname': 'Boissy'}, {'affiliation': ""Centre de Recherche sur le Vieillissement, CIUSSS de l'Estrie-CHUS, Sherbrooke, QC J1H 4C4, Canada.\nDépartement de Génie Électrique et de Génie Informatique, Université de Sherbrooke, Sherbrooke, QC J1K 2R1, Canada."", 'firstname': 'Karina', 'initials': 'K', 'lastname': 'Lebel'}]",This study demonstrates that a random forest algorithm can accurately detect and segment ,,"10.3390/s25196104
10.3390/s20195625
10.1038/s41531-023-00497-x
10.3390/s23084000
10.1016/j.gaitpost.2022.08.017
10.3233/JPD-181312
10.3389/fneur.2019.00256
10.3390/s24175486
10.1023/A:1010933404324
10.1136/jnnp.55.3.181
10.1249/MSS.0000000000002306
10.2196/23681
10.3390/s22218340
10.3389/fneur.2018.00652
10.3390/s21082821
10.1159/000530953
10.1109/ACCESS.2022.3162844
10.1002/mds.21934","Sensors (Basel, Switzerland)","Twenty-two patients living with PD performed activities of daily living that incorporate repeated transitions to a seated position in a simulated free-living environment during 3 min, 4 min, and 5 min trials. Tri-axial accelerations and angular velocities of the right or left ankle were recorded at 50 Hz using a SmartWatch. Random forest algorithms were trained using raw and filtered data to automatically detect and segment ","Sensibility, specificity, and F-score achieved 78.3%, 93.8%, and 84.7% for ",<Element 'PubmedArticle' at 0x714e8164df80>
41094708,Interference of functional dual-tasks on static posturography in people with Parkinson's disease.,2025-10-16,"Biomechanical analysis, Parkinson’s disease, functional dual-task, static balance, static posturography","Balance impairments lead to daily-life complications in people with Parkinson's disease (PwPD). However, the way the environment interferes with balance is still unknown.
To analyze the interference of dual-tasks (DTs) on balance in PwPD and compare it with healthy participants.
Sixty-seven people were evaluated, 42 comprised the Parkinson's disease group (PDG) and 25 were part of the Control group (CG). All followed the balanced HOME assessment trial, performing static posturography under 5 conditions: single-task, visual DT (DT
DT interfered with the balance of the PDG in all conditions, while the CG was affected mainly in manual tasks. In the PDG, the swept area had the highest interference, reaching 218.84 mm
Compared to healthy participants, untrained PwPD showed poorer postural control under DTs conditions. This impairment increased with task complexity, ranging from visual distraction to overhead manipulation. Mediolateral CoP movements may serve as an early indicator of balance deterioration in challenging environments.","[{'affiliation': 'Department of Methodology for the Behavioral Sciences, University of Valencia, Valencia, Spain.', 'firstname': 'Sara', 'initials': 'S', 'lastname': 'Monleón Guinot'}, {'affiliation': 'Department of Physiotherapy, University of Valencia, Valencia, Spain.\nUnit of Personal Autonomy, Dependency and Mental Disorders Assessment, University of Valencia- INCLIVA Biomedical Research Institute, Valencia, Spain.\nCentro de Investigación Biomédica En Red de Salud Mental (CIBERSAM), Instituto de Salud Carlos III, Madrid, Spain.', 'firstname': 'Constanza San Martín', 'initials': 'CSM', 'lastname': 'Valenzuela'}, {'affiliation': 'Asociación Parkinson Valencia Neurorehabilitation Center, Valencia, Spain.', 'firstname': 'Vivina', 'initials': 'V', 'lastname': 'Aranda Asensi'}, {'affiliation': 'Asociación Parkinson Valencia Neurorehabilitation Center, Valencia, Spain.', 'firstname': 'Manuel', 'initials': 'M', 'lastname': 'Villanueva Navarro'}, {'affiliation': 'Department of Methodology for the Behavioral Sciences, University of Valencia, Valencia, Spain.', 'firstname': 'José M', 'initials': 'JM', 'lastname': 'Tomás'}]","Compared to healthy participants, untrained PwPD showed poorer postural control under DTs conditions. This impairment increased with task complexity, ranging from visual distraction to overhead manipulation. Mediolateral CoP movements may serve as an early indicator of balance deterioration in challenging environments.",,10.1080/09593985.2025.2574388,Physiotherapy theory and practice,,"DT interfered with the balance of the PDG in all conditions, while the CG was affected mainly in manual tasks. In the PDG, the swept area had the highest interference, reaching 218.84 mm",<Element 'PubmedArticle' at 0x714e816f5670>
"41087353
30879893
36522332
33999109
24252804
26045020
32227140
16424447
16805397
22332153
33511535
27751556
38367322
32551355
37086879
25294559
24905870
28731859
30606679
31786292
31770719
28300224
33010415
30124852
33091388
34979121
34242242
30391837
36516478
28886605
26151951
27614945
28063597
17445792
20959505
35262433
27285422
34181919
35364040
31282427
19296921
40175384
32576618
27105081
30213473
29068361
24373585
36502699
19328569
20458016
30935305
30775976
27328897
33340865
30074893
31811609
27217764
32864600
37396023
21296852
23320828
27494955
17049511
28558262
26005952
28753483
38898637
24835507
11022926
30446244
22356901
32656489
21349799
35292243",Exposure to ambient air pollution and onset of Parkinson's disease in a large cohort study.,2025-10-15,,This population-based longitudinal cohort study examines the association between ambient air pollution (PM,"[{'affiliation': ""Queen's Business School, Queen's University Belfast, Belfast, UK. b.jahanshahi@qub.ac.uk."", 'firstname': 'Babak', 'initials': 'B', 'lastname': 'Jahanshahi'}, {'affiliation': ""Queen's Business School, Queen's University Belfast, Belfast, UK."", 'firstname': 'Duncan', 'initials': 'D', 'lastname': 'McVicar'}, {'affiliation': ""Queen's Business School, Queen's University Belfast, Belfast, UK."", 'firstname': 'Neil', 'initials': 'N', 'lastname': 'Rowland'}]",,© 2025. The Author(s).,10.1038/s41531-025-01156-z,NPJ Parkinson's disease,,,<Element 'PubmedArticle' at 0x714e816ff240>
"41066739
16681797
31600508
35537373
29475451
32599604
30127430
30573820
31570119
31227823
31584428
32917899
34592148
33875887
35609615
33340448
37402724
38997595
40790271
32994566
33049377
32679583
20427622
20888366
22102910
26291165
27767085
28216320
28608779
28858619
28885141
29779875
30715237
32413309
32783882
32783881
32296057
33510164
34577524
35705096
36243171
36137549
23966910
36253644
17765321
29587448
34995836
38537641
30189286
31934857
39528678
35307475
36125119
30308171
26687221
36400882
40036523
25142523
28166059
34465784
99306
6525525
33942713
14566341
22426224
3828046
15207268
31539165
37206689
39000846
37499972
18001969
40638389
26675822
24184743
29462108
11797067
25349912
27597526
35680891
25904861
22163689
22904256",DISSeCT: An unsupervised framework for high-resolution mapping of rodent behavior using inertial sensors.,2025-10-09,,"Decomposing behavior into elementary components remains a central challenge in computational neuroethology. The current standard in laboratory animals involves multi-view video tracking, which, while providing unparalleled access to full-body kinematics, imposes environmental constraints, is data-intensive, and has limited scalability. We present an alternative approach using inertial sensors, which capture high-resolution, environment-independent, compact 3D kinematic data, and are commonly integrated into rodent neurophysiological devices. Our analysis pipeline leverages unsupervised, computationally efficient change-point detection to break down inertial time series into variable-length, statistically homogeneous segments. These segments are then grouped into candidate behavioral motifs through high-dimensional, model-based probabilistic clustering. We demonstrate that this approach achieves detailed rodent behavioral mapping using head inertial data. Identified motifs, corroborated by video recordings, include orienting movements, grooming components, locomotion, and olfactory exploration. Higher-order behavioral structures can be accessed by applying a categorical hidden Markov model to the motif sequence. Additionally, our pipeline detects both overt and subtle motor changes in a mouse model of Parkinson's disease and levodopa-induced dyskinesia, highlighting its utility for behavioral phenotyping. This methodology offers the possibility of conducting high-resolution, observer-unbiased behavioral analysis at minimal computational cost from easily scalable and environmentally unconstrained recordings.","[{'affiliation': ""Institut de Biologie de l'École Normale Supérieure, École Normale Supérieure, CNRS, INSERM, Université PSL, Paris, France."", 'firstname': 'Romain', 'initials': 'R', 'lastname': 'Fayat'}, {'affiliation': ""Institut de Biologie de l'École Normale Supérieure, École Normale Supérieure, CNRS, INSERM, Université PSL, Paris, France."", 'firstname': 'Marie', 'initials': 'M', 'lastname': 'Sarraudy'}, {'affiliation': ""Institut de Biologie de l'École Normale Supérieure, École Normale Supérieure, CNRS, INSERM, Université PSL, Paris, France."", 'firstname': 'Clément', 'initials': 'C', 'lastname': 'Léna'}, {'affiliation': ""Institut de Biologie de l'École Normale Supérieure, École Normale Supérieure, CNRS, INSERM, Université PSL, Paris, France."", 'firstname': 'Daniela', 'initials': 'D', 'lastname': 'Popa'}, {'affiliation': 'Laboratoire de Mathématiques Blaise Pascal, Institut Universitaire de France, Université Clermont Auvergne, CNRS, Aubière, France.', 'firstname': 'Pierre', 'initials': 'P', 'lastname': 'Latouche'}, {'affiliation': ""Institut de Biologie de l'École Normale Supérieure, École Normale Supérieure, CNRS, INSERM, Université PSL, Paris, France."", 'firstname': 'Guillaume P', 'initials': 'GP', 'lastname': 'Dugué'}]",,"Copyright: © 2025 Fayat et al. This is an open access article distributed under the terms of the Creative Commons Attribution License, which permits unrestricted use, distribution, and reproduction in any medium, provided the original author and source are credited.","10.1371/journal.pbio.3003431
10.1111/j.1601-183X.2006.00228.x
10.1016/j.neuron.2019.09.038
10.1016/j.conb.2022.102549
10.1186/s12915-018-0494-7
10.1038/s41386-020-0751-7
10.1038/s41593-018-0209-y
10.1038/s41592-018-0234-5
10.7554/eLife.47994
10.1038/s41596-019-0176-0
10.7554/eLife.48571
10.1038/s41467-020-18441-5
10.1016/j.celrep.2021.109730
10.1038/s41592-021-01106-6
10.1016/j.neuron.2022.04.019
10.1016/j.neuron.2020.11.016
10.1038/s41467-023-39520-3
10.1038/s41592-024-02318-2
10.1038/s41593-025-02026-w
10.1038/s41592-020-0961-2
10.1186/2050-3385-1-20
10.1111/2041-210x.13767
10.1016/j.beproc.2020.104262
10.1109/tim.2023.3276528
10.1038/s41386-020-0771-3
10.1016/j.birob.2023.100097
10.1152/jn.00121.2010
10.1016/j.bbr.2010.09.021
10.1371/journal.pone.0027575
10.1016/j.neuron.2015.08.003
10.1038/srep35689
10.1016/j.cub.2017.01.013
10.7554/eLife.26179
10.1016/j.neuron.2017.08.015
10.7554/eLife.27702
10.1016/j.cub.2018.04.021
10.1093/cercor/bhy346
10.1016/j.cub.2020.04.042
10.1016/j.neuron.2020.07.004
10.1016/j.neuron.2020.07.014
10.1038/s41467-020-15566-5
10.1038/s41467-021-20936-8
10.3390/s21186318
10.1016/j.cub.2022.05.050
10.1016/j.jneumeth.2022.109725
10.1016/j.neuron.2022.08.029
10.3389/fncir.2013.00123
10.1038/s41592-022-01634-9
10.1016/j.jneumeth.2007.07.003
10.3390/s18040979
10.1016/j.bios.2021.113886
10.1109/jiot.2021.3090583
10.1016/j.neuron.2024.02.020
10.1016/j.jneumeth.2018.08.030
10.7554/eLife.49987
10.1038/s41592-024-02521-1
10.1016/j.neucom.2021.10.126
10.1016/j.ecoinf.2018.12.002
10.1016/j.neubiorev.2022.104621
10.7554/eLife.74708
10.1016/j.neuron.2018.09.020
10.1016/j.neuron.2015.11.031
10.1038/s42003-022-04080-7
10.1080/01621459.2012.737745
10.1016/j.sigpro.2004.11.012
10.1016/j.csda.2018.07.002
10.1098/rsif.2014.0672
10.1088/1478-3975/14/1/015002
10.1109/tit.1982.1056489
10.1146/annurev-statistics-031017-100325
10.1111/j.2517-6161.1977.tb01600.x
10.1038/s41467-021-25420-x
10.1249/00003677-197700050-00004
10.1016/0006-8993(84)90319-6
10.7554/eLife.58523
10.1038/nn1142
10.1038/ncomms1712
10.1016/0166-4328(87)90242-7
10.1016/j.nbd.2004.01.007
10.1111/1365-2656.13105
10.1002/ece3.10035
10.3390/s24134067
10.1109/icassp49357.2023.10097216
10.1016/j.expneurol.2023.114496
10.1109/IEMBS.2007.4352303
10.1016/j.celrep.2025.115988
10.1145/3447548.3467401
10.1038/nrn.2015.8
10.1016/j.neubiorev.2013.10.011
10.1097/FBP.0000000000000376
10.1007/s002130100866
10.1038/nn.3812
10.1016/j.nbd.2016.09.001
10.1038/s41467-022-30844-0
10.3389/fninf.2015.00007
10.3390/s111009182
10.1109/ssp.2007.4301363
10.1016/j.sigpro.2019.107299
10.1098/rsif.2012.0429
10.1016/j.csda.2011.11.012
10.1214/aos/1176344136
10.1198/016214502760047131",PLoS biology,,,<Element 'PubmedArticle' at 0x714e8070a4d0>
41064882,Polyhalogenated Carbazole Impairs Dopaminergic Neurons through Dysregulation of Liquid-Liquid Phase Separation in Caenorhabditis elegans.,2025-10-09,"Caenorhabditis elegans, liquid–liquid phase separation (LLPS), polyhalogenated carbazoles, toxicology, unfolded protein responses","Polyhalogenated carbazoles (PHCZ) are emerging organic pollutants derived from a variety of natural and synthetic sources. While PHCZ have raised environmental concerns due to its persistence, bioaccumulation, and widespread distribution, its neuronal toxicity remains largely understudied. Here, the general and neuronal toxicity of PHCZ using the model organism Caenorhabditis elegans (C. elegans) is evaluated. It is found that PHCZ can induce significant dopaminergic neurodegeneration, in addition to exhibiting general toxicity affecting development and male gamete differentiation. Mechanistically, PHCZ promote liquid-liquid phase separation (LLPS) of the Parkinson's disease (PD)-associated protein α-synuclein (α-syn), and reduces the fluidity of the resultant condensate both in vitro and in vivo. PHCZ disrupts general protein homeostasis and specifically activates the unfolded protein response in the ER (UPR","[{'affiliation': 'School of Environmental Science and Engineering, Hainan University, Haikou, China.', 'firstname': 'Yuhang', 'initials': 'Y', 'lastname': 'Luo'}, {'affiliation': 'Department of Critical Care Medicine, Huazhong University of Science and Technology Union, Wuhan, China.', 'firstname': 'Hongbo', 'initials': 'H', 'lastname': 'Xu'}, {'affiliation': 'School of Environmental Science and Engineering, Hainan University, Haikou, China.', 'firstname': 'Pei', 'initials': 'P', 'lastname': 'Peng'}, {'affiliation': 'School of Environmental Science and Engineering, Hainan University, Haikou, China.', 'firstname': 'Xinhe', 'initials': 'X', 'lastname': 'Lu'}, {'affiliation': 'School of Environmental Science and Engineering, Hainan University, Haikou, China.', 'firstname': 'Qian', 'initials': 'Q', 'lastname': 'Zhou'}, {'affiliation': 'School of Environmental Science and Engineering, Hainan University, Haikou, China.', 'firstname': 'Ziqing', 'initials': 'Z', 'lastname': 'Gao'}, {'affiliation': 'School of Environmental Science and Engineering, Hainan University, Haikou, China.', 'firstname': 'Cheng', 'initials': 'C', 'lastname': 'Tang'}, {'affiliation': 'School of Tropical Agriculture and Forestry, Hainan University, Haikou, China.', 'firstname': 'Hongyan', 'initials': 'H', 'lastname': 'Yin'}, {'affiliation': 'School of Environmental Science and Engineering, Hainan University, Haikou, China.', 'firstname': 'Ying', 'initials': 'Y', 'lastname': 'Cai'}, {'affiliation': 'School of Environmental Science and Engineering, Hainan University, Haikou, China.', 'firstname': 'Gaga', 'initials': 'G', 'lastname': 'Mahai'}, {'affiliation': 'School of Environmental Science and Engineering, Hainan University, Haikou, China.', 'firstname': 'Zhiqiang', 'initials': 'Z', 'lastname': 'Zhu'}, {'affiliation': 'School of Environmental Science and Engineering, Hainan University, Haikou, China.', 'firstname': 'Zuojun', 'initials': 'Z', 'lastname': 'Liu'}, {'affiliation': 'School of Environmental Science and Engineering, Hainan University, Haikou, China.', 'firstname': 'Hanzeng', 'initials': 'H', 'lastname': 'Li'}, {'affiliation': 'School of Environmental Science and Engineering, Hainan University, Haikou, China.', 'firstname': 'Shunqing', 'initials': 'S', 'lastname': 'Xu'}]",,© 2025 The Author(s). Advanced Science published by Wiley‐VCH GmbH.,10.1002/advs.202502486,"Advanced science (Weinheim, Baden-Wurttemberg, Germany)",,,<Element 'PubmedArticle' at 0x714e80790e50>
41058165,Perspectives on physical activity from people with Parkinson's disease who do not engage.,2025-10-08,"Parkinson’s disease, physical activity, physically inactive, qualitative research, self-identity","Despite substantial evidence supporting the benefits of physical activity, People with Parkinson's disease (pwPD) struggle to remain active. Previous research on physical activity has largely focused on those already engaged. This study aimed to capture the perspectives of pwPD who perceived themselves as inactive.
Constructivist Grounded Theory was used to explore the beliefs, attitudes, and meaning of physical activity in PwPD who self-identified as inactive. Twenty-one participants consented to participate and were interviewed. Interviews were transcribed verbatim and coded. Data collection and analysis occurred simultaneously, using a constant comparative approach.
Five categories were developed: four that helped explain a lack of or sustained engagement in physical activity and one that, despite the study's screening process, appeared to reflect pwPD who were active. A key factor in the formation of these categories was the influence of self-identity, particularly the salience of a physically active self-identity.
This research supports existing findings on the impact of interpersonal, social support, environment, and disease-related factors on engagement. However, it also highlights the potential role of self-identity in influencing the type, level, and sustainability of physical activity engagement. Approaches to promoting activity based on an individual's self-identity may be beneficial.
Understanding an individual’s self-identity could help healthcare professionals tailor strategies to enhance physical activity in people with Parkinson’s disease.Personal meaning, experience of physical activity and perceptions of competence appear to influence the salience of a physically active self-identity.Healthcare professionals need to enhance their communication skills in eliciting people with Parkinson’s disease understanding and perceptions of physical activity, ensuring clarity of meaning for both parties and enabling personalised approaches.People with Parkinson’s disease wish to undertake physical activity associated with their self-identity and which is personally meaningful.People with Parkinsons should be seen by a physiotherapist on diagnosis to ensure tailored education and guidance is given on increasing physical activity.","[{'affiliation': 'School of Health Professions, Physiotherapy Department, University of Plymouth, Plymouth, UK.', 'firstname': 'Heather', 'initials': 'H', 'lastname': 'Hunter'}, {'affiliation': 'School of Health Professions, Physiotherapy Department, University of Plymouth, Plymouth, UK.', 'firstname': 'Jenny', 'initials': 'J', 'lastname': 'Freeman'}, {'affiliation': 'School of Health Professions, Physiotherapy Department, University of Plymouth, Plymouth, UK.', 'firstname': 'Hilary', 'initials': 'H', 'lastname': 'Gunn'}]","This research supports existing findings on the impact of interpersonal, social support, environment, and disease-related factors on engagement. However, it also highlights the potential role of self-identity in influencing the type, level, and sustainability of physical activity engagement. Approaches to promoting activity based on an individual's self-identity may be beneficial.",,10.1080/09638288.2025.2560969,Disability and rehabilitation,,,<Element 'PubmedArticle' at 0x714e8073a070>
41046043,"Developmental exposure of zebrafish to 1-Trichloromethyl-1,2,3,4-tetrahydro-beta-carboline (TaClo) elicits MPTP-like neurotoxicity.",2025-10-05,"Parkinson’s disease, Trichloroethylene, zebrafish","1-Trichloromethyl-1,2,3,4-tetrahydro-β-carboline (TaClo) is an endogenous metabolite of the industrial waste trichloroethylene (TCE) and has been implicated as a potent neurotoxicant in TCE-induced neurotoxicity. TaClo has been associated with Parkinson's disease (PD) due to its neurotoxic effects and structural resemblance to 1-methyl-4-phenyl-1,2,3,6-tetrahydropyridine (MPTP). Despite the similarities, limited studies have explored the comparative neurotoxicity of MPTP and TaClo within the same experimental models. Zebrafish (Danio rerio) are a powerful high throughput platform for neurotoxicology studies and have been used to evaluate TCE-associated developmental neurotoxicity; however, the role of TaClo in TCE-associated neurotoxicity in the zebrafish model is unknown. To address these gaps, we established an MPTP-induced PD zebrafish larval model and investigated the role of TaClo by comparing its neurotoxic effects with those of MPTP. We exposed embryonic zebrafish to TaClo (5, 50, or 500 ppb) or MPTP (0-17,325 ppb) for 5 consecutive days. We demonstrate that TaClo at 5 ppb elicits 303.2 ppb MPTP-like neurotoxicity in the developmental zebrafish. We determined the lethal concentration 50 of TaClo at the zebrafish larval model at 120 h post-fertilization was 7890 ppb. We show that embryonic zebrafish exposed to TaClo exhibit neurobehavioral impairments, diencephalic dopaminergic neuronal damage, increased cellular apoptosis, astrocytic loss, microgliosis, and altered glutathione peroxidase activity levels. These findings provide important insights into the neurotoxic mechanisms of TaClo and emphasize the utility of developmental zebrafish as a model for studying TaClo-induced neurotoxicity. Our work contributes to environmental contaminants research in neurodegenerative diseases by providing evidence of the potential link between TaClo exposure and PD.","[{'affiliation': 'Department of Pathobiology, College of Veterinary Medicine, Auburn University, AL, United States.', 'firstname': 'Ji-Hang', 'initials': 'JH', 'lastname': 'Yin'}, {'affiliation': 'Department of Pathobiology, College of Veterinary Medicine, Auburn University, AL, United States. Electronic address: khorzmann@auburn.edu.', 'firstname': 'Katharine A', 'initials': 'KA', 'lastname': 'Horzmann'}]",,Copyright © 2025 Elsevier B.V. All rights reserved.,10.1016/j.neuro.2025.103333,Neurotoxicology,,,<Element 'PubmedArticle' at 0x714e80784d10>
"41040970
30545438
32921640
10746727
29906099
26341711
30605594
35163450
25130663",Validating and Optimizing a ,2025-10-03,,Parkinson's disease (PD) is a prevalent neurodegenerative disorder with complex genetic and environmental underpinnings. Misexpression of human alpha-synuclein (αSyn) in ,"[{'affiliation': 'Biology, Austin Peay State University, Clarksville, Tennessee, United States.', 'firstname': 'Sarah', 'initials': 'S', 'lastname': 'Perry'}, {'affiliation': 'Biology, Austin Peay State University, Clarksville, Tennessee, United States.', 'firstname': 'Nicholas', 'initials': 'N', 'lastname': 'More'}]",,Copyright: © 2025 by the authors.,"10.17912/micropub.biology.001592
10.5483/bmbrep.2019.52.4.204
10.5607/en20028
10.1038/35006074
10.1073/pnas.1604645113
10.1021/acschemneuro.8b00107
10.1016/j.parkreldis.2015.08.015
10.1021/acschemneuro.8b00579
10.3390/ijms23031519
10.1016/j.brainres.2014.08.021",microPublication biology,,,<Element 'PubmedArticle' at 0x714e80797560>
41032741,Trichloroethylene and Parkinson Disease.,2025-10-01,,,"[{'affiliation': 'Center for the Brain & Environment, Atria Research and Global Health Institute, New York, NY.\nCenter for Health and Technology and Department of Neurology, University of Rochester Medical Center, Rochester, NY; and.', 'firstname': 'E Ray', 'initials': 'ER', 'lastname': 'Dorsey'}, {'affiliation': 'Weill Institute for Neurosciences, Department of Neurology, University of California, San Francisco, CA.', 'firstname': 'Caroline M', 'initials': 'CM', 'lastname': 'Tanner'}]",,,10.1212/WNL.0000000000214245,Neurology,,,<Element 'PubmedArticle' at 0x714e807ab150>
41029182,Flexible and Stretchable Gold Three-Dimensional Electrode: Neural Network Induction and Mechanotransduction Observation.,2025-10-01,"dopaminergic neural networks, mechanotransduction, real-time monitoring, stretchable and flexible electrode, three-dimensional","Neural cells reside in a three-dimensional (3D) microenvironment where the structure of the nerve circuitry is shaped by the morphology and stiffness of the surrounding extracellular matrix. In this environment, regular exposure to varying mechanical forces triggers biochemical signals during cell mechanotransduction, which plays a crucial role in physiological processes and disease progression. This highlights the need for a flexible 3D platform that integrates cell culture with real-time observation of mechanotransduction. Herein, a 3D flexible and stretchable gold electrode was developed by using a 3D polydopamine-coated polydimethylsiloxane (PDMS)/Ni foam (PDA/PDMS/Ni foam) scaffold as the template. The 3D porous network, combined with the biocompatibility and electrochemical properties of gold nanostructures, enables the electrode to serve as a scaffold for culturing PC12 cells, promoting dopaminergic neural networks with high cell viability. Moreover, the flexible and stretchable 3D Au electrode functioned as a highly sensitive electrochemical sensor for monitoring dopamine (DA) released from the PC12 cell neural networks under mechanical stimuli, which represents the first exploration of continuous DA stimulation at the cellular level in Parkinson's disease. This study presents a promising approach for designing multifunctional 3D stretchable electrochemical sensing platforms, offering insights into mechanotransduction-related neuronal signaling and advancing our understanding of neural function within 3D cellular systems.","[{'affiliation': 'Department of Chemistry, Capital Normal University, Beijing 100048, China.', 'firstname': 'Jialu', 'initials': 'J', 'lastname': 'Wang'}, {'affiliation': 'Department of Chemistry, Capital Normal University, Beijing 100048, China.', 'firstname': 'Xiaofan', 'initials': 'X', 'lastname': 'Xu'}, {'affiliation': 'Department of Chemistry, Capital Normal University, Beijing 100048, China.', 'firstname': 'Meihong', 'initials': 'M', 'lastname': 'Peng'}, {'affiliation': 'Department of Chemistry, Capital Normal University, Beijing 100048, China.', 'firstname': 'Yongqi', 'initials': 'Y', 'lastname': 'Bao'}, {'affiliation': 'Department of Chemistry, Capital Normal University, Beijing 100048, China.', 'firstname': 'Jing', 'initials': 'J', 'lastname': 'Dai'}, {'affiliation': 'Department of Chemistry, Capital Normal University, Beijing 100048, China.', 'firstname': 'Zhiqiang', 'initials': 'Z', 'lastname': 'Zhao'}, {'affiliation': 'Department of Chemistry, Capital Normal University, Beijing 100048, China.', 'firstname': 'Kai', 'initials': 'K', 'lastname': 'Li'}, {'affiliation': 'Department of Chemistry, Capital Normal University, Beijing 100048, China.', 'firstname': 'Chaoyue', 'initials': 'C', 'lastname': 'Gu'}, {'affiliation': 'Department of Chemistry, Capital Normal University, Beijing 100048, China.', 'firstname': 'Yuqing', 'initials': 'Y', 'lastname': 'Lin'}]",,,10.1021/acssensors.5c01903,ACS sensors,,,<Element 'PubmedArticle' at 0x714e807a9a30>
41027048,Impact of lead (Pb)-induced neurotoxicity on protein synthesis and cellular stress responses in LUHMES cells.,2025-09-30,"Developmental Neurotoxicity, Humancell, In Vitro, KEGG pathway, LUHMES, Lead (Pb) acetate","Exposure to lead (Pb) poses significant risks to human brain development. This study investigates the molecular mechanisms underlying Pb acetate-induced neurotoxicity in LUHMES cells, which represent a human fetal-derived dopaminergic neuronal precursor model particularly suited for studies of neurotoxicity and Parkinson's disease. Morphological analyses revealed that Pb acetate exposure at concentrations exceeding 10 µM induced cytotoxicity and disrupted neurite outgrowth. Distinct gene expression changes associated with Pb exposure were determined through RNA-sequencing. Principal component analysis highlighted significant alterations in gene expression at higher Pb concentrations (10 µM) compared with lower Pb concentrations (1 µM) and controls. Notably, Pb acetate exposure impaired ribosomal function, Spliceosome and protein processing in the endoplasmic reticulum (ER) pathways. Furthermore, these three pathways related that Pb acetate exposure resulted in the upregulation of genes related to ER-associated degradation and apoptosis, whereas the ubiquitin ligase complex was disrupted, suggesting compromised protein homeostasis. These findings underscore the potential of ribosomal processes and ER stress pathways as biomarkers of Pb acetate exposure. This study provides advanced mechanistic insights into the toxicological effects of lead (Pb) as a heavy metal, with a specific emphasis on its influence on cellular processes related to proteostasis and stress response pathways. Our findings further highlight the importance of LUHMES cells as a human-derived neuronal model for elucidating neurodevelopmental toxicity and identifying molecular biomarkers of Pb exposure, particularly those associated with dysregulation in ribosomal function and endoplasmic reticulum (ER) stress signaling.","[{'affiliation': 'Environmental Health and Prevention Research Unit, Graduate School of Pharmaceutical Sciences, Yokohama University of Pharmacy, 601 Matano, Totsuka, Yokohama 245-0066, Japan.', 'firstname': 'Tsunehiko', 'initials': 'T', 'lastname': 'Hongen'}, {'affiliation': 'Health and Environmental Risk Research Division, National Institute for Environmental Studies, 16-2 Onogawa, Tsukuba, Ibaraki 305-8506, Japan.', 'firstname': 'Tomohiro', 'initials': 'T', 'lastname': 'Ito'}, {'affiliation': 'Laboratory for Cellular Function Conversion Technology, RIKEN Center for Integrative Medical Sciences, 1-7-22 Suehiro, Tsurumi, Yokohama, Kanagawa 230-0045, Japan.', 'firstname': 'Xian-Yang', 'initials': 'XY', 'lastname': 'Qin'}, {'affiliation': 'Environmental Health and Prevention Research Unit, Graduate School of Pharmaceutical Sciences, Yokohama University of Pharmacy, 601 Matano, Totsuka, Yokohama 245-0066, Japan; Health and Environmental Risk Research Division, National Institute for Environmental Studies, 16-2 Onogawa, Tsukuba, Ibaraki 305-8506, Japan. Electronic address: hideko.sone@yok.hamayaku.ac.jp.', 'firstname': 'Hideko', 'initials': 'H', 'lastname': 'Sone'}]",,Copyright © 2025. Published by Elsevier GmbH.,10.1016/j.jtemb.2025.127759,Journal of trace elements in medicine and biology : organ of the Society for Minerals and Trace Elements (GMS),,,<Element 'PubmedArticle' at 0x714e8063b6f0>
41025549,Early Indian Age at Onset of Parkinson's: A Case for a Gene-Environment Lens.,2025-09-30,"India, Parkinson's disease, age at onset, environmental toxicants, gene‐environment interaction",,"[{'affiliation': 'Department of Neurology, Neurology Clinic, Etlik City Hospital, Ankara, Turkey.', 'firstname': 'Halil', 'initials': 'H', 'lastname': 'Onder'}, {'affiliation': 'Department of Neurology, Neurology Clinic, Etlik City Hospital, Ankara, Turkey.', 'firstname': 'Zeynep', 'initials': 'Z', 'lastname': 'Pekgoz'}, {'affiliation': 'Department of Neurology, Neurology Clinic, Etlik City Hospital, Ankara, Turkey.', 'firstname': 'Mehmet Fevzi', 'initials': 'MF', 'lastname': 'Oztekin'}]",,,10.1002/mds.70055,Movement disorders : official journal of the Movement Disorder Society,,,<Element 'PubmedArticle' at 0x714e806b1080>
"41008368
40748114
40715548
31733690
40508212
40722346
34210995
40423044
36928793
32048327
28769760
33689805
37107329
35269632
18952194
40913219
10329595
23721970
23726220
31628877
31881200
33575466
12958475
35855999
25045800
33490679
17242039
33332388
18618666
24247326
28319195
39110916
36147702
34471211
37978215
23819639
29793654
32664151
32562175",Sex-Specific Association Between XPC rs2228001 Polymorphism and Parkinson's Disease Risk in a Mexican Population: A Case-Control Study Exploring Gene-Environment Interactions.,2025-09-27,"Parkinson’s disease, XPC, nucleotide excision repair, rs2228001","Emerging evidence implicates impaired DNA repair mechanisms in the pathogenesis of Parkinson's disease (PD), particularly in the context of oxidative stress and environmental exposures. This study investigated the association between five polymorphisms in nucleotide excision repair (NER) pathway genes and PD susceptibility in a northern Mexican mestizo population.
We conducted a case-control study including 137 patients with clinically diagnosed PD and 137 age- and sex-matched controls. Genomic DNA was isolated from peripheral blood, and genotyping of 
A significantly higher prevalence of pesticide exposure was observed in PD patients than in controls (OR 2.08, 95% CI 1.18-3.68; 
Our findings suggest a sex-specific genetic contribution to PD susceptibility involving the ","[{'affiliation': 'Instituto de Investigación Científica, Universidad Juárez del Estado de Durango, Durango 34000, Mexico.', 'firstname': 'Karla Mariana', 'initials': 'KM', 'lastname': 'Alvarado-Retana'}, {'affiliation': 'Instituto de Investigación Científica, Universidad Juárez del Estado de Durango, Durango 34000, Mexico.', 'firstname': 'Daniel Francisco', 'initials': 'DF', 'lastname': 'Ramos-Rosales'}, {'affiliation': 'Instituto de Investigación Científica, Universidad Juárez del Estado de Durango, Durango 34000, Mexico.', 'firstname': 'Elizabeth Irasema', 'initials': 'EI', 'lastname': 'Antuna-Salcido'}, {'affiliation': 'Facultad de Odontología, Universidad Juárez del Estado de Durango, Durango 34070, Mexico.', 'firstname': 'Sergio Manuel', 'initials': 'SM', 'lastname': 'Salas-Pacheco'}, {'affiliation': 'Instituto de Investigación Científica, Universidad Juárez del Estado de Durango, Durango 34000, Mexico.', 'firstname': 'Francisco Xavier', 'initials': 'FX', 'lastname': 'Castellanos-Juárez'}, {'affiliation': 'Instituto de Investigación Científica, Universidad Juárez del Estado de Durango, Durango 34000, Mexico.', 'firstname': 'Edna Madai', 'initials': 'EM', 'lastname': 'Méndez-Hernández'}, {'affiliation': 'Instituto de Investigación Científica, Universidad Juárez del Estado de Durango, Durango 34000, Mexico.', 'firstname': 'Alma Cristina', 'initials': 'AC', 'lastname': 'Salas-Leal'}, {'affiliation': 'Instituto de Investigación Científica, Universidad Juárez del Estado de Durango, Durango 34000, Mexico.', 'firstname': 'Osmel', 'initials': 'O', 'lastname': 'La Llave-León'}, {'affiliation': 'Hospital Santiago Ramón y Cajal-ISSSTE, Durango 34070, Mexico.', 'firstname': 'Gerardo', 'initials': 'G', 'lastname': 'Quiñones-Canales'}, {'affiliation': 'División de Neurociencias, Clínica, Instituto Nacional de Rehabilitación Luis Guillermo Ibarra Ibarra, Ciudad de México 14389, Mexico.\nTecnologico de Monterrey, Escuela de Medicina y Ciencias de la Salud, Mexico City 14380, Mexico.', 'firstname': 'Oscar', 'initials': 'O', 'lastname': 'Arias-Carrión'}, {'affiliation': 'Instituto de Investigación Científica, Universidad Juárez del Estado de Durango, Durango 34000, Mexico.', 'firstname': 'Ada', 'initials': 'A', 'lastname': 'Sandoval-Carrillo'}, {'affiliation': 'Instituto de Investigación Científica, Universidad Juárez del Estado de Durango, Durango 34000, Mexico.', 'firstname': 'José Manuel', 'initials': 'JM', 'lastname': 'Salas-Pacheco'}]",,,"10.3390/brainsci15091008
10.1212/cont.0000000000001593
10.1038/s41598-025-13558-3
10.1016/j.cger.2019.08.002
10.3390/ijms26115405
10.3390/brainsci15070756
10.1038/s41572-021-00280-3
10.3390/jpm15050172
10.5603/PJNNS.a2023.0019
10.1002/jnr.24592
10.3389/fnmol.2017.00225
10.1016/j.neuint.2021.105014
10.3390/antiox12040955
10.3390/ijms23052484
10.1016/j.mrgentox.2008.09.013
10.1101/2024.03.25.24301713
10.1016/S0002-9440(10)65396-5
10.1016/j.dnarep.2013.04.010
10.1016/j.dnarep.2013.04.009
10.1111/nan.12584
10.1016/j.yexmp.2019.104364
10.1016/j.omto.2020.12.004
10.1385/1-59259-384-4:29
10.1016/j.heliyon.2022.e09895
10.1021/tx5002223
10.1016/j.heliyon.2021.e05919
10.1093/bmb/ldl018
10.1371/journal.pone.0243612
10.1002/mds.22139
10.1136/bmjopen-2013-003620
10.1371/journal.pone.0173731
10.1212/WNL.0000000000209699
10.3389/fnagi.2022.943438
10.1038/s42003-021-02478-3
10.1038/s41598-023-46991-3
10.1186/1746-1596-8-112
10.1016/j.clcc.2016.10.001
10.1097/MD.0000000000021160
10.1007/s11033-020-05600-6",Brain sciences,,"A significantly higher prevalence of pesticide exposure was observed in PD patients than in controls (OR 2.08, 95% CI 1.18-3.68; ",<Element 'PubmedArticle' at 0x714e806b3060>
"40998834
37059509
26209473
37451474
37336364
38253208
23079505
34019663
22593721
24491915
22697410
38951523
34940618
37951933
37307855
25795009
34650080
33485385
36563791
18222993
32931820
35136088
32777152
38115046
34547109
23873789
38730245
33540042
26365159
29474999
19594911
28751584
27072742
40328760
38503737
29377959
26474316
9990575
37147135
17542011
40348843
21398670
30977816
29099853
19429898",Independent serum metabolomics approaches identify disrupted glutamic acid and serine metabolism in Parkinson's disease patients.,2025-09-26,,"Whether distinct blood metabolomic profiles can distinguish Parkinson's disease (PD) patients from healthy controls (HC) is still a matter of debate. Here, we employed ¹H-NMR and UPLC/MS analyses on serum samples from a cohort of PD patients and HC. Compared to HC, PD patients showed: (1) higher glutamine, serine, pyruvate and lower α-ketoglutarate levels (","[{'affiliation': 'Fondazione Policlinico Universitario A. Gemelli IRCCS, Roma, Italy.', 'firstname': 'Jacopo', 'initials': 'J', 'lastname': 'Gervasoni'}, {'affiliation': 'Department of Pharmacy, University of Salerno, Fisciano, Salerno, Italy.', 'firstname': 'Carmen', 'initials': 'C', 'lastname': 'Marino'}, {'affiliation': 'Department of Molecular Medicine, University of Pavia, Pavia, Italy.\nNeurogenetics Research Centre, IRCCS Mondino Foundation, Pavia, Italy.', 'firstname': 'Alberto', 'initials': 'A', 'lastname': 'Imarisio'}, {'affiliation': 'Fondazione Policlinico Universitario A. Gemelli IRCCS, Roma, Italy.\nUniversità Cattolica del Sacro Cuore, Roma, Italy.', 'firstname': 'Lavinia', 'initials': 'L', 'lastname': 'Santucci'}, {'affiliation': 'Department of Pharmacy, University of Salerno, Fisciano, Salerno, Italy.', 'firstname': 'Enza', 'initials': 'E', 'lastname': 'Napolitano'}, {'affiliation': 'Department of Environmental, Biological and Pharmaceutical Sciences and Technologies, Università degli Studi della Campania ""Luigi Vanvitelli"", Caserta, Italy.\nCEINGE Biotecnologie Avanzate Franco Salvatore, Naples, Italy.', 'firstname': 'Tommaso', 'initials': 'T', 'lastname': 'Nuzzo'}, {'affiliation': 'Department of Environmental, Biological and Pharmaceutical Sciences and Technologies, Università degli Studi della Campania ""Luigi Vanvitelli"", Caserta, Italy.\nCEINGE Biotecnologie Avanzate Franco Salvatore, Naples, Italy.', 'firstname': 'Isar', 'initials': 'I', 'lastname': 'Yahyavi'}, {'affiliation': ""Department of Brain and Behavioral Sciences, University of Pavia, Pavia, Italy.\nParkinson's Disease and Movement Disorders Unit, IRCCS Mondino Foundation, Pavia, Italy."", 'firstname': 'Micol', 'initials': 'M', 'lastname': 'Avenali'}, {'affiliation': 'Università Cattolica del Sacro Cuore, Roma, Italy.', 'firstname': 'Michela', 'initials': 'M', 'lastname': 'Cicchinelli'}, {'affiliation': ""Department of Brain and Behavioral Sciences, University of Pavia, Pavia, Italy.\nParkinson's Disease and Movement Disorders Unit, IRCCS Mondino Foundation, Pavia, Italy."", 'firstname': 'Gabriele', 'initials': 'G', 'lastname': 'Buongarzone'}, {'affiliation': 'Neurogenetics Research Centre, IRCCS Mondino Foundation, Pavia, Italy.', 'firstname': 'Caterina', 'initials': 'C', 'lastname': 'Galandra'}, {'affiliation': ""Parkinson's Disease and Movement Disorders Unit, IRCCS Mondino Foundation, Pavia, Italy."", 'firstname': 'Marta', 'initials': 'M', 'lastname': 'Picascia'}, {'affiliation': 'Department of Pharmacy, University of Salerno, Fisciano, Salerno, Italy.', 'firstname': 'Manuela', 'initials': 'M', 'lastname': 'Grimaldi'}, {'affiliation': ""Parkinson's Disease and Movement Disorders Unit, IRCCS Mondino Foundation, Pavia, Italy."", 'firstname': 'Claudio', 'initials': 'C', 'lastname': 'Pacchetti'}, {'affiliation': 'CEINGE Biotecnologie Avanzate Franco Salvatore, Naples, Italy.\nDepartment of Agricultural Sciences, University of Naples ""Federico II"", Portici, Italy.', 'firstname': 'Francesco', 'initials': 'F', 'lastname': 'Errico'}, {'affiliation': 'Department of Pharmacy, University of Salerno, Fisciano, Salerno, Italy.', 'firstname': 'Anna Maria', 'initials': 'AM', 'lastname': ""D'Ursi""}, {'affiliation': 'Fondazione Policlinico Universitario A. Gemelli IRCCS, Roma, Italy. andrea.urbani@unicatt.it.\nUniversità Cattolica del Sacro Cuore, Roma, Italy. andrea.urbani@unicatt.it.', 'firstname': 'Andrea', 'initials': 'A', 'lastname': 'Urbani'}, {'affiliation': 'Department of Molecular Medicine, University of Pavia, Pavia, Italy. enzamaria.valente@unipv.it.\nNeurogenetics Research Centre, IRCCS Mondino Foundation, Pavia, Italy. enzamaria.valente@unipv.it.', 'firstname': 'Enza Maria', 'initials': 'EM', 'lastname': 'Valente'}, {'affiliation': 'Department of Environmental, Biological and Pharmaceutical Sciences and Technologies, Università degli Studi della Campania ""Luigi Vanvitelli"", Caserta, Italy. alessandro.usiello@unicampania.it.\nCEINGE Biotecnologie Avanzate Franco Salvatore, Naples, Italy. alessandro.usiello@unicampania.it.', 'firstname': 'Alessandro', 'initials': 'A', 'lastname': 'Usiello'}]",,© 2025. The Author(s).,10.1038/s41531-025-01126-5,NPJ Parkinson's disease,,,<Element 'PubmedArticle' at 0x714e805716c0>
"40991116
32741830
36970897
23358136
23063827
34025369
30697174
35329937
39252767
19231028
35022594
34501609
37481598
31004982
38700827
19716187
28123818
32870429
25942499
9260073
21741198
37308068
22531421
36789477
34181922
31070940
35043999
32621907
24114165",Air pollution and impulsive choice in aging: evidence from delay discounting.,2025-09-24,"Aging, Environment, Impulsivity, Pollution, Reward","Heightened air pollution exposure is associated with an increased risk for developing neurodegenerative disorders such as Alzheimer's disease and Parkinson's disease, yet it is unclear how pollution impacts the aging brain more broadly. Rodent research has shown that higher air pollution exposure is associated with increased impulsive behavior, operationalized as a preference for immediate reward in delay discounting tasks. We examined this relationship in middle-aged and older humans by analyzing associations between residential pollution exposure and time-based reward preferences. One hundred three (103) adults aged 40-80 completed a delay discounting task. We estimated long-term residential exposure to fine particulate matter (PM","[{'affiliation': 'Department of Psychology and Neuroscience, Temple University, 1701 N. 13, Philadelphia, PA, USA. maya.kilcullen@temple.edu.', 'firstname': 'Maya R', 'initials': 'MR', 'lastname': 'Kilcullen'}, {'affiliation': 'Department of Psychology and Neuroscience, Temple University, 1701 N. 13, Philadelphia, PA, USA.', 'firstname': 'Jamie-Nicole', 'initials': 'JN', 'lastname': 'Luistro'}, {'affiliation': 'Department of Psychology and Neuroscience, Temple University, 1701 N. 13, Philadelphia, PA, USA.', 'firstname': 'Melanie', 'initials': 'M', 'lastname': 'Kos'}, {'affiliation': 'Department of Geography, Environment, and Urban Studies, Temple University, Philadelphia, PA, USA.', 'firstname': 'Jeremy', 'initials': 'J', 'lastname': 'Mennis'}, {'affiliation': 'Department of Psychology and Neuroscience, Temple University, 1701 N. 13, Philadelphia, PA, USA.', 'firstname': 'David V', 'initials': 'DV', 'lastname': 'Smith'}, {'affiliation': 'Department of Psychology and Neuroscience, Temple University, 1701 N. 13, Philadelphia, PA, USA.', 'firstname': 'Ingrid R', 'initials': 'IR', 'lastname': 'Olson'}]",,© 2025. The Author(s).,"10.1007/s11357-025-01906-0
10.3233/JAD-200483
10.1093/restud/rdac078
10.3233/JAD-221054
10.1016/j.dadm.2014.11.015
10.2131/jts.38.13
10.1289/ehp.1205505
10.3389/fnbeh.2021.647922
10.1080/08958378.2022.2140228
10.3389/fpsyg.2018.01545
10.3390/jcm11061611
10.1016/S0376-6357(99)00021-2
10.1257/aer.102.7.3333
10.1016/j.dib.2024.110810
10.1016/j.neurobiolaging.2008.09.023
10.1021/acsestair.4c00151
10.1038/s41586-021-04190-y
10.3390/ijerph18179019
10.1038/s41467-023-39797-4
10.1016/j.dcn.2019.100642
10.1007/s10964-024-01989-6
10.1111/acer.15469
10.1057/s41599-025-04843-7
10.1037/bul0000396
10.1016/j.jebo.2015.05.018
10.1016/j.tins.2009.05.009
10.1515/tnsci-2016-0005
10.1007/s11356-020-10574-w
10.1021/acs.chemrev.5b00067
10.1037/h0100148
10.1037/1064-1297.5.3.256
10.1016/j.jsat.2011.05.003
10.1016/j.envres.2023.116391
10.3233/JAD-2012-120610
10.1111/jcpp.13768
10.1016/j.envres.2021.111570
10.1289/EHP3169
10.1177/1533317518777859
10.1002/mds.28922
10.1016/j.neuropsychologia.2020.107549
10.1002/jaba.42
10.1080/17470210903276350
10.1007/s10683-019-09617-y",GeroScience,,,<Element 'PubmedArticle' at 0x714e80599760>
40980939,Association between the degree of Parkinson's disease progression and the oral environment.,2025-09-22,"OHAT, Parkinson’s disease, disease duration, saliva, tongue","Aim of this study was to examine the relationship between the degree of Parkinson's disease (PD) progression and the oral environment in patients with PD.
Fifty patients with PD [mean age, 64.9 ± 8.5 years old; mean Hoehn and Yahr (HY) stage, 3.2 ± 0.8] were recruited. The patients were divided into a mild/moderate group (HY stage 2-3) and a severe group (HY stage 4-5), and the oral environment was assessed using the Oral Health Assessment Tool (OHAT) score.
The OHAT scores for all participants were positively correlated with the age (rho = 0.27, p < 0.05), disease duration (rho = 0.28, p < 0.05), and MMSE score (rho = -0.28, p < 0.05). Multiple linear regression analyses showed that, among the OHAT items, ""tongue,"" ""saliva,"" and ""lips"" were associated with the age, disease duration, and MMSE, respectively (β = 0.021, p = 0.008; β = 0.027, p = 0.010; β = -1.974, p = 0.041, respectively).
The results of this study suggest the possibility of an association between the degree of PD progression, such as age and disease duration, and the deterioration of the oral environment. These results encourage specialized personnel to pay attention to the tongue and dry mouth condition, especially for older PD patients with a long disease duration.","[{'affiliation': 'Swallowing Disorders Center, Fukuoka University Hospital, Fukuoka, Japan.\nDivision of Geriatric Dentistry and Perioperative Medicine in Dentistry, Faculty of Dental Science, Kyushu University, Fukuoka, Japan.', 'firstname': 'Airi', 'initials': 'A', 'lastname': 'Yamamoto'}, {'affiliation': 'Swallowing Disorders Center, Fukuoka University Hospital, Fukuoka, Japan. george@fukuoka-u.ac.jp.\nDepartment of Neurology, Neuro-Muscular Center, NHO Omuta National Hospital, Fukuoka, Japan. george@fukuoka-u.ac.jp.', 'firstname': 'George', 'initials': 'G', 'lastname': 'Umemoto'}, {'affiliation': 'Division of Geriatric Dentistry and Perioperative Medicine in Dentistry, Faculty of Dental Science, Kyushu University, Fukuoka, Japan.\nOral health/Brain health/Total Health Research Center, Faculty of Dental Science, Kyushu University, Fukuoka, Japan.', 'firstname': 'Shinsuke', 'initials': 'S', 'lastname': 'Mizutani'}, {'affiliation': 'Faculty of Medicine, International University of Health and Welfare, Otawara, Japan.', 'firstname': 'Shinsuke', 'initials': 'S', 'lastname': 'Fujioka'}, {'affiliation': 'Faculty of Medicine, Juntendo University, Tokyo, Japan.\nTsutsumi Clinic Parkinson Disease Center, Fukuoka, Japan.', 'firstname': 'Yoshio', 'initials': 'Y', 'lastname': 'Tsuboi'}, {'affiliation': 'Division of Geriatric Dentistry and Perioperative Medicine in Dentistry, Faculty of Dental Science, Kyushu University, Fukuoka, Japan.', 'firstname': 'Haruhiko', 'initials': 'H', 'lastname': 'Kashiwazaki'}]",,,10.5603/pjnns.106300,Neurologia i neurochirurgia polska,,"The OHAT scores for all participants were positively correlated with the age (rho = 0.27, p < 0.05), disease duration (rho = 0.28, p < 0.05), and MMSE score (rho = -0.28, p < 0.05). Multiple linear regression analyses showed that, among the OHAT items, ""tongue,"" ""saliva,"" and ""lips"" were associated with the age, disease duration, and MMSE, respectively (β = 0.021, p = 0.008; β = 0.027, p = 0.010; β = -1.974, p = 0.041, respectively).",<Element 'PubmedArticle' at 0x714e80454b30>
40972379,A new asymmetric phthalocyanine-based chemosensor for the detection of ultra trace amount of copper (II) ions in environmental samples: comprehensive complex characterization and DFT analysis.,2025-09-20,"Asymmetric phthalocyanine, Copper (II) determination, Density functional theory, Near-infrared probe, Pyrazole",While Cu,"[{'affiliation': 'Istanbul Technical University, Department of Chemistry, 34469 Maslak, Istanbul, Turkey.', 'firstname': 'Ozgur', 'initials': 'O', 'lastname': 'Yavuz'}, {'affiliation': 'Ege University, Program of Refinery and Petrochemical Technology, 35800 Aliağa, İzmir, Turkey.', 'firstname': 'Burak', 'initials': 'B', 'lastname': 'Yıldız'}, {'affiliation': 'Yıldız Technical University, Department of Chemistry, 34210 Esenler, Istanbul, Turkey.', 'firstname': 'Erem', 'initials': 'E', 'lastname': 'Ahmetali'}, {'affiliation': 'Istanbul Technical University, Department of Chemistry, 34469 Maslak, Istanbul, Turkey.', 'firstname': 'Hulya', 'initials': 'H', 'lastname': 'Aribuga'}, {'affiliation': 'Istanbul Technical University, Department of Chemistry, 34469 Maslak, Istanbul, Turkey.', 'firstname': 'Utku', 'initials': 'U', 'lastname': 'Ertugral'}, {'affiliation': 'Istanbul Technical University, Department of Chemistry, 34469 Maslak, Istanbul, Turkey.', 'firstname': 'Berkehan', 'initials': 'B', 'lastname': 'Kura'}, {'affiliation': 'Istanbul Technical University, Department of Chemistry, 34469 Maslak, Istanbul, Turkey.', 'firstname': 'Nurcan Şenyurt', 'initials': 'NŞ', 'lastname': 'Tuzun'}, {'affiliation': 'Yıldız Technical University, Department of Chemistry, 34210 Esenler, Istanbul, Turkey. Electronic address: ksener@yildiz.edu.tr.', 'firstname': 'M Kasım', 'initials': 'MK', 'lastname': 'Şener'}, {'affiliation': 'Istanbul Technical University, Department of Chemistry, 34469 Maslak, Istanbul, Turkey. Electronic address: iyilmaz@itu.edu.tr.', 'firstname': 'Ismail', 'initials': 'I', 'lastname': 'Yilmaz'}]",,Copyright © 2025 Elsevier B.V. All rights reserved.,10.1016/j.saa.2025.126935,"Spectrochimica acta. Part A, Molecular and biomolecular spectroscopy",,,<Element 'PubmedArticle' at 0x714e80454180>
40970415,Prevalence of Parkinson's Disease in a Town of the Central Highlands of Peru: A Population-Based Study.,2025-09-19,"Parkinson's disease, door‐to‐door, highlands, prevalence","The global prevalence of Parkinson's disease (PD) is estimated to be 315 per 100,000 inhabitants, with variations across regions and depending on the epidemiological methods used. Door-to-door prevalence studies in Andean communities are notably underrepresented in the literature.
The aim of this study was to estimate the PD prevalence in Jauja.
A cross-sectional community-based door-to-door prevalence study was conducted from April 2018 to September 2019. We used a Spanish version of the 9-item screening questionnaire (9-item SQ). Trained interviewers conducted face-to-face screening surveys. Participants presenting ""suspected parkinsonism"" underwent further neurological assessment. PD cases responded to the LARGE-PD questionnaire and ""pesticide exposure questionnaire."" We calculated the crude prevalence, gender- and age-specific rates, and age-adjusted rates.
Out of 2527 eligible individuals, 1960 completed the screening survey. Of these, 563 were selected for neurological assessment, and 337 underwent neurological examination. PD was confirmed in 21 individuals, 16 of whom were identified using the 9-item SQ with a crude prevalence of 816/100,000. We observed higher rates of PD in older age groups and in males compared to females (1.6 vs. 0.3%, P < 0.05). The age-standardized prevalence was 566/100,000 (95% confidence interval [CI]: 496.6-635.2). Among PD cases, the most common environmental exposures were living near farming fields and pesticide exposure.
The observed prevalence of PD in this town in the central highlands of Peru aligns with previous reports, with notably higher rates among individuals over the age of 80. Further prospective studies are warranted to investigate the potential influence of environmental factors on PD prevalence in this region.","[{'affiliation': 'Neurogenetics Working Group, Universidad Cientifica del Sur, Lima, Peru.\nNorthern Pacific Global Health Research Program, NIH, Bethesda, Maryland, USA.\nNeurogenetics Research Center, Instituto Nacional de Ciencias Neurologicas, Lima, Peru.', 'firstname': 'Elison', 'initials': 'E', 'lastname': 'Sarapura-Castro'}, {'affiliation': 'Neurogenetics Research Center, Instituto Nacional de Ciencias Neurologicas, Lima, Peru.', 'firstname': 'Karina', 'initials': 'K', 'lastname': 'Milla-Neyra'}, {'affiliation': 'Universidad Peruana Los Andes, Huancayo, Peru.\nMental Health Department, Domingo Olavegoya Hospital, Jauja, Peru.', 'firstname': 'Julia', 'initials': 'J', 'lastname': 'Ríos-Pinto'}, {'affiliation': 'Facultad de Ciencias de la Salud, Universidad Cientifica del Sur, Lima, Peru.', 'firstname': 'Jorge L', 'initials': 'JL', 'lastname': 'Maguiña'}, {'affiliation': 'Northern Pacific Global Health Research Program, NIH, Bethesda, Maryland, USA.\nNeurogenetics Research Center, Instituto Nacional de Ciencias Neurologicas, Lima, Peru.', 'firstname': 'Andrea', 'initials': 'A', 'lastname': 'Rivera-Valdivia'}, {'affiliation': 'Genomic Medicine Institute, Lerner Research Institute, Cleveland Clinic, Cleveland, Ohio, USA.', 'firstname': 'Miguel', 'initials': 'M', 'lastname': 'Inca-Martinez'}, {'affiliation': 'Neurogenetics Working Group, Universidad Cientifica del Sur, Lima, Peru.\nNorthern Pacific Global Health Research Program, NIH, Bethesda, Maryland, USA.\nNeurogenetics Research Center, Instituto Nacional de Ciencias Neurologicas, Lima, Peru.', 'firstname': 'Maryenela', 'initials': 'M', 'lastname': 'Illanes-Manrique'}, {'affiliation': 'Neurogenetics Working Group, Universidad Cientifica del Sur, Lima, Peru.', 'firstname': 'Milagros', 'initials': 'M', 'lastname': 'Galecio-Castillo'}, {'affiliation': 'Naval Medical Research Unit No. 6, Callao, Peru.', 'firstname': 'Silvia', 'initials': 'S', 'lastname': 'Montano'}, {'affiliation': 'Genomic Medicine Institute, Lerner Research Institute, Cleveland Clinic, Cleveland, Ohio, USA.', 'firstname': 'Ignacio F', 'initials': 'IF', 'lastname': 'Mata'}, {'affiliation': 'Neurogenetics Working Group, Universidad Cientifica del Sur, Lima, Peru.\nNeurogenetics Research Center, Instituto Nacional de Ciencias Neurologicas, Lima, Peru.', 'firstname': 'Mario', 'initials': 'M', 'lastname': 'Cornejo-Olivas'}]",,© 2025 International Parkinson and Movement Disorder Society.,10.1002/mdc3.70354,Movement disorders clinical practice,,"Out of 2527 eligible individuals, 1960 completed the screening survey. Of these, 563 were selected for neurological assessment, and 337 underwent neurological examination. PD was confirmed in 21 individuals, 16 of whom were identified using the 9-item SQ with a crude prevalence of 816/100,000. We observed higher rates of PD in older age groups and in males compared to females (1.6 vs. 0.3%, P < 0.05). The age-standardized prevalence was 566/100,000 (95% confidence interval [CI]: 496.6-635.2). Among PD cases, the most common environmental exposures were living near farming fields and pesticide exposure.",<Element 'PubmedArticle' at 0x714e80472b60>
"40943556
35546747
37240173
38256144
9364482
33182829
28920575
28723547
35410316
32952148
31181327
32848594
34717202
32581786
33889073
29467654
31417352
33359010
33991356
31902901
33401207
36668867
37569745
29133043
33010623
38393033
34576094
18840519
22655218
21975039
35008658
32825423
33212758
14742448
25622714
37373401
37556728
21542899
27484986
30663689",Sea Urchin Pigment Ethylspinazarin (U-573): A Novel P2X7 Receptor Antagonist with Neuroprotective and Antiparkinsonian Effects.,2025-09-13,"1,4-naphthoquinones, P2X7R, Parkinson’s disease, neuronal cells, neuroprotection","The ability of the quinonoid sea urchin pigment ethylspinazarin (U-573) to protect mouse Neuro-2a neuronal cells from the neurotoxic effect of one of the Parkinson's disease inducers, MPP+, was studied. This compound blocked Ca","[{'affiliation': 'G.B. Elyakov Pacific Institute of Bioorganic Chemistry, Far-Eastern Branch of the Russian Academy of Science, 690022 Vladivostok, Russia.', 'firstname': 'Evgeny', 'initials': 'E', 'lastname': 'Pislyagin'}, {'affiliation': 'G.B. Elyakov Pacific Institute of Bioorganic Chemistry, Far-Eastern Branch of the Russian Academy of Science, 690022 Vladivostok, Russia.', 'firstname': 'Sergey', 'initials': 'S', 'lastname': 'Kozlovskiy'}, {'affiliation': 'G.B. Elyakov Pacific Institute of Bioorganic Chemistry, Far-Eastern Branch of the Russian Academy of Science, 690022 Vladivostok, Russia.', 'firstname': 'Irina', 'initials': 'I', 'lastname': 'Agafonova'}, {'affiliation': 'G.B. Elyakov Pacific Institute of Bioorganic Chemistry, Far-Eastern Branch of the Russian Academy of Science, 690022 Vladivostok, Russia.', 'firstname': 'Ekaterina', 'initials': 'E', 'lastname': 'Menchinskaya'}, {'affiliation': 'G.B. Elyakov Pacific Institute of Bioorganic Chemistry, Far-Eastern Branch of the Russian Academy of Science, 690022 Vladivostok, Russia.', 'firstname': 'Ekaterina', 'initials': 'E', 'lastname': 'Chingizova'}, {'affiliation': 'Federal Scientific Center of East Asia Terrestrial Biodiversity, Far Eastern Branch of the Russian Academy of Sciences, 690022 Vladivostok, Russia.', 'firstname': 'Tatiana', 'initials': 'T', 'lastname': 'Gorpenchenko'}, {'affiliation': 'Institute of Chemistry, Far Eastern Branch of the Russian Academy of Sciences, 690022 Vladivostok, Russia.', 'firstname': 'Anatolii', 'initials': 'A', 'lastname': 'Mirochnik'}, {'affiliation': 'Institute of Chemistry, Far Eastern Branch of the Russian Academy of Sciences, 690022 Vladivostok, Russia.', 'firstname': 'Elena', 'initials': 'E', 'lastname': 'Fedorenko'}, {'affiliation': 'G.B. Elyakov Pacific Institute of Bioorganic Chemistry, Far-Eastern Branch of the Russian Academy of Science, 690022 Vladivostok, Russia.', 'firstname': 'Yuri', 'initials': 'Y', 'lastname': 'Sabutski'}, {'affiliation': 'G.B. Elyakov Pacific Institute of Bioorganic Chemistry, Far-Eastern Branch of the Russian Academy of Science, 690022 Vladivostok, Russia.', 'firstname': 'Sergei', 'initials': 'S', 'lastname': 'Polonik'}, {'affiliation': 'G.B. Elyakov Pacific Institute of Bioorganic Chemistry, Far-Eastern Branch of the Russian Academy of Science, 690022 Vladivostok, Russia.\nDepartment of Biomedical Science and Environmental Biology, Kaohsiung Medical University, Kaohsiung 80708, Taiwan.', 'firstname': 'Dmitry', 'initials': 'D', 'lastname': 'Aminin'}]",,,"10.3390/ijms26178639
10.2174/1871527321666220511205231
10.3390/ijms24108827
10.3390/ijms25021071
10.1016/S0028-3908(97)00140-8
10.3390/ijms21228454
10.7554/eLife.31186
10.1016/j.immuni.2017.06.020
10.1038/s41419-022-04786-w
10.12659/MSM.925491
10.1016/j.autrev.2019.06.009
10.3389/fnmol.2020.00124
10.1016/j.intimp.2021.108297
10.3389/fphar.2020.00793
10.3389/fncel.2021.617036
10.3389/fphar.2018.00052
10.3389/fnins.2019.00799
10.1016/j.bcp.2020.114385
10.1111/ene.14918
10.1248/cpb.c19-00911
10.1016/j.bmc.2020.115975
10.3390/toxins15010047
10.3390/ijms241512370
10.37349/en.2024.00035
10.1016/j.ejmech.2017.10.033
10.1016/j.bioorg.2020.104278
10.3390/md22020062
10.1056/NEJMra2401857
10.3390/ijms22189933
10.1016/j.tiv.2008.09.007
10.1155/2012/985157
10.1186/1742-2094-8-129
10.3390/ijms23010232
10.3390/ijms21175996
10.3390/ijms21228645
10.1074/jbc.M312497200
10.1039/C4CS00337C
10.3390/ijms241210215
10.1021/jacs.3c03212
10.1186/1750-1326-6-28
10.3892/mmr.2016.5573
10.3791/58653",International journal of molecular sciences,,,<Element 'PubmedArticle' at 0x714e802cb1f0>
40912350,Paraquat induced neuro-immunotoxicity: Dysregulated microglial antigen processing and mitochondrial activated mechanisms.,2025-09-06,"Antigen presentation, Microglia, Mitochondrion, Paraquat, T-cell infiltration","Paraquat (PQ) is characterized by neurotoxicity. In daily life, PQ exposure mainly occurs through chronic and trace pathways, which induce progressive neuronal damage or neuronal synaptic loss. Previously, mitochondrial dysfunction was a critical underlying mechanism. Emerging evidence suggests that neuroinflammation mediated by microglial activation and T-cell infiltration may trigger accelerated neuronal degeneration. While antigen presentation constitutes an essential prerequisite for T-cell infiltration and functional activation, the potential association between mitochondrial impairment and microglial antigen presentation dysregulation remains unexplored. In this study, we initially identified paraquat-associated target gene clusters from the CTD database. Following the enrichment analyses of GO and KEGG revealed Parkinson's disease pathways and mitochondrial processes. Further, we constructed a time-dependent model for C57BL/6J (♂) mice continuously treated with PQ (1.25 mg/kg) once/day to imitate early-stage neurotoxicity. For mice, neurobehavioral symptoms showed a decrease in learning and memory abilities. Pathologically, the neuroinflammatory response dominated by microglial activation and T-cell infiltration preceded observable synaptic loss. This correlated with microglial two distinct processes: 1) upregulated surface chemokine expression (CCL2, CCL3, CCL4, CCL5), and 2) enhanced antigen recognition, phagocytosis, and presentation machinery (TLR4, LAMP2, MHC II), facilitating CD4","[{'affiliation': 'School of Public Health, Ningxia Medical University, Yinchuan City, Ningxia Hui Autonomous Region, China; Key Laboratory of Environmental Factors and Chronic Disease Control, No.1160, The Street of Shengli, Xingqing District, Yinchuan, Ningxia Hui Autonomous Region, China.', 'firstname': 'Ge', 'initials': 'G', 'lastname': 'Shi'}, {'affiliation': 'School of Public Health, Ningxia Medical University, Yinchuan City, Ningxia Hui Autonomous Region, China; Key Laboratory of Environmental Factors and Chronic Disease Control, No.1160, The Street of Shengli, Xingqing District, Yinchuan, Ningxia Hui Autonomous Region, China.', 'firstname': 'Kaidong', 'initials': 'K', 'lastname': 'Wang'}, {'affiliation': 'School of Public Health, Ningxia Medical University, Yinchuan City, Ningxia Hui Autonomous Region, China; Key Laboratory of Environmental Factors and Chronic Disease Control, No.1160, The Street of Shengli, Xingqing District, Yinchuan, Ningxia Hui Autonomous Region, China.', 'firstname': 'Qi', 'initials': 'Q', 'lastname': 'Liu'}, {'affiliation': 'School of Public Health, Ningxia Medical University, Yinchuan City, Ningxia Hui Autonomous Region, China; Key Laboratory of Environmental Factors and Chronic Disease Control, No.1160, The Street of Shengli, Xingqing District, Yinchuan, Ningxia Hui Autonomous Region, China.', 'firstname': 'Chenyang', 'initials': 'C', 'lastname': 'Wu'}, {'affiliation': 'School of Public Health, Ningxia Medical University, Yinchuan City, Ningxia Hui Autonomous Region, China; Key Laboratory of Environmental Factors and Chronic Disease Control, No.1160, The Street of Shengli, Xingqing District, Yinchuan, Ningxia Hui Autonomous Region, China.', 'firstname': 'Qianrong', 'initials': 'Q', 'lastname': 'Zhang'}, {'affiliation': 'School of Public Health, Ningxia Medical University, Yinchuan City, Ningxia Hui Autonomous Region, China; Key Laboratory of Environmental Factors and Chronic Disease Control, No.1160, The Street of Shengli, Xingqing District, Yinchuan, Ningxia Hui Autonomous Region, China.', 'firstname': 'Yuan', 'initials': 'Y', 'lastname': 'Ma'}, {'affiliation': 'School of Public Health, Ningxia Medical University, Yinchuan City, Ningxia Hui Autonomous Region, China; Key Laboratory of Environmental Factors and Chronic Disease Control, No.1160, The Street of Shengli, Xingqing District, Yinchuan, Ningxia Hui Autonomous Region, China.', 'firstname': 'Ai', 'initials': 'A', 'lastname': 'Qi'}, {'affiliation': 'School of Public Health, Ningxia Medical University, Yinchuan City, Ningxia Hui Autonomous Region, China; Key Laboratory of Environmental Factors and Chronic Disease Control, No.1160, The Street of Shengli, Xingqing District, Yinchuan, Ningxia Hui Autonomous Region, China. Electronic address: hmin81@163.com.', 'firstname': 'Min', 'initials': 'M', 'lastname': 'Huang'}]",,Copyright © 2025 Elsevier B.V. All rights reserved.,10.1016/j.cbi.2025.111721,Chemico-biological interactions,,,<Element 'PubmedArticle' at 0x714e804bfc40>
40903942,Hypoxia and TTR dysregulation in astrocytes from Parkinson's disease with a specific mitochondrial haplogroup: A single-cell analysis.,2025-09-04,"Parkinson’s disease, astrocyte, brain network functional connectivity, cognitive progression, gene regulatory network, haplogroup H, mitochondrial DNA variants, multi-brain regions, nerve regeneration, reactive oxygen species, single-nucleus RNA sequencing","Mitochondrial DNA variants have been linked to cognitive progression in Parkinson's disease; however, the mechanisms by which mitochondrial DNA variants or haplogroups contribute to this process remain unclear. In the present study, we analyzed single-nucleus RNA sequencing data from 241 post-mortem brain samples across five regions to investigate the dysregulatory mechanisms associated with mitochondrial DNA haplogroup H and haplogroups J, T, and U#. Our findings revealed significant alterations in the proportions of astrocyte subtypes CHI3L1 and GRM3 in the neocortical regions of haplogroup H. Notably, TTR was markedly downregulated in the dorsal motor nucleus of the Xth nerve region of patients with haplogroup H. Pathway analysis highlighted abnormal hypoxic and reactive oxygen species environments in astrocytes, whereas protein complex analysis revealed a consistent and significant elevation in ribosomal subunit complexes within the astrocyte subtypes. By constructing weighted and directed transcriptome-wide gene regulatory networks, we identified significant changes in transcription factor SP1 and homeobox protein HOXA5 activity in the astrocyte subtypes of individuals with haplogroup H. Additionally, widespread dysregulation was observed in the transcriptional control of TTR by multiple transcription factors. Parkinson's disease patients with haplogroup H also exhibited increased network functional connectivity in specific brain regions. This data-driven study underscores the potential mechanisms by which mitochondrial DNA haplogroups contribute to cognitive progression in Parkinson's disease, involving cellular composition changes, differential gene expression, pathway disruption, and gene regulatory networks. Our findings suggest that mitochondrial DNA haplogroup H may drive Parkinson's disease cognitive progression through aberrant TTR expression and a hypoxic environment.","[{'affiliation': 'Shenzhen Key Laboratory of Systems Medicine in Inflammatory Diseases, School of Medicine, Shenzhen Campus of Sun Yat-sen University, Shenzhen, Guangdong Province, China.\nNeurobiology Research Center, School of Medicine, Shenzhen Campus of Sun Yat-sen University, Shenzhen, Guangdong Province, China.', 'firstname': 'Junhao', 'initials': 'J', 'lastname': 'Wang'}, {'affiliation': 'Shenzhen Key Laboratory of Systems Medicine in Inflammatory Diseases, School of Medicine, Shenzhen Campus of Sun Yat-sen University, Shenzhen, Guangdong Province, China.\nNeurobiology Research Center, School of Medicine, Shenzhen Campus of Sun Yat-sen University, Shenzhen, Guangdong Province, China.', 'firstname': 'Wenxuan', 'initials': 'W', 'lastname': 'Du'}, {'affiliation': 'Shenzhen Key Laboratory of Systems Medicine in Inflammatory Diseases, School of Medicine, Shenzhen Campus of Sun Yat-sen University, Shenzhen, Guangdong Province, China.\nNeurobiology Research Center, School of Medicine, Shenzhen Campus of Sun Yat-sen University, Shenzhen, Guangdong Province, China.', 'firstname': 'Xinyi', 'initials': 'X', 'lastname': 'Chen'}, {'affiliation': 'Shenzhen Key Laboratory of Systems Medicine in Inflammatory Diseases, School of Medicine, Shenzhen Campus of Sun Yat-sen University, Shenzhen, Guangdong Province, China.\nNeurobiology Research Center, School of Medicine, Shenzhen Campus of Sun Yat-sen University, Shenzhen, Guangdong Province, China.', 'firstname': 'Hao', 'initials': 'H', 'lastname': 'Wu'}, {'affiliation': 'Shenzhen Key Laboratory of Systems Medicine in Inflammatory Diseases, School of Medicine, Shenzhen Campus of Sun Yat-sen University, Shenzhen, Guangdong Province, China.\nNeurobiology Research Center, School of Medicine, Shenzhen Campus of Sun Yat-sen University, Shenzhen, Guangdong Province, China.\nGuangdong Provincial Key Laboratory of Brain Function and Disease, Guangzhou, Guangdong Province, China.', 'firstname': 'Ganqiang', 'initials': 'G', 'lastname': 'Liu'}]",,Copyright © 2025 Neural Regeneration Research.,10.4103/NRR.NRR-D-25-00107,Neural regeneration research,,,<Element 'PubmedArticle' at 0x714e802e43b0>
"40894048
19941155
21689593
26346695
21920438
29167179
29909722
30165482
31195097
30893019
34292154
34191328
36941057
26192197
29090463
17263664
19453276
28301740
37129366
10926541
16155110
32488052
16301523
20851119
25590345
12526792
30886345
10226806
24732467
27180807
32642868
26245374
17213182
12084935
27535567
10934251
19871470
11161073
16230020
16399671
23314528
21726199
298352
6823561
6192438
11100151
11724769
21067569
17227870
21768369
26182419
30405116
32385113
10506125
16702191
17388944
26667592
27280685
26181201
36736886
17055279
19492057
28190031
20578034
22653162
15197735
36370105
31882993
28886095
17406317
15557474
17159157
18171936
27494989",Mitochondrial protein import stress augments α-synuclein aggregation and neural damage independent of bioenergetics.,2025-09-02,,"Genetic and environmental factors are known to converge on mitochondria to cause Parkinson's disease (PD). However, the mechanisms by which mitochondrial dysfunction contributes to neurodegeneration remain incompletely understood. Non-bioenergetic pathways of the mitochondria are increasingly appreciated, but confounding bioenergetic defects are a major barrier to experimental validation. Here, we show that mild mitochondrial protein import stress augments neural damage independent of bioenergetics. We induce protein import stress in a mouse model of PD expressing α-synuclein(A53T). The double mutant mice demonstrate increased size of α-synuclein aggregates, increased aggregation of mitochondrial preproteins, heightened neuroinflammation and worsened motor defect relative to α-synuclein(A53T) single mutants. Importantly, we found no evidence of bioenergetic defects in any of the mutant mice. These data suggest that mitochondrial protein import stress, which can be induced by many types of mitochondrial injuries, can contribute to neural damage through cytosolic proteostatic stress and possible co-aggregation of mitochondrial and neuropathogenic proteins independent of bioenergetics.","[{'affiliation': 'State University of New York Upstate Medical University.', 'firstname': 'Xin Jie', 'initials': 'XJ', 'lastname': 'Chen'}, {'affiliation': 'Johns Hopkins Hospital.', 'firstname': 'Liam', 'initials': 'L', 'lastname': 'Coyne'}, {'affiliation': 'State University of New York Upstate Medical University.', 'firstname': 'Arnav', 'initials': 'A', 'lastname': 'Rana'}, {'affiliation': 'State University of New York Upstate Medical University.', 'firstname': 'Xiaowen', 'initials': 'X', 'lastname': 'Wang'}, {'affiliation': 'State University of New York Upstate Medical University.', 'firstname': 'Sanaea', 'initials': 'S', 'lastname': 'Bhagwagar'}, {'affiliation': 'SUNY Upstate Medical University.', 'firstname': 'Yumiko', 'initials': 'Y', 'lastname': 'Umino'}, {'affiliation': 'SUNY Upstate Medical University.', 'firstname': 'Eduardo', 'initials': 'E', 'lastname': 'Solessio'}, {'affiliation': None, 'firstname': 'Frank', 'initials': 'F', 'lastname': 'Middleton'}]",,,"10.21203/rs.3.rs-3136613/v1
10.1007/s10863-009-9256-0
10.1016/j.neuron.2011.06.003
10.11138/fneur/2015.30.3.151
10.1016/j.bbadis.2011.08.012
10.1083/jcb.201709172
10.1080/15548627.2018.1474991
10.1093/femsyr/foy088
10.1016/j.mito.2019.06.001
10.1091/mbc.E19-01-0046
10.7554/eLife.65484
10.15252/embj.2021107913
10.26508/lsa.202201805
10.1038/nature14859
10.1002/1873-3468.12894
10.1146/annurev.biochem.76.052705.163409
10.1515/BC.2009.087
10.1146/annurev-biochem-060815-014352
10.7554/eLife.84330
10.1126/science.289.5480.782
10.1093/hmg/ddi341
10.1038/s41398-020-0858-y
10.1073/pnas.0505551102
10.1016/j.expneurol.2010.09.008
10.3791/52225
10.1016/s0092-8674(02)01250-3
10.1038/s41556-019-0294-5
10.1055/s-2007-978723
10.1371/journal.pone.0094287
10.1038/srep25960
10.1007/s00401-020-02183-1
10.1038/nature14951
10.1093/dnares/dsl016
10.1073/pnas.132197599
10.1007/s12017-016-8435-5
10.1523/JNEUROSCI.20-16-06021.2000
10.1084/jem.81.5.469
10.1136/pmj.77.904.89
10.1016/j.nbd.2005.08.005
10.1523/JNEUROSCI.4308-05.2006
10.1515/revneuro-2012-0071
10.1042/BJ20110162
10.1016/0165-1781(79)90006-4
10.1126/science.6823561
10.1073/pnas.80.14.4546
10.1038/81834
10.1074/jbc.M105326200
10.1186/1471-2202-11-144
10.1073/pnas.0605208103
10.1073/pnas.1103295108
10.1016/j.neuron.2015.06.034
10.1038/s41419-018-1154-0
10.1074/jbc.RA119.011650
10.1074/jbc.274.41.28849
10.1093/brain/awl114
10.1111/j.1750-3639.2007.00048.x
10.1111/bpa.12344
10.1126/scitranslmed.aaf3634
10.1038/cddis.2015.166
10.1016/j.jmb.2023.167992
10.1016/j.nbd.2006.08.021
10.1371/journal.pone.0005777
10.3791/55226
10.1002/0471142301.ns0722s52
10.1038/nprot.2012.058
10.1002/jnr.20155
10.1093/nar/gkac1000
10.1093/bioinformatics/btz931
10.1371/journal.pone.0183854
10.1038/nprot.2006.116
10.1167/iovs.04-0541
10.1073/pnas.0604478104
10.1523/JNEUROSCI.3551-07.2008
10.1016/j.jneumeth.2016.08.001",Research square,,,<Element 'PubmedArticle' at 0x714e80336bb0>
"40893506
21751608
30125783
33949763
25895932
25787145
19908317
12438462
34512530
1627973
23425620
16832074
32290717
31732566
28689673
18718530
1402908
7519659
1471873
10934254
36742206
26940028
32907903
35491758
30366958
22634862
25462797
33704443
35614551
32079673
38106290
33860863
36845658
26474316
19933974
14399272
13638508
6067254
11113214
18175343
19452562
22488774
21979382
21387445
29023982
38173297
15105267
25231526
27181761
24075790
37448687
29664465
18541871
34881727
16195246
28838910
15350242
16399686
19675251
24564464
26543023
16699079
23020641
28256779
10417251
29706433
12808459
12626004
35785566
35296648
30238208
32848582
32664016
36300172
35238430
31451898
37178232
21400357
33855297
21959363
24990920
15701222
18508104
25137340",Association between brain iron deposition and pure apathy in Parkinson's disease: a cross-sectional quantitative susceptibility mapping imaging study.,2025-09-02,"Parkinson’s disease (PD), apathy, brain iron deposition, quantitative susceptibility mapping (QSM)","Apathy, a decline in goal-directed motivated behavior, is a common non-motor symptom (NMS) in Parkinson's disease (PD). Previous studies have suggested that PD patients with apathy exhibit increased iron levels in the cerebrospinal fluid (CSF) and the iron levels are positively correlated with the severity of apathy, indicating that apathy in PD may be related with brain iron accumulation. Specifically, quantitative susceptibility mapping (QSM), an emerging brain magnetic resonance imaging (MRI) technique, can be used to sensitively detect the iron deposition in the brain 
A total of 29 patients with PD-PA, 33 PD without pure apathy (PD-NPA), and 32 healthy controls (HCs) were collected. All participants underwent three-dimensional T1-weighted imaging (3DT1) and QSM scans. The susceptibility values of PD-PA, PD-NPA, and HC groups were compared at whole brain voxel-wise level and the region of interest (ROI)-wise level, respectively. Moreover, correlation analysis between apathy symptoms and brain iron deposition was further performed in the PD-PA group.
Relative to the HCs, patients with PD demonstrated increased susceptibility values (consistent with higher brain tissue iron deposits) in substantia nigra pars compacta (SNc) and ventral tegmental area (VTA) of the midbrain [P
In patients with PD-PA, brain regions associated with brain iron deposition were mainly located in the ""mesocorticolimbic loop"" (SFGmed and ACC), as well as the STG and thalamus. The present study suggested that abnormal iron deposition in these core brain regions may be associated with abnormal top-down and bottom-up neuroregulation and involved in the mechanism of PD apathy. The present study provides new insights into the pathophysiologic mechanism of PD-PA.","[{'affiliation': ""Department of Neurology, The Affiliated Wuxi People's Hospital of Nanjing Medical University, Wuxi People's Hospital, Wuxi Medical Center, Nanjing Medical University, Wuxi, China.\nDepartment of Functional Neurology, The Affiliated Wuxi People's Hospital of Nanjing Medical University, Wuxi People's Hospital, Wuxi Medical Center, Nanjing Medical University, Wuxi, China."", 'firstname': 'Li', 'initials': 'L', 'lastname': 'Zhang'}, {'affiliation': ""Department of Radiology, The Affiliated Wuxi People's Hospital of Nanjing Medical University, Wuxi People's Hospital, Wuxi Medical Center, Nanjing Medical University, Wuxi, China."", 'firstname': 'Kaidong', 'initials': 'K', 'lastname': 'Chen'}, {'affiliation': 'Department of Neurology, Jiangyuan Hospital Affiliated to Jiangsu Institute of Nuclear Medicine, Wuxi, China.', 'firstname': 'Yan', 'initials': 'Y', 'lastname': 'Zhi'}, {'affiliation': ""Department of Neurosurgery, The Affiliated Wuxi People's Hospital of Nanjing Medical University, Wuxi People's Hospital, Wuxi Medical Center, Nanjing Medical University, Wuxi, China."", 'firstname': 'Wei', 'initials': 'W', 'lastname': 'Ji'}, {'affiliation': ""Department of Neurology, The Affiliated Wuxi People's Hospital of Nanjing Medical University, Wuxi People's Hospital, Wuxi Medical Center, Nanjing Medical University, Wuxi, China."", 'firstname': 'Guofeng', 'initials': 'G', 'lastname': 'Shi'}, {'affiliation': ""Department of Neurology, The Affiliated Wuxi People's Hospital of Nanjing Medical University, Wuxi People's Hospital, Wuxi Medical Center, Nanjing Medical University, Wuxi, China."", 'firstname': 'Yiping', 'initials': 'Y', 'lastname': 'You'}, {'affiliation': ""Department of Neurology, The Affiliated Wuxi People's Hospital of Nanjing Medical University, Wuxi People's Hospital, Wuxi Medical Center, Nanjing Medical University, Wuxi, China."", 'firstname': 'Feng', 'initials': 'F', 'lastname': 'Wang'}, {'affiliation': ""Department of Functional Neurology, The Affiliated Wuxi People's Hospital of Nanjing Medical University, Wuxi People's Hospital, Wuxi Medical Center, Nanjing Medical University, Wuxi, China."", 'firstname': 'Kefei', 'initials': 'K', 'lastname': 'Chen'}, {'affiliation': 'School of Environmental Science and Engineering, Wuxi University, Wuxi, China.', 'firstname': 'Tian', 'initials': 'T', 'lastname': 'Xu'}, {'affiliation': ""Department of Radiology, The Affiliated Wuxi People's Hospital of Nanjing Medical University, Wuxi People's Hospital, Wuxi Medical Center, Nanjing Medical University, Wuxi, China."", 'firstname': 'Xiangming', 'initials': 'X', 'lastname': 'Fang'}]",,Copyright © 2025 AME Publishing Company. All rights reserved.,"10.21037/qims-2024-2626
10.1016/j.eurpsy.2018.07.008
10.1002/alz.12358
10.1016/S1474-4422(15)00019-8
10.1002/mds.26208
10.1002/mds.22843
10.1136/jnnp.73.6.636
10.3389/fneur.2021.720921
10.1176/jnp.4.2.134
10.1017/S1355617713000131
10.1212/01.wnl.0000230572.07791.22
10.1080/14737175.2020.1752669
10.1212/WNL.0000000000008683
10.1016/j.neuropsychologia.2017.07.003
10.1016/j.bbadis.2008.07.006
10.1111/j.1471-4159.1992.tb10990.x
10.1046/j.1471-4159.1994.63030793.x
10.1002/ana.410320616
10.1523/JNEUROSCI.20-16-06048.2000
10.3389/fnagi.2022.1062964
10.1177/0891988716632918
10.1136/bmjopen-2020-037632
10.1002/mds.29013
10.1136/jnnp-2018-318265
10.1016/j.neuroimage.2012.05.049
10.1016/j.neuroimage.2014.11.010
10.1093/brain/awab084
10.1002/mds.29062
10.1136/jnnp-2019-322042
10.21037/qims-23-267
10.1007/s10072-021-05223-0
10.3389/fnagi.2023.1116516
10.1002/mds.26424
10.1212/WNL.0b013e3181c34b47
10.1136/jnnp.23.1.56
10.1111/j.2044-8341.1959.tb00467.x
10.1212/wnl.17.5.427
10.1212/wnl.55.11.1621
10.1002/mds.21875
10.1002/mds.22571
10.1002/mrm.24272
10.1016/j.neuroimage.2011.09.015
10.1002/nbm.1670
10.1002/mrm.26946
10.1002/mds.29702
10.1196/annals.1306.017
10.1016/S1474-4422(14)70117-6
10.1016/j.neuroimage.2016.05.024
10.1016/j.jtemb.2013.08.001
10.3389/fnagi.2023.1187684
10.1038/sdata.2018.63
10.1212/01.wnl.0000314686.94007.d0
10.1212/CON.0000000000001009
10.1093/brain/awh628
10.3174/ajnr.A5339
10.1016/j.tics.2004.07.009
10.1523/JNEUROSCI.3741-05.2006
10.1523/JNEUROSCI.1300-09.2009
10.1162/jocn_a_00595
10.1007/s00429-015-1137-1
10.1093/cercor/bhk031
10.1146/annurev-psych-113011-143750
10.1002/hbm.23556
10.1006/nimg.1999.0451
10.1016/j.parkreldis.2018.04.023
10.1038/nn1075
10.1098/rstb.2002.1161
10.1016/j.cortex.2022.05.012
10.1038/s41467-022-28892-7
10.1007/s11682-018-9959-0
10.3389/fnins.2020.00830
10.1016/j.jad.2020.05.145
10.3389/fnins.2022.975189
10.1002/mds.28971
10.1007/s00429-019-01945-2
10.1007/s00429-023-02644-9
10.1080/17470919.2011.556821
10.1093/braincomms/fcab022
10.1097/WAD.0b013e318231e5fc
10.1523/JNEUROSCI.0736-14.2014
10.1162/0898929042947874
10.1016/j.visres.2008.04.015
10.1002/mrm.25420",Quantitative imaging in medicine and surgery,,"Relative to the HCs, patients with PD demonstrated increased susceptibility values (consistent with higher brain tissue iron deposits) in substantia nigra pars compacta (SNc) and ventral tegmental area (VTA) of the midbrain [P",<Element 'PubmedArticle' at 0x714e801fcea0>
"40890404
18371657
22675657
15308229
18969452
34063494
38236144
38201964
18196182
32442907
34820666
33578266
32499944
29894830
39119281
38582008
34208587
34116276
38564910
38902301
28788421
36832010
38737070
33093483
36707605","An efficient voltammetric platform integrating ZnS nanowires, reduced graphene oxide sheets, and ferrocene monocarboxylic acid for the sensitive detection of homocysteine.",2025-09-02,"Carbon paste electrode, Chronoamprometry, Cyclic voltammetry, Differential pulse voltammetry, Ferrocene monocarboxylic acid, Homocysteine, Hyperhomocysteinemia, Reduced graphene oxide sheets, ZnS nanowire","The determination of homocysteine (HCys) has garnered significant interest within the biomedical community in recent years, as it serves as a key biomarker for a variety of diseases. Disruptions in HCys metabolism can lead to elevated blood levels of HCys, which are associated with cardiovascular diseases, Parkinson's disease, and etc. Therefore, the sensitive analysis of HCys levels in biological samples is crucial. An electrochemical method has been successfully developed for the sensitive detection of HCys using carbon paste electrodes (CPE) modified with ZnS nanowires/reduced graphene oxide sheets (ZnS NWs/rGO) nanocomposite and ferrocene monocarboxylic acid (FMC). Cyclic voltammetry (CV) results demonstrate that ZnS NWs/rGO exhibit excellent electrocatalytic activity for the oxidation of HCys at a low potential of 380 mV versus Ag/AgCl. These analytical properties, combined with the low operational potential, facilitate a reliable and sensitive determination of HCys, showing a good dynamic linearity in the range (LDR) of (0.01-10.0 µM and 10.0-90.0 µM) and a detection limit (LOD) of 0.003 µM.","[{'affiliation': 'Department of Biochemistry, School of Medicine, Baqiyatallah University of Medical Sciences, Tehran, Iran.', 'firstname': 'Reza', 'initials': 'R', 'lastname': 'Zaimbashi'}, {'affiliation': 'Department of Biochemistry, School of Medicine, Baqiyatallah University of Medical Sciences, Tehran, Iran. Navabehsalari@gmail.com.', 'firstname': 'Navvabeh', 'initials': 'N', 'lastname': 'Salarizadeh'}, {'affiliation': 'Department of Semiconductor, Institute of Science and High Technology and Environmental Sciences, Graduate University of Advanced Technology, Kerman, Iran.', 'firstname': 'Mohammad Bagher', 'initials': 'MB', 'lastname': 'Askari'}]",,© 2025. The Author(s).,10.1038/s41598-025-17765-w,Scientific reports,,,<Element 'PubmedArticle' at 0x714e8026a6b0>
40889644,Chlorinated solvents associated with neurodegenerative disease induce neurotoxicity and impair autophagic flux.,2025-09-02,"Autophagy, Neurodegenerative disease, Neuron, Neurotoxin, Parkinson disease, Solvents, Zebrafish","Contributions of genetic heredity to neurodegenerative diseases have opened avenues of investigations into the interplay between environmental exposures and neurodegeneration. Epidemiological studies have identified some chlorinated solvents as potential modifiers of neurodegenerative disease risk, but not much is known about the molecular mechanisms underlying their neurotoxic potencies. To this end, we investigated how exposure to chlorinated solvents might induce neurotoxicity in wild-type and transgenic zebrafish. Chlorinated solvents were screened for neurotoxicity through a series of assays measuring changes in locomotion, neuron numbers, and autophagic flux. Decreased locomotion was observed in zebrafish larvae exposed to all chlorinated solvents and all but 1,2-dichloroethane (EDC) and 1,2-dichloropropane (PDC) led to monoaminergic neuron loss. Solvents that induced neuron loss, including carbon tetrachloride (Carbon Tet), dichloromethane (DCM), tetrachloroethylene (PCE), and trichloroethylene (TCE), also caused impairments in autophagic flux, as evidenced by decreased rates of autophagosome formation and increased p62 punctae. In summary, chlorinated methanes and ethenes induced neurotoxicity as evident by behavioral changes, neuronal loss, and reduced autophagic flux in the central nervous system, whereas chlorinated ethanes and propanes did not. This study lends further credence to the epidemiological associations connecting solvent exposure to neurodegenerative disease and highlights the importance of understanding mechanistic links that may cumulatively contribute to disease risk.","[{'affiliation': 'Department of Neurology, David Geffen School of Medicine, 710 Westwood Plaza, Los Angeles, CA 90095, USA.', 'firstname': 'Aaron M', 'initials': 'AM', 'lastname': 'Kim'}, {'affiliation': 'Department of Neurology, David Geffen School of Medicine, 710 Westwood Plaza, Los Angeles, CA 90095, USA.', 'firstname': 'Lisa M', 'initials': 'LM', 'lastname': 'Barnhill'}, {'affiliation': 'Environmental and Molecular Toxicology, Fielding School of Public Health, 650 Charles E. Young Drive South, Los Angeles, CA 90095, USA.', 'firstname': 'Marisol', 'initials': 'M', 'lastname': 'Arellano'}, {'affiliation': 'Department of Neurology, David Geffen School of Medicine, 710 Westwood Plaza, Los Angeles, CA 90095, USA.', 'firstname': 'Kazi Md Mahmudul', 'initials': 'KMM', 'lastname': 'Hasan'}, {'affiliation': 'Department of Neurology, David Geffen School of Medicine, 710 Westwood Plaza, Los Angeles, CA 90095, USA.', 'firstname': 'Sharon', 'initials': 'S', 'lastname': 'Li'}, {'affiliation': 'Department of Neurology, David Geffen School of Medicine, 710 Westwood Plaza, Los Angeles, CA 90095, USA; Environmental and Molecular Toxicology, Fielding School of Public Health, 650 Charles E. Young Drive South, Los Angeles, CA 90095, USA. Electronic address: jbronste@mednet.ucla.edu.', 'firstname': 'Jeff M', 'initials': 'JM', 'lastname': 'Bronstein'}]",,Copyright © 2025 Elsevier B.V. All rights reserved.,10.1016/j.neuro.2025.103311,Neurotoxicology,,,<Element 'PubmedArticle' at 0x714e8010c590>
"40871504
21532567
38945129
26304655
22251459
35959672
17449457
9120425
17291991
24885281
7796873
11403877
31493240
36722247
28118852
20422068
35573745
33791972
38926483
27924589
31463852
31463854
31463853
31463851
36429161
23436493
38587201
16828051
9495562
16607396
10931172
12217624
22340513
30245009
30355510
35467843
33941515
33446840
29694413
19059197
20362572
36701435
32183964
9973070
15649048
15732908",Mode of Action of Toxin 6-Hydroxydopamine in SH-SY5Y Using NMR Metabolomics.,2025-08-30,"6-OHDA, ETC, NMR metabolomics, ROS, SH-SY5Y","This study used NMR-based metabolomics to investigate the mode of action (MoA) of 6-hydroxydopamine (6-OHDA) toxicity in the SH-SY5Y neuroblastoma cell model. 6-OHDA, a structural analogue of dopamine, has been used to create a Parkinson's disease model since 1968. Its selective uptake via catecholaminergic transporters leads to intracellular oxidative stress and mitochondrial dysfunction. SH-SY5Y cells were treated with 6-OHDA at its IC","[{'affiliation': 'Institute for Biomedicine and Glycomics, Griffith University, Nathan, QLD 4111, Australia.\nSchool of Environment and Science, Griffith University, Nathan, QLD 4111, Australia.', 'firstname': 'Roktima', 'initials': 'R', 'lastname': 'Tamuli'}, {'affiliation': 'Institute for Biomedicine and Glycomics, Griffith University, Nathan, QLD 4111, Australia.\nSchool of Environment and Science, Griffith University, Nathan, QLD 4111, Australia.', 'firstname': 'George D', 'initials': 'GD', 'lastname': 'Mellick'}, {'affiliation': 'Institute for Biomedicine and Glycomics, Griffith University, Nathan, QLD 4111, Australia.\nSchool of Environment and Science, Griffith University, Nathan, QLD 4111, Australia.\nCentre for Advanced Imaging, The University of Queensland, Brisbane, QLD 4072, Australia.', 'firstname': 'Horst Joachim', 'initials': 'HJ', 'lastname': 'Schirra'}, {'affiliation': 'Institute for Biomedicine and Glycomics, Griffith University, Nathan, QLD 4111, Australia.\nSchool of Environment and Science, Griffith University, Nathan, QLD 4111, Australia.', 'firstname': 'Yunjiang', 'initials': 'Y', 'lastname': 'Feng'}]",,,"10.3390/molecules30163352
10.1038/nrd3430
10.1016/S2666-7568(24)00094-1
10.1016/j.nrl.2015.06.011
10.1111/j.1742-4658.2012.08491.x
10.1021/acs.jproteome.2c00149
10.1007/BF03033565
10.1016/j.freeradbiomed.2006.12.004
10.1186/1750-1326-9-17
10.1016/0926-6917(95)90040-3
10.1016/S0301-0082(01)00003-X
10.1007/s12035-019-01733-3
10.31083/j.jin2201020
10.1186/s13024-017-0149-0
10.1039/b909989c
10.3389/fmolb.2022.882487
10.1038/s41598-024-64490-x
10.3390/foods11223569
10.1002/elps.201200605
10.1016/j.fbio.2024.104362
10.1093/nar/gkae253
10.1016/j.bbabio.2006.05.007
10.1016/S0165-0173(97)00045-3
10.1038/sj.embor.7400645
10.1046/j.1432-1327.2000.01595.x
10.1016/S1353-8020(02)00018-4
10.1179/1351000212Y.0000000001
10.1016/j.cell.2018.08.040
10.1016/j.ejphar.2018.10.025
10.1021/acs.biochem.2c00064
10.1101/cshperspect.a040535
10.1038/s41598-020-80917-7
10.1371/journal.pone.0196283
10.1016/j.bbabio.2008.11.003
10.1016/j.expneurol.2010.03.028
10.1126/science.ade3332
10.1016/S0895-4356(98)00138-3
10.1021/ac048803i
10.3389/fevo.2021.623561
10.1021/ac048630x","Molecules (Basel, Switzerland)",,,<Element 'PubmedArticle' at 0x714e80156c50>
40832285,The olfactory bulb reflects structural plasticity within a genetically stable olfactory network.,2025-08-20,,"The olfactory bulb (OB), the first central relay of the olfactory pathway, plays a critical role in odor perception and exhibits remarkable structural plasticity shaped by environmental influences. This raises a fundamental question about the extent to which the structure of the OB is genetically determined. While both OB volume and function have been implicated in a range of neurodegenerative and neuropsychiatric disorders, such as Parkinson's disease, schizophrenia, and depression, all of which involve known genetic risk factors, the heritability of the OB structure remains poorly understood. Here, we investigated the heritability of OB volume and the broader olfactory network architecture in a large sample of healthy young adults (n = 941; aged 22-35 years), including monozygotic and dizygotic twin pairs. Using a deep learning-based segmentation model, we first automatically segmented OB volumes and then employed a support vector machine framework to classify zygosity based on within-pair morphological similarity. The OB volume alone showed weak classification performance in distinguishing between monozygotic and dizygotic twins, suggesting limited heritability. However, integrating OB volume with morphometric features from olfactory-associated brain regions, including the hippocampus, parahippocampal gyrus, entorhinal cortex, and medial orbitofrontal cortices, substantially improved classification performance. This effect was specific to the olfactory network, underscoring the distributed nature of genetic influence in this system. These findings suggest that the OB, despite being a highly plastic and environmentally responsive structure, is embedded within a genetically coordinated neural network.","[{'affiliation': None, 'firstname': 'Tora', 'initials': 'T', 'lastname': 'Olsson'}, {'affiliation': None, 'firstname': 'Akshita', 'initials': 'A', 'lastname': 'Joshi'}, {'affiliation': None, 'firstname': 'Martin', 'initials': 'M', 'lastname': 'Schaefer'}, {'affiliation': None, 'firstname': 'Artin', 'initials': 'A', 'lastname': 'Arshamian'}, {'affiliation': None, 'firstname': 'Thomas', 'initials': 'T', 'lastname': 'Hummel'}, {'affiliation': None, 'firstname': 'Johan', 'initials': 'J', 'lastname': 'Lundström'}, {'affiliation': None, 'firstname': 'Fahimeh', 'initials': 'F', 'lastname': 'Darki'}]",,,10.1101/2025.08.08.668515,bioRxiv : the preprint server for biology,,,<Element 'PubmedArticle' at 0x714e8007d4e0>
"40821767
39720713
29860380
40568349
40505621
38951147
39462700
40313087
36738403
18215617
37926818
36443303
34492237
40208947
36288297
37296418
40081779
40231579
40381069
30231628
33567261
29420261
37939162
36543978
37150125
40435213
37003488
28127491
32929273
38037457
39197710
35569417
30250187
24509861
33408417
26030851
32831634
28890156
29193450
32385412
33242652
26224864
29417631
32265899
33874954
31920905
32401136
39793693
39362774
39929976
40369072
36170821
34562676
40037430
31645720
21282636
31123355
22632727
22715882
28264694
37443769
21903760
36746362
38545932
38010168
39947558
38851991
30861449
34140846
20023061
38063474
27458718
16534848
37343794
19749029
38532467
39833898
39779031
35299023
39241418
37095530
37934670
38867908
38448452
38030382
37150399
32439449
34563620
39547522
39956891
38734193
17951475
18363656
33629808
38233843
39471749
36466862
36755580
39879759
35599315
37491158
35761615
40450236
19531979
19699180
38779521
33995087
29946039
25843371
21419501
29351816
33077838
28668895
31309928
31519175
19013651
40490661
36555219
26385967
40393170
36758839
40260682
40367835
39444698
32172998
28893994
28706993
32122685
29902437
29343438
33804845
32120083
36754954
39004382
39971928
25690886
31606043
29769726
27158906
33447046
27671624
33408169
28822770
34625492
29673550
25284487
36739284
39723647
32576641
40457749
39255397
39449004
27912057
39009690
40185103",The role of the microbiome on immune homeostasis of the host nervous system.,2025-08-18,"aromatic compounds, gut microbiota, microbiota-gut-brain axis, microglia, neuroinflammation","The gut microbiota is often termed the ""second genome"" of the human body. It has been shown to be one of the most significant environmental factors (non-genetic) influencing the onset, progression, and prognosis of various neurological and psychiatric disorders through its interactions with the host immune, nervous, and endocrine systems. Changes in the function and composition of the gut microbiota are strongly associated with amyotrophic lateral sclerosis, autism spectrum disorder, depression, Parkinson's disease, and Alzheimer's disease. This review summarizes the research regarding the associations and regulatory mechanisms between the gut microbiota and the central nervous system in order to explore the role of the gut microbiota in maintaining neural homeostasis.","[{'affiliation': ""Shenzhen Futian Third People's Hospital, Shenzhen,\xa0China."", 'firstname': 'Shaojuan', 'initials': 'S', 'lastname': 'Zhao'}, {'affiliation': 'Medical School, Shenzhen University, Shenzhen,\xa0China.', 'firstname': 'Danlei', 'initials': 'D', 'lastname': 'Fu'}, {'affiliation': ""Shenzhen Futian Third People's Hospital, Shenzhen,\xa0China."", 'firstname': 'Yin', 'initials': 'Y', 'lastname': 'Lin'}, {'affiliation': ""Shenzhen Futian Third People's Hospital, Shenzhen,\xa0China."", 'firstname': 'Xiaoya', 'initials': 'X', 'lastname': 'Sun'}, {'affiliation': 'Shenzhen Longhua District Central Hospital, Shenzhen,\xa0China.', 'firstname': 'Xiaokang', 'initials': 'X', 'lastname': 'Wang'}, {'affiliation': ""Shenzhen Futian Third People's Hospital, Shenzhen,\xa0China."", 'firstname': 'Xuanzhen', 'initials': 'X', 'lastname': 'Wu'}, {'affiliation': ""Shenzhen Futian Third People's Hospital, Shenzhen,\xa0China."", 'firstname': 'Xuejiao', 'initials': 'X', 'lastname': 'Zhang'}]",,"Copyright © 2025 Zhao, Fu, Lin, Sun, Wang, Wu and Zhang.","10.3389/fimmu.2025.1609960
10.3389/fimmu.2024.1511229
10.1093/brain/awy131
10.1155/mi/6733477
10.1016/j.chom.2025.05.014
10.1038/s42003-024-06498-7
10.1016/j.neurot.2024.e00470
10.4103/NRR.NRR-D-24-01265
10.1007/s10571-023-01326-8
10.1016/j.neuron.2008.01.003
10.1186/s12974-023-02921-8
10.1038/s41398-022-02197-1
10.1016/j.pharmthera.2021.107989
10.1073/pnas.2410698122
10.1126/sciadv.abn1298
10.1186/s12987-023-00433-4
10.1016/j.bbi.2025.03.003
10.1002/adma.202419903
10.1007/s11011-025-01631-9
10.1177/0004867418796955
10.1016/j.immuni.2021.01.013
10.1126/science.aal3589
10.1126/scitranslmed.adi7828
10.1007/s11011-022-01146-7
10.1016/j.clnu.2023.04.001
10.1126/scitranslmed.adr5300
10.1016/j.addr.2023.114816
10.1155/2017/8385961
10.1038/s41590-020-0776-4
10.1002/advs.202304648
10.1016/j.arr.2024.102466
10.1016/j.coi.2022.102188
10.1038/s41590-018-0206-z
10.1074/jbc.M113.512350
10.1038/s41586-020-03116-4
10.1038/nn.4030
10.1155/2020/2058272
10.1016/j.bbi.2017.08.027
10.1111/nmo.13260
10.1038/s41598-020-64173-3
10.1016/j.bbi.2020.11.032
10.1523/JNEUROSCI.0575-15.2015
10.1111/apt.14515
10.3389/fimmu.2020.00308
10.1186/s12974-021-02136-9
10.3389/fneur.2019.01245
10.1080/19490976.2020.1758008
10.1016/j.expneurol.2025.115142
10.1101/gad.352287.124
10.1038/s41564-025-01930-y
10.1038/s41586-025-08990-4
10.1016/j.celrep.2022.111416
10.1016/j.bioorg.2021.105360
10.1016/j.jare.2025.03.002
10.1038/s41586-019-1644-y
10.1073/pnas.1010529108
10.1038/s41575-019-0157-3
10.1016/j.neuron.2012.03.026
10.1146/annurev-neuro-061010-113810
10.1186/s12974-017-0814-9
10.3390/cells12131735
10.1152/ajpgi.00239.2011
10.1016/j.phrs.2023.106687
10.1039/d3fo04645a
10.1080/19490976.2023.2282796
10.1016/j.ijbiomac.2025.140944
10.1016/j.ijbiomac.2024.132906
10.1016/j.biortech.2019.03.015
10.1002/elsc.202100012
10.1099/ijs.0.017533-0
10.1080/19490976.2023.2291170
10.1016/j.ijfoodmicro.2016.07.004
10.3748/wjg.v12.i7.1071
10.1016/j.biortech.2023.129368
10.1099/ijs.0.015958-0
10.1186/s12934-024-02366-5
10.1186/s40168-024-02001-w
10.1016/j.carbpol.2024.123126
10.1016/j.foodchem.2022.132665
10.1016/j.foodchem.2024.141086
10.1186/s40168-023-01506-0
10.1039/d3fo03898j
10.1002/imt2.58
10.1038/s41522-024-00493-w
10.5009/gnl230385
10.1016/j.neuropharm.2023.109566
10.1016/j.ijbiomac.2020.05.121
10.1016/j.bbi.2021.09.014
10.1016/j.freeradbiomed.2024.11.021
10.1080/19490976.2025.2467235
10.1016/j.phrs.2024.107207
10.1093/jn/137.11.2391
10.1111/j.1472-765X.2008.02346.x
10.1111/1751-7915.13779
10.1186/s12934-024-02301-8
10.1016/j.ebiom.2024.105427
10.3389/fimmu.2022.1076245
10.3389/fendo.2022.1095438
10.1016/j.foodchem.2025.143096
10.1186/s13073-022-01053-7
10.1136/gutjnl-2023-330291
10.1016/j.foodres.2022.111352
10.1186/s12877-025-05934-5
10.1203/PDR.0b013e3181b0d336
10.1016/j.bbrc.2009.08.082
10.14218/JCTH.2024.00024
10.3389/fphar.2021.663325
10.1523/JNEUROSCI.0324-18.2018
10.1016/j.bbi.2015.03.013
10.1016/j.tins.2011.02.005
10.1186/s13293-018-0166-x
10.1038/s41598-020-74632-6
10.21873/anticanres.11774
10.7554/eLife.47117
10.1186/s12974-019-1564-7
10.1016/j.jneuroim.2008.09.017
10.1007/s12035-025-05107-w
10.3390/ijms232415577
10.1073/pnas.1511003112
10.1016/j.micres.2025.128211
10.1016/j.jnutbio.2023.109282
10.1111/cns.70381
10.1016/j.jns.2025.123522
10.1016/j.lanepe.2024.101009
10.1016/j.msard.2019.101427
10.1073/pnas.1711233114
10.1126/sciadv.1700492
10.1016/j.humimm.2020.02.009
10.1016/j.chom.2018.05.003
10.1016/j.immuni.2017.12.012
10.3390/cells10040718
10.1016/j.jneuroim.2020.577195
10.1038/s41419-023-05616-3
10.1016/j.bbadis.2024.167351
10.1038/s41467-025-57014-2
10.1002/glia.22805
10.1186/s12974-019-1572-7
10.1038/s41586-018-0119-x
10.1038/nm.4106
10.1177/1178646920978404
10.1073/pnas.1607843113
10.1212/NXI.0000000000000946
10.1016/j.yexmp.2017.08.003
10.1073/pnas.2106634118
10.1016/j.bj.2018.01.002
10.1007/s00401-014-1345-4
10.1038/s41531-023-00449-5
10.1111/imcb.12843
10.1136/gutjnl-2020-320789
10.1002/alz.70292
10.14218/jerp.2023.00006
10.1093/infdis/jiae165
10.1186/s13024-024-00766-0
10.1016/j.cell.2016.11.018
10.1038/s41564-024-01761-3
10.1016/j.xcrm.2025.102055",Frontiers in immunology,,,<Element 'PubmedArticle' at 0x714e8007f560>
"40792119
19209006
30584159
16713924
34154556
21885099
33681515
31746527
28814271
27933194
20533449
15177067
29027544
35753792
32829572
9431328
16224307
18223017
26806538
26141135
33758213
38031179
27666154
29322548",Functional outcomes in older patients after Parkinson's disease diagnosis in Japan: The LIFE study.,2025-08-12,,"The association between care needs level (CNL) and functional outcomes after diagnosis in older patients with Parkinson's disease (PD) is unclear.
Using health insurance claims and the Japanese Long-Term Care (LTC) data from 12 municipalities in Japan, PD patients aged ≥ 65 years old were identified between April 2014 and March 2022. CNL was classified as no care needed (NCN), support level (SL), CNL1 (low level), CNL2-3, and CNL4-5 (fully dependent) based on the total estimated daily care hours as defined by the national standard criteria. The primary outcomes were changes in CNL and all-cause death one year after PD diagnosis by baseline CNL at diagnosis.
Of the 11,270 PD patients, 39.8% had NCN, 27.6% SL&CNL1, 18.8% CNL2-3, and13.9% CNL4-5 at PD diagnosis. One-year after diagnosis, there were NCN 28.2%, SL&CNL1 24.9%, CNL2-3 19.2%, CNL4-5 17.6% (i.e., 61.7% required care need), and all-cause death 10.1%. Compared with NCN patients at diagnosis, patients with SL&CNL1, CNL2-3, and CNL4-5 had an increased risk of all-cause death one-year after diagnosis (adjusted hazard ratio [95% confidence interval]: 1.58 [1.29-1.93], 2.83 [2.32-3.46], and 5.80 [4.76-7.06]), assessed by using Cox proportional hazard models.
Baseline CNL in older Japanese patients was associated with all-cause death even one-year after PD diagnosis, and high CNL was associated with a high risk of all-cause death.","[{'affiliation': 'Department of Social Medicine, Environmental Medicine and Population Science, Osaka University Graduate School of Medicine, Suita, Osaka 565-0871, Japan.', 'firstname': 'Masayo', 'initials': 'M', 'lastname': 'Komatsu'}, {'affiliation': 'Department of Social Medicine, Environmental Medicine and Population Science, Osaka University Graduate School of Medicine, Suita, Osaka 565-0871, Japan.', 'firstname': 'Sanyu', 'initials': 'S', 'lastname': 'Ge'}, {'affiliation': 'Department of Neurology, Osaka University Graduate School of Medicine, 2-2, Yamadaoka, Suita, Osaka 565-0871, Japan.', 'firstname': 'Yasuyoshi', 'initials': 'Y', 'lastname': 'Kimura'}, {'affiliation': 'Department of Social Medicine, Environmental Medicine and Population Science, Osaka University Graduate School of Medicine, Suita, Osaka 565-0871, Japan.', 'firstname': 'Ling', 'initials': 'L', 'lastname': 'Zha'}, {'affiliation': 'Department of Social Medicine, Environmental Medicine and Population Science, Osaka University Graduate School of Medicine, Suita, Osaka 565-0871, Japan.', 'firstname': 'Nobuhiro', 'initials': 'N', 'lastname': 'Narii'}, {'affiliation': 'Department of Social Medicine, Environmental Medicine and Population Science, Osaka University Graduate School of Medicine, Suita, Osaka 565-0871, Japan.', 'firstname': 'Yuki', 'initials': 'Y', 'lastname': 'Okita'}, {'affiliation': 'Department of Social Medicine, Environmental Medicine and Population Science, Osaka University Graduate School of Medicine, Suita, Osaka 565-0871, Japan.', 'firstname': 'Yoshimitsu', 'initials': 'Y', 'lastname': 'Shimomura'}, {'affiliation': 'Department of Neurology, Osaka University Graduate School of Medicine, 2-2, Yamadaoka, Suita, Osaka 565-0871, Japan.', 'firstname': 'Yasufumi', 'initials': 'Y', 'lastname': 'Gon'}, {'affiliation': 'Department of Health Care Administration and Management, Kyushu University Graduate School of Medical Sciences, 3-1-1 Maidashi, Higashi-ku, Fukuoka-shi, Fukuoka 812-0054, Japan.', 'firstname': 'Fumiko', 'initials': 'F', 'lastname': 'Murata'}, {'affiliation': 'Department of Health Care Administration and Management, Kyushu University Graduate School of Medical Sciences, 3-1-1 Maidashi, Higashi-ku, Fukuoka-shi, Fukuoka 812-0054, Japan.', 'firstname': 'Megumi', 'initials': 'M', 'lastname': 'Maeda'}, {'affiliation': 'Biomedical Statistics, Department of Integrated Medicine, Graduate School of Medicine, 2-2, Yamadaoka, Suita, Osaka 565-0871, Japan.', 'firstname': 'Sho', 'initials': 'S', 'lastname': 'Komukai'}, {'affiliation': ""Department of Food Science, Faculty of Home Economics, Otsuma Women's University, 2-7-1 Karakida, Tama, Tokyo 206-8540, Japan."", 'firstname': 'Kosuke', 'initials': 'K', 'lastname': 'Kiyohara'}, {'affiliation': 'Department of Social Medicine, Environmental Medicine and Population Science, Osaka University Graduate School of Medicine, Suita, Osaka 565-0871, Japan.', 'firstname': 'Tetsuhisa', 'initials': 'T', 'lastname': 'Kitamura'}, {'affiliation': 'Department of Neurology, Osaka University Graduate School of Medicine, 2-2, Yamadaoka, Suita, Osaka 565-0871, Japan.\nNational Hospital Organization Osaka Toneyama Medical Center, 5-1-1 Toneyama, Toyonaka, Osaka 560-8552, Japan.', 'firstname': 'Hideki', 'initials': 'H', 'lastname': 'Mochizuki'}, {'affiliation': 'Department of Health Care Administration and Management, Kyushu University Graduate School of Medical Sciences, 3-1-1 Maidashi, Higashi-ku, Fukuoka-shi, Fukuoka 812-0054, Japan.', 'firstname': 'Haruhisa', 'initials': 'H', 'lastname': 'Fukuda'}]",,© 2025 The Authors.,10.1016/j.prdoa.2025.100375,Clinical parkinsonism & related disorders,,"Of the 11,270 PD patients, 39.8% had NCN, 27.6% SL&CNL1, 18.8% CNL2-3, and13.9% CNL4-5 at PD diagnosis. One-year after diagnosis, there were NCN 28.2%, SL&CNL1 24.9%, CNL2-3 19.2%, CNL4-5 17.6% (i.e., 61.7% required care need), and all-cause death 10.1%. Compared with NCN patients at diagnosis, patients with SL&CNL1, CNL2-3, and CNL4-5 had an increased risk of all-cause death one-year after diagnosis (adjusted hazard ratio [95% confidence interval]: 1.58 [1.29-1.93], 2.83 [2.32-3.46], and 5.80 [4.76-7.06]), assessed by using Cox proportional hazard models.",<Element 'PubmedArticle' at 0x714e800bae30>
"40790298
32887946
37147392
33692356
35326429
36564391
37512944
26491870
34012926
37197200
31875491
39718561
33649581
28476862
18370168
22236697
12874319
23441211
17038190
31484996
34429473
25303524
30036396
19756391
36389163
27708338
29165426
22068627
22483307
39338507
36611884
19709217
35440042
34125646
36995383
27317746
25937908
28241407
16354781
38514005
19323996
23426012
31326564
17267603
18555738
12461550
39041461
19112021
23428113
27496166
19627265
26363351
23721876
22396862
36257956
19575768
11867647
28198373
38744580
22998555
18050451
17167099
11846609
38326350
34443430
36921677
26567108",Strain-specific effects of Desulfovibrio on neurodegeneration and oxidative stress in a Caenorhabditis elegans PD model.,2025-08-12,,"The gut microbiota is increasingly recognized as a key contributor to intestinal and brain pathologies, including Parkinson's disease (PD). Sulfate-reducing Desulfovibrio (DSV) species have emerged as microbial drivers through hydrogen sulfide and other neurotoxic factors. Using the Caenorhabditis elegans PD model NL5901 expressing human α-synuclein, we examined the effects of six DSV strains from human, animal, and environmental sources on food preference, α-syn aggregation, ROS production, gene expression, and lifespan. C. elegans strongly preferred environmental strains, particularly D. vulgaris DSM 644 (94.7% vs. 5.3% over D. piger DSM 749). In contrast, the animal isolate D. desulfuricans DSM 6949 and PD isolate D. spp. MUU 26 induced the highest α-syn aggregation (49.05 and 40.15 aggregates), ROS (3.42-fold, 3.01-fold), and sod-3, daf-16, and hsp-16.1 repression. DSM 644-fed worms exhibited a protective transcriptional profile and the greatest lifespan extension (median 36 days). These results highlight strain-specific effects of DSV on neurodegeneration, oxidative stress, and aging, reinforcing the need for mechanistic validation in mammalian PD models.","[{'affiliation': 'Department of Microbiology, Faculty of Agriculture and Forestry, University of Helsinki, Helsinki, Finland. khosrow.mohammadi@helsinki.fi.', 'firstname': 'Khosrow', 'initials': 'K', 'lastname': 'Mohammadi'}, {'affiliation': 'Department of Microbiology, Faculty of Agriculture and Forestry, University of Helsinki, Helsinki, Finland.', 'firstname': 'Dongming', 'initials': 'D', 'lastname': 'Zhang'}, {'affiliation': 'Department of Microbiology, Faculty of Agriculture and Forestry, University of Helsinki, Helsinki, Finland.', 'firstname': 'Per', 'initials': 'P', 'lastname': 'Erik Joakim Saris'}]",,© 2025. The Author(s).,10.1038/s41531-025-01102-z,NPJ Parkinson's disease,,,<Element 'PubmedArticle' at 0x714e7ff44900>
"40775120
28716886
33848468
28872215
33106318
27443595
14681445
16672925
11405335
35327534
28859089
39219718
28920936
25505502
16921475
26183181
22436749
30488036
39558165
35227770
33947148
29536203
36658169
26390854
27465022
21480661
31759720
34325308
25750603
33538833
36857914
32861007
13671378
13428781
33653825
34541200
18281723
36966702
31548506
33407901
32541957
39957787
33685519
23173093
26496690
35707205
33024014
34654818
40775120
30608141
35829770
23051804
20671148
16448051
19040729
25888443
22111785
26834843
33685519
24895432
31013937
24476540
35458780
27867422
30577788
33236910
31845604
22152789
34521839
29907290
31820027
23817071
31704520
15308663
2320051
12214662
15716098
36732543
21930912
34108489
40118903
34744014
29474999
25817365
24927756
26883206
25795009
25271123
19847307
35203497
36979413
36348101
27371494
32123170
25575172
23571809
21075060
33269100
23700429
31779690
33422142
22967182
20398713
28341160
29519576
19742193
20060022",Leveraging open cheminformatics tools for non-targeted metabolomics analysis of C. elegans: a workflow comparison and application to strains related to xenobiotic metabolism and neurodegeneration.,2025-08-08,"CYP enzyme mutant, Exposomics, FMO enzyme mutant, SV2C expression, Tau aggregation, Untargeted metabolomics","Caenorhabditis elegans (C. elegans) is a well-established nematode model for studying metabolism and neurodegenerative disorders, such as Alzheimer's (AD) and Parkinson's disease (PD). Non-targeted metabolomics via liquid chromatography coupled with tandem mass spectrometry (LC-MS/MS) has proven useful for uncovering metabolic changes in biological systems. Here, we present workflows for C. elegans metabolomics, leveraging advanced open science tools. We compared two metabolite extraction methods: a monophasic extraction, which provided broader metabolite coverage in analyses conducted in hydrophilic interaction with positive polarity (HILIC POS), and a biphasic extraction, which yielded more features in reverse-phase C18 chromatography with negative polarity (RPLC NEG) analyses. Data were processed using patRoon, integrating IPO, XCMS, CAMERA, and MetFrag, which incorporated PubChemLite compounds and C. elegans-specific metabolites from an expanded WormJam database enhanced with PubChem and literature sources. MS-DIAL was also employed for data processing, allowing for expanded annotations with predicted spectra for the expanded WormJam metabolites calculated using CFM-ID. Significant metabolite differences were identified when comparing the Bristol (N2) wild-type strain with two knockout strains of xenobiotic-metabolizing enzymes and two transgenic strains related to neurodegenerative pathways. Pooled quality control (QC) samples for each strain ensured robust data quality and the detection of strain-related metabolites. Our study demonstrates the potential of non-targeted metabolomics for metabolite discovery employing open science tools in model organisms.","[{'affiliation': 'Luxembourg Centre for Systems Biomedicine (LCSB), University of Luxembourg, 6, Avenue du Swing, L-4367, Belvaux, Luxembourg. frigerio.gianfranco@hsr.it.\nCenter for Omics Sciences (COSR), IRCCS San Raffaele Scientific Institute, Milan, Italy. frigerio.gianfranco@hsr.it.', 'firstname': 'Gianfranco', 'initials': 'G', 'lastname': 'Frigerio'}, {'affiliation': 'Department of Environmental Health Sciences, Mailman School of Public Health at Columbia University, New York, NY, USA.', 'firstname': 'Yunjia', 'initials': 'Y', 'lastname': 'Lai'}, {'affiliation': 'Luxembourg Centre for Systems Biomedicine (LCSB), University of Luxembourg, 6, Avenue du Swing, L-4367, Belvaux, Luxembourg. emma.schymanski@uni.lu.', 'firstname': 'Emma L', 'initials': 'EL', 'lastname': 'Schymanski'}, {'affiliation': 'Department of Environmental Health Sciences, Mailman School of Public Health at Columbia University, New York, NY, USA.', 'firstname': 'Gary W', 'initials': 'GW', 'lastname': 'Miller'}]",,© 2025. The Author(s).,10.1007/s00216-025-06048-y,Analytical and bioanalytical chemistry,,,<Element 'PubmedArticle' at 0x714e7fe0a750>
40764154,Parkinson's Disease Detection Using Hybrid Siamese Neural Network and Support Vector Machine in Multilingual Voice Signal.,2025-08-06,"Euclidian distance, Parkinson's disease, Siamese neural network, Speech signal, Support vector machine","Parkinson's disease (PD) is a neurodegenerative disorder that affects speech in earlier stage as a motor functions due to dopamine depletion in the substantia nigra. Voice signals serve as key markers for early PD detection. Most of the studies of the voice change in PD are focused in particular language. However, limited studies address the issue in multilingual scenarios. Detection of PD in multilingual environments poses several challenges due to language-specific acoustic variations and unavailability of large dataset. To overcome these challenges, this study proposes a hybrid Siamese Neural Network (SNN) with support vector machine (SVM) for effective detection across multiple languages. The proposed study captures the patterns of PD and healthy in varied acoustic conditions of different languages by contrastive learning. The sustained vowel phonation /a/, /e/, /i/, /o/, and /u/ in Italian and the vowel /a/ in US-English and Spanish are used in the study. Experimental results demonstrate that the hybrid SNN-SVM achieved the highest accuracy of 93% in the vowel /o/ in the Italian dataset. In cross-language scenarios when model trained in Spanish and tested in US-English an accuracy of 82.7% is achieved. The hybrid approach enhances PD detection accuracy despite language variations, providing a potential solution for real-time scenario.","[{'affiliation': 'Department of ECE, Birla Institute of Technology, Mesra, Ranchi, India. Electronic address: vevekvp2010@gmail.com.', 'firstname': 'Pandit Vivek Kumar', 'initials': 'PVK', 'lastname': 'Pandey'}, {'affiliation': 'Department of ECE, Birla Institute of Technology, Mesra, Ranchi, India. Electronic address: sssahu@bitmesra.ac.in.', 'firstname': 'Sitanshu Sekhar', 'initials': 'SS', 'lastname': 'Sahu'}]",,Copyright © 2025 The Voice Foundation. Published by Elsevier Inc. All rights reserved.,10.1016/j.jvoice.2025.06.036,Journal of voice : official journal of the Voice Foundation,,,<Element 'PubmedArticle' at 0x714e7fe28630>
40738365,Synthetic azo dye amaranth disrupts neuronal plasticity causing alpha-synuclein aggregation and cognitive disability in an in vivo zebrafish model.,2025-07-31,"Astrogliasis, Food dye, Locomotory dysfunction, Neurotoxicity, Synaptic disability","Amaranth (AMR) or Acid red 27 is a synthetic dye widely used in the textile, pharmaceutical, and food industries. Its high solubility contributes to its environmental persistence as a pollutant, and its widespread use in confectioneries, due to its vibrant color, raises concerns about overexposure, particularly in children. Despite its prevalence, health and ecological risks of AMR remain poorly studied. We investigated the developmental and neurobehavioral effects of AMR in-vivo zebrafish. Assessments of acute and chronic toxicity revealed a dose-dependent increase in mortality and developmental abnormalities. Oxidative stress was evident from ROS accumulation, glutathione depletion (1.14 ± 0.28 U/mg of protein; p = 0.0012), and increased lipid peroxidation (2.80 fold; p < 0.0001) at 100 mg/L. Neurobehavioral analysis revealed cognitive impairment and altered locomotor activity. Molecular analysis using key markers revealed potential disruptions in neuroplasticity. Immunohistochemical analysis revealed elevated GFAP expression (2.42 fold; p < 0.0001) and accumulation of α-synuclein (2.63 fold; p < 0.0001) at 100 mg/L, indicating astrocyte activation and gliosis, suggesting key pathological mechanisms implicated in major neurodegenerative diseases such as Parkinson's disease. These findings highlight AMR's neurotoxic potential at environmentally relevant concentrations, underscoring the urgent need to reassess its regulatory safety limits and environmental impact.","[{'affiliation': 'Toxicology and Pharmacology Laboratory, Department of Biotechnology, Faculty of Science and Humanities, SRM Institute of Science and Technology, Kattankulathur, 603203, Chengalpattu District, Tamil Nadu, India.', 'firstname': 'Sanjay', 'initials': 'S', 'lastname': 'Gopi'}, {'affiliation': 'Toxicology and Pharmacology Laboratory, Department of Biotechnology, Faculty of Science and Humanities, SRM Institute of Science and Technology, Kattankulathur, 603203, Chengalpattu District, Tamil Nadu, India.', 'firstname': 'S', 'initials': 'S', 'lastname': 'Prethiba'}, {'affiliation': 'Toxicology and Pharmacology Laboratory, Department of Biotechnology, Faculty of Science and Humanities, SRM Institute of Science and Technology, Kattankulathur, 603203, Chengalpattu District, Tamil Nadu, India.', 'firstname': 'S', 'initials': 'S', 'lastname': 'Madesh'}, {'affiliation': 'Department of Zoology, College of Science, King Saud University, P.O. Box 2455, Riyadh, 11451, Saudi Arabia; King Salman Center for Disability Research, Riyadh, 11614, Saudi Arabia.', 'firstname': 'Bader O', 'initials': 'BO', 'lastname': 'Almutairi'}, {'affiliation': 'Grassland and Forage Division, National Institute of Animal Science, RDA, 31000, Republic of Korea.', 'firstname': 'Ki Choon', 'initials': 'KC', 'lastname': 'Choi'}, {'affiliation': 'Toxicology and Pharmacology Laboratory, Department of Biotechnology, Faculty of Science and Humanities, SRM Institute of Science and Technology, Kattankulathur, 603203, Chengalpattu District, Tamil Nadu, India. Electronic address: jesuaroa@srmist.edu.in.', 'firstname': 'Jesu', 'initials': 'J', 'lastname': 'Arockiaraj'}]",,Copyright © 2025 Elsevier Ltd. All rights reserved.,10.1016/j.fct.2025.115669,Food and chemical toxicology : an international journal published for the British Industrial Biological Research Association,,,<Element 'PubmedArticle' at 0x714e7fe2bc90>
40734612,[Micturition disorders in people aged 65 and more].,2025-07-30,"artificial intelligence, bladder, elderly, micturition disorders, mobile applications, quality of life","Urinary continence requires the coordination of all components of the urinary system. This review aimed to clarify contemporary views on the nature of micturition disorders and to try to determine which amenities might be useful for older people with micturition disorders. PubMed and Google Scholar search engines were used to search for English-language full-text articles using the keywords: ""micturition disorders,"" ""bladder changes,"" ""neurological disorders,"" ""hypoactive detrusor,"" ""improvements,"" ""technology,"" ""quality of life improvement,"" ""elderly,"" ""accessibility,"" ""public toilets,"" ""interior design"". Forty-one articles were selected for the final analysis. With age the structure of the bladder walls changes. At the same time, there are physiological changes in the nervous system that make ideal control of continence and micturition difficult. In older men, benign prostate hypertrophy is a common urinary tract disorder, in women there is pelvic organ prolapse and mucosal atrophy due to hypoestrogenism, and in both sexes an increase in infections. Older people are more likely to have diseases of other systems that affect urinary function (stroke, Parkinson's disease, dementia, circulatory failure, diabetes). Urinary incontinence, is a major social problem that significantly affects the quality of life of seniors. E-visits, medical chatbots, medical apps, and examinations performed at the patient's home or in the general practitioner's outpatient clinic can facilitate access to medical services for these patients. There is a need to improve accessibility to specialists, rehabilitation, medication, hygiene products as well as easy access to toilets at home and in the urban environment. The development of electronic devices, mobile applications and use of artificial intelligence, can improve the quality of life of seniors also regarding urinary disorders. Med Pr Work Health Saf. 2025;76(3):199-207.
Trzymanie moczu wymaga koordynacji wszystkich elementów układu moczowego. Celem przeglądu było sprecyzowanie współczesnych poglądów na charakter zaburzeń mikcji i próba odpowiedzi na pytanie, jakie ułatwienia mogą być przydatne dla cierpiących na nie osób starszych. Korzystając z wyszukiwarek PubMed i Google Scholar, wyszukano anglojęzyczne artykuły pełnotekstowe za pomocą słów kluczowych: ","[{'affiliation': 'Politechnika Wrocławska, Wrocław, Polska (Wydział Medyczny, Katedra Nauk Klinicznych Zabiegowych).\nDolnośląski Szpital Specjalistyczny im. T. Marciniaka we Wrocławiu, Wrocław, Polska (Oddział Urologii i Onkologii Urologicznej).', 'firstname': 'Michal', 'initials': 'M', 'lastname': 'Wróbel'}, {'affiliation': 'Dolnośląski Szpital Specjalistyczny im. T. Marciniaka we Wrocławiu, Wrocław, Polska (Oddział Urologii i Onkologii Urologicznej).', 'firstname': 'Szymon', 'initials': 'S', 'lastname': 'Zapołoch'}, {'affiliation': 'Powiatowa Stacja Sanitarno-Epidemiologiczna w Świdnicy, Świdnica, Polska.', 'firstname': 'Ireneusz', 'initials': 'I', 'lastname': 'Skawina'}]",,"This work is available in Open Access model and licensed under a CC BY-NC 3.0 PL license.
This work is available in Open Access model and licensed under a CC BY-NC 3.0 PL license.",10.13075/mp.5893.01623,Medycyna pracy,,,<Element 'PubmedArticle' at 0x714e7fe79cb0>
40734539,LC-MS Determination of Trichloroethylene Glutathione Conjugation Metabolites in a Parkinson's Disease Mouse Model.,2025-07-30,"LC–MS/MS, N‐acetyl‐S‐(1,2‐dichlorovinyl)‐L‐cysteine (NAcDCVC), Parkinson's disease (PD), S‐(1,2‐dichlorovinyl)‐L‐cysteine (DCVC), S‐(1,2‐dichlorovinyl)‐glutathione (DCVG), trichloroethylene (TCE)","Investigating TCE glutathione (GSH) conjugation metabolites is essential, as these reactive intermediates play a central role in TCE bioactivation and are implicated in organ-specific toxicities, including nephrotoxicity, hepatotoxicity, and neurotoxicity. Characterizing and quantifying these metabolites enhances our understanding of TCE metabolism, supports biomarker discovery, and helps elucidate mechanisms of TCE-induced toxicity.
A robust liquid chromatography-tandem mass spectrometry (LC-MS/MS) method was established for the detection and quantification of three major GSH-related TCE metabolites: S-(1,2-dichlorovinyl)-glutathione (DCVG), S-(1,2-dichlorovinyl)-L-cysteine (DCVC), and N-acetyl-S-(1,2-dichlorovinyl)-L-cysteine (NAcDCVC). Serum samples were obtained from male C57BL/6 mice chronically exposed to TCE (100 ppm in drinking water for 15 weeks).
Calibration curves for all three metabolites demonstrated excellent linearity (R
This study presents the first comprehensive LC-MS/MS-based quantification of TCE GSH conjugation metabolites in serum, offering high sensitivity, precision, and reproducibility. The observed elevated serum levels of the toxic metabolites DCVG and DCVC, along with the markedly reduced NAcDCVC concentrations in PD mice, provide a critical foundation for future investigations into the mechanistic links between TCE exposure and PD pathogenesis.","[{'affiliation': 'Guangdong Key Laboratory of Environmental Catalysis and Health Risk Control, Guangdong-Hong Kong-Macao Joint Laboratory for Contaminants Exposure and Health, School of Environmental Science and Engineering, Guangdong University of Technology, Guangzhou, China.', 'firstname': 'Dan', 'initials': 'D', 'lastname': 'Li'}, {'affiliation': 'College of Science, Eastern Institute of Technology, Ningbo, China.', 'firstname': 'Ling', 'initials': 'L', 'lastname': 'Yan'}, {'affiliation': 'State Key Laboratory of Environmental and Biological Analysis, Department of Chemistry, Hong Kong Baptist University, Hong Kong, SAR, China.', 'firstname': 'Thomas Ka-Yam', 'initials': 'TK', 'lastname': 'Lam'}, {'affiliation': 'Guangdong Key Laboratory of Environmental Catalysis and Health Risk Control, Guangdong-Hong Kong-Macao Joint Laboratory for Contaminants Exposure and Health, School of Environmental Science and Engineering, Guangdong University of Technology, Guangzhou, China.\nCollege of Science, Eastern Institute of Technology, Ningbo, China.', 'firstname': 'Zongwei', 'initials': 'Z', 'lastname': 'Cai'}]","This study presents the first comprehensive LC-MS/MS-based quantification of TCE GSH conjugation metabolites in serum, offering high sensitivity, precision, and reproducibility. The observed elevated serum levels of the toxic metabolites DCVG and DCVC, along with the markedly reduced NAcDCVC concentrations in PD mice, provide a critical foundation for future investigations into the mechanistic links between TCE exposure and PD pathogenesis.",© 2025 John Wiley & Sons Ltd.,10.1002/rcm.10117,Rapid communications in mass spectrometry : RCM,,Calibration curves for all three metabolites demonstrated excellent linearity (R,<Element 'PubmedArticle' at 0x714e7fe9bec0>
"40702683
27228556
30619100
34985918
20232465
38658739
37099424
29927067
38217856
29861285
26884166
32499656
29606617
39500415
35058453
19252484
32497300
36506083
39789340
9760700
39665813
26990767
36253568
35011686
29752066
38374263
14609719
20966214
22986164
28546318
30471926
35731557
35352511
30002710
29681514
23334579
37569905
19555289
33239064
27716510
32292406
30760929
27338705
33362473
32573436
35977545
28143732
38542121
15831717
33257666
30301888
36327895
37914940
36171373
10430922
34536354
35262217
38759644
39561098
22442384
13117757
23386811
28817799
31363137
37097597
31772305
15906238
32997994
39049825
37335016
31061494
33460721
39744680
10683279
33111089
25340442
34297942
23085314
36474001
24915161
37507490
22895712",Building Immunocompetent Cerebral Organoids From a Developmental Perspective.,2025-07-24,"cerebral organoids, development, microglia","Cerebral organoids derived from human induced pluripotent stem cells (iPSCs) are increasingly becoming essential tools to study the human brain, from understanding pathological mechanisms in neurodevelopmental, neurodegenerative, and infectious diseases to identifying genetic risks and biomarkers. To resemble the brain environment, cerebral organoids must contain microglia, the resident macrophages of the brain parenchyma that are essential for its homeostasis. As microglia derive from the yolk sac, they are not present in conventional brain organoids, which are generated by reprogramming iPSCs towards the neuroectodermal lineage and must be exogenously incorporated through a variety of strategies. Once in the organoid parenchyma, microglia must recapitulate their developmental milestones to achieve full immunocompetence, reaching a mature transcriptional profile and morphology, a tessellated distribution, efficient phagocytosis, and controlled inflammatory responses. In this review, we will summarize recent protocols that have been developed to generate human microglial-containing cerebral organoids (MCCOs), focusing on the methods used to assess the level of microglial maturation compared to their in vivo counterparts. We provide a series of recommendations to assess microglial immunocompetence using stringent quantitative approaches that will promote developing standardized protocols to culture MCCOs.","[{'affiliation': 'Achucarro Basque Center for Neuroscience, University of the Basque Country UPV/EHU Scientific Park, Leioa, Spain.\nDepartment of Biochemistry and Molecular Biology, University of the Basque Country UPV/EHU Scientific Park, Leioa, Spain.', 'firstname': 'Xabier', 'initials': 'X', 'lastname': 'Cuesta-Puente'}, {'affiliation': 'Achucarro Basque Center for Neuroscience, University of the Basque Country UPV/EHU Scientific Park, Leioa, Spain.\nDepartment of Neuroscience, University of the Basque Country UPV/EHU Scientific Park, Leioa, Spain.', 'firstname': 'Marco', 'initials': 'M', 'lastname': 'Gonzalez-Dominguez'}, {'affiliation': 'Achucarro Basque Center for Neuroscience, University of the Basque Country UPV/EHU Scientific Park, Leioa, Spain.\nDepartment of Neuroscience, University of the Basque Country UPV/EHU Scientific Park, Leioa, Spain.', 'firstname': 'Marta', 'initials': 'M', 'lastname': 'Pereira-Iglesias'}, {'affiliation': 'Achucarro Basque Center for Neuroscience, University of the Basque Country UPV/EHU Scientific Park, Leioa, Spain.\nDepartment of Neuroscience, University of the Basque Country UPV/EHU Scientific Park, Leioa, Spain.', 'firstname': 'Nerea', 'initials': 'N', 'lastname': 'Perez-Arriazu'}, {'affiliation': 'Achucarro Basque Center for Neuroscience, University of the Basque Country UPV/EHU Scientific Park, Leioa, Spain.\nDepartment of Biochemistry and Molecular Biology, University of the Basque Country UPV/EHU Scientific Park, Leioa, Spain.', 'firstname': 'Patricia', 'initials': 'P', 'lastname': 'Villegas-Zafra'}, {'affiliation': 'Achucarro Basque Center for Neuroscience, University of the Basque Country UPV/EHU Scientific Park, Leioa, Spain.', 'firstname': 'Paula', 'initials': 'P', 'lastname': 'Ramos-Gonzalez'}, {'affiliation': 'Achucarro Basque Center for Neuroscience, University of the Basque Country UPV/EHU Scientific Park, Leioa, Spain.\nCIBERNED, Madrid, Spain.', 'firstname': 'Fabio', 'initials': 'F', 'lastname': 'Cavaliere'}, {'affiliation': ""Achucarro Basque Center for Neuroscience, University of the Basque Country UPV/EHU Scientific Park, Leioa, Spain.\nDepartment of Neuroscience, University of the Basque Country UPV/EHU Scientific Park, Leioa, Spain.\nOxford Parkinson's Disease Centre and Department of Physiology, Anatomy, and Genetics, University of Oxford, Oxford, UK.\nIkerbasque Foundation, Bilbao, Spain."", 'firstname': 'Nora', 'initials': 'N', 'lastname': 'Bengoa-Vergniory'}, {'affiliation': 'Achucarro Basque Center for Neuroscience, University of the Basque Country UPV/EHU Scientific Park, Leioa, Spain.\nDepartment of Biochemistry and Molecular Biology, University of the Basque Country UPV/EHU Scientific Park, Leioa, Spain.\nIkerbasque Foundation, Bilbao, Spain.', 'firstname': 'Amanda', 'initials': 'A', 'lastname': 'Sierra'}]",,© 2025 The Author(s). GLIA published by Wiley Periodicals LLC.,"10.1002/glia.70062
10.1073/pnas.1525528113
10.5114/aoms.2016.63743
10.3389/fncel.2013.00006/abstract",Glia,,,<Element 'PubmedArticle' at 0x714e7fc35490>
40689471,Dual role of reactive oxygen species in the effects of cadmium on microglial survival and phagocytosis.,2025-07-21,,"Cadmium (Cd), a significant occupational and environmental pollutant, poses significant health risks due to its bioaccumulation and long biological half-life. Although Cd exposure has been identified as a risk factor for neurodegenerative disorders, including Alzheimer's disease and Parkinson's disease, its specific effects on microglia-the resident immune cells of the central nervous system (CNS)-remain poorly understood. Here, we demonstrate that Cd exerts dual, dose-dependent effects on primary microglia. High doses (1-2 μM) triggered oxidative stress, apoptosis, and viability loss, whereas subtoxic doses (0.125-0.5 μM) enhanced phagocytic activity and ATP production. Notably, low-dose Cd elevated glutathione (GSH) levels, suggesting adaptive redox activation. Pretreatment with ","[{'affiliation': 'Institute of Environmental Health, Zhejiang University, School of Public Health, Hangzhou, China.', 'firstname': 'Longtao', 'initials': 'L', 'lastname': 'Zhu'}, {'affiliation': 'Key Laboratory of Heavy Metal Health Hazards and Prevention, Jiangxi Provincial Department of Education, Jiangxi Medical College, Shangrao, China. 1262990999@qq.com.', 'firstname': 'Xin', 'initials': 'X', 'lastname': 'Li'}, {'affiliation': 'Key Laboratory of Heavy Metal Health Hazards and Prevention, Jiangxi Provincial Department of Education, Jiangxi Medical College, Shangrao, China. 1262990999@qq.com.', 'firstname': 'Siqi', 'initials': 'S', 'lastname': 'Yu'}, {'affiliation': 'Key Laboratory of Heavy Metal Health Hazards and Prevention, Jiangxi Provincial Department of Education, Jiangxi Medical College, Shangrao, China. 1262990999@qq.com.', 'firstname': 'Lizheng', 'initials': 'L', 'lastname': 'Huang'}, {'affiliation': 'Key Laboratory of Heavy Metal Health Hazards and Prevention, Jiangxi Provincial Department of Education, Jiangxi Medical College, Shangrao, China. 1262990999@qq.com.', 'firstname': 'Siqi', 'initials': 'S', 'lastname': 'Chen'}, {'affiliation': 'Key Laboratory of Heavy Metal Health Hazards and Prevention, Jiangxi Provincial Department of Education, Jiangxi Medical College, Shangrao, China. 1262990999@qq.com.', 'firstname': 'Zhiheng', 'initials': 'Z', 'lastname': 'Zheng'}, {'affiliation': 'Key Laboratory of Heavy Metal Health Hazards and Prevention, Jiangxi Provincial Department of Education, Jiangxi Medical College, Shangrao, China. 1262990999@qq.com.', 'firstname': 'Liling', 'initials': 'L', 'lastname': 'Su'}]",,,10.1039/d5em00299k,Environmental science. Processes & impacts,,,<Element 'PubmedArticle' at 0x714e7fb42610>
"40687714
39705668
31648971
38348223
38306057
38256040
27497484
35940250
22133280
11584108
34201137
35378540
32447554
30104431
29364915
16979298
34935901
38529358
25400983
33633723
27079725
28598012
27033666
33782057
3802833
16282215
12958120
12543843
12111920
9310563
7786990
9925235
10971237
14512723
16567719
17296235
17718688
19965522
19941660
19240960
21336779
22248366
23888213
23038741
23295676
23079514
24117797
23252507
24629396
25762984
25602009
25902359
26126617
26037459
25880776
24910016
26079721
28801580
29935141
29174171
31610314
33623753
34057145
38995782
36641681
39244938
38258504
39043350
11668353
32866262
23666762
36495857
38286999
35822001
38691633
22089600
39129052
31876406
38508416
36984505
39061266
30308319
38243036
29983199",Association of ,2025-07-21,"Alzheimer’s disease, Helicobacter pylori infection, Parkinson’s disease, all-cause dementia, meta-analysis, multiple sclerosis","The pathogenesis of neurodegenerative diseases is complex, involving multiple factors, including genetic, environmental, and lifestyle elements. Recent studies have suggested that infectious agents may act as important triggers for neurodegenerative diseases. This study aimed to evaluate the association between 
A systematic search was conducted across the PubMed, Embase, and Cochrane Library databases for studies published up to December 2024. The combined effect sizes were expressed as odds ratios (OR) with 95% confidence intervals (CI) and were calculated using a random-effects model. Further exploratory analyses included sensitivity analyses, subgroup analyses, and assessment of publication bias.
Forty-one studies involving 159,220 participants were selected for the meta-analysis. We found that 
This study found that 
INPLASY (INPLASY202510044).","[{'affiliation': ""Department of Gastroenterology, Wuxing District People's Hospital, Wuxing District Maternal and Child Health Hospital Huzhou City, Zhejiang, China."", 'firstname': 'Jiwen', 'initials': 'J', 'lastname': 'Du'}, {'affiliation': ""Department of Pneumology, Wuxing District People's Hospital, Wuxing District Maternal and Child Health Hospital Huzhou City, Zhejiang, China."", 'firstname': 'Weiting', 'initials': 'W', 'lastname': 'Shen'}, {'affiliation': 'Department of Neurology, Huzhou Hospital of Traditional Chinese Medicine Affiliated to Zhejiang University of Chinese Medicine, Huzhou, China.', 'firstname': 'Zhenting', 'initials': 'Z', 'lastname': 'Zhou'}, {'affiliation': 'Department of Neurology, Huzhou Hospital of Traditional Chinese Medicine Affiliated to Zhejiang University of Chinese Medicine, Huzhou, China.', 'firstname': 'Qiuyan', 'initials': 'Q', 'lastname': 'Wu'}, {'affiliation': 'Department of Neurology, Huzhou Hospital of Traditional Chinese Medicine Affiliated to Zhejiang University of Chinese Medicine, Huzhou, China.', 'firstname': 'Zongyao', 'initials': 'Z', 'lastname': 'Ai'}]",This study found that ,"Copyright © 2025 Du, Shen, Zhou, Wu and Ai.","10.3389/fmed.2025.1573299
10.1097/JS9.0000000000001609
10.1016/S2468-1253(19)30333-4
10.3389/fphys.2024.1320086
10.3233/JAD-231083
10.3390/ijms25020967
10.3233/JAD-160607
10.1016/j.metabol.2022.155276
10.1016/j.neurobiolaging.2011.10.021
10.1093/jn/131.10.2789S
10.3390/jcm10122539
10.1159/000524078
10.1007/s00415-020-09933-x
10.1098/rstb.2017.0286
10.1371/journal.pone.0190475
10.1016/j.mehy.2006.06.052
10.1093/bbb/zbab221
10.1093/braincomms/fcae088
10.4291/wjgp.v5.i4.400
10.3389/fimmu.2020.584165
10.3233/JAD-160132
10.1111/hel.12398
10.1016/j.neulet.2016.03.037
10.1136/bmj.n71
10.1016/0197-2456(86)90046-2
10.1177/0272989X05282643
10.1136/bmj.327.7414.557
10.1136/bmj.326.7382.219
10.1002/sim.1187
10.1136/bmj.315.7109.629
10.2307/2533446
10.1111/j.1600-0404.1999.tb00654.x
10.1046/j.1365-2036.2000.00815.x
10.1159/000072812
10.1212/01.wnl.0000203644.68059.5f
10.1016/j.jneuroim.2006.12.010
10.1111/j.1468-1331.2007.01827.x
10.1177/1352458509348961
10.1186/1757-4749-1-20
10.1007/s00415-009-5011-z
10.1007/s00415-011-5957-5
10.1111/j.1468-1331.2011.03643.x
10.4081/ni.2013.e10
10.1136/jnnp-2012-302925
10.1159/000345838
10.1515/cclm-2012-0477
10.1111/apt.12520
10.1111/jgs.12065
10.1016/j.jocn.2013.11.018
10.3389/fmicb.2015.00052
10.1136/jnnp-2014-309495
10.1371/journal.pone.0124064
10.1016/j.parkreldis.2015.05.015
10.1186/s12886-015-0006-2
10.1111/ene.12477
10.1111/ane.12453
10.1038/s41598-017-07801-9
10.1016/j.jalz.2018.05.005
10.1016/j.parkreldis.2017.11.331
10.1016/j.jneuroim.2019.577069
10.5339/qmj.2020.45
10.3233/JAD-200957
10.3233/JAD-240073
10.3233/JAD-221112
10.1016/j.jdiacomp.2024.108854
10.1111/jgs.18748
10.1016/j.bbi.2024.07.026
10.1590/s0100-879x2001001100010
10.1093/femspd/ftaa049
10.1007/s12017-013-8232-3
10.1016/j.nicl.2022.103281
10.1038/s41467-024-45156-8
10.3389/fragi.2021.781582
10.1007/s11357-024-01284-z
10.1021/acschemneuro.9b00607
10.1016/j.neuint.2024.105724
10.3390/medicina59030504
10.3390/antibiotics13070584
10.1016/j.clineuro.2018.09.039
10.1007/s10072-024-07328-8
10.1016/j.jneuroim.2018.06.017",Frontiers in medicine,,"Forty-one studies involving 159,220 participants were selected for the meta-analysis. We found that ",<Element 'PubmedArticle' at 0x714e7fafe660>
40683147,An appraisal at a glance of metallome and disease biomarkers.,2025-07-20,"Biomarkers, Diseasome, Metabolome, Metallome, Multiomics, Speciation","Almost daily, analytical chemistry presents new and exciting challenges that align with the goals emerging from the life sciences. The primary objective of this work is to focus on the metabolome, metallome, and disease biomarkers, which constitute a fascinating field in living systems. This work also briefly revisits the main features, highlighting the essential background of the most critical biochemical biomarkers for various common neurological and autoimmune diseases (Alzheimer's disease, Parkinson's disease, multiple sclerosis, and leukaemia). Furthermore, the work outlines the vital role of metal/loid(s) as biomarkers and includes specific remarks on the involvement of certain metals and metalloids in the aforementioned diseases. Finally, the work includes a section on the integrative multiomics approach because a diseasome involves multiple species and requires the manipulation of multiple data sets from different levels to understand the relationships underlying a disease. The most recent trends in analytical chemistry are crucial for addressing critical challenges in the life sciences. Lastly, to better understand and rationalise the metal/loid field inside a living system, the work concludes by tentatively proposing new omes fields to group the metabolic transformation, physiological activities, and beneficial and toxicological effects of metal/loid species in the fundamental processes of the living systems.","[{'affiliation': 'Area of Physical Chemistry, Department of Applied Chemistry and Physics, Faculty of Biological and Environmental Sciences, Campus de Vegazana, University of León, E-24071, León, Spain.', 'firstname': 'R', 'initials': 'R', 'lastname': 'López'}, {'affiliation': 'Area of Analytical Chemistry, Department of Applied Chemistry and Physics, Faculty of Biological and Environmental Sciences, Campus de Vegazana, University of León, E-24071, León, Spain.', 'firstname': 'F J', 'initials': 'FJ', 'lastname': 'Pereira'}, {'affiliation': 'Area of Analytical Chemistry, Department of Applied Chemistry and Physics, Faculty of Biological and Environmental Sciences, Campus de Vegazana, University of León, E-24071, León, Spain. Electronic address: aj.aller@unileon.es.', 'firstname': 'A J', 'initials': 'AJ', 'lastname': 'Aller'}]",,Copyright © 2025 The Authors. Published by Elsevier Masson SAS.. All rights reserved.,10.1016/j.ejmech.2025.117931,European journal of medicinal chemistry,,,<Element 'PubmedArticle' at 0x714e7fb34130>
40658126,An Eu4L44 tetrahedron with multiple recognition sites: a luminescent sensor for rapid and sensitive detection of biogenic amines.,2025-07-14,,"Biogenic amines are important bioactive substances in living organisms, and their abnormal metabolism can serve as biomarkers for certain diseases such as depression, Parkinson's disease and transient tic disorder. Therefore, developing a highly efficient and sensitive luminescent sensor for biogenic amines is essential. However, the biological system is a complex liquid environment containing multiple active substances, which can reduce effective collisions between the sensor and the target analyte, thereby diminishing the sensor's sensitivity. To address this issue, we introduced reaction sites that can undergo nucleophilic and hydrogen bonding interactions with amino groups into the structure of the sensor, and designed and synthesized a multi-site tetrahedral cage Eu4L44 to achieve specific capture of biogenic amines. By leveraging these dual interactions between Eu4L44 and amines, combined with the confined cavity effect of the cage, multiple spectroscopic analyses demonstrated that the detection limit for ethylenediamine (EDA) improved from 370 μM (Eu4L14) to 33 μM (Eu4L44), while the response time decreased from 1.1 seconds to 0.81 seconds. This design provides an effective strategy for enhancing sensor sensitivity and paves the way for its application in detecting biogenic amines within biological systems.","[{'affiliation': ""College of Sports Science and Health, College of Sports Science Research, Harbin Sport University, Harbin 150008, Heilongjiang, People's Republic of China. lgl1800@163.com."", 'firstname': 'Yuan', 'initials': 'Y', 'lastname': 'Yao'}, {'affiliation': ""College of Sports Science and Health, College of Sports Science Research, Harbin Sport University, Harbin 150008, Heilongjiang, People's Republic of China. lgl1800@163.com."", 'firstname': 'Li', 'initials': 'L', 'lastname': 'Li'}, {'affiliation': ""College of Sports Science and Health, College of Sports Science Research, Harbin Sport University, Harbin 150008, Heilongjiang, People's Republic of China. lgl1800@163.com."", 'firstname': 'Tongxi', 'initials': 'T', 'lastname': 'Zhou'}, {'affiliation': ""College of Sports Science and Health, College of Sports Science Research, Harbin Sport University, Harbin 150008, Heilongjiang, People's Republic of China. lgl1800@163.com."", 'firstname': 'Su', 'initials': 'S', 'lastname': 'Wang'}, {'affiliation': ""College of Sports Science and Health, College of Sports Science Research, Harbin Sport University, Harbin 150008, Heilongjiang, People's Republic of China. lgl1800@163.com."", 'firstname': 'Ying', 'initials': 'Y', 'lastname': 'Qin'}, {'affiliation': ""College of Sports Science and Health, College of Sports Science Research, Harbin Sport University, Harbin 150008, Heilongjiang, People's Republic of China. lgl1800@163.com."", 'firstname': 'Chao', 'initials': 'C', 'lastname': 'Fan'}, {'affiliation': ""College of Sports Science and Health, College of Sports Science Research, Harbin Sport University, Harbin 150008, Heilongjiang, People's Republic of China. lgl1800@163.com."", 'firstname': 'Yuying', 'initials': 'Y', 'lastname': 'Fu'}, {'affiliation': ""College of Sports Science and Health, College of Sports Science Research, Harbin Sport University, Harbin 150008, Heilongjiang, People's Republic of China. lgl1800@163.com."", 'firstname': 'Guoliang', 'initials': 'G', 'lastname': 'Liu'}, {'affiliation': 'School of Chemistry and Materials Science, Key Laboratory of Functional Inorganic Material Chemistry, Ministry of Education Heilongjiang University, 74 Xuefu Road, Harbin 150080, China. lihongfeng@hlju.edu.cn.', 'firstname': 'Hongfeng', 'initials': 'H', 'lastname': 'Li'}]",,,10.1039/d5dt00720h,"Dalton transactions (Cambridge, England : 2003)",,,<Element 'PubmedArticle' at 0x714e7fb53100>
40651002,6:2 Chlorinated Polyfluoroalkyl Ether Sulfonate (F-53B) Induces Aging and Parkinson's Disease-like Disorders in ,2025-07-13,"C. elegans, F-53B, Parkinson’s disease, aging, neuronal damage","While 6:2 chlorinated polyfluoroalkyl ether sulfonate (F-53B) has been frequently detected in human samples and demonstrated to accumulate with age, its health risk for the elderly population remains unknown. Here, we evaluated the aging and neurodegenerative effects of F-53B using the ","[{'affiliation': 'Institute for Environmental pollution and health, School of Environmental and Chemical Engineering, Shanghai University, Shanghai 200444, China.', 'firstname': 'Hui', 'initials': 'H', 'lastname': 'Li'}, {'affiliation': 'Institute for Environmental pollution and health, School of Environmental and Chemical Engineering, Shanghai University, Shanghai 200444, China.', 'firstname': 'Keqi', 'initials': 'K', 'lastname': 'Dong'}, {'affiliation': 'Institute for Environmental pollution and health, School of Environmental and Chemical Engineering, Shanghai University, Shanghai 200444, China.', 'firstname': 'Meihui', 'initials': 'M', 'lastname': 'Zhao'}, {'affiliation': 'Institute for Environmental pollution and health, School of Environmental and Chemical Engineering, Shanghai University, Shanghai 200444, China.', 'firstname': 'Ruifei', 'initials': 'R', 'lastname': 'Li'}, {'affiliation': 'Institute for Environmental pollution and health, School of Environmental and Chemical Engineering, Shanghai University, Shanghai 200444, China.', 'firstname': 'Chongli', 'initials': 'C', 'lastname': 'Shi'}, {'affiliation': 'Institute for Environmental pollution and health, School of Environmental and Chemical Engineering, Shanghai University, Shanghai 200444, China.', 'firstname': 'Chen', 'initials': 'C', 'lastname': 'Wang'}, {'affiliation': 'Institute for Environmental pollution and health, School of Environmental and Chemical Engineering, Shanghai University, Shanghai 200444, China.', 'firstname': 'Yaqiang', 'initials': 'Y', 'lastname': 'Wei'}, {'affiliation': 'Department of Environmental Health, School of Public Health, NHC Key Laboratory of Health Technology Assessment, Key Laboratory of Public Health Safety of the Ministry of Education, Fudan University, Shanghai 200032, China.', 'firstname': 'Jiufeng', 'initials': 'J', 'lastname': 'Li'}, {'affiliation': 'School of Public Health, Southeast University, Nanjing 214135, China.', 'firstname': 'Lili', 'initials': 'L', 'lastname': 'Chen'}, {'affiliation': 'State Environmental Protection Key Laboratory of Environmental Health Impact Assessment of Emerging Contaminants, School of Environmental Science and Engineering, Shanghai Jiao Tong University, 800 Dongchuan Road, Shanghai 200240, China.', 'firstname': 'Yanbin', 'initials': 'Y', 'lastname': 'Zhao'}, {'affiliation': 'Institute for Environmental pollution and health, School of Environmental and Chemical Engineering, Shanghai University, Shanghai 200444, China.', 'firstname': 'Yu', 'initials': 'Y', 'lastname': 'Li'}]",,,10.1021/acs.est.5c02319,Environmental science & technology,,,<Element 'PubmedArticle' at 0x714e7fb7b5b0>
"40585066
38493795
39087914
16939701
17115391
24355527
18539535
16436781
17050822
19015299
16436782
18539534
21714003
26062626
38835904
20855856
25330418
33513272
17701901
39283294
33568819
39566101
27692902
33938021
38804604
31958187
26890783
27742817
32875616
32310186
30746648
26819798",The age at onset of LRRK2 p.Gly2019Ser Parkinson's disease across ancestries and countries of origin.,2025-07-01,,"The LRRK2 p.Gly2019Ser pathogenic variant has reduced penetrance and presents a wide range of age at onset (AAO) in patients with Parkinson's disease (PD). We aim to elucidate differences in the cumulative incidence of LRRK2 p.Gly2019Ser-related PD (
We included N=922 unrelated LRRK2 p.Gly2019Ser variant carriers (affected: N=762, unaffected: N=160) from the Global Parkinson's Genetics Program (GP2) in addition to cohorts recruited from the Israeli Ashkenazi Jewish and Tunisian Arab-Berber population. The p.Gly2019Ser variant was present in five ancestries: Ashkenazi Jewish (N=534), North African (N=223), European (N=132), Middle Eastern (N=19) and Latino and Indigenous people of the Americas (N=14). In addition to ancestry derived from the genetic data, we assessed the country of origin in our analysis. The Cox proportional-hazards model and Kaplan-Meier analysis were applied to examine differences in cumulative incidence. All analyses were adjusted for biological sex, and the outcome variable was AAO, including affected and unaffected variant carriers with right censoring for affection status, and all analysis were exploratory.
The median AAO of 
Our results provide evidence that a person's genetic ancestry and country of origin are associated with the AAO of ","[{'affiliation': 'Institute of Neurogenetics, University of Lübeck, Lübeck, Germany.', 'firstname': 'Theresa', 'initials': 'T', 'lastname': 'Lüth'}, {'affiliation': 'Institute of Medical Biometry and Statistics, University of Lübeck, Lübeck, Germany.', 'firstname': 'Björn-Hergen', 'initials': 'BH', 'lastname': 'Laabs'}, {'affiliation': 'Institute of Medical Informatics and Statistics, Kiel University and University Hospital Schleswig-Holstein, Kiel, Germany.', 'firstname': 'Sebastian', 'initials': 'S', 'lastname': 'Sendel'}, {'affiliation': 'Institute of Medical Biometry and Statistics, University of Lübeck, Lübeck, Germany.', 'firstname': 'Inke R', 'initials': 'IR', 'lastname': 'König'}, {'affiliation': 'Institute of Medical Informatics and Statistics, Kiel University and University Hospital Schleswig-Holstein, Kiel, Germany.', 'firstname': 'Amke', 'initials': 'A', 'lastname': 'Caliebe'}, {'affiliation': 'Centre for Preventive Neurology, Wolfson Institute of Population Health, Queen Mary University of London, London, United Kingdom.', 'firstname': 'Alastair J', 'initials': 'AJ', 'lastname': 'Noyce'}, {'affiliation': 'National Institute on Aging, Bethesda, MD, USA.', 'firstname': 'Laurel A', 'initials': 'LA', 'lastname': 'Screven'}, {'affiliation': 'Division of Molecular Biology and Human Genetics, Faculty of Medicine and Health Sciences, Stellenbosch University and South African Medical Research Council/Stellenbosch University Genomics of Brain Disorders Research Unit, Cape Town, South Africa.', 'firstname': 'Soraya', 'initials': 'S', 'lastname': 'Bardien'}, {'affiliation': 'Department of Neurology, University of Florida, Gainesville, FL, USA.', 'firstname': 'Matthew', 'initials': 'M', 'lastname': 'Farrer'}, {'affiliation': 'Service de Neurologie, Institut National de Neurologie, La Rabta, Tunis, Tunisia.', 'firstname': 'Faycel', 'initials': 'F', 'lastname': 'Hentati'}, {'affiliation': 'Institute of Neurogenetics, University of Lübeck, Lübeck, Germany.', 'firstname': 'Christine', 'initials': 'C', 'lastname': 'Klein'}, {'affiliation': ""Faculty of Medicine of Tunis, 1006, Tunisia.\nNeurology's Department, Mongi Ben Hmida National Institute of Neurology, Tunis, Tunisia."", 'firstname': 'Samia', 'initials': 'S', 'lastname': 'Ben Sassi'}, {'affiliation': 'Institute of Neurogenetics, University of Lübeck, Lübeck, Germany.', 'firstname': 'Joanne', 'initials': 'J', 'lastname': 'Trinh'}, {'affiliation': None, 'firstname': None, 'initials': None, 'lastname': None}]",,,10.1101/2025.06.04.25327685,medRxiv : the preprint server for health sciences,,The median AAO of ,<Element 'PubmedArticle' at 0x714e7fb73650>
"40573601
30584159
38642225
33894193
12522572
23039866
28554406
25385334
19909911
30975519
37502426
29568281
39338743
36679646
37418413
36342887
36126031
6067254
38688070
39085577
38945129
37296608
36890620
16616757
17853482
35820861
30105269
29403371
36192171
21763014
21739472
26121579
35147551",Parkinson's Disease Detection via Bilateral Gait Camera Sensor Fusion Using CMSA-Net and Implementation on Portable Device.,2025-06-27,"Mamba-2, Parkinson’s disease, attention, camera sensor, video-based detection","The annual increase in the incidence of Parkinson's disease (PD) underscores the critical need for effective detection methods and devices. Gait video features based on camera sensors, as a crucial biomarker for PD, are well-suited for detection and show promise for the development of portable devices. Consequently, we developed a single-step segmentation method based on Savitzky-Golay (SG) filtering and a sliding window peak selection function, along with a Cross-Attention Fusion with Mamba-2 and Self-Attention Network (CMSA-Net). Additionally, we introduced a loss function based on Maximum Mean Discrepancy (MMD) to further enhance the fusion process. We evaluated our method on a dual-view gait video dataset that we collected in collaboration with a hospital, comprising 304 healthy control (HC) samples and 84 PD samples, achieving an accuracy of 89.10% and an F1-score of 81.11%, thereby attaining the best detection performance compared with other methods. Based on these methodologies, we designed a simple and user-friendly portable PD detection device. The device is equipped with various operating modes-including single-view, dual-view, and prior information correction-which enable it to adapt to diverse environments, such as residential and elder care settings, thereby demonstrating strong practical applicability.","[{'affiliation': 'School of Information Engineering, Henan University of Science and Technology, Luoyang 471000, China.', 'firstname': 'Jinxuan', 'initials': 'J', 'lastname': 'Wang'}, {'affiliation': 'School of Information Engineering, Henan University of Science and Technology, Luoyang 471000, China.', 'firstname': 'Hua', 'initials': 'H', 'lastname': 'Huo'}, {'affiliation': 'School of Information Engineering, Henan University of Science and Technology, Luoyang 471000, China.', 'firstname': 'Wei', 'initials': 'W', 'lastname': 'Liu'}, {'affiliation': 'School of Information Engineering, Henan University of Science and Technology, Luoyang 471000, China.', 'firstname': 'Changwei', 'initials': 'C', 'lastname': 'Zhao'}, {'affiliation': 'School of Information Engineering, Henan University of Science and Technology, Luoyang 471000, China.', 'firstname': 'Shilu', 'initials': 'S', 'lastname': 'Kang'}, {'affiliation': 'School of Information Engineering, Henan University of Science and Technology, Luoyang 471000, China.', 'firstname': 'Lan', 'initials': 'L', 'lastname': 'Ma'}]",,,"10.3390/s25123715
10.3233/JPD-181474
10.1007/s11910-024-01339-w
10.1016/S1474-4422(21)00030-2
10.1007/s00415-002-1309-9
10.1038/nrneurol.2014.205
10.1016/S1474-4422(09)70293-5
10.1016/S1474-4422(19)30044-4
10.3389/fnagi.2023.1191378
10.3389/fneur.2018.00121
10.1088/1361-6501/ad7f78
10.1109/JSEN.2016.2579738
10.3390/s24185998
10.3390/s23020849
10.1109/ACCESS.2024.3372593
10.1109/TMM.2021.3068609
10.1109/TNSRE.2023.3291359
10.3390/electronics11071154
10.1109/JBHI.2022.3208077
10.1212/WNL.17.5.427
10.1016/j.neunet.2024.106334
10.1109/TSP.2012.2225055
10.1038/s41598-024-68906-6
10.1016/S2666-7568(24)00094-1
10.3390/cells12111486
10.1111/cns.14149
10.1016/j.jbiomech.2006.02.013
10.1002/mds.21728
10.1186/s12883-022-02775-2
10.1155/2018/9642524
10.3389/fnagi.2018.00001
10.1212/WNL.0000000000201468
10.1016/j.archger.2011.06.022
10.1002/mds.23855
10.1371/journal.pone.0131778
10.3233/JPD-213102","Sensors (Basel, Switzerland)",,,<Element 'PubmedArticle' at 0x714e7fb86fc0>
"40572479
34445021
34087398
30678313
33271247
33212178
10996277
33807364
25005060
27852123
21187815
21434569
39487169
26205054
38846546
18203055
23690865
11731930
32349420
32065954
22751226
16508160
35668032
35598514
15975243
35656288
35009068
32614676
38474454
11201296
17125224
11141103
33429023
35265584
31923501
34790125
39374720
16462037
39407675
38455163
29434755
11580922
17024851
15234760
21793317
15507373
23395777
21645606
20713144
21953783
26374248
35844057
21301979
35262106
12203270
40081261
11032916
25987037
15022725
17561367
20930381
23130522
31029906
30943746
35566218
29692653
14969348
33954008
11578112
31388349
18599229
11351368
11215331
12487323
12890428
33518115
40251266
15709388
28115794
35088071
25511038
28405145
25586009
40010458
8889047
20091240
33891787
24793494
22213626
23418105
30602695
29710476
15852490
22402244
15707778
18612196
23727182
27209700
25451748
23140683
25340513
31602838
25454811
24917466
2620627
25050047
31736181
31125596
19879870
29342911",,2025-06-27,"Siberian ginseng, adaptogenic raw materials, biological activity, medicinal plants, phytochemical composition, utility of Eleutherococcus senticosus",This comprehensive review focuses on ,"[{'affiliation': 'Department of Medicinal Plant and Mushroom Biotechnology, Faculty of Pharmacy, Jagiellonian University, 9 Medyczna St., 30-688 Kraków, Poland.', 'firstname': 'Grzegorz', 'initials': 'G', 'lastname': 'Kos'}, {'affiliation': 'Institute of Medical Science, Faculty of Medical, The John Paul II Catholic University of Lublin, Konstantynów 1 H St., 20-708 Lublin, Poland.', 'firstname': 'Katarzyna', 'initials': 'K', 'lastname': 'Czarnek'}, {'affiliation': 'Department of Biomedical and Analytical Chemistry, Institute of Biological Sciences, Faculty of Medicine, Collegium Medicum, The John Paul II Catholic University of Lublin, Konstantynów 1J St., 20-708 Lublin, Poland.', 'firstname': 'Ilona', 'initials': 'I', 'lastname': 'Sadok'}, {'affiliation': 'Department of Biomedical and Analytical Chemistry, Institute of Biological Sciences, Faculty of Medicine, Collegium Medicum, The John Paul II Catholic University of Lublin, Konstantynów 1J St., 20-708 Lublin, Poland.', 'firstname': 'Agnieszka', 'initials': 'A', 'lastname': 'Krzyszczak-Turczyn'}, {'affiliation': 'Department of Medicinal Plant and Mushroom Biotechnology, Faculty of Pharmacy, Jagiellonian University, 9 Medyczna St., 30-688 Kraków, Poland.', 'firstname': 'Paweł', 'initials': 'P', 'lastname': 'Kubica'}, {'affiliation': 'Institute of Agrophysics, Polish Academy of Sciences, Doświadczalna 4 St., 20-290 Lublin, Poland.', 'firstname': 'Karolina', 'initials': 'K', 'lastname': 'Fila'}, {'affiliation': 'Department of Pharmaceutical Botany, Faculty of Pharmacy, University of Marmara, İstanbul 34854, Türkiye.', 'firstname': 'Gizem', 'initials': 'G', 'lastname': 'Emre'}, {'affiliation': 'Department of Pathobiochemistry and Interdisciplinary Applications of Ion Chromatography, Medical University of Lublin, 1 Chodźki St., 20-093 Lublin, Poland.', 'firstname': 'Małgorzata', 'initials': 'M', 'lastname': 'Tatarczak-Michalewska'}, {'affiliation': 'Chair and Department of General and Pediatric Ophthalmology, Medical University of Lublin, 20-079 Lublin, Poland.', 'firstname': 'Małgorzata', 'initials': 'M', 'lastname': 'Latalska'}, {'affiliation': 'Department of Pathobiochemistry and Interdisciplinary Applications of Ion Chromatography, Medical University of Lublin, 1 Chodźki St., 20-093 Lublin, Poland.', 'firstname': 'Eliza', 'initials': 'E', 'lastname': 'Blicharska'}, {'affiliation': 'Department of Pharmaceutical Botany and Pharmacognosy, Ludwik Rydygier Collegium Medicum, Nicolaus Copernicus University, 9 Marie Curie-Skłodowska St., 85-094 Bydgoszcz, Poland.', 'firstname': 'Daniel', 'initials': 'D', 'lastname': 'Załuski'}, {'affiliation': 'Department of Biology, Faculty of Science and Literature, Gaziantep University, Gaziantep 27310, Türkiye.', 'firstname': 'Nazım', 'initials': 'N', 'lastname': 'Şekeroğlu'}, {'affiliation': 'Department of Medicinal Plant and Mushroom Biotechnology, Faculty of Pharmacy, Jagiellonian University, 9 Medyczna St., 30-688 Kraków, Poland.', 'firstname': 'Agnieszka', 'initials': 'A', 'lastname': 'Szopa'}]",,,"10.3390/molecules30122512
10.3390/nu13082861
10.3390/f10100872
10.3390/ijms20030475
10.1016/j.jep.2020.113636
10.1016/j.jep.2020.113586
10.1016/S0378-8741(00)00181-1
10.1016/J.FLORA.2024.152470
10.3390/molecules26071969
10.3390/f14071359
10.5897/JMPRx11.017
10.1007/s00253-014-5899-9
10.1142/S0192415X16500865
10.3390/molecules16010028
10.4236/health.2013.59205
10.1038/s41598-024-77574-5
10.3390/molecules200713281
10.1007/s11101-021-09775-z
10.3389/fnut.2024.1391601
10.1134/S1061934820140051
10.1055/s-2008-1034275
10.1155/2013/934183
10.1016/j.microc.2024.111905
10.1055/s-2001-18352
10.1007/s10600-022-03753-3
10.1177/1934578X20941299
10.3390/molecules25092040
10.1016/j.phymed.2020.153181
10.3390/molecules17077903
10.1248/bpb.29.532
10.1002/pca.3144
10.1016/j.ultsonch.2022.106039
10.1021/acssuschemeng.1c02116
10.1093/chromsci/43.5.249
10.20944/preprints202302.0339.v1
10.3389/fphar.2022.865586
10.7324/JAPS.2016.60322
10.3390/pr9101708
10.3390/plants11010064
10.1080/10286020.2020.1783657
10.3390/molecules29050942
10.1007/s10600-011-9773-z
10.1515/DMDI.2000.17.1-4.211
10.1021/np060195+
10.1021/np000277c
10.1016/j.fitote.2021.104827
10.3389/fchem.2022.825763
10.1016/j.ijbiomac.2019.12.244
10.3389/fphar.2021.753007
10.1016/j.ijbiomac.2024.136343
10.1248/bpb.29.306
10.3390/molecules29194749
10.1002/fsn3.3887
10.3892/etm.2017.5568
10.1016/S0009-8981(01)00613-1
10.1007/BF02974078
10.1016/j.jep.2004.03.052
10.4077/CJP.2010.AMK018
10.1016/j.jep.2004.08.027
10.1016/j.etap.2013.01.004
10.1016/j.jep.2011.05.024
10.1016/j.jep.2010.08.014
10.1002/pca.1360
10.1007/s12272-015-0659-7
10.1002/ptr.7555
10.1007/s11418-011-0509-y
10.1039/D1FO03078G
10.1002/ptr.1024
10.1016/J.BIOORG.2025.108347
10.3892/or.7.6.1213
10.7314/APJCP.2015.16.9.3779
10.22246/jikm.2022.43.4.529
10.1016/j.cjac.2025.100510
10.1007/BF02980109
10.1016/j.tiv.2007.04.016
10.1248/bpb.33.1716
10.1134/S2079057013010049
10.1016/j.phymed.2019.152844
10.4149/neo_2018_180913N689
10.3390/molecules27092872
10.1016/j.carbpol.2011.12.037
10.1016/j.sjbs.2016.01.018
10.1039/C5RA18325A
10.1007/BF02980055
10.1155/2021/6628880
10.1211/0022357011776577
10.1186/s13020-019-0250-0
10.1016/j.jep.2008.05.018
10.1002/ptr.746
10.1055/s-0031-1300006
10.1078/094471102321616409
10.1016/S1567-5769(03)00118-8
10.1016/j.psj.2020.11.059
10.1038/s41598-025-97423-3
10.1002/smi.914
10.1155/2016/8369704
10.1042/BSR20212670
10.4238/2014.December.12.16
10.3748/wjg.v23.i12.2175
10.1002/ptr.5278
10.1016/j.ijbiomac.2025.141467
10.1248/bpb.19.1227
10.2147/BTAT.S60734
10.1007/s11418-009-0371-3
10.1111/1755-0998.13403
10.32615/ps.2020.045
10.1007/s10529-014-1534-1
10.7747/JFES.2022.38.3.152
10.1080/21580103.2005.9656267
10.1007/s11240-014-0567-4
10.1016/j.indcrop.2011.10.033
10.1002/btpr.1506
10.1007/s11240-005-9075-x
10.2225/vol10-issue4-fulltext-13
10.1002/ptr.4938
10.3390/molecules24010132
10.1016/j.biopha.2018.01.001
10.1002/ptr.1649
10.1016/j.phymed.2012.02.006
10.1016/j.jep.2004.11.031
10.1254/jphs.08046FP
10.1016/j.jep.2013.05.026
10.3969/j.issn.1674-7666.2008.02.021
10.1691/ph.2016.5807
10.3321/j.issn:1671-5489.2005.05.031
10.1016/j.ijbiomac.2014.09.055
10.1016/j.foodchem.2010.12.143
10.1089/jmf.2014.3182
10.19540/j.cnki.cjcmm.20190129.001
10.1016/j.imbio.2014.10.007
10.1007/s10753-014-9880-7
10.19656/j.cnki.1002-2406.200158
10.13431/j.cnki.immunol.j.20180133
10.5713/ajas.2013.13659
10.1002/ptr.6522
10.19378/j.issn.1003-9783.2016.06.016
10.1016/j.jep.2019.111969
10.1016/j.ejphar.2009.10.055
10.3390/ijms19010159","Molecules (Basel, Switzerland)",,,<Element 'PubmedArticle' at 0x714e7faa2070>
"40566643
16510720
31768005
25221519
24971539
33802862
19782093
31521533
33848468
8599769
12446870
34599513
28389584
11389473
19815009
36918260
22739120
9809558
29382725
35639599
29618831
34122134
18342017
22025665
32759790
35074873
22414377
20069534
10878801
16770729
11891824
18704115
2841426
24050700
12063277
9299242
22897979
35223865
21719736
1279807
444447
27090875
20086079
18182162
7553864
11427541
33147870
9560156
18758232
15561419
22028684
34718738
32172531
27226616
19781641
35269473
27818248
10516303
27774068
11790808
7691813
7529176
26983902
26449415
8658170
28630040
19833102
22566534
20085713
11850110
7550338
9882736
17093086
11306656
12911542
11890456
28332488
9197268
30371827
25677794
19608158
22743772
35876901
7062116
15952902
21867568
8995301
8789947
17412767
34507520
19243238
4063349
1899092
25330418
31432604
23303129
38427260
15087508
11254447
34791371
21059217
33324150
36168094
29788355
30413206
9639028
15987767
26108660
31731488
25723153
29432188",Parkinson's disease-linked Kir4.2 mutation R28C leads to loss of ion channel function.,2025-06-26,"Kir4.2, Parkinson's disease, genetic mutation, inwardly rectifying potassium channel","Parkinson's disease (PD) is a complex, progressive neurodegenerative disorder driven by multiple pathogenetic factors, including oxidative stress, mitochondria dysfunction, neuroinflammation and ion imbalance. Recent evidence highlights the significant role of potassium channels in the pathophysiology of PD. We recently identified a PD-linked genetic mutation in the KCNJ15 gene (KCNJ15","[{'affiliation': 'Institute for Biomedicine and Glycomics, Griffith University, Nathan, Queensland, Australia.\nSchool of Environment and Science, Griffith University, Nathan, Queensland, Australia.', 'firstname': 'Xiaoyi', 'initials': 'X', 'lastname': 'Chen'}, {'affiliation': 'School of Medical, Indigenous and Health Sciences, Molecular Horizons, University of Wollongong, New South Wales, Australia.', 'firstname': 'Rocio K', 'initials': 'RK', 'lastname': 'Finol-Urdaneta'}, {'affiliation': 'Institute for Biomedicine and Glycomics, Griffith University, Nathan, Queensland, Australia.\nClem Jones Centre for Neurobiology and Stem Cell Research, Griffith University, Nathan, Queensland, Australia.', 'firstname': 'Mo', 'initials': 'M', 'lastname': 'Chen'}, {'affiliation': 'Institute for Biomedicine and Glycomics, Griffith University, Nathan, Queensland, Australia.', 'firstname': 'Alex M', 'initials': 'AM', 'lastname': 'Sykes'}, {'affiliation': 'Engineering Research Center of Tropical Medicine Innovation and Transformation, Ministry of Education, Hainan Key Laboratory for Research and Development of Tropical Herbs, School of Pharmacy, Hainan Medical University, Haikou, China.', 'firstname': 'Bingmiao', 'initials': 'B', 'lastname': 'Gao'}, {'affiliation': 'Institute for Biomedicine and Glycomics, Griffith University, Nathan, Queensland, Australia.', 'firstname': 'Jamila', 'initials': 'J', 'lastname': 'Iqbal'}, {'affiliation': 'School of Medical, Indigenous and Health Sciences, Molecular Horizons, University of Wollongong, New South Wales, Australia.', 'firstname': 'David J', 'initials': 'DJ', 'lastname': 'Adams'}, {'affiliation': 'Institute for Biomedicine and Glycomics, Griffith University, Nathan, Queensland, Australia.\nSchool of Environment and Science, Griffith University, Nathan, Queensland, Australia.', 'firstname': 'George D', 'initials': 'GD', 'lastname': 'Mellick'}, {'affiliation': 'Institute for Biomedicine and Glycomics, Griffith University, Nathan, Queensland, Australia.\nSchool of Environment and Science, Griffith University, Nathan, Queensland, Australia.', 'firstname': 'Linlin', 'initials': 'L', 'lastname': 'Ma'}]",,© 2025 The Author(s). The Journal of Physiology published by John Wiley & Sons Ltd on behalf of The Physiological Society.,10.1113/JP287046,The Journal of physiology,,,<Element 'PubmedArticle' at 0x714e7f92e9d0>
"40564225
37048478
39402213
25913548
16547369
27662580
28434164
28676747
25830558
31781020
12084935
33728210
19933976
28592904
30068492
26236139
28554413
38427504
31975839
30774946
37270503
31666100
22033507
36875766
18582534
18678243
22580742
22031897
21575676
20818791
33272323
38203667
35111580
21133708
33179143
27245919
36108429
19017558
27376058
36722550
26323480
32042065
19049249
30531711
29752843
22160349
29089878
31507388
23104886
24227677
25516281
37953330
8232850
19162544
35592640
18045597
17764976
38637645
18402983
35735376
31250383
31645617
37293204
20409326
30615888
21041647
27633985
36759508
37475029
33848482
37830550
8590062
20463759
23928073
36780947
34132500
33846345
27648918
37419403
31282427
32477098
23820649",Genotype-Based Housing as a Potential Confounder in Studies Using Transgenic Mouse Models-Insight from the A53T Mouse Model of Parkinson's Disease.,2025-06-26,"A53T, Parkinson’s disease, genotype-based housing, memory impairment, reproducibility, transgenic animal models, translation",,"[{'affiliation': 'Department of Neurobiology, Institute for Biological Research ""Siniša Stanković""-National Institute of Republic of Serbia, University of Belgrade, 11060 Belgrade, Serbia.', 'firstname': 'Olga', 'initials': 'O', 'lastname': 'Dubljević'}, {'affiliation': 'Department of Neurobiology, Institute for Biological Research ""Siniša Stanković""-National Institute of Republic of Serbia, University of Belgrade, 11060 Belgrade, Serbia.', 'firstname': 'Miodrag', 'initials': 'M', 'lastname': 'Dragoj'}, {'affiliation': 'Department of Neurobiology, Institute for Biological Research ""Siniša Stanković""-National Institute of Republic of Serbia, University of Belgrade, 11060 Belgrade, Serbia.', 'firstname': 'Milica', 'initials': 'M', 'lastname': 'Potrebić Stefanović'}, {'affiliation': 'Department of Neurobiology, Institute for Biological Research ""Siniša Stanković""-National Institute of Republic of Serbia, University of Belgrade, 11060 Belgrade, Serbia.', 'firstname': 'Maja', 'initials': 'M', 'lastname': 'Srbovan'}, {'affiliation': 'Department of Neurobiology, Institute for Biological Research ""Siniša Stanković""-National Institute of Republic of Serbia, University of Belgrade, 11060 Belgrade, Serbia.\nDepartment of Pharmacology, Toxicology and Pharmacy, University of Veterinary Medicine Hannover, Foundation, 30559 Hannover, Germany.', 'firstname': 'Miloš', 'initials': 'M', 'lastname': 'Stanojlović'}, {'affiliation': 'Department of Neurobiology, Institute for Biological Research ""Siniša Stanković""-National Institute of Republic of Serbia, University of Belgrade, 11060 Belgrade, Serbia.', 'firstname': 'Željko', 'initials': 'Ž', 'lastname': 'Pavković'}]",,,"10.3390/biomedicines13061506
10.3390/ani13071223
10.1038/s41684-024-01458-4
10.1016/j.expneurol.2015.04.010
10.1093/ilar.47.2.124
10.1371/journal.pone.0163245
10.1007/s11064-017-2270-4
10.3389/fnhum.2017.00316
10.3389/fneur.2019.01155
10.1073/pnas.132197599
10.7759/cureus.13275
10.1212/WNL.0b013e3181c34af5
10.1038/nrn.2017.62
10.1016/j.parkreldis.2018.07.016
10.1016/bs.irn.2017.02.016
10.3233/JPD-230393
10.1176/appi.focus.20160043
10.2147/JPRLS.S125064
10.1186/s40035-019-0146-z
10.1186/s13578-023-01049-9
10.1186/s13041-019-0514-8
10.31887/DCNS.2004.6.3/ahartmann
10.3389/fcell.2023.1104393
10.1016/j.neulet.2008.06.040
10.1016/j.bbi.2008.07.003
10.1007/s11910-012-0283-6
10.1523/JNEUROSCI.3688-11.2011
10.1016/j.neulet.2011.04.063
10.1002/ana.22082
10.1186/s40478-020-01083-5
10.3390/ijms25010498
10.5498/wjp.v12.i1.77
10.2217/bmm.10.111
10.1007/s00415-020-10299-3
10.1016/j.parkreldis.2016.05.023
10.1016/j.parkreldis.2022.08.020
10.1016/j.jocn.2008.03.010
10.3389/fbioe.2016.00043
10.4103/ijp.ijp_860_22
10.3000/17252555.L_2010.276.eng
10.1093/femsre/fuv036
10.1038/s41598-020-59012-4
10.1016/S0168-1591(01)00200-3
10.3791/58593
10.1111/pan.13396
10.1007/s10339-011-0430-z
10.3389/fnbeh.2017.00197
10.3389/fnbeh.2019.00193
10.1093/bioinformatics/bts635
10.1093/bioinformatics/btt656
10.1186/s13059-014-0550-8
10.1093/nar/gkad987
10.21105/joss.01686
10.1016/0028-3932(93)90149-T
10.1016/j.coph.2008.12.014
10.3389/fnbeh.2022.872628
10.1016/j.yhbeh.2007.09.023
10.1016/j.neuroimage.2007.06.038
10.1101/2023.05.03.539254
10.1016/j.lfs.2008.02.010
10.3390/bs12060166
10.1007/s12035-019-01682-x
10.1038/s41598-019-51674-z
10.3389/fcimb.2023.1159771
10.1186/1756-6606-3-12
10.1016/j.brainres.2019.01.006
10.1073/pnas.1014557107
10.1016/j.bbi.2016.09.011
10.1038/s41531-023-00447-7
10.1186/s12974-023-02843-5
10.1016/j.cub.2021.01.056
10.3390/cells12192336
10.1016/0006-8993(95)00596-I
10.1038/gt.2010.71
10.1016/j.neuroscience.2013.07.061
10.1016/j.neures.2023.02.001
10.1002/brb3.2251
10.1038/s41531-021-00179-6
10.1038/tp.2016.160
10.1016/j.neuroscience.2023.07.001
10.3233/JPD-191683
10.3389/fnagi.2020.00118
10.1007/s00439-013-1331-2",Biomedicines,,,<Element 'PubmedArticle' at 0x714e7f9b1a30>
"40558866
40005055
34858496
31791711
38059229
30170309
40137543
30594548
28704700
33991619
24556010
25883837
30337670
38561126
32145396
18945337
30319182
40278616
36710657
33747231
29222908
38655191
32006337
36029574
25912464
31197504
16042503
38613959
39855621
11146591
28894590
29555973
34888010
37806478
32358751
36549446
32030155
24856742
30677475
39456734
39938320
35137321
17981626
19931761
11291736
38468737
36006130
31606407
39134163
36878369
33204096
32721662
25904081
28202386
37626097
30691095
28412655
33816123
28576469
24503016
38664407
30248838
38714693
32650713
23210447
25045800
29441825
29386135
30144575
29031050
28385489
30267378
35550926
36087732
28551743
32070689
30658292
37927277
34784980
35812394
37047120
32426240
39520734
38356323
37832608
27722929
33297185
36361631
32218337
38696970
36744686
30789100
35053072
38472141
35365720
35847088
27595410
35759118
37113978
30111184
27281690
26425806
22547821
26385760
30356230
40205829
36851045
37180892
32738377
28959645
39120325
39719252
20371137
25630971
30118749
35452779
32247646
28099088",Neurotoxic Effects of Pesticides: Implications for Neurodegenerative and Neurobehavioral Disorders.,2025-06-25,"Alzheimer’s disease, Parkinson’s disease, RASFF, neurobehavioral disorder, neurotoxicity, pesticide exposure","Pesticides play an essential role in modern agriculture, yet increasing evidence links their widespread use to neurotoxic effects that contribute to both neurodegenerative and neurodevelopmental disorders. In recent years, new classes of pesticides such as neonicotinoids and pyrethroids have garnered attention due to their potential to disrupt neurodevelopment, even at low exposure levels. Furthermore, emerging evidence underscores the involvement of the gut-brain axis, neuroinflammation, and epigenetic modulation in pesticide-induced neuropathology. This review aims to synthesize these latest advancements while highlighting underexplored mechanisms, thereby offering a comprehensive and current perspective on pesticide-related neurotoxicity. Data from the Rapid Alert System for Food and Feed (RASFF) indicate that several food products include residues of pesticides recognized for their neurotoxic properties. Although environmental exposure levels are lower than those in occupational contexts, the magnitude and persistence of food-based exposure demand thorough evaluation. This review integrates evidence coming from epidemiological, in vivo and in vitro investigations, emphasizing the correlations between pesticide exposure and conditions such as Alzheimer's disease, Parkinson's disease, and cognitive deficits in children. Neurodevelopmental toxicity is especially alarming since symptoms may manifest subtly and with a delayed onset after early-life exposure, indicating the significant neurotoxic potential of pesticide residues and emphasizing the need for their careful evaluation in food safety assessments. Improved regulatory procedures and public health efforts are essential to reducing long-term brain damage.","[{'affiliation': 'Faculty of Pharmacy, ""Grigore T. Popa"" University of Medicine and Pharmacy, 700115 Iasi, Romania.\nDepartment of Environmental and Food Chemistry, ""Grigore T. Popa"" University of Medicine and Pharmacy, 700115 Iasi, Romania.', 'firstname': 'Alexandra Andreea', 'initials': 'AA', 'lastname': 'Botnaru'}, {'affiliation': 'Faculty of General Medicine, ""Grigore T. Popa"" University of Medicine and Pharmacy, 700115 Iasi, Romania.\nDepartment of Pediatrics, ""Grigore T. Popa"" University of Medicine and Pharmacy, 700115 Iasi, Romania.', 'firstname': 'Ancuta', 'initials': 'A', 'lastname': 'Lupu'}, {'affiliation': 'Faculty of General Medicine, ""Grigore T. Popa"" University of Medicine and Pharmacy, 700115 Iasi, Romania.\nDepartment of Internal Medicine, ""Grigore T. Popa"" University of Medicine and Pharmacy, 700115 Iasi, Romania.', 'firstname': 'Paula Cristina', 'initials': 'PC', 'lastname': 'Morariu'}, {'affiliation': 'Faculty of Pharmacy, ""Grigore T. Popa"" University of Medicine and Pharmacy, 700115 Iasi, Romania.\nDepartment of Toxicology, Faculty of Pharmacy, ""Grigore T. Popa"" University of Medicine and Pharmacy, 700115 Iasi, Romania.', 'firstname': 'Alexandra', 'initials': 'A', 'lastname': 'Jităreanu'}, {'affiliation': 'Faculty of General Medicine, ""Grigore T. Popa"" University of Medicine and Pharmacy, 700115 Iasi, Romania.\nDepartment of Morpho-Functional Science I, ""Grigore T. Popa"" University of Medicine and Pharmacy, 700115 Iasi, Romania.', 'firstname': 'Alin Horatiu', 'initials': 'AH', 'lastname': 'Nedelcu'}, {'affiliation': 'Faculty of General Medicine, ""Grigore T. Popa"" University of Medicine and Pharmacy, 700115 Iasi, Romania.', 'firstname': 'Branco Adrian', 'initials': 'BA', 'lastname': 'Morariu'}, {'affiliation': 'Faculty of General Medicine, ""Grigore T. Popa"" University of Medicine and Pharmacy, 700115 Iasi, Romania.', 'firstname': 'Emil', 'initials': 'E', 'lastname': 'Anton'}, {'affiliation': 'Dipartimento di Farmacia, Salute e Scienze della Nutrizione, Università della Calabria, Arcavacata di Rende, 87036 Cosenza, Italy.', 'firstname': 'Maria Luisa', 'initials': 'ML', 'lastname': 'Di Gioia'}, {'affiliation': 'Faculty of General Medicine, ""Grigore T. Popa"" University of Medicine and Pharmacy, 700115 Iasi, Romania.\nDepartment of Pediatrics, ""Grigore T. Popa"" University of Medicine and Pharmacy, 700115 Iasi, Romania.', 'firstname': 'Vasile Valeriu', 'initials': 'VV', 'lastname': 'Lupu'}, {'affiliation': 'Research Centre in the Medical-Pharmaceutical Field, Faculty of Medicine and Pharmacy, ""Dunarea de Jos"" University of Galati, 800010 Galati, Romania.', 'firstname': 'Oana Maria', 'initials': 'OM', 'lastname': 'Dragostin'}, {'affiliation': 'Faculty of Pharmacy, ""Grigore T. Popa"" University of Medicine and Pharmacy, 700115 Iasi, Romania.\nDepartment of Analytical Chemistry, ""Grigore T. Popa"" University of Medicine and Pharmacy, 700115 Iasi, Romania.', 'firstname': 'Madalina', 'initials': 'M', 'lastname': 'Vieriu'}, {'affiliation': 'Faculty of Pharmacy, ""Grigore T. Popa"" University of Medicine and Pharmacy, 700115 Iasi, Romania.\nDepartment of Environmental and Food Chemistry, ""Grigore T. Popa"" University of Medicine and Pharmacy, 700115 Iasi, Romania.', 'firstname': 'Ionela Daniela', 'initials': 'ID', 'lastname': 'Morariu'}]",,,"10.3390/jox15030083
10.3390/nu17040727
10.1155/2021/9983201
10.1016/j.envres.2019.108926
10.25259/JNRP_58_2023
10.1016/j.envint.2018.07.037
10.3390/toxics13030216
10.1016/j.fct.2018.12.043
10.1016/j.envint.2017.07.001
10.1016/j.jchemneu.2021.101966
10.1016/S1474-4422(13)70278-3
10.4103/2152-7806.153876
10.1016/j.matpr.2022.12.153
10.1038/s41390-018-0200-z
10.1016/j.yfrne.2024.101132
10.1016/j.toxlet.2020.03.005
10.1186/1476-069X-7-50
10.1007/s12291-018-0791-5
10.3390/toxics13040300
10.1111/1541-4337.13109
10.2903/j.efsa.2021.6479
10.1002/jsfa.8821
10.1007/s12161-020-01809-0
10.1016/j.foodcont.2018.09.033
10.2903/j.efsa.2024.8753
10.1007/s11356-020-07864-8
10.17533/udea.rccp.v35n2a7
10.1016/j.ecoenv.2022.113972
10.1016/j.neuro.2015.04.003
10.1007/s00401-019-02033-9
10.2165/00139709-200524010-00003
10.1016/j.jhazmat.2024.134236
10.1016/j.biocel.2025.106735
10.1038/celldisc.2017.24
10.1038/s41598-018-22977-4
10.4239/wjd.v12.i11.1818
10.1016/j.envres.2023.117337
10.1007/s11356-020-09045-z
10.1016/j.envpol.2022.120903
10.1007/s40201-019-00398-3
10.1016/j.ajem.2014.04.030
10.1016/j.pharmthera.2019.01.001
10.3390/ijms252010951
10.1016/j.chemosphere.2025.144204
10.1007/s10565-022-09697-2
10.2741/2758
10.1016/j.ajem.2009.01.035
10.1191/096032700672133218
10.1007/s12088-023-01153-x
10.3390/toxics10080451
10.1016/j.brainresbull.2019.10.002
10.1016/j.etap.2024.104532
10.1016/j.chemosphere.2023.138251
10.2147/TCRM.S269161
10.1016/j.scitotenv.2020.140591
10.1016/S0140-6736(14)61393-3
10.1016/j.tox.2017.02.009
10.1038/s41531-023-00568-z
10.3390/ijerph16030337
10.1016/j.biopha.2017.03.100
10.1016/j.toxrep.2021.03.009
10.1016/j.fct.2017.05.067
10.1016/j.toxlet.2014.01.039
10.1038/s41531-024-00703-4
10.1016/j.scitotenv.2018.07.143
10.1038/s41531-024-00704-3
10.1186/s12868-020-00582-4
10.1186/2047-9158-1-9
10.1021/tx5002223
10.1177/0960327118758152
10.1016/j.celrep.2017.12.092
10.1016/j.tiv.2018.08.009
10.1016/j.chemosphere.2017.10.032
10.1016/j.taap.2017.03.027
10.1007/s11064-018-2638-0
10.1016/j.biocel.2022.106225
10.1016/j.chemosphere.2022.136344
10.1007/s11356-017-9218-8
10.1016/j.bbr.2020.112562
10.1016/j.jneuroim.2019.01.004
10.3233/JPD-230206
10.1186/s40168-021-01107-9
10.3389/fimmu.2022.937555
10.3390/ijms24076147
10.1016/j.toxrep.2020.03.011
10.1016/j.puhe.2024.10.035
10.1002/jbt.23660
10.1016/j.arr.2023.102091
10.1007/s00204-016-1849-x
10.1016/j.chemosphere.2020.128238
10.3390/ijms232112841
10.3390/toxics8020021
10.1016/j.jalz.2018.02.001
10.1016/j.psychres.2024.115932
10.2174/1567205020666230206142738
10.1080/1028415X.2018.1492772
10.3390/biology11010073
10.1177/09603271241235408
10.1038/s41598-022-09533-x
10.3389/fmicb.2022.931440
10.1159/000448912
10.1007/s40291-022-00600-7
10.1093/pnasnexus/pgad085
10.1176/appi.ajp.2018.17101129
10.1016/j.envres.2016.05.048
10.1016/j.envint.2015.09.019
10.1073/pnas.1203396109
10.1016/j.neuro.2015.09.004
10.1371/journal.pmed.1002671
10.1002/jat.4746
10.3390/toxics11020170
10.1016/j.heliyon.2023.e15840
10.1016/j.fct.2020.111632
10.1016/j.toxrep.2017.05.002
10.3390/cells13151295
10.1016/j.taap.2024.117215
10.1016/j.neurobiolaging.2010.02.018
10.1096/fj.14-260901
10.1016/j.brainresbull.2018.08.007
10.1016/j.tox.2022.153189
10.1016/j.neuro.2020.03.013
10.1080/03601234.2016.1239973",Journal of xenobiotics,,,<Element 'PubmedArticle' at 0x714e7f8b9f30>
40550315,MT1G activation in dopaminergic neurons identifies chelators and their relationships to cytotoxicity.,2025-06-24,"Dopaminergic neurons, LUHMES, Metallothionein, Neurotoxicity, Quantitative high-throughput screening","Although multiple pesticides and solvents are risk factors for Parkinson's disease [1] and other neurodegenerative diseases, most risk factors remain undiscovered. We previously identified the metallothionein gene MT1G as a biomarker for neurotoxicity induced by all seven neurotoxicants tested in LUHMES dopaminergic neurons. Here we used CRISP/R technology to insert a HiBiT tag into the MT1G gene of the LUHMES cell line. The engineered LUHMES MT1G::HiBiT cell lines were used to develop a quantitative high throughput screening [2] assay in a 3D-suspension culture platform with 1536 well microplates. We validated this qHTS assay by screening the LOPAC (Library of Pharmacologically Active Compounds) collection composed of 1280 compounds plus 88 selected Tox21 chemicals, demonstrating high signal-to-noise and reproducibility. In screening this library, 49 compounds were confirmed to significantly increase MT1G-HiBiT activity, including 35 compounds that exhibited cytotoxicity below 50 μM, and 14 noncytotoxic compounds. Most of these MT1G-HiBiT inducers killed cells at concentrations moderately higher than their MT1G-HiBiT activation potencies (AC","[{'affiliation': 'Division of Preclinical Innovation, National Center for Advancing Translational Sciences, National Institutes of Health, 9800 Medical Center Dr., Bldg C-345E, Rockville, MD 20850.', 'firstname': 'Zhi-Bin', 'initials': 'ZB', 'lastname': 'Tong'}, {'affiliation': 'Division of Preclinical Innovation, National Center for Advancing Translational Sciences, National Institutes of Health, 9800 Medical Center Dr., Bldg C-345E, Rockville, MD 20850.', 'firstname': 'Srilatha', 'initials': 'S', 'lastname': 'Sakamuru'}, {'affiliation': 'Division of Preclinical Innovation, National Center for Advancing Translational Sciences, National Institutes of Health, 9800 Medical Center Dr., Bldg C-345E, Rockville, MD 20850.', 'firstname': 'James', 'initials': 'J', 'lastname': 'Travers'}, {'affiliation': 'Division of Preclinical Innovation, National Center for Advancing Translational Sciences, National Institutes of Health, 9800 Medical Center Dr., Bldg C-345E, Rockville, MD 20850.', 'firstname': 'Tuan', 'initials': 'T', 'lastname': 'Xu'}, {'affiliation': 'Division of Preclinical Innovation, National Center for Advancing Translational Sciences, National Institutes of Health, 9800 Medical Center Dr., Bldg C-345E, Rockville, MD 20850.', 'firstname': 'Shu', 'initials': 'S', 'lastname': 'Yang'}, {'affiliation': 'Division of Preclinical Innovation, National Center for Advancing Translational Sciences, National Institutes of Health, 9800 Medical Center Dr., Bldg C-345E, Rockville, MD 20850.', 'firstname': 'Menghang', 'initials': 'M', 'lastname': 'Xia'}, {'affiliation': 'Division of Preclinical Innovation, National Center for Advancing Translational Sciences, National Institutes of Health, 9800 Medical Center Dr., Bldg C-345E, Rockville, MD 20850.', 'firstname': 'Anton', 'initials': 'A', 'lastname': 'Simeonov'}, {'affiliation': 'Division of Preclinical Innovation, National Center for Advancing Translational Sciences, National Institutes of Health, 9800 Medical Center Dr., Bldg C-345E, Rockville, MD 20850.', 'firstname': 'Ruili', 'initials': 'R', 'lastname': 'Huang'}, {'affiliation': 'Division of Preclinical Innovation, National Center for Advancing Translational Sciences, National Institutes of Health, 9800 Medical Center Dr., Bldg C-345E, Rockville, MD 20850. Electronic address: david.gerhold@nih.gov.', 'firstname': 'David', 'initials': 'D', 'lastname': 'Gerhold'}]",,Copyright © 2025. Published by Elsevier Inc.,10.1016/j.slasd.2025.100244,SLAS discovery : advancing life sciences R & D,,,<Element 'PubmedArticle' at 0x714e7f6feac0>
40548507,Biotechnological Advances in L-DOPA Biosynthesis and Production.,2025-06-24,"biosynthesis, l‐DOPA, metabolic regulation, tyrosinase, tyrosine phenol‐lyase","l-DOPA (3,4-dihydroxyphenyl-l-alanine) has been the primary medication for treating Parkinson's disease (PD), a degenerative brain disorder related to dopamine depletion, for the past six decades. As a result, biotechnological approaches utilizing metabolic engineering in microorganisms or enzymatic processes have been extensively explored as promising alternatives for l-DOPA production. These methods not only enhance conversion efficiency and enantioselectivity but are also cost-effective and environmentally sustainable. Metabolic engineering strategies have been employed to engineer Escherichia coli strains capable of accumulating l-DOPA from glucose by regulating carbon metabolism pathways. Additionally, microbial systems expressing tyrosinase, p-hydroxyphenylacetate 3-hydroxylase (PHAH), or tyrosine phenol-lyase (TPL) have been utilized for l-DOPA biosynthesis. In this review, we summarize current advancements in l-DOPA biosynthesis and biotechnological production strategies, providing a comparative analysis of their advantages and limitations. Moreover, we discuss the promise of biotech-driven l-DOPA production, emphasizing its industrial applications and large-scale production feasibility.","[{'affiliation': 'College of Biology and Food Engineering, Suzhou University of Technology, Changshu, Jiangsu, China.', 'firstname': 'Hongmei', 'initials': 'H', 'lastname': 'Han'}, {'affiliation': 'Department of Outpatient, Jinling Hospital, Affiliated Hospital of Medical School, Nanjing University, Nanjing, Jiangsu, China.', 'firstname': 'Yue', 'initials': 'Y', 'lastname': 'Chen'}, {'affiliation': 'College of Biology and Food Engineering, Suzhou University of Technology, Changshu, Jiangsu, China.', 'firstname': 'Lingtian', 'initials': 'L', 'lastname': 'Wu'}, {'affiliation': 'College of Biology and Food Engineering, Suzhou University of Technology, Changshu, Jiangsu, China.', 'firstname': 'Yongsheng', 'initials': 'Y', 'lastname': 'Wang'}, {'affiliation': 'College of Biology and Food Engineering, Suzhou University of Technology, Changshu, Jiangsu, China.', 'firstname': 'Yibo', 'initials': 'Y', 'lastname': 'Zhu'}]",,© 2025 Wiley Periodicals LLC.,10.1002/bit.70011,Biotechnology and bioengineering,,,<Element 'PubmedArticle' at 0x714e7f71f740>
40539973,Production of the Neurotoxin BMAA by Marine Diatoms Drives Its Widespread Occurrence in Estuarine and Coastal Ecosystems.,2025-06-20,"coastal ecosystems, diatoms, estuary, neurotoxin, β-N-methylamino-l-alanine (BMAA)",Phytoplankton are the primary producers of marine neurotoxins such as β-,"[{'affiliation': 'Department of Marine Science, Ocean College, Zhejiang University, Zhoushan 316021, China.', 'firstname': 'Chao', 'initials': 'C', 'lastname': 'Wang'}, {'affiliation': 'Department of Marine Science, Ocean College, Zhejiang University, Zhoushan 316021, China.', 'firstname': 'Mengsheng', 'initials': 'M', 'lastname': 'Xia'}, {'affiliation': 'Department of Marine Science, Ocean College, Zhejiang University, Zhoushan 316021, China.', 'firstname': 'Yixi', 'initials': 'Y', 'lastname': 'Su'}, {'affiliation': 'Department of Marine Science, Ocean College, Zhejiang University, Zhoushan 316021, China.', 'firstname': 'Yuexuan', 'initials': 'Y', 'lastname': 'Shu'}, {'affiliation': 'Department of Marine Science, Ocean College, Zhejiang University, Zhoushan 316021, China.', 'firstname': 'Weizhao', 'initials': 'W', 'lastname': 'Meng'}, {'affiliation': 'Department of Marine Science, Ocean College, Zhejiang University, Zhoushan 316021, China.', 'firstname': 'Jiahao', 'initials': 'J', 'lastname': 'Ma'}, {'affiliation': 'Department of Marine Science, Ocean College, Zhejiang University, Zhoushan 316021, China.', 'firstname': 'Jiwei', 'initials': 'J', 'lastname': 'Chen'}, {'affiliation': 'Second Institute of Oceanography, The Ministry of Natural Resources (MNR), Hangzhou 310012, China.', 'firstname': 'Pengbin', 'initials': 'P', 'lastname': 'Wang'}, {'affiliation': 'The University of Hong Kong, Kowloon 999077, Hong Kong SAR, China.', 'firstname': 'Mathew', 'initials': 'M', 'lastname': 'Seymour'}, {'affiliation': 'Department of Marine Science, Ocean College, Zhejiang University, Zhoushan 316021, China.\nCenter for Systems Biology & Faculty of Industrial Engineering, Mechanical Engineering and Computer Science, School of Engineering and Natural Sciences, University of Iceland, Reykjavik 101, Iceland.', 'firstname': 'Weiqi', 'initials': 'W', 'lastname': 'Fu'}]",,,10.1021/acs.est.5c00636,Environmental science & technology,,,<Element 'PubmedArticle' at 0x714e7f7b62f0>
"40535452
30287051
38493795
24503004
30941085
31428316
21269927
35257879
14645467
29729297
22083847
23220449
37184848
26151951
12051555
36213098
31521533
20430055
31404238
23045187
37127082
27751556
30306634
19822770
34519802
39363041
31736859
38476815
30646166
17960818
24607323
18091006
29946108
25476529
37449597
35579496
20650672
26037459
38022432
34694344
33031735
33836148",The global rise in Parkinson's disease: a critical analysis of causes and future directions.,2025-06-19,"Parkinson's disease, environmental toxic pollutants, exposome, pesticide and insecticide, toxins",,"[{'affiliation': 'Grupo Cerebro, Emoción y Conducta, Escuela de Medicina, Universidad de las Américas (UDLA), Quito, Ecuador.', 'firstname': 'Jose E', 'initials': 'JE', 'lastname': 'Leon-Rojas'}]",,,"10.3389/fpubh.2025.1606732
10.1016/S1474-4422(18)30295-3
10.1016/S1474-4422(24)00038-3
10.1016/j.arr.2014.01.004
10.3389/fneur.2019.00218
10.1186/s40035-019-0165-9
10.1289/ehp.1002839
10.1016/j.nbd.2022.105685
10.1523/JNEUROSCI.23-34-10756.2003
10.1016/j.yrtph.2018.05.005
10.1002/ana.22629
10.1016/j.taap.2012.11.016
10.1001/jamaneurol.2023.1168
10.1289/ehp.1409313
10.1080/01926230252929954
10.4103/aian.aian_62_22
10.1016/S1474-4422(19)30287-X
10.1016/j.neuro.2010.04.007
10.1212/NXG.0000000000000354
10.1002/mds.25216
10.1016/j.mad.2023.111821
10.1016/S1474-4422(16)30230-7
10.1002/mds.27489
10.1001/archneurol.2009.247
10.1001/jama.2021.10207
10.1007/s00415-024-12672-y
10.3389/fneur.2019.01143
10.7759/cureus.54021
10.1001/jamanetworkopen.2018.2421
10.1002/mds.21772
10.1016/j.yfrne.2014.02.002
10.1249/mss.0b013e31815a51b3
10.1038/s41386-018-0125-6
10.1002/mds.26069
10.4103/1673-5374.373673
10.1002/mds.29116
10.1016/j.parkreldis.2010.06.012
10.1016/j.parkreldis.2015.05.015
10.4103/aian.aian_539_23
10.1001/jamaneurol.2021.3895
10.1016/S1474-4422(20)30308-2
10.1016/S2215-0366(21)00084-5",Frontiers in public health,,,<Element 'PubmedArticle' at 0x714e7f778b30>
"40523881
38537126
38606392
37030692
36292403
33929963
37603475",A novel Swin transformer based framework for speech recognition for dysarthria.,2025-06-17,"AI in healthcare, Dysarthria, Global features, Local features","Dysarthria frequently occurs in individuals with disorders such as stroke, Parkinson's disease, cerebral palsy, and other neurological disorders. Well-timed detection and management of dysarthria in these patients is imperative for efficiently handling the development of their condition. Several previous studies have concentrated on detecting dysarthria speech using machine learning-based methods. However, the false positive rate is high due to the varying nature of speech and environmental factors such as background noise. Therefore, in this work, we employ a model based on the Swin transformer (ST), namely DSR-Swinoid. Firstly, the speech is converted into mel-spectrograms to reflect the maximum patterns of voice signals. Despite the ST's initial aim to effectively extract the local and global visual features, it still prioritizes global features. Meanwhile, in mel-spectrograms, the specific gaps due to slurred speech are considered. Therefore, our objective is to improve the ST's capacity for learning local features by introducing 4 modules: network for local feature capturing (NLF), convolutional patch concatenation, multi-path (MP), and multi-view block (MVB). The NLF module enriches the existing Swin transformer by enhancing its capability to capture local features effectively. MP integrates features from different Swin phases to emphasize local information. In the meantime, the MVB-ST block surpasses classical Swin blocks by integrating diverse receptive fields, focusing on a more comprehensive extraction of local features. Investigational outcomes explain that the DSR-Swinoid attains the best exactness of 98.66%, exceeding the outcomes by existing methods.","[{'affiliation': 'Department of Computer Science, University of Engineering and Technology Taxila, Taxila, 47050, Pakistan. rabbia.mahum@uettaxila.edu.pk.', 'firstname': 'Rabbia', 'initials': 'R', 'lastname': 'Mahum'}, {'affiliation': 'Industrial Engineering Department, College of Engineering, King Saud University, PO Box 800, 11421, Riyadh, Saudi Arabia.', 'firstname': 'Ismaila', 'initials': 'I', 'lastname': 'Ganiyu'}, {'affiliation': 'Industrial Engineering Department, College of Engineering, King Saud University, PO Box 800, 11421, Riyadh, Saudi Arabia.', 'firstname': 'Lotfi', 'initials': 'L', 'lastname': 'Hidri'}, {'affiliation': 'Industrial Engineering Department, College of Engineering, King Saud University, PO Box 800, 11421, Riyadh, Saudi Arabia. aelsherbeeny@ksu.edu.sa.', 'firstname': 'Ahmed M', 'initials': 'AM', 'lastname': 'El-Sherbeeny'}, {'affiliation': 'School of Medicine, The Chinese University of Hong Kong, Shenzhen, China. Haseeb@sztu.edu.cn.\nCollege of Health Science and Environmental Engineering, Shenzhen Technology University, Shenzhen, 518118, China. Haseeb@sztu.edu.cn.', 'firstname': 'Haseeb', 'initials': 'H', 'lastname': 'Hassan'}]",,© 2025. The Author(s).,10.1038/s41598-025-02042-7,Scientific reports,,,<Element 'PubmedArticle' at 0x714e7f716610>
40516373,O-GEST: Overground gait events detector using b-spline-based geometric models for marker-based and markerless analysis.,2025-06-15,"B-Spline curves, Gait events detection, Geometric modeling, Markerless analysis, Pathological gait pattern","Accurate gait events detection is imperative for reliable assessment of normal and pathological gaits. However, this detection becomes challenging in the absence of force plates. Hence, this research introduces two geometric models integrated into an automatic algorithm (O-GEST) for overground gait events detection using kinematic data. O-GEST employs B-Spline-based geometric models to represent the horizontal trajectory of foot landmarks. It leverages gait-dependent thresholds, along with optimal coefficients to detect events and compute spatiotemporal parameters on healthy and pathological gaits. To validate the proposed algorithm, timing differences in the detected events using the force plates and O-GEST were calculated and also compared between different methods on the gait data of 390 subjects. This dataset includes 200 healthy subjects, 100 subjects with unilateral hip osteoarthritis, 50 stroke survivors, 26 individuals diagnosed with Parkinson's disease, and 14 children with cerebral palsy. The validation results show that O-GEST detects gait events with an overall accuracy of 13.5 ms for foot-strike and 12.6 ms for foot-off. It also demonstrates significantly more accurate results than the common deep learning-based and kinematic-based methods. O-GEST offers several advantages, including its applicability for events detection across various pathologies, capability to handle noisy trajectories, and usability in the absence of certain foot landmarks. Development of such algorithms could lead to enhanced accuracy and reliability of gait analysis in force-plate-less environments, especially in markerless gait analysis setups.","[{'affiliation': ""Université Côte d'Azur, LAMHESS, Nice, France; Université Côte d'Azur, Inria, Sophia Antipolis, France. Electronic address: mehran.hatamzadeh@univ-eiffel.fr."", 'firstname': 'Mehran', 'initials': 'M', 'lastname': 'Hatamzadeh'}, {'affiliation': ""Université Côte d'Azur, Inria, Sophia Antipolis, France. Electronic address: laurent.buse@inria.fr."", 'firstname': 'Laurent', 'initials': 'L', 'lastname': 'Busé'}, {'affiliation': 'Université Laval, Department of Kinesiology, Faculty of Medicine, Centre interdisciplinaire de recherche en réadaptation et intégration sociale (Cirris), Quebec, Canada. Electronic address: Katia.Turcot@kin.ulaval.ca.', 'firstname': 'Katia', 'initials': 'K', 'lastname': 'Turcot'}, {'affiliation': ""Université Côte d'Azur, LAMHESS, Nice, France; Institut Universitaire de France (IUF), Paris, France. Electronic address: Raphael.ZORY@univ-cotedazur.fr."", 'firstname': 'Raphael', 'initials': 'R', 'lastname': 'Zory'}]",,Crown Copyright © 2025. Published by Elsevier Ltd. All rights reserved.,10.1016/j.jbiomech.2025.112803,Journal of biomechanics,,,<Element 'PubmedArticle' at 0x714e7f5e4ef0>
"40515617
38689398
25554219
32407217
27831482
27159436
28201730
25460342
38854853
39081781
34675843
38685877
39806070
26438738
37698187
30219036
32300635
11867658
37213325
34247388
34816805
31173607
33630089
39893628
33840652
35792711
32109693
31581632
32510896
37792968
26035897
26608334
19035823
38347298
34043283
39559867
34409412
8203802
31905111
31592706
29056885
35108051
39793970
37041494",The Use of Technology to Support Cognitive Diversity Among Older Adults.,2025-06-14,"Cognitive impairments, Technology, User-centered design","Older adults represent a remarkably heterogeneous population that is diverse in many dimensions, including cognition. Cognitive diversity includes normative age-related changes in cognition, mild cognitive impairment (MCI), and more severe impairments such as dementia. The causes and nature of these cognitive impairments (CIs) are varied, extending beyond MCI and Alzheimer's disease and related dementias to encompass stroke, Parkinson's disease, and traumatic brain injury. When developing cognitive support strategies, it is crucial to account for the wide range of cognitive diversity and the differing cognitive patterns and trajectories within older adult populations. In this regard, intersectionality is an important consideration given the increased diversity of the older adult population and the existence of health disparities among underrepresented groups. This paper focuses on demonstrating how technology applications can provide cognitive support to older adults across the continuum of cognition. Examples of ongoing research in this area are provided from the authors' Enhancing Neurocognitive Health, Abilities, Networks, & Community Engagement (ENHANCE) Center, which focuses on developing and evaluating technology support solutions for older adults with a CI, and the Center for Research and Education on Aging and Technology Enhancement (CREATE), which focuses on older adults and their interactions with technology systems and ensuring that the benefits of technology can be realized by older adults. We describe our research framework, based on a user-centered design approach, that emphasizes user characteristics, environmental contexts, and the importance of including diverse user groups in design activities.","[{'affiliation': 'Weill Cornell Medicine, New York, New York, USA.', 'firstname': 'Sara J', 'initials': 'SJ', 'lastname': 'Czaja'}, {'affiliation': 'Weill Cornell Medicine, New York, New York, USA.', 'firstname': 'Walter R', 'initials': 'WR', 'lastname': 'Boot'}, {'affiliation': 'Weill Cornell Medicine, New York, New York, USA.', 'firstname': 'Neil', 'initials': 'N', 'lastname': 'Charness'}, {'affiliation': 'University of Illinois Urbana-Champaign, Champaign, USA.', 'firstname': 'Wendy A', 'initials': 'WA', 'lastname': 'Rogers'}]",,"© The Author(s) 2025. Published by Oxford University Press on behalf of the Gerontological Society of America. All rights reserved. For commercial re-use, please contact reprints@oup.com for reprints and translation rights for reprints. All other permissions can be obtained through our RightsLink service via the Permissions link on the article page on our site—for further information please contact journals.permissions@oup.com.","10.1093/geront/gnaf114
10.1002/alz.13809
10.1002/9781118521373.wbeaa016
10.1017/S1041610214002749
10.1080/17483107.2020.1765032
10.1093/geront/gnw125
10.1177/2165143417739609
10.1037/a0040258
10.1093/geront/gnw249
10.1016/j.cct.2014.11.004
10.1093/geroni/igae042
10.1093/geroni/igae065
10.3389/fpsyg.2021.728658
10.4017/gt.2020.19.2.004.00
10.1177/07334648241248294
10.1038/s41591-024-03340-9
10.1377/hlthaff.2015.0510
10.1002/alz.13437
10.1186/s12877-018-0893-1
10.1016/j.ssmph.2020.100577
10.1093/geronb/57.2.P101
10.1093/geroni/igad031
10.4017/gt.2024.23.1.1055.12
10.1111/jgs.17366
10.1097/QAD.0000000000003134
10.1371/journal.pone.0218112
10.1001/jamanetworkopen.2021.0169
10.1080/17483107.2025.2460104
10.2188/jea.JE20200602
10.1080/00981389.2022.2091080
10.1016/j.archger.2020.104034
10.3390/ijerph16193718
10.1093/geront/gnv030
10.1093/geront/gnv144
10.1146/annurev.psych.59.103006.093656
10.1007/s10072-024-07366-2
10.1002/alz.12362
10.14283/jpad.2024.166
10.1016/j.ijhcs.2024.103278
10.1111/j.0963-7214.2004.00293.x
10.34197/ats-scholar.2020-0127PS
10.1037//0003-066x.49.4.304
10.1146/annurev-psych-010419-050754
10.1177/0898264319878095
10.1177/1555343415583747
10.1126/sciadv.abj2422
10.2196/59195
10.1186/s12877-023-03941-y",The Gerontologist,,,<Element 'PubmedArticle' at 0x714e7f14aa20>
"40506444
30584159
38493795
39074992
39087914
38804604
23071076
38217613
31342891
26109889
38820021
36526213
30391837
35262433
34979121
17449559
23713084
34316670
18054291
25101650
35900586
29891430
28988683
35235000
29057010
29362953
32875616
32310186
37308498
37482924
27692902
38866856
30564614
29662921
30219247
38664407
29311330
29550539
36611984
24682598
34196120
37487100
37647388
32982917
26091824
31527283
36216941
22688992
24687615
32076403
35844833
38642225
38320207
33615753
38622810
29495349
32971922
29563862
32999056
33682937
35699244
38598572
28054129
31412802
11456310",Longitudinal assessment of the association between pesticide exposure and lifestyle with Parkinson's disease motor severity.,2025-06-13,,"Longitudinal investigations on the relationship between lifestyle exposures and motor severity are lacking. In this longitudinal study, we included patients with idiopathic Parkinson's disease (iPD) (N = 5139) and LRRK2-related PD (N = 81) from PPMI-Online and Fox Insight. Motor aspects were followed for up to five years. We investigated the association between environmental exposure, lifestyle factors and motor aspect severity over time by applying linear mixed effects models. In LRRK2-PD, black tea consumption was associated with less severe motor aspects (β = -0.51, p = 0.028). In patients with iPD, pesticide exposure was associated with more severe motor aspects over time in PPMI-Online (β = 0.23, p = 3.56 × 10","[{'affiliation': 'Institute of Neurogenetics, University of Lübeck, Lübeck, Germany.', 'firstname': 'Theresa', 'initials': 'T', 'lastname': 'Lüth'}, {'affiliation': 'Institute of Medical Informatics and Statistics, Kiel University and University Hospital Schleswig-Holstein, Kiel, Germany.', 'firstname': 'Amke', 'initials': 'A', 'lastname': 'Caliebe'}, {'affiliation': 'Institute of Neurogenetics, University of Lübeck, Lübeck, Germany.', 'firstname': 'Carolin', 'initials': 'C', 'lastname': 'Gabbert'}, {'affiliation': 'Institute of Medical Informatics and Statistics, Kiel University and University Hospital Schleswig-Holstein, Kiel, Germany.', 'firstname': 'Sebastian', 'initials': 'S', 'lastname': 'Sendel'}, {'affiliation': 'Institute of Medical Biometry and Statistics, University of Lübeck, Lübeck, Germany.', 'firstname': 'Björn-Hergen', 'initials': 'BH', 'lastname': 'Laabs'}, {'affiliation': 'Institute of Medical Biometry and Statistics, University of Lübeck, Lübeck, Germany.', 'firstname': 'Inke R', 'initials': 'IR', 'lastname': 'König'}, {'affiliation': 'Institute of Neurogenetics, University of Lübeck, Lübeck, Germany.', 'firstname': 'Christine', 'initials': 'C', 'lastname': 'Klein'}, {'affiliation': 'Institute of Neurogenetics, University of Lübeck, Lübeck, Germany. joanne.trinh@uni-luebeck.de.', 'firstname': 'Joanne', 'initials': 'J', 'lastname': 'Trinh'}]",,© 2025. The Author(s).,10.1038/s41531-025-01010-2,NPJ Parkinson's disease,,,<Element 'PubmedArticle' at 0x714e7f47bd80>
"40486729
38113850
33293587
38954790
33440141
28504681
30533518
31996853
34372927
32908004
31173716
33758225
32494701
31591580
26644564
37353408
32568450
31585092
29709615
27315476
29311338
37445940
35870991
28878372
33051604
28126704
33708104
31758922
32540123
30617271
31782729
30171212
33195269
35624938
33725267
32655369
27629603
32017900
33010822
33377132
34288055
29402979
29770526
27402594
31000183
30799274
33545081
32679062
33986301
26951646
31564073
31957593
32297954
33910000
32083763
36671410
28822354
35368019
36121224
29953873
34167363
31035921
34992519
35110536
36061149
34177605
29398520
36566384
28292841
35651633
30355486
23969011
34407932
38759654
29743549
39802934
30301888
29656237
32300301
33436582
29950669
30630918
36171373
37271312
30557391
32632204
29570159
33545080
30992274
33138918
34498298
34286150
35333271
33077832
36418910
34716703
33195219
30202107
38252094
32509785
30979929
30147810
31474560
33180261
36822950
32513498
33597231
37215622
33347288
26748754
34075728
35405627
33139712
37862203",Brain organoid model systems of neurodegenerative diseases: recent progress and future prospects.,2025-06-09,"Alzheimer’s disease, Huntington’s disease, Parkinson’s disease, brain, disease modeling, neurodegenerative disorders, organoids, stem cells","Neurological diseases are a leading cause of disability, morbidity, and mortality, affecting 43% of the world's population. The detailed study of neurological diseases, testing of drugs, and repair of site-specific defects require physiologically relevant models that recapitulate key events and dynamic neurodevelopmental processes in a highly organized fashion. As an evolving technology, self-organizing and self-assembling brain organoids offer the advantage of modeling different stages of brain development in a 3D microenvironment. Herein, we review the utility, advantages, and limitations of the latest breakthroughs in brain organoid endeavors in the context of modeling three of the most prevalent neurodegenerative diseases-Alzheimer's, Parkinson's, and Huntington's disease. We conclude the review with a perspective on the future prospects of brain organoid models with their myriad possible applications in translational medicine.","[{'affiliation': 'College of Medicine, Alfaisal University, Riyadh, Saudi Arabia.', 'firstname': 'Saniyah', 'initials': 'S', 'lastname': 'Shaikh'}, {'affiliation': 'College of Medicine, Alfaisal University, Riyadh, Saudi Arabia.', 'firstname': 'Luqman', 'initials': 'L', 'lastname': 'Siddique'}, {'affiliation': 'College of Medicine, Alfaisal University, Riyadh, Saudi Arabia.', 'firstname': 'Hafsah T', 'initials': 'HT', 'lastname': 'Khalifey'}, {'affiliation': 'College of Medicine, Alfaisal University, Riyadh, Saudi Arabia.', 'firstname': 'Rutaba', 'initials': 'R', 'lastname': 'Mahereen'}, {'affiliation': 'College of Medicine, Alfaisal University, Riyadh, Saudi Arabia.', 'firstname': 'Thaabit', 'initials': 'T', 'lastname': 'Raziq'}, {'affiliation': 'College of Medicine, Alfaisal University, Riyadh, Saudi Arabia.', 'firstname': 'Rushdan M', 'initials': 'RM', 'lastname': 'Firdous'}, {'affiliation': 'College of Medicine, Alfaisal University, Riyadh, Saudi Arabia.\nBioscience Program, Biological and Environmental Science and Engineering Division (BESE), King Abdullah University of Science and Technology (KAUST), Thuwal, Saudi Arabia.\nKAUST Center of Excellence for Smart Health (KCSH), Thuwal, Saudi Arabia.', 'firstname': 'Aisha', 'initials': 'A', 'lastname': 'Siddique'}, {'affiliation': 'College of Medicine, Alfaisal University, Riyadh, Saudi Arabia.\nBioscience Program, Biological and Environmental Science and Engineering Division (BESE), King Abdullah University of Science and Technology (KAUST), Thuwal, Saudi Arabia.\nKAUST Center of Excellence for Smart Health (KCSH), Thuwal, Saudi Arabia.', 'firstname': 'Ismail M', 'initials': 'IM', 'lastname': 'Shakir'}, {'affiliation': 'College of Medicine, Alfaisal University, Riyadh, Saudi Arabia.', 'firstname': 'Zara', 'initials': 'Z', 'lastname': 'Ahmed'}, {'affiliation': 'Shadan Degree and P.G. College for Women, Osmania University, Hyderabad, India.', 'firstname': 'Arshiya', 'initials': 'A', 'lastname': 'Akbar'}, {'affiliation': 'Tissue/Organ Bioengineering and BioMEMS Lab, Organ Transplant Centre of Excellence (TR&I Dept), King Faisal Specialist Hospital and Research Centre, Riyadh, Saudi Arabia.', 'firstname': 'Eman A', 'initials': 'EA', 'lastname': 'Alshehri'}, {'affiliation': 'College of Medicine, Alfaisal University, Riyadh, Saudi Arabia.\nTissue/Organ Bioengineering and BioMEMS Lab, Organ Transplant Centre of Excellence (TR&I Dept), King Faisal Specialist Hospital and Research Centre, Riyadh, Saudi Arabia.', 'firstname': 'Raja', 'initials': 'R', 'lastname': 'Chinappan'}, {'affiliation': 'College of Medicine, Alfaisal University, Riyadh, Saudi Arabia.\nTissue/Organ Bioengineering and BioMEMS Lab, Organ Transplant Centre of Excellence (TR&I Dept), King Faisal Specialist Hospital and Research Centre, Riyadh, Saudi Arabia.\nDepartment of Medical Laboratory Technology, Faculty of Applied Medical Sciences, King Abdulaziz University, Jeddah, Saudi Arabia.', 'firstname': 'Alaa', 'initials': 'A', 'lastname': 'Alzhrani'}, {'affiliation': 'College of Medicine, Alfaisal University, Riyadh, Saudi Arabia.\nTissue/Organ Bioengineering and BioMEMS Lab, Organ Transplant Centre of Excellence (TR&I Dept), King Faisal Specialist Hospital and Research Centre, Riyadh, Saudi Arabia.', 'firstname': 'Tanveer Ahmed', 'initials': 'TA', 'lastname': 'Mir'}, {'affiliation': 'College of Medicine, Alfaisal University, Riyadh, Saudi Arabia.', 'firstname': 'Ahmed', 'initials': 'A', 'lastname': 'Yaqinuddin'}]",,"Copyright © 2025 Shaikh, Siddique, Khalifey, Mahereen, Raziq, Firdous, Siddique, Shakir, Ahmed, Akbar, Alshehri, Chinappan, Alzhrani, Mir and Yaqinuddin.","10.3389/fnins.2025.1604435
10.1016/j.devcel.2023.11.004
10.1038/s41598-020-78130-7
10.1021/acssensors.4c00476
10.1016/j.celrep.2020.108615
10.1038/nmeth.4304
10.1021/acsbiomaterials.8b00021
10.1038/s41586-020-1962-0
10.1186/s40035-021-00252-3
10.1126/scitranslmed.aau3960
10.1016/j.stem.2019.05.005
10.1038/s41598-021-84278-7
10.1126/sciadv.aay8828
10.1038/s41592-019-0586-5
10.1073/pnas.1520760112
10.1016/j.molmed.2023.05.007
10.1111/brv.12626
10.1016/j.stem.2019.09.002
10.1016/j.jprot.2018.04.032
10.1016/j.cell.2016.05.082
10.1073/pnas.1715865115
10.3390/ijms241310762
10.1186/s13287-022-02950-9
10.1038/nrn.2017.107
10.1038/s41380-020-00910-4
10.1152/ajpgi.00410.2016
10.3389/fnagi.2021.643889
10.1016/j.brainres.2019.146561
10.1016/j.semcdb.2020.05.025
10.1038/s41380-018-0343-7
10.7554/elife.50333
10.1038/s41380-018-0229-8
10.3389/fcell.2020.594090
10.3390/brainsci12050552
10.1007/s12015-021-10147-5
10.3389/fncel.2020.00151
10.1038/537281a
10.1016/j.brainres.2020.146653
10.1016/j.stem.2020.09.016
10.1016/j.xcrm.2020.100161
10.1002/ana.26166
10.1038/s41598-018-20436-8
10.1002/stem.2852
10.1016/j.ydbio.2016.06.037
10.1016/j.ihj.2018.12.006
10.1016/j.stemcr.2019.01.020
10.1016/j.stem.2021.01.005
10.1016/j.stemcr.2020.06.016
10.1038/s41572-021-00269-y
10.1073/pnas.1521342113
10.14348/molcells.2019.0162
10.1177/1073110519897789
10.1093/neuonc/noaa091
10.1016/j.celrep.2021.109042
10.1002/stem.3163
10.3390/biom13010025
10.1186/s12929-017-0362-8
10.1038/s41420-022-00958-x
10.1177/09636897221124481
10.1016/j.neuron.2018.06.011
10.1177/24725552211024547
10.1186/s12872-019-1077-4
10.3389/fnins.2021.803894
10.1038/s41420-022-00845-5
10.1155/2022/2150680
10.3389/fphys.2021.621970
10.1007/s42242-020-00076-6
10.1016/j.neulet.2018.01.040
10.1016/j.xpro.2022.101860
10.1242/dev.140731
10.3389/fnins.2022.851058
10.1016/j.celrep.2018.09.076
10.1016/j.ab.2013.08.008
10.1039/C0AY00769B
10.1126/sciadv.abi9119
10.1016/j.crmeth.2024.100779
10.1038/s41598-018-25603-5
10.1038/s44220-024-00356-5
10.1038/s41467-018-06684-2
10.1016/j.copbio.2018.03.011
10.3389/fphar.2020.00396
10.1038/s41467-020-20440-5
10.1038/s41593-018-0175-4
10.1126/science.aau5729
10.1038/s41586-022-05219-6
10.1016/j.neures.2023.06.001
10.1371/journal.pone.0209150
10.1038/s41380-020-0807-4
10.1097/wnr.0000000000001014
10.1016/j.stem.2021.01.004
10.1242/dev.166074
10.7554/elife.52904
10.1002/mds.28775
10.18063/ijb.v7i3.364
10.1039/D1LC00535A
10.1038/s41467-020-19058-4
10.1038/s41598-022-20096-9
10.1101/2020.08.26.251611
10.1002/bit.27978
10.3389/fcell.2020.579659
10.1038/s41596-018-0032-7
10.1002/adhm.202302745
10.3389/fcell.2020.00359
10.1038/s41598-019-42439-9
10.11606/issn.2176-7262.rmrp.2023.203797
10.1155/2018/4935915
10.1016/j.stem.2019.08.002
10.1007/s12015-020-10068-9
10.1101/2024.03.15.585237
10.1016/j.tips.2023.01.005
10.1016/j.semcdb.2020.05.012
10.1126/sciadv.abb1540
10.1002/mco2.274
10.1021/acsbiomaterials.0c01583
10.1016/j.stem.2015.12.005
10.1002/adhm.202002285
10.1016/j.conb.2022.102536
10.1038/s41467-020-19264-0
10.4103/1673-5374.385280",Frontiers in neuroscience,,,<Element 'PubmedArticle' at 0x714e81dd7d80>
"40467640
21777828
24839938
21704798
27662331
31046191
21968033
38187152
32116261
29444207
30153383
31647540
32591756
30814368
30159137
37046077
32946744
25250691
34996008
33155870
27334956
31877530
34957075
30388606
32958807
31485708
24957299
26678262
38150946
30014240
33674597
33805914
36991849
37198166
35925852
31681123
22207654
22207654
30907948
34197553
39378317
33074191
26474316
19660949
15817019
24862344
19025984
7814786
31113574
31718818
27445759
23127307
36339306
31524181
24403724
29172609
15388912",Effects of virtual reality on spatiotemporal gait parameters and freezing of gait in Parkinson's disease.,2025-06-05,,"Virtual reality (VR) is increasingly used to study freezing of gait (FOG) in Parkinson's disease (PD). However, overground gait in VR typically exhibits shorter, wider, and slower steps than real-world gait in both healthy and PD populations. This altered gait behavior raises the question of whether VR also alters the FOG phenomenon. We investigate the effects of naturalistic VR on gait and FOG characteristics in PD patients. Patients walked in a real-world environment and its VR replica under conditions that provoke FOG. Spatiotemporal gait parameters and FOG episodes were compared between environments. Results revealed that a detailed VR replica and large walking area reduced the effect of VR on gait parameters compared to previous reports. Additionally, FOG was provoked by similar triggers with comparable frequency, suggesting VR effectively replicates FOG heterogeneity. This work demonstrates the feasibility of VR to study gait and FOG in PD and informs future VR applications.","[{'affiliation': 'Department of Neurology, David Geffen School of Medicine, University of California Los Angeles, Los Angeles, CA, USA.', 'firstname': 'Lei', 'initials': 'L', 'lastname': 'Ma'}, {'affiliation': 'Department of Neurology, David Geffen School of Medicine, University of California Los Angeles, Los Angeles, CA, USA.', 'firstname': 'Bar', 'initials': 'B', 'lastname': 'Yosef'}, {'affiliation': 'Department of Neurology, David Geffen School of Medicine, University of California Los Angeles, Los Angeles, CA, USA.', 'firstname': 'Ipek', 'initials': 'I', 'lastname': 'Talu'}, {'affiliation': 'Department of Psychiatry & Biobehavioral Sciences, Jane and Terry Semel Institute for Neuroscience and Human Behavior, University of California Los Angeles, Los Angeles, CA, USA.', 'firstname': 'Daniel', 'initials': 'D', 'lastname': 'Batista'}, {'affiliation': 'Department of Psychiatry & Biobehavioral Sciences, Jane and Terry Semel Institute for Neuroscience and Human Behavior, University of California Los Angeles, Los Angeles, CA, USA.', 'firstname': 'Emi', 'initials': 'E', 'lastname': 'Jenkens-Drake'}, {'affiliation': 'Department of Psychiatry & Biobehavioral Sciences, Jane and Terry Semel Institute for Neuroscience and Human Behavior, University of California Los Angeles, Los Angeles, CA, USA.\nDepartment of Bioengineering, University of California Los Angeles, Los Angeles, CA, USA.\nDepartment of Neurosurgery, David Geffen School of Medicine, University of California Los Angeles, Los Angeles, CA, USA.\nDepartment of Psychology, University of California Los Angeles, Los Angeles, CA, USA.', 'firstname': 'Nanthia', 'initials': 'N', 'lastname': 'Suthana'}, {'affiliation': 'Department of Neurology, David Geffen School of Medicine, University of California Los Angeles, Los Angeles, CA, USA. kcross@mednet.ucla.edu.', 'firstname': 'Katy A', 'initials': 'KA', 'lastname': 'Cross'}]",,© 2025. The Author(s).,10.1038/s41531-025-01017-9,NPJ Parkinson's disease,,,<Element 'PubmedArticle' at 0x714e801bcdb0>
"40459174
38493795
39298564
38549522
33130380
37110989
35302003
38598326
37995956
36711285
38894523
36581239
38518696
38297341
39283733
38631261
38714083
39901044
35089039
34884598
29267402
25476529
38755164
38069536
34413194
37676767
32043464
39235810
35534507
37130861
40108151
33453941
39033990
34875488
35739658
38751156
37993864
26526613
38885454
37988678
37976362
38157817
38503214
38217613
25801826
35900586
37394195
38411261",Plastamination: A Rising Concern for Parkinson's Disease.,2025-06-03,"environment, microplastics, nanoplastics, pollution, α‐synuclein",,"[{'affiliation': 'Department of Medicine, Surgery and Dentistry ""Scuola Medica Salernitana"", University of Salerno, Baronissi, Italy.', 'firstname': 'Roberto', 'initials': 'R', 'lastname': 'Erro'}, {'affiliation': 'Department of Medicine, Surgery and Dentistry ""Scuola Medica Salernitana"", University of Salerno, Baronissi, Italy.', 'firstname': 'Cristiano', 'initials': 'C', 'lastname': 'Sorrentino'}, {'affiliation': 'Department of Medicine, Surgery and Dentistry ""Scuola Medica Salernitana"", University of Salerno, Baronissi, Italy.\nIRCCS SynlabSDN, Naples, Italy.', 'firstname': 'Paolo', 'initials': 'P', 'lastname': 'Barone'}]",,,"10.1002/mds.30253
10.1016/S1474-4422(24)00038-3
10.1126/science.adl2746
10.2174/1570159X22666240216085947
10.1016/j.jhazmat.2020.124004
10.3390/nano13081404
10.1016/j.chemosphere.2022.134261
10.1289/EHP13435
10.1016/j.envpol.2023.122996
10.1016/j.heliyon.2023.e13070
10.24272/j.issn.2095-8137.2024.038
10.1016/j.envpol.2022.120939
10.1016/j.jhazmat.2024.134017
10.1186/s12989-023-00561-7
10.1001/jamanetworkopen.2024.40018
10.1016/j.envint.2024.108635
10.1016/j.ecoenv.2024.116393
10.1021/acs.nanolett.1c04184
10.1038/s41531-025-00894-4
10.1016/j.neuroscience.2024.07.018
10.1016/j.aquatox.2021.106048
10.1016/j.jhazmat.2022.128459
10.1002/advs.202401009
10.1186/s12989-023-00556-4
10.1016/j.febslet.2015.10.021
10.1021/acs.jpclett.4c00731
10.1002/smll.202308753
10.1126/sciadv.adi8716
10.1016/j.jhazmat.2023.133289
10.1016/j.jhazmat.2024.134054
10.1016/j.chemosphere.2023.139383",Movement disorders : official journal of the Movement Disorder Society,,,<Element 'PubmedArticle' at 0x714e81b4e070>
40451172,Costs of Underfunding Brain Development.,2025-06-02,"Attention-deficit/hyperactivity disorder, Autism spectrum disorders, Developmental Origins of Health and Disease, Disability-adjusted life years, Fetal alcohol syndrome, Iodine supplementation during pregnancy, Maternal diet, Mental health conditions, Neural tube defects, Schizophrenia, Years lived with disability, Years of life lost","Healthcare costs are rising at an exponential rate. Given the constraints of limited resources, it is essential to make informed decisions about priorities to ensure the best possible health outcomes globally. The history of medicine illustrates how these priorities have shifted over time - from early focus on infectious diseases to later emphasis on noncommunicable conditions such as metabolic disorders. Today, neurodegenerative diseases and aging brain are the forefront of medical research, as these conditions profoundly affect individuals, families, and society.
One in three people will experience a mental health disorder in their lifetime, yet it is not widely recognized that many of these conditions may have origins in pre-birth experiences and early life influences. Disruptions in progenitor proliferation, neuronal and glial migration, and differentiation during prenatal development can contribute to lifelong neurodevelopmental abnormalities. Despite the fundamental importance of brain development, most of the neuroscience funding is allocated to studying neurodegeneration, such as dementia and Parkinson's disease, while early life influences remain underexplored. Crucially, the impact of developmental factors begins even before conception. Environmental risks extend beyond direct maternal exposures during pregnancy; they include cumulative parental exposure to teratogenic agents affecting both male and female gametes, as well as early life environmental exposures affecting newborns, infants, and children. These influences are complex yet highly relevant to long-term health outcomes.
We urge greater recognition of the developmental origins of disease and advocate for increased investment in preventive strategies. These include lifestyle modifications, dietary improvements, targeted supplementation, regular exercise, and minimizing exposure to environmental pollutants. Addressing these factors proactively could yield profound benefits for both individual and public health.","[{'affiliation': ""Department of Food and Nutritioin, Kyoto Women's University, Kyoto, Japan."", 'firstname': 'Masahiro', 'initials': 'M', 'lastname': 'Tsuji'}, {'affiliation': 'Department of Physiology, Anatomy and Genetics, University of Oxford, Oxford, UK.', 'firstname': 'Zoltán', 'initials': 'Z', 'lastname': 'Molnár'}]",,"© 2025 The Author(s). Published by S. Karger AG, Basel.",10.1159/000546688,Developmental neuroscience,,,<Element 'PubmedArticle' at 0x714e81b80ef0>
40424792,Ultra-sensitive UHPLC-MS/MS method for simultaneous quantification of 31 neurochemicals in zebrafish larvae and brain.,2025-05-28,"Adult zebrafish brain, Behavior, MPTP exposure, Neurotransmitters analysis, Parkinson's disease, UHPLC-MS/MS","The precise determination of neurotransmitters and their metabolites in biological matrices is critical for research on neurological disorders, including those originated by the exposure to neurotoxic chemicals. This study presents an optimized liquid chromatography-tandem mass spectrometry (UHPLC-MS/MS) method for 31 neurochemicals, including neurotransmitters, their metabolites and precursors. The method is aimed at achieving lower limits of detection (LOD) and quantification (LOQ) compared to those currently available, while simultaneously expanding the number of compounds analyzed. The proposed approach achieves instrumental detection limits (IDLs) from 0.02 to 7.2 pg, except for homovanillic acid showing a value of 150 pg, with recovery values across all target analytes comprised between 50 and 140 % in zebrafish larvae and 55 and 150 % in adult zebrafish brain, when using internal standard calibration. Overall, the optimized method represents a significant improvement over previous methods, making it robust, accurate and sensitive enough for applications in studies requiring detailed analysis of neurochemicals in complex biological samples, such as zebrafish larvae and adult zebrafish brain. Adult zebrafish brain samples from adults intraperitoneally exposed to 5 doses of 1-methyl-4-phenyl,6-tetrahydropyridine (MPTP, 100 mg/kg","[{'affiliation': 'Department of Analytical and Applied Chemistry, School of Engineering, Institut Químic de Sarrià-Universitat Ramon Llull, Via Augusta 390, 08017, Barcelona, Spain.', 'firstname': 'Irene', 'initials': 'I', 'lastname': 'Romero-Alfano'}, {'affiliation': 'Institute of Pesticides and Environmental Protection, Banatska 31b, 11080, Belgrade, Serbia.', 'firstname': 'Marija', 'initials': 'M', 'lastname': 'Stevanović'}, {'affiliation': 'Department of Analytical and Applied Chemistry, School of Engineering, Institut Químic de Sarrià-Universitat Ramon Llull, Via Augusta 390, 08017, Barcelona, Spain.', 'firstname': 'Júlia', 'initials': 'J', 'lastname': 'Goyenechea'}, {'affiliation': 'Research and Development Center, CID-CSIC, Jordi Girona 18, 08034, Barcelona, Spain.', 'firstname': 'Eva', 'initials': 'E', 'lastname': 'Prats'}, {'affiliation': 'Institute for Environmental Assessment and Water Research (IDAEA-CSIC), Jordi Girona 18, 08034, Barcelona, Spain.', 'firstname': 'Carlos', 'initials': 'C', 'lastname': 'Barata'}, {'affiliation': 'Institute for Environmental Assessment and Water Research (IDAEA-CSIC), Jordi Girona 18, 08034, Barcelona, Spain.', 'firstname': 'Demetrio', 'initials': 'D', 'lastname': 'Raldúa'}, {'affiliation': 'Department of Analytical and Applied Chemistry, School of Engineering, Institut Químic de Sarrià-Universitat Ramon Llull, Via Augusta 390, 08017, Barcelona, Spain. Electronic address: cristian.gomez@iqs.url.edu.', 'firstname': 'Cristian', 'initials': 'C', 'lastname': 'Gómez-Canela'}]",,Copyright © 2025 Elsevier B.V. All rights reserved.,10.1016/j.talanta.2025.128334,Talanta,,,<Element 'PubmedArticle' at 0x714e81b82e80>
"40413457
33402167",Correction: Microglial activation contributes to cognitive impairments in rotenone-induced mouse Parkinson's disease model.,2025-05-25,,,"[{'affiliation': 'School of Public Health, Dalian Medical University, Dalian, 116044, China.', 'firstname': 'Dongdong', 'initials': 'D', 'lastname': 'Zhang'}, {'affiliation': 'National-Local Joint Engineering Research Center for Drug-Research and Development (R&D) of Neurodegenerative Diseases, Dalian Medical University, No. 9\u2009W. Lvshun South Road, Dalian, 116044, China.', 'firstname': 'Sheng', 'initials': 'S', 'lastname': 'Li'}, {'affiliation': 'School of Public Health, Dalian Medical University, Dalian, 116044, China.\nNational-Local Joint Engineering Research Center for Drug-Research and Development (R&D) of Neurodegenerative Diseases, Dalian Medical University, No. 9\u2009W. Lvshun South Road, Dalian, 116044, China.', 'firstname': 'Liyan', 'initials': 'L', 'lastname': 'Hou'}, {'affiliation': 'School of Public Health, Dalian Medical University, Dalian, 116044, China.', 'firstname': 'Lu', 'initials': 'L', 'lastname': 'Jing'}, {'affiliation': 'School of Public Health, Dalian Medical University, Dalian, 116044, China.', 'firstname': 'Zhengzheng', 'initials': 'Z', 'lastname': 'Ruan'}, {'affiliation': 'National-Local Joint Engineering Research Center for Drug-Research and Development (R&D) of Neurodegenerative Diseases, Dalian Medical University, No. 9\u2009W. Lvshun South Road, Dalian, 116044, China.', 'firstname': 'Bingjie', 'initials': 'B', 'lastname': 'Peng'}, {'affiliation': 'National-Local Joint Engineering Research Center for Drug-Research and Development (R&D) of Neurodegenerative Diseases, Dalian Medical University, No. 9\u2009W. Lvshun South Road, Dalian, 116044, China.', 'firstname': 'Xiaomeng', 'initials': 'X', 'lastname': 'Zhang'}, {'affiliation': 'Neurobiology Laboratory, National Institute of Environmental Health Sciences, National Institutes of Health, Research Triangle Park, Durham, North Carolina, USA.', 'firstname': 'Jau-Shyong', 'initials': 'JS', 'lastname': 'Hong'}, {'affiliation': 'National-Local Joint Engineering Research Center for Drug-Research and Development (R&D) of Neurodegenerative Diseases, Dalian Medical University, No. 9\u2009W. Lvshun South Road, Dalian, 116044, China. zhaoj@dmu.edu.cn.', 'firstname': 'Jie', 'initials': 'J', 'lastname': 'Zhao'}, {'affiliation': 'School of Public Health, Dalian Medical University, Dalian, 116044, China. wangq4@126.com.\nNational-Local Joint Engineering Research Center for Drug-Research and Development (R&D) of Neurodegenerative Diseases, Dalian Medical University, No. 9\u2009W. Lvshun South Road, Dalian, 116044, China. wangq4@126.com.', 'firstname': 'Qingshan', 'initials': 'Q', 'lastname': 'Wang'}]",,,10.1186/s12974-025-03458-8,Journal of neuroinflammation,,,<Element 'PubmedArticle' at 0x714e81b9e0c0>
"40360514
28931491
31521533
37626097
8630091
29136149
33999109
28596209
31706021
20855849
23781007
25171928
30155299
35003622
35350553
22814541
20371510
33649398
32786148
35106798
16476806
19812213
21403021
34210995
19286695
22173904
32885039
36344548
15026515
17635983
38698004
38811555
31780819
32024799
26721587
27979356
38408961
30208961
31591841
33107811
37391890
28802935
36105924
29117954
36097999
22832961
35719152
36761219
37482194
26590572
29751506
38755401
36882739
2047903
21439576
22100523
34923368
32083095
34376695
33682937
38235038
25826379
21930184
23071076
39096926
32934108
31701892
36653562
33958783
31680165
32620927
29531354
34594039
33959723
29892013
33737984
28527048
29686387",Predicting dementia in people with Parkinson's disease.,2025-05-14,,"Parkinson's disease (PD) exhibits a variety of symptoms, with approximately 25% of patients experiencing mild cognitive impairment and 45% developing dementia within ten years of diagnosis. Predicting this progression and identifying its causes remains challenging. Our study utilizes machine learning and multimodal data from the UK Biobank to explore the predictability of Parkinson's dementia (PDD) post-diagnosis, further validated by data from the Parkinson's Progression Markers Initiative (PPMI) cohort. Using Shapley Additive Explanation (SHAP) and Bayesian Network structure learning, we analyzed interactions among genetic predisposition, comorbidities, lifestyle, and environmental factors. We concluded that genetic predisposition is the dominant factor, with significant influence from comorbidities. Additionally, we employed Mendelian randomization (MR) to establish potential causal links between hypertension, type 2 diabetes, and PDD, suggesting that managing blood pressure and glucose levels in Parkinson's patients may serve as a preventive strategy. This study identifies risk factors for PDD and proposes avenues for prevention.","[{'affiliation': 'Department of Bioinformatics, Fraunhofer Institute for Algorithms and Scientific Computing (SCAI), 53757, Sankt, Augustin, Germany. mohamed.aborageh@scai.fraunhofer.de.', 'firstname': 'Mohamed', 'initials': 'M', 'lastname': 'Aborageh'}, {'affiliation': 'Department of Bioinformatics, Fraunhofer Institute for Algorithms and Scientific Computing (SCAI), 53757, Sankt, Augustin, Germany.\nDepartment of Neurology, University Hospital and Faculty of Medicine Carl Gustav Carus, TUD Dresden University of Technology, Dresden, Germany.', 'firstname': 'Tom', 'initials': 'T', 'lastname': 'Hähnel'}, {'affiliation': 'Luxembourg Centre for Systems Biomedicine (LCSB), University of Luxembourg, Esch-sur-Alzette, Luxembourg.', 'firstname': 'Patricia', 'initials': 'P', 'lastname': 'Martins Conde'}, {'affiliation': 'Luxembourg Centre for Systems Biomedicine (LCSB), University of Luxembourg, Esch-sur-Alzette, Luxembourg.\nCentre Hospitalier de Luxembourg (CHL), Luxembourg, Luxembourg.', 'firstname': 'Jochen', 'initials': 'J', 'lastname': 'Klucken'}, {'affiliation': 'Department of Bioinformatics, Fraunhofer Institute for Algorithms and Scientific Computing (SCAI), 53757, Sankt, Augustin, Germany. holger.froehlich@scai.fraunhofer.de.\nBonn-Aachen International Center for Information Technology (B-IT), Rheinische Friedrich-Wilhelms-Universität Bonn, 53115, Bonn, Germany. holger.froehlich@scai.fraunhofer.de.', 'firstname': 'Holger', 'initials': 'H', 'lastname': 'Fröhlich'}]",,© 2025. The Author(s).,"10.1038/s41531-025-00983-4
10.1101/2024.05.29.24307783v1",NPJ Parkinson's disease,,,<Element 'PubmedArticle' at 0x714e81bb94e0>
40339650,Biocatalytic production of a monoamine oxidase B/catechol-O-methyltransferase inhibitor from piperine by engineered P450 BM3.,2025-05-09,"Biocatalysis, Cytochromes P450, HMAO-B/MB-COMT inhibitor, Natural compounds, Piperine","The single-step biotransformation of the natural compound piperine into a known dual inhibitor of monoamine oxidase B (MAO-B) and catechol-O-methyltransferase (COMT), was achieved by cytochrome P450 BM3 wild-type and the D251G/Q307H double mutant. This compound is used for research in neurodegenerative disorders, such as Parkinson's disease, and its value in the market is ∼14,000 €/g. Currently, it is produced by chemical synthesis requiring incubation of piperine with boron tribromide (BBr","[{'affiliation': 'Department of Life Sciences and Systems Biology, University of Torino, Italy.', 'firstname': 'Mariusz', 'initials': 'M', 'lastname': 'Brzoski'}, {'affiliation': 'Department of Life Sciences and Systems Biology, University of Torino, Italy.', 'firstname': 'Samuele', 'initials': 'S', 'lastname': 'Irudal'}, {'affiliation': 'Department of Life Sciences and Systems Biology, University of Torino, Italy.', 'firstname': 'Elena', 'initials': 'E', 'lastname': 'Gazzano'}, {'affiliation': 'Department of Chemistry, University of Torino, Italy.', 'firstname': 'Roberto', 'initials': 'R', 'lastname': 'Buscaino'}, {'affiliation': 'Department of Chemistry, University of Torino, Italy.', 'firstname': 'Guido', 'initials': 'G', 'lastname': 'Viscardi'}, {'affiliation': 'Department of Life Sciences and Systems Biology, University of Torino, Italy. Electronic address: giovanna.dinardo@unito.it.', 'firstname': 'Giovanna', 'initials': 'G', 'lastname': 'Di Nardo'}, {'affiliation': 'Department of Life Sciences and Systems Biology, University of Torino, Italy. Electronic address: gianfranco.gilardi@unito.it.', 'firstname': 'Gianfranco', 'initials': 'G', 'lastname': 'Gilardi'}]",,Copyright © 2025 The Authors. Published by Elsevier B.V. All rights reserved.,10.1016/j.jbiotec.2025.04.024,Journal of biotechnology,,,<Element 'PubmedArticle' at 0x714e80712e80>
"40338549
37903644
39283636
19590691
36337703
22315721
35096268
36878369
33961406
21269927
36526213
32679516
36863589
23280848
23689920
28843020
29346555
20087875
30393425
11434280
8732923
11100151
28864676",Proximity to Golf Courses and Risk of Parkinson Disease.,2025-05-08,,"The role of pesticide exposure from golf courses in Parkinson disease (PD) risk remains unclear.
To assess whether proximity to golf courses is associated with increased PD risk and to use information on groundwater vulnerability and municipal well locations to investigate drinking water contamination as a potential route of exposure.
This case-control study included patients with incident PD and matched controls from the Rochester Epidemiology Project from 1991 to 2015. Data were analyzed between June and August 2024.
Distance to golf courses, living in water service areas with a golf course, living in water service areas in vulnerable groundwater regions, living in water service areas with shallow municipal wells, and living in water service areas with a municipal well on a golf course.
Risk of incident PD. All models adjusted for age, sex, race and ethnicity, year of index, median household income, and urban or rural category.
A total of 419 incident PD cases were identified (median [IQR] age, 73 [65-80] years; 257 male [61.3%]) with 5113 matched controls (median [IQR] age, 72 [65-79] years; 3043 male [59.5%]; 4504 White [88.1%]). After adjusting for patient demographics and neighborhood characteristics, living within 1 mile of a golf course was associated with 126% increased odds of developing PD compared with individuals living more than 6 miles away from a golf course (adjusted odds ratio [aOR], 2.26; 95% CI, 1.09-4.70). Individuals living within water service areas with a golf course had nearly double the odds of PD compared with individuals in water service areas without golf courses (aOR, 1.96; 95% CI, 1.20-3.23) and 49% greater odds compared with individuals with private wells (aOR, 1.49; 95% CI, 1.05-2.13). Additionally, individuals living in water service areas with a golf course in vulnerable groundwater regions had 82% greater odds of developing PD compared with those in nonvulnerable groundwater regions (aOR, 1.82; 95% CI, 1.09-3.03).
In this population-based case-control study, the greatest risk of PD was found within 1 to 3 miles of a golf course and risk generally decreased with distance. Associations with the largest effect sizes were in water service areas with a golf course and in vulnerable ground water regions.","[{'affiliation': 'Department of Neurology, Barrow Neurological Institute, Phoenix, Arizona.', 'firstname': 'Brittany', 'initials': 'B', 'lastname': 'Krzyzanowski'}, {'affiliation': 'Department of Neurology, Mayo Clinic, Rochester, Minnesota.\nDepartment of Quantitative Health Sciences, Mayo Clinic, Rochester, Minnesota.', 'firstname': 'Aidan F', 'initials': 'AF', 'lastname': 'Mullan'}, {'affiliation': 'Department of Neurology, Center for Health + Technology, University of Rochester Medical Center, Rochester, New York.', 'firstname': 'E Ray', 'initials': 'ER', 'lastname': 'Dorsey'}, {'affiliation': 'Department of Neurology, Barrow Neurological Institute, Phoenix, Arizona.', 'firstname': 'Sai Shivani', 'initials': 'SS', 'lastname': 'Chirag'}, {'affiliation': 'Department of Neurology, Mayo Clinic, Rochester, Minnesota.', 'firstname': 'Pierpaolo', 'initials': 'P', 'lastname': 'Turcano'}, {'affiliation': 'Department of Neurology, University of Kansas Medical Center, Kansas City, Kansas.', 'firstname': 'Emanuele', 'initials': 'E', 'lastname': 'Camerucci'}, {'affiliation': 'Department of Neurology, Mayo Clinic, Rochester, Minnesota.', 'firstname': 'James H', 'initials': 'JH', 'lastname': 'Bower'}, {'affiliation': 'Department of Neurology, Mayo Clinic, Rochester, Minnesota.', 'firstname': 'Rodolfo', 'initials': 'R', 'lastname': 'Savica'}]",,,"10.1001/jamanetworkopen.2025.9198
10.1212/WNL.0000000000207871
10.1001/jamanetworkopen.2024.33602
10.1289/ehp.0800277
10.3389/fnagi.2022.1023574
10.1101/cshperspect.a008888
10.1155/2022/5563759
10.1016/j.chemosphere.2023.138251
10.1021/acs.chemrestox.0c00522
10.1289/ehp.1002839
10.1016/j.scitotenv.2022.160851
10.1016/j.ijheh.2020.113569
10.1016/j.scitotenv.2023.162498
10.1002/ana.23782
10.1111/j.1745-6592.1990.tb00333.x
10.1001/jamaneurol.2013.114
10.1002/mds.27125
10.1093/ije/dyx268
10.1002/sim.3841
10.1007/s10994-018-5714-4
10.1002/etc.5620200702
10.1002/(SICI)1097-0274(199605)29:5<501::AID-AJIM8>3.0.CO;2-O
10.1038/81834
10.1212/WNL.0000000000004536",JAMA network open,,"A total of 419 incident PD cases were identified (median [IQR] age, 73 [65-80] years; 257 male [61.3%]) with 5113 matched controls (median [IQR] age, 72 [65-79] years; 3043 male [59.5%]; 4504 White [88.1%]). After adjusting for patient demographics and neighborhood characteristics, living within 1 mile of a golf course was associated with 126% increased odds of developing PD compared with individuals living more than 6 miles away from a golf course (adjusted odds ratio [aOR], 2.26; 95% CI, 1.09-4.70). Individuals living within water service areas with a golf course had nearly double the odds of PD compared with individuals in water service areas without golf courses (aOR, 1.96; 95% CI, 1.20-3.23) and 49% greater odds compared with individuals with private wells (aOR, 1.49; 95% CI, 1.05-2.13). Additionally, individuals living in water service areas with a golf course in vulnerable groundwater regions had 82% greater odds of developing PD compared with those in nonvulnerable groundwater regions (aOR, 1.82; 95% CI, 1.09-3.03).",<Element 'PubmedArticle' at 0x714e8074c270>
40329659,Cross-Linked Aggregates of Tyrosinase for the Efficient Synthesis of L-DOPA.,2025-05-07,"CLEAs, L‐Dopa, immobilization, skim milk, tyrosinase","L-3,4-dihydroxyphenylalanine (L-DOPA or Levodopa) is widely used to treat Parkinson's disease, but its large-scale chemical synthesis is costly and environmentally challenging. This study investigates the enzymatic conversion of L-tyrosine to L-Dopa to enhance efficiency and yield without any potential racemization. Tyrosinase, extracted from button mushrooms, was immobilized as cross-linked enzyme aggregates (TY CLEAs), achieving an activity of 31.32 units/g. Commercially available skim milk served as a protein feeder and demonstrated antioxidant properties, helping prevent the formation of L-dopachrome as a byproduct by inhibiting the sequential oxidation of L-dopaquinone, along with ascorbic acid as a reducing agent. We evaluated the stability of TY CLEAs under varying temperatures, pH levels, and organic solvents. High productivity of 1210.95 mgL","[{'affiliation': 'Department of Organic Synthesis and Process Chemistry (OSPC), CSIR-Indian Institute of Chemical Technology, Hyderabad, India.\nAcademy of Scientific and Innovative Research (AcSIR), Ghaziabad, India.', 'firstname': 'Dhanapal', 'initials': 'D', 'lastname': 'Priyadarshini'}, {'affiliation': 'Department of Organic Synthesis and Process Chemistry (OSPC), CSIR-Indian Institute of Chemical Technology, Hyderabad, India.\nAcademy of Scientific and Innovative Research (AcSIR), Ghaziabad, India.', 'firstname': 'Shalini', 'initials': 'S', 'lastname': 'Basetty'}, {'affiliation': 'Department of Organic Synthesis and Process Chemistry (OSPC), CSIR-Indian Institute of Chemical Technology, Hyderabad, India.', 'firstname': 'Kunta', 'initials': 'K', 'lastname': 'Chandrashekar'}, {'affiliation': 'Department of Organic Synthesis and Process Chemistry (OSPC), CSIR-Indian Institute of Chemical Technology, Hyderabad, India.', 'firstname': 'Gurrala', 'initials': 'G', 'lastname': 'Sheelu'}, {'affiliation': 'Department of Organic Synthesis and Process Chemistry (OSPC), CSIR-Indian Institute of Chemical Technology, Hyderabad, India.\nAcademy of Scientific and Innovative Research (AcSIR), Ghaziabad, India.', 'firstname': 'Thenkrishnan', 'initials': 'T', 'lastname': 'Kumaraguru'}]",,© 2025 Wiley Periodicals LLC.,10.1002/chir.70035,Chirality,,,<Element 'PubmedArticle' at 0x714e802cfce0>
40306475,Construction of a toxicity pathway from activation of the TLR4/NF-κB/NLRP3 axis to Parkinson's disease-like non-motor symptoms in mice.,2025-05-01,"Bipyridyl herbicides, Locus coeruleus injury, Neurotoxicity, Pyrocytosis, Toxicity pathways","Bipyridyl herbicides, like paraquat, are among the most widely used herbicides worldwide. Although the lungs are the main target organ for acute exposure to paraquat, chronic exposure to paraquat is thought to induce neurotoxicity and is one of the environmental risk factors for neurodegenerative diseases. In the last two decades, as paraquat has been banned in some regions, diquat has gradually become its replacement. However, systematic studies of environmental factor-induced neurodegenerative diseases are incomplete, and information on threats and risk assessment is still insufficient. The aim of this study was to investigate the association between bipyridine herbicides and sporadic Parkinson's disease. Among them, we refer to the concept of Adverse Outcome Pathway (AOP), integrate, analyse and propose the toxicity pathway similar to AOP. It provides ideas for us to conduct traditional toxicological studies. As a result, the present study reveals that bipyridine herbicide exposure causes neuronal pyrocytosis in locus coeruleus through activation of the TLR4/NF-κB/NLRP3 axis, resulting in the development of Parkinson's disease-like non-motor symptoms in mice.","[{'affiliation': 'School of Public Health, Ningxia Medical University, No.1160, Shengli Street, Xingqing District, Yinchuan, Ningxia, China; Key Laboratory of Environmental Factors and Chronic Disease Control, Ningxia Medical University, No.1160, Shengli Street, Xingqing District, Yinchuan, Ningxia, China.', 'firstname': 'Kaidong', 'initials': 'K', 'lastname': 'Wang'}, {'affiliation': 'School of Public Health, Ningxia Medical University, No.1160, Shengli Street, Xingqing District, Yinchuan, Ningxia, China; Key Laboratory of Environmental Factors and Chronic Disease Control, Ningxia Medical University, No.1160, Shengli Street, Xingqing District, Yinchuan, Ningxia, China.', 'firstname': 'Ge', 'initials': 'G', 'lastname': 'Shi'}, {'affiliation': 'School of Public Health, Ningxia Medical University, No.1160, Shengli Street, Xingqing District, Yinchuan, Ningxia, China; Key Laboratory of Environmental Factors and Chronic Disease Control, Ningxia Medical University, No.1160, Shengli Street, Xingqing District, Yinchuan, Ningxia, China.', 'firstname': 'Yonghang', 'initials': 'Y', 'lastname': 'Li'}, {'affiliation': 'School of Public Health, Ningxia Medical University, No.1160, Shengli Street, Xingqing District, Yinchuan, Ningxia, China; Key Laboratory of Environmental Factors and Chronic Disease Control, Ningxia Medical University, No.1160, Shengli Street, Xingqing District, Yinchuan, Ningxia, China.', 'firstname': 'Qi', 'initials': 'Q', 'lastname': 'Liu'}, {'affiliation': 'School of Public Health, Ningxia Medical University, No.1160, Shengli Street, Xingqing District, Yinchuan, Ningxia, China; Key Laboratory of Environmental Factors and Chronic Disease Control, Ningxia Medical University, No.1160, Shengli Street, Xingqing District, Yinchuan, Ningxia, China.', 'firstname': 'Qianrong', 'initials': 'Q', 'lastname': 'Zhang'}, {'affiliation': 'School of Public Health, Ningxia Medical University, No.1160, Shengli Street, Xingqing District, Yinchuan, Ningxia, China; Key Laboratory of Environmental Factors and Chronic Disease Control, Ningxia Medical University, No.1160, Shengli Street, Xingqing District, Yinchuan, Ningxia, China.', 'firstname': 'Chenyang', 'initials': 'C', 'lastname': 'Wu'}, {'affiliation': 'School of Public Health, Ningxia Medical University, No.1160, Shengli Street, Xingqing District, Yinchuan, Ningxia, China; Key Laboratory of Environmental Factors and Chronic Disease Control, Ningxia Medical University, No.1160, Shengli Street, Xingqing District, Yinchuan, Ningxia, China.', 'firstname': 'Yuxuan', 'initials': 'Y', 'lastname': 'Jiao'}, {'affiliation': 'School of Public Health, Ningxia Medical University, No.1160, Shengli Street, Xingqing District, Yinchuan, Ningxia, China; Key Laboratory of Environmental Factors and Chronic Disease Control, Ningxia Medical University, No.1160, Shengli Street, Xingqing District, Yinchuan, Ningxia, China.', 'firstname': 'Yuan', 'initials': 'Y', 'lastname': 'Ma'}, {'affiliation': 'School of Public Health, Ningxia Medical University, No.1160, Shengli Street, Xingqing District, Yinchuan, Ningxia, China; Key Laboratory of Environmental Factors and Chronic Disease Control, Ningxia Medical University, No.1160, Shengli Street, Xingqing District, Yinchuan, Ningxia, China.', 'firstname': 'Ai', 'initials': 'A', 'lastname': 'Qi'}, {'affiliation': 'School of Public Health, Ningxia Medical University, No.1160, Shengli Street, Xingqing District, Yinchuan, Ningxia, China; Key Laboratory of Environmental Factors and Chronic Disease Control, Ningxia Medical University, No.1160, Shengli Street, Xingqing District, Yinchuan, Ningxia, China. Electronic address: hmin81@163.com.', 'firstname': 'Min', 'initials': 'M', 'lastname': 'Huang'}]",,Copyright © 2025 Elsevier B.V. All rights reserved.,10.1016/j.etap.2025.104706,Environmental toxicology and pharmacology,,,<Element 'PubmedArticle' at 0x714e803b9d00>
"40293010
9761807
30584159
26474316
25899545
15300651
19950403
17719828
31046191
26429349
22255621
31056518
34375292
37736618
40031584
39451423
35152881
33588711
16250189
20011807
31524181
21777828
36628783
38178885
31771246
33018117
28428770",Ankle Sensor-Based Detection of Freezing of Gait in Parkinson's Disease in Semi-Free Living Environments.,2025-04-28,"Parkinson’s disease, deep learning, detection, freezing of gait, wearable sensors","Freezing of gait (FOG) is a motor symptom experienced by people with Parkinson's Disease (PD) where they feel like they are glued to the floor. Accurate and continuous detection is needed for effective cueing to prevent or shorten FOG episodes. A convolutional neural network (CNN) was developed to detect FOG episodes in data recorded from an inertial measurement unit (IMU) on a PD patient's ankle under semi-free living conditions. Data were split into two sets: one with all movements and another with walking and turning activities relevant to FOG detection. The CNN model was evaluated using five-fold cross-validation (5Fold-CV), leave-one-subject-out cross-validation (LOSO-CV), and performance metrics such as accuracy, sensitivity, precision, F1-score, and AUROC; Data from 24 PD participants were collected, excluding three with no FOG episodes. For walking and turning activities, the CNN model achieved AUROC = 0.9596 for 5Fold-CV and AUROC = 0.9275 for LOSO-CV. When all activities were included, AUROC dropped to 0.8888 for 5Fold-CV and 0.9017 for LOSO-CV; the model effectively detected FOG in relevant movement scenarios but struggled with distinguishing FOG from other inactive states like sitting and standing in semi-free-living environments.","[{'affiliation': 'TechMed Centre, Biomedical Signals and Systems Group, Faculty of Electrical Engineering, Mathematics and Computer Science (EEMCS), University of Twente, 7522 NB Enschede, The Netherlands.', 'firstname': 'Juan Daniel', 'initials': 'JD', 'lastname': 'Delgado-Terán'}, {'affiliation': 'TechMed Centre, Biomedical Signals and Systems Group, Faculty of Electrical Engineering, Mathematics and Computer Science (EEMCS), University of Twente, 7522 NB Enschede, The Netherlands.', 'firstname': 'Kjell', 'initials': 'K', 'lastname': 'Hilbrants'}, {'affiliation': 'Department of Biophysics, Donders Institute for Brain, Cognition and Behaviour, Radboud University, 6525 XZ Nijmegen, The Netherlands.', 'firstname': 'Dzeneta', 'initials': 'D', 'lastname': 'Mahmutović'}, {'affiliation': 'Department of Biophysics, Donders Institute for Brain, Cognition and Behaviour, Radboud University, 6525 XZ Nijmegen, The Netherlands.', 'firstname': 'Ana Lígia', 'initials': 'AL', 'lastname': 'Silva de Lima'}, {'affiliation': 'TechMed Centre, Biomedical Signals and Systems Group, Faculty of Electrical Engineering, Mathematics and Computer Science (EEMCS), University of Twente, 7522 NB Enschede, The Netherlands.\nDepartment of Biophysics, Donders Institute for Brain, Cognition and Behaviour, Radboud University, 6525 XZ Nijmegen, The Netherlands.\nOneplanet Research Center, Radboud University, 6525 EC Nijmegen, The Netherlands.', 'firstname': 'Richard J A van', 'initials': 'RJAV', 'lastname': 'Wezel'}, {'affiliation': 'TechMed Centre, Biomedical Signals and Systems Group, Faculty of Electrical Engineering, Mathematics and Computer Science (EEMCS), University of Twente, 7522 NB Enschede, The Netherlands.', 'firstname': 'Tjitske', 'initials': 'T', 'lastname': 'Heida'}]",,,"10.3390/s25061895
10.1056/NEJM199810083391506
10.3233/JPD-181474
10.1002/mds.26424
10.1016/j.parkreldis.2015.03.028
10.1002/mds.20115
10.1002/mds.22760
10.1016/j.parkreldis.2007.06.011
10.1002/mds.27709
10.1007/s11517-015-1395-3
10.1109/TBCAS.2019.2914253
10.1109/JBHI.2021.3103071
10.1109/TNSRE.2025.3545110
10.3390/bioengineering11101048
10.1186/s12984-022-00992-x
10.1142/S0129065721300011
10.1191/0269215505cr906oa
10.3414/ME09-02-0003
10.1016/j.eswa.2016.04.032
10.3233/JPD-191700
10.1016/S1474-4422(11)70143-0
10.1016/j.artmed.2022.102459
10.3389/fneur.2023.1306129
10.3390/s19235141
10.1016/j.knosys.2017.10.017
10.3389/fneur.2017.00128","Sensors (Basel, Switzerland)",,,<Element 'PubmedArticle' at 0x714e7f89b470>
"40285121
30214078
23377231
26467940
22813920
11083135
34554102
39204937
15990417
28686174
21868683
902652
26263899
34473576
21096838
8272181
31841415",Development and Assessment of a Soft Wearable for sEMG-Based Hand Grip Detection and Control of a Virtual Environment.,2025-04-26,"electromyography, grip force, grip strength, neurodegenerative disorder, rehabilitation, virtual environment","As the number of individuals diagnosed with neurodegenerative disorders (NDs) rises, there is a growing need to enhance both the quantity and quality of approaches used to treat these debilitating conditions. The progression of NDs can cause muscle weakness in the lower or upper limbs. We particularly focus on the area of the upper limb, specifically grip rehabilitation, by developing a system (VRGrip) that can reliably record electromyography (EMG) events of the hand flexor muscles to control an adaptive and engaging game using grip exertion. The purpose of this study was to determine the feasibility of using the VRGrip system.
We prototyped a three-component wearable system consisting of an e-textile forearm band (E-band), data acquisition module (DAM), and a computer game. This allows participants to play a game by squeezing their dominant hand. A feasibility study was completed with 9 individuals who self-reported an ND (including Parkinson's disease (PD), amyotrophic lateral sclerosis (ALS), multiple sclerosis (MS), Charcot-Marie-Tooth disease (CMT), spinal muscular atrophy (SMA), and essential tremor (ET)) and 12 individuals who self-reported to be relatively healthy (RH). Each participant completed 15 min of gameplay (three trials of five minutes), where they would squeeze a resistive ball to trigger in-game actions. The user experience was then evaluated via a User Satisfaction Evaluation Questionnaire (USEQ; scored 0-30, with 30 being best).
Analysis of the grip detection reliability during the feasibility study resulted in an F1 score of 0.8343 ± 0.1208 for the healthy participant group and 0.8401 ± 0.1034 for the ND participant group. The USEQ (Avg. score: 4.65 ± 0.51) indicated that participants found the system comfortable, engaging, and enjoyable. Additionally, we potentially identified age-related changes in muscle fatigue.
The results of this study demonstrate that our VRGrip system could be used for hand grip detection in a virtual environment. In the future, we aim to conduct longitudinal studies to determine if repeated use of the system has merit for grip rehabilitation.","[{'affiliation': 'Interdisciplinary Neuroscience Program, University of Rhode Island, Kingston, RI 02881, USA.', 'firstname': 'Lohith', 'initials': 'L', 'lastname': 'Chatragadda'}, {'affiliation': 'Department of Kinesiology, University of Rhode Island, Kingston, RI 02881, USA.', 'firstname': 'Aiden', 'initials': 'A', 'lastname': 'Fletcher'}, {'affiliation': 'Department of Computer Science and Statistics, University of Rhode Island, Kingston, RI 02881, USA.', 'firstname': 'Sam', 'initials': 'S', 'lastname': 'Zhong'}, {'affiliation': 'Department of Kinesiology, University of Rhode Island, Kingston, RI 02881, USA.', 'firstname': 'Fabian A', 'initials': 'FA', 'lastname': 'Vargas'}, {'affiliation': 'Department of Electrical, Computer and Biomedical Engineering, University of Rhode Island, Kingston, RI 02881, USA.', 'firstname': 'Nishtha', 'initials': 'N', 'lastname': 'Bhagat'}, {'affiliation': 'Department of Electrical, Computer and Biomedical Engineering, University of Rhode Island, Kingston, RI 02881, USA.', 'firstname': 'Kunal', 'initials': 'K', 'lastname': 'Mankodiya'}, {'affiliation': 'Department of Kinesiology, University of Rhode Island, Kingston, RI 02881, USA.', 'firstname': 'Matthew J', 'initials': 'MJ', 'lastname': 'Delmonico'}, {'affiliation': 'Department of Electrical, Computer and Biomedical Engineering, University of Rhode Island, Kingston, RI 02881, USA.', 'firstname': 'Dhaval', 'initials': 'D', 'lastname': 'Solanki'}]","The results of this study demonstrate that our VRGrip system could be used for hand grip detection in a virtual environment. In the future, we aim to conduct longitudinal studies to determine if repeated use of the system has merit for grip rehabilitation.",,"10.3390/s25082431
10.1097/MRR.0b013e32835acfd5
10.1016/j.ypmed.2012.07.007
10.1016/j.jnca.2012.10.002
10.1080/001401300750003970
10.3390/s24165242
10.26599/NR.2025.94907301
10.3233/THC-2005-13301
10.3390/s17071589
10.1152/japplphysiol.00367.2011
10.1007/BF00421697
10.1186/s12880-015-0068-x
10.1152/japplphysiol.00262.2021
10.1212/WNL.51.6.1583?casa_token=Q2AkyaERH6sAAAAA%3AtTzK40eWegoxINTbcffCVd1oysnX8oJPjxTvmmGkZQJ2Shpe0ujOfxkkhNaKFL_LZASmvQ7_ZG62yQ
10.1159/000110320
10.1109/TIM.2025.3552811
10.1109/TNSRE.2019.2959449","Sensors (Basel, Switzerland)",,"Analysis of the grip detection reliability during the feasibility study resulted in an F1 score of 0.8343 ± 0.1208 for the healthy participant group and 0.8401 ± 0.1034 for the ND participant group. The USEQ (Avg. score: 4.65 ± 0.51) indicated that participants found the system comfortable, engaging, and enjoyable. Additionally, we potentially identified age-related changes in muscle fatigue.",<Element 'PubmedArticle' at 0x714e7f82f380>
"40279198
30003140
28332488
11673316
25904081
22355802
30702842
33879872
16713924
25987282
32737460
26309254
32058266
40148962
27912057
38281671
34220443
22145021
31254094
36201918
31255487
25296989
34929264
33762925
32113968
15888489
12591154
3143926
8673494
1699767
34623702
37087783
19164583
35043376
29892066
35368248
31619964
26674871
22544516
16190885
40273372
4371656
11591459
12062037
30308173
30702835
4931417
2850698
1972853
2797454
1795497
8093549
16330147
12498954
12721813
31412427
24978368
32809151
26590572
26090079
2057006
23712625
21520278
35884724
28974386
39630386
24607323
36854933
37183455
35332158
36376318
28195358
32934117
25476529
32357258
33485385
26179554
37314861
33692356
34530073
34996879
27259147
16973914
31616396
36243004
32026594
19661153
12881224
36706592
30603535
39134940
30407703
7587798
17368292
32333962
26030851
38115046
39060267
22508280
27589538
20856865
22292943
25113060
30774946
25555217
30237325
28614796
38063197
28446653
26031848
26418122
37311693
35861362
32380543
37981650
15020654
33098765
35430875
25160105
28460516
37673052
17343284
15084446
23500093
27891695
27295950
34653503
36127137
32227602
35087426
16229904
1672856
38186247
33214955
25230997
26853806
7692698
20615391
34605201
19926877
8696907
6055248
25932952
7540279
16927957
8897024
3554009
1637121
29238306
6473154
19805477
35897648
5069712
36240781
23517078
17513014
16888170
29604313
35501356
12626429
17586496
19595768
19409896
28090391
22608184
34898306
11049730
974776
843903
366451
922480
856411
830395
22485158
32414584
9108123
29237453
22821666
22041973
24100676
16216827
11027567
28681931
36050877
26961958
19906954
19384567
29174113
26459609
29458391
12588467
21457230
17931829
23599389
11598996
17439428
18221213
23022456
1320891
2872630
21816512
30866091
32522585
33727096
33022720
30851189
35584709
34276285
9074762
6105617
1385171
19131325
30998649
33000126
8731708
29454662
25775153
689739
24898698
30579705
17435548
31561386
30554160
28276272
31507404
37117765
39379564
31930038
29162163
30089849
28912251
28891262
31398905
31343083
22467146
34875227
26488817
33691135
14988823
28952015
2342332
2666250
21496484
21618891
1910360
1828934
22846371
24375669
35754289
20098715
22342967
14513261
32736085
37199240
34020664
12525573
34681607
2974227
21803157
22145886
25707377
25209287",Gut neuropeptide involvement in Parkinson's disease.,2025-04-25,"Parkinson’s disease, enteric nervous, gut-brain, neuropeptide, α-synuclein","Parkinson's disease (PD) is a neurodegenerative disorder affecting over 10 million people. A key pathological feature of PD is the accumulation of misfolded α-synuclein (aSyn) protein in the substantia nigra pars compacta. Aggregation of aSyn can form Lewy bodies that contribute to dopaminergic neuron degeneration and motor symptoms, such as tremor, rigidity, and bradykinesia. Beyond the central nervous system, aSyn aggregates have been detected in the gastrointestinal (GI) tract, suggesting a link between peripheral aSyn and nonmotor PD symptoms. GI symptoms, often preceding motor symptoms by up to 20 years, highlight the bidirectional communication between the central nervous system and the enteric nervous system (gut-brain axis) in PD. Although microbiome alterations and intestinal inflammation have been associated with PD, functional impacts on gut-brain signaling or aSyn aggregation remain unclear. Intestinal neuropeptides are key modulators of gut-brain communication, alter immune response to pathogens and environmental toxins, and may contribute to the function of the luminal gut barrier. Dysregulation of gut neuropeptide signaling, including vasoactive intestinal peptide, neuropeptide Y, calcitonin gene-related peptide, ghrelin, cholecystokinin, glucagon-like peptide 1, and substance P, have been associated with pathologic effects of PD in animal models. Despite their potential role in pathogenesis and disease modulation, gut neuropeptide roles in PD are underexplored. This article reviews current knowledge surrounding microbial metabolite and immune influences on gut neuropeptide signaling, aSyn aggregation in the enteric nervous system, and downstream neuroimmune pathway alterations within the context of PD and its mouse models.","[{'affiliation': 'Department of Biomedical Sciences, Colorado State University, Fort Collins, Colorado, United States.', 'firstname': 'Hayley N', 'initials': 'HN', 'lastname': 'Templeton'}, {'affiliation': 'Department of Biomedical Sciences, Colorado State University, Fort Collins, Colorado, United States.\nSchool of Biomedical Engineering, Colorado State University, Fort Collins, Colorado, United States.', 'firstname': 'Stuart A', 'initials': 'SA', 'lastname': 'Tobet'}, {'affiliation': ""Department of Biomedical Sciences, Colorado State University, Fort Collins, Colorado, United States.\nAnn Romney Center for Neurological Disease, Department of Neurology, Brigham and Women's Hospital, Harvard Medical School, Boston, Massachusetts, United States."", 'firstname': 'Luke A', 'initials': 'LA', 'lastname': 'Schwerdtfeger'}]",,,10.1152/ajpgi.00383.2024,American journal of physiology. Gastrointestinal and liver physiology,,,<Element 'PubmedArticle' at 0x714e805ba480>
"40278600
37542161
39106155
39090375
39054161
38814823
36958382
34613370
35421261
36170612
36441394
29587223
32888951
35448425
38283093
28803148
35203619
38517792
38972338
38490626
38433903
38029625
36383165
22032805
35448417
35126295
31322574
32890478
29935448
36923490
36502327
37371506
38001022
23474058
30789229
38407546
37542734
31496852
37392613
39095254
26066023
28476663
33926237
31440122
37891767
34964520
37481961
31160537
39246712
38108959
28651647
30609414
27779222
28855564
34968046
35978243
37718355
37788570
37814252
33161115
32861010
30719878
26037109
27376929
38070718
36757343
38203662
25377069
26099304
37798515
32716353
32641693
38241750
38311015
38226699
38314612
33203682
35023918
28387395
27062521
34171621
38615722
34081443
38488191
37047882
30247338
32167495
38590155
37458371
33492297
37993052
37602649
29344342
36905313
38147328
37903644
37578757
38346414
35377391
33652701
38582428
36243054
36006166
33922616
34404927
33385777
31269700
38229915
38309172
38220111
35909533
38132332","Sleep and Arousal Hubs and Ferromagnetic Ultrafine Particulate Matter and Nanoparticle Motion Under Electromagnetic Fields: Neurodegeneration, Sleep Disorders, Orexinergic Neurons, and Air Pollution in Young Urbanites.",2025-04-25,"Alzheimer’s, Parkinson’s, air pollution, anthropogenic ferrimagnetic nanoparticles, electromagnetic fields, obesity, orexinergic neurons, sleep disorders, sleep/awake hubs","Air pollution plays a key role in sleep disorders and neurodegeneration. Alzheimer's disease (AD), Parkinson's disease (PD), and/or transactive response DNA-binding protein TDP-43 neuropathology have been documented in children and young adult forensic autopsies in the metropolitan area of Mexico City (MMC), along with sleep disorders, cognitive deficits, and MRI brain atrophy in seemingly healthy young populations. Ultrafine particulate matter (UFPM) and industrial nanoparticles (NPs) reach urbanites' brains through nasal/olfactory, lung, gastrointestinal tract, and placental barriers. We documented Fe UFPM/NPs in neurovascular units, as well as lateral hypothalamic nucleus orexinergic neurons, thalamus, medullary, pontine, and mesencephalic reticular formation, and in pinealocytes. We quantified ferromagnetic materials in sleep and arousal brain hubs and examined their motion behavior to low magnetic fields in MMC brain autopsy samples from nine children and 25 adults with AD, PD, and TDP-43 neuropathology. Saturated isothermal remanent magnetization curves at 50-300 mT were associated with UFPM/NP accumulation in sleep/awake hubs and their motion associated with 30-50 µT (DC magnetic fields) exposure. Brain samples exposed to anthropogenic PM pollution were found to be sensitive to low magnetic fields, with motion behaviors that were potentially linked to the early development and progression of fatal neurodegenerative diseases and sleep disorders. Single-domain magnetic UFPM/NPs in the orexin system, as well as arousal, sleep, and autonomic regions, are key to neurodegeneration, behavioral and cognitive impairment, and sleep disorders. We need to identify children at higher risk and monitor environmental UFPM and NP emissions and exposures to magnetic fields. Ubiquitous ferrimagnetic particles and low magnetic field exposures are a threat to global brain health.","[{'affiliation': 'Biomedical Sciences, The University of Montana, Missoula, MT 59812, USA.\nEscuela de Enfermeria, Universidad Autónoma de Piedras Negras, Piedras Negras 26000, Mexico.', 'firstname': 'Lilian', 'initials': 'L', 'lastname': 'Calderón-Garcidueñas'}, {'affiliation': 'Instituto de Geofísica, Universidad Nacional Autónoma de México, Mexico City 04510, Mexico.', 'firstname': 'Fredy Rubén', 'initials': 'FR', 'lastname': 'Cejudo-Ruiz'}, {'affiliation': 'Department of Neurology, Geisel School of Medicine, Dartmouth-Hitchcock Medical Center, Lebanon, NH 03756, USA.', 'firstname': 'Elijah W', 'initials': 'EW', 'lastname': 'Stommel'}, {'affiliation': 'Instituto Nacional de Pediatría, Mexico City 04530, Mexico.', 'firstname': 'Angélica', 'initials': 'A', 'lastname': 'González-Maciel'}, {'affiliation': 'Instituto Nacional de Pediatría, Mexico City 04530, Mexico.', 'firstname': 'Rafael', 'initials': 'R', 'lastname': 'Reynoso-Robles'}, {'affiliation': 'Department of Advance Materials, Instituto Potosino de Investigación Científica y Tecnológica AC, San Luis Potosi 78216, Mexico.', 'firstname': 'Héctor G', 'initials': 'HG', 'lastname': 'Silva-Pereyra'}, {'affiliation': 'Instituto Nacional de Pediatría, Mexico City 04530, Mexico.', 'firstname': 'Beatriz E', 'initials': 'BE', 'lastname': 'Pérez-Guille'}, {'affiliation': 'Instituto Nacional de Pediatría, Mexico City 04530, Mexico.', 'firstname': 'Rosa Eugenia', 'initials': 'RE', 'lastname': 'Soriano-Rosales'}, {'affiliation': 'Instituto de Ciencias de la Atmósfera y Cambio Climático, Universidad Nacional Autónoma de México, Mexico City 04510, Mexico.', 'firstname': 'Ricardo', 'initials': 'R', 'lastname': 'Torres-Jardón'}]",,,"10.3390/toxics13040284
10.1038/s41380-023-02206-9
10.1289/EHP13427
10.1038/s43856-024-00576-x
10.1016/j.tins.2024.06.008
10.1089/brain.2023.0072
10.1016/j.envres.2023.115726
10.1093/aje/kwab246
10.1111/acel.13610
10.1164/rccm.202204-0740OC
10.1007/s12519-022-00628-z
10.1016/j.envres.2018.03.023
10.1016/j.envres.2020.110139
10.3390/toxics10040164
10.3389/fnhum.2023.1297467
10.1016/j.envres.2017.08.008
10.3390/biomedicines10020410
10.3233/JAD-231373
10.1016/j.envres.2024.119524
10.1016/j.envres.2024.118629
10.1016/j.isci.2024.109201
10.1016/j.sleep.2023.11.029
10.1177/07482337221139586
10.1016/j.bandc.2011.09.006
10.3390/toxics10040156
10.3389/fneur.2021.794071
10.3233/JAD-190405
10.1016/j.envres.2020.110087
10.1016/j.envres.2018.06.023
10.3389/fneur.2023.1117695
10.3233/JAD-220850
10.3390/biom13060927
10.1093/sleep/zsad304
10.1016/j.sleep.2012.10.015
10.1093/brain/awz030
10.1002/ana.26880
10.1093/sleep/zsad198
10.2147/NSS.S183504
10.1016/j.smrv.2023.101805
10.1016/j.sleh.2024.06.004
10.1089/brain.2015.0347
10.1016/j.neuroimage.2017.04.070
10.1089/brain.2020.0975
10.3389/fnins.2019.00764
10.3390/brainsci13101398
10.1002/mds.28895
10.1016/j.smrv.2023.101821
10.1523/JNEUROSCI.2043-18.2019
10.3389/fnhum.2024.1411849
10.1007/s12012-023-09814-5
10.1186/s12868-017-0369-9
10.1088/1361-6528/aafbff
10.20937/RICA.2019.35.01.06
10.20937/RICA.54372
10.1038/srep36088
10.1039/C6EN00056H
10.1007/s11200-017-1233-1
10.1038/s41598-017-09897-5
10.1021/acs.chemrev.1c00860
10.3390/magnetochemistry8120165
10.1039/C2CE25957E
10.1007/s11356-022-22512-z
10.1007/s11325-023-02918-w
10.1093/sleep/zsad260
10.1186/s12889-023-16836-9
10.1016/j.acap.2020.11.003
10.1016/j.sleep.2020.07.032
10.1002/ppul.24256
10.1016/j.envres.2016.06.026
10.1016/j.tiv.2023.105760
10.1167/tvst.12.2.14
10.3390/ijms25010493
10.1007/s11095-014-1561-6
10.1007/s12035-015-9259-2
10.1007/s00204-023-03612-2
10.3233/JAD-190929
10.1038/s41598-020-67724-w
10.1088/1361-6528/ad20a1
10.1016/j.bbamem.2024.184293
10.1039/D3NR05462D
10.1039/d3cp06029b
10.1073/pnas.2018568117
10.2147/IJN.S344257
10.1039/C6NR07262C
10.1002/asia.201600236
10.1016/j.colsurfb.2021.111931
10.1016/j.tiv.2024.105829
10.1021/acs.est.1c01733
10.1002/wnan.1947
10.3390/ijerph20075267
10.1097/HP.0000000000000930
10.1097/HP.0000000000001210
10.1002/hbm.26675
10.1002/alz.13081
10.3233/JAD-201384
10.1016/j.envres.2023.117719
10.1080/21678421.2023.2245858
10.1177/2045125317739818
10.1177/00333549231155869
10.1001/jamaneurol.2023.4929
10.1212/WNL.0000000000207871
10.1159/000536643
10.1001/jamaneurol.2022.0429
10.3390/ijerph18052301
10.1016/j.envres.2024.118846
10.1016/j.envres.2022.114561
10.3390/toxics10080487
10.3390/children8050327
10.3390/ijerph16132336
10.1016/j.sleepx.2023.100100
10.1016/j.jhazmat.2024.133570
10.1016/j.jad.2024.01.112
10.3389/fendo.2022.938094
10.3390/biology12121506",Toxics,,,<Element 'PubmedArticle' at 0x714e7feae3e0>
"40277526
28592904
38942041
24796235
28643183
24030855
30178033
9764259
38150950
31031690
31199163
28131197
32080891
24464648
29632508
37132065
28853634
26483921
26683743
38003906
38811633
23137353
38330229
30635244
21871844
18442142
27533042
36193943
24674770
28660562
33426158
18205084
27513333
24607323
14980992
27125836
24777169",Wearable Sensors for Sleep Monitoring in Free-Living Environments: A Scoping Review on Parkinson's Disease.,2025-04-25,"Parkinson’s disease, actigraphy, ambulatory, machine learning, sleep, sleep–wake disorders, wearables","Parkinson's disease (PD) is a neurodegenerative disorder that affects multiple neural pathways, leading to a broad spectrum of motor and non-motor symptoms. Sleep disorders, such as insomnia and excessive daytime sleepiness, are prevalent among PD patients and significantly impact symptomatology and patients' quality of life. Wearable technology presents an opportunity to study these interactions in patients' daily life environments without the limitations of in-clinic sleep studies. Thus, this review aims to explore how wearable technology has been employed or developed for the sleep monitoring of PD patients in free-living environments. A comprehensive search was conducted across PubMed, Scopus, and IEEE Xplore to identify original research articles focusing on wearable sleep technology for the ambulatory monitoring of PD patients. Twenty-six studies fulfilled the inclusion criteria and underwent structured data extraction and quality assessment. Key aspects analysed included subject demographics, extracted sleep parameters, identified sleep disorders, and the application of machine-learning algorithms. Wearable devices could offer a practical solution for long-term sleep monitoring in PD, though further validation is needed. The absence of standardised protocols and the lack of device validation within PD populations remain significant challenges. The evidence gathered in this study remains insufficient to define a standardised protocol for sleep assessment of PD patients in free-living environments.","[{'affiliation': 'Department of Neurology, Centro Hospitalar Universitário de Santo António, 4099-001 Porto, Portugal.', 'firstname': 'Joana', 'initials': 'J', 'lastname': 'Matos'}, {'affiliation': 'Department of Neurology, Centro Hospitalar Universitário de Santo António, 4099-001 Porto, Portugal.', 'firstname': 'Beatriz', 'initials': 'B', 'lastname': 'Ramos'}, {'affiliation': 'Department of Neurology, Centro Hospitalar Universitário de Santo António, 4099-001 Porto, Portugal.', 'firstname': 'Joana', 'initials': 'J', 'lastname': 'Fernandes'}, {'affiliation': 'Department of Neurology, Kiel University, 24105 Kiel, Germany.', 'firstname': 'Clint', 'initials': 'C', 'lastname': 'Hansen'}, {'affiliation': 'Department of Neurology, Kiel University, 24105 Kiel, Germany.', 'firstname': 'Walter', 'initials': 'W', 'lastname': 'Maetzler'}, {'affiliation': 'Department of Neurology, Centro Hospitalar Universitário de Santo António, 4099-001 Porto, Portugal.', 'firstname': 'Nuno', 'initials': 'N', 'lastname': 'Vila-Chã'}, {'affiliation': 'Department of Neurology, Centro Hospitalar Universitário de Santo António, 4099-001 Porto, Portugal.\nInstituto de Ciências Biomédicas Abel Salazar, Universidade do Porto, 4050-313 Porto, Portugal.\ni3S-Instituto de Investigação e Inovação em Saúde, Universidade do Porto, 4200-135 Porto, Portugal.', 'firstname': 'Luís F', 'initials': 'LF', 'lastname': 'Maia'}]",,,"10.3390/bios15040212
10.1038/nrn.2017.62
10.1016/S1474-4422(24)00170-4
10.3233/JPD-130301
10.1007/s40263-017-0450-z
10.1002/mds.25628
10.7326/M18-0850
10.1136/jech.52.6.377
10.1016/j.sleep.2023.11.021
10.3389/fneur.2019.00356
10.1080/15402002.2019.1629445
10.1016/j.jns.2016.12.045
10.1002/mds.28006
10.1002/mds.25730
10.3389/fneur.2018.00157
10.1111/jsr.13909
10.2217/nmt-2017-0016
10.1007/s40846-015-0065-0
10.1109/tsp55681.2022.9851316
10.1016/j.slsci.2014.09.013
10.1016/j.parkreldis.2015.11.003
10.1109/PerComWorkshops59983.2024.10502893
10.3390/jpm13111591
10.1038/s41531-024-00719-w
10.1111/jsr.12000
10.1093/sleep/zsae036
10.1016/j.parkreldis.2018.11.024
10.1016/j.autneu.2011.07.010
10.1002/mds.22057
10.1682/JRRD.2015.04.0062
10.1002/ana.26517
10.1016/j.parkreldis.2014.02.011
10.1007/s10072-017-3050-2
10.1002/mdc3.13102
10.1080/00207450701591065
10.1371/journal.pone.0160644
10.1016/j.yfrne.2014.02.002
10.1001/archinte.164.4.406
10.1002/mds.26642
10.1136/jnnp-2013-306851",Biosensors,,,<Element 'PubmedArticle' at 0x714e8182ee30>
"40270951
21269927
29553378
36938742
36552676
24667093
18787912
30340384
28928632
35185424
26053324
19936105
23884810
29751824
28843014
25896939
25435387
27763541
32099611
31331324
17475890
34063062
33808124
32751379
32982910
37569277
6609726
30938127
30325398
24693281
26962323
32762724
22313950
35004389
24464413
31043907
36535610
35454671
37010073
38314132
19067353
37148758
31399743
21849672
32575561
35889738
25476529
35057561
23280789
25830558
22870899
35069178
14605569
37958647",Gluten and its relationship with inflammation and Parkinson's Disease: A literature review.,2025-04-24,"Parkinson's Disease, Substantia Nigra, dyskinesia, dystonia, gluten, inflammation","Parkinson's Disease is a neurodegenerative central nervous system (CNS) disease that primarily affects the dopaminergic cells of the Substantia Nigra in the midbrain and causes a diverse array of symptoms, including dystonia, a loss of balance, difficulty initiating movements, akinesia, muscle spasms, and tremors. It has long been known that environmental and commercial compounds are linked to an increased risk of Parkinson's Disease. Of importance, gluten, a complex polysaccharide, has been hypothesized to cause some of the symptoms related to Parkinson's Disease. It is hypothesized that gluten causes a chronic inflammatory state which may lead to plaque formation and neuronal cell death in the substantia nigra, alongside the symptoms of Parkinson's Disease. This literature review hopes to explore the relationship gluten has as an inflammatory molecule and its role in the production and prolongation of the disease processes in Parkinson's Disease.","[{'affiliation': 'Department of Neurology, California Northstate University College of Medicine, 9700 W Taron Drive, Elk Grove, CA 95757, USA.', 'firstname': 'Zohaer', 'initials': 'Z', 'lastname': 'Muttalib'}, {'affiliation': 'Department of Neurology, California Northstate University College of Medicine, 9700 W Taron Drive, Elk Grove, CA 95757, USA.', 'firstname': 'Dana', 'initials': 'D', 'lastname': 'Aboukhalil'}, {'affiliation': 'Department of Neurology, California Northstate University College of Medicine, 9700 W Taron Drive, Elk Grove, CA 95757, USA.', 'firstname': 'Chisom', 'initials': 'C', 'lastname': 'Nwosu'}, {'affiliation': 'Department of Neurology, California Northstate University College of Medicine, 9700 W Taron Drive, Elk Grove, CA 95757, USA.', 'firstname': 'Dave D', 'initials': 'DD', 'lastname': 'Manguerra'}, {'affiliation': 'Department of Neurology, California Northstate University College of Medicine, 9700 W Taron Drive, Elk Grove, CA 95757, USA.', 'firstname': 'Jimmy', 'initials': 'J', 'lastname': 'Wen'}, {'affiliation': 'Department of Neurology, California Northstate University College of Medicine, 9700 W Taron Drive, Elk Grove, CA 95757, USA.', 'firstname': 'Ubaid', 'initials': 'U', 'lastname': 'Ansari'}, {'affiliation': 'Department of Neurology, California Northstate University College of Medicine, 9700 W Taron Drive, Elk Grove, CA 95757, USA.', 'firstname': 'Meraj', 'initials': 'M', 'lastname': 'Alam'}, {'affiliation': 'Department of Neurology, California Northstate University College of Medicine, 9700 W Taron Drive, Elk Grove, CA 95757, USA.', 'firstname': 'Ihab', 'initials': 'I', 'lastname': 'Abed'}, {'affiliation': 'Department of Neurology, California Northstate University College of Medicine, 9700 W Taron Drive, Elk Grove, CA 95757, USA.', 'firstname': 'Ethan', 'initials': 'E', 'lastname': 'Tabaie'}, {'affiliation': 'Department of Neurology, California Northstate University College of Medicine, 9700 W Taron Drive, Elk Grove, CA 95757, USA.', 'firstname': 'Ahmed', 'initials': 'A', 'lastname': 'Salem'}, {'affiliation': 'Department of Neurology, California Northstate University College of Medicine, 9700 W Taron Drive, Elk Grove, CA 95757, USA.', 'firstname': 'Forshing', 'initials': 'F', 'lastname': 'Lui'}]",,"© 2025 the Author(s), licensee AIMS Press.","10.3934/Neuroscience.2025004
10.1289/ehp.1002839
10.1016/S1474-4422(18)30072-3
10.3233/JPD-225047
10.3390/antiox11122467
10.1016/j.gastrohep.2014.01.005
10.1007/s12311-008-0052-x
10.3390/microorganisms6040107
10.3389/fnins.2017.00498
10.1177/15598276211049345
10.1371/journal.pone.0129218
10.1155/2009/278531
10.1093/brain/awt192
10.1186/s13024-018-0257-5
10.1002/mds.27138
10.1016/j.brainres.2015.04.015
10.1016/S1474-4422(14)70287-X
10.3390/nu8100644
10.1186/s12916-019-1380-z
10.4049/jimmunol.178.10.6590
10.3390/cells10051111
10.3390/cells10040756
10.3390/ijms21155407
10.3389/fneur.2020.00849
10.3390/ijms241511902
10.1503/jpn.180174
10.1093/advances/nmy056
10.1155/2014/293206
10.2174/1745017901511010180
10.1186/s12876-020-01390-0
10.1186/1741-7015-10-13
10.2147/ITT.S284821
10.1007/s00415-014-7245-7
10.1016/j.bbi.2022.12.008
10.3390/foods11081084
10.1002/biot.202200504
10.3748/wjg.v30.i3.225
10.1002/ana.21541
10.1016/j.biomaterials.2023.122135
10.1093/advances/nmz080
10.4049/jimmunol.1101526
10.3390/nu12061832
10.3390/nu14142781
10.1002/mds.26069
10.3390/nu14020380
10.1002/ana.23648
10.1186/1742-2094-9-188
10.3389/fnagi.2021.782082
10.1007/s10350-004-6802-z
10.3390/ijms242115662",AIMS neuroscience,,,<Element 'PubmedArticle' at 0x714e8185da30>
40204004,"Fungal ergot alkaloids: Metabolic pathways, biological functions, and advances in synthetic reprogramming.",2025-04-10,"Biocontrol, Endophytic fungi, Entomopathogenic fungi, Ergot alkaloids, Metarhizium, Synthesis, Synthetic reprogramming, Virulence","Ergot alkaloids (EAs) are a class of secondary metabolites produced by fungi. These compounds are predominantly synthesized by Ascomycota, with variations in types and biosynthetic pathways among different fungal species. The EA synthesis has minimal impact on the normal growth and development of most EA-producing fungi, but serves as a virulence factor that influences the biocontrol functions of entomopathogenic fungi and symbiotic fungi in plants. In the medical field, EAs have been widely used for treating neurological disorders such as Parkinson's disease. However, the biosynthetic pathways of EAs are highly complex and significantly influenced by environmental factors, resulting in low yields from field production or chemical synthesis. To address the global demand for EAs, various strategies have been developed to reprogram the biosynthetic pathways in some chassis strains, aiming to simplify the process and increase EA production. This review summarizes the biosynthetic pathways and regulatory mechanisms of EAs in fungi, their biological functions, and recent advances in strategies for synthetic reprogramming.","[{'affiliation': 'School of Life Sciences, Chongqing University, Chongqing 401331, PR China; Chongqing Engineering Research Center for Fungal Insecticides, Chongqing 401331, PR China; Key Laboratory of Gene Function and Regulation Technologies under Chongqing Municipal Education Commission, Chongqing, PR China.', 'firstname': 'Wanling', 'initials': 'W', 'lastname': 'Jiang'}, {'affiliation': 'School of Life Sciences, Chongqing University, Chongqing 401331, PR China; Chongqing Engineering Research Center for Fungal Insecticides, Chongqing 401331, PR China; Key Laboratory of Gene Function and Regulation Technologies under Chongqing Municipal Education Commission, Chongqing, PR China.', 'firstname': 'Xingyu', 'initials': 'X', 'lastname': 'Hou'}, {'affiliation': 'School of Life Sciences, Chongqing University, Chongqing 401331, PR China; Chongqing Engineering Research Center for Fungal Insecticides, Chongqing 401331, PR China; Key Laboratory of Gene Function and Regulation Technologies under Chongqing Municipal Education Commission, Chongqing, PR China.', 'firstname': 'Guoxiong', 'initials': 'G', 'lastname': 'Peng'}, {'affiliation': 'School of Life Sciences, Chongqing University, Chongqing 401331, PR China; Chongqing Engineering Research Center for Fungal Insecticides, Chongqing 401331, PR China; Key Laboratory of Gene Function and Regulation Technologies under Chongqing Municipal Education Commission, Chongqing, PR China. Electronic address: yuxianxia@cqu.edu.cn.', 'firstname': 'Yuxian', 'initials': 'Y', 'lastname': 'Xia'}, {'affiliation': 'School of Life Sciences, Chongqing University, Chongqing 401331, PR China; Chongqing Engineering Research Center for Fungal Insecticides, Chongqing 401331, PR China; Key Laboratory of Gene Function and Regulation Technologies under Chongqing Municipal Education Commission, Chongqing, PR China. Electronic address: yueqingcao@cqu.edu.cn.', 'firstname': 'Yueqing', 'initials': 'Y', 'lastname': 'Cao'}]",,Copyright © 2025. Published by Elsevier Inc.,10.1016/j.biotechadv.2025.108578,Biotechnology advances,,,<Element 'PubmedArticle' at 0x714e81899c10>
"40172037
40119564
39269187
24050700
35246670
26739246","Reply: ""Enhancing Parkinson's Disease Research: Recommendations for Addressing Genetic and Environmental Influences in Family History Studies"".",2025-04-02,"environmental exposure, family history, parkinson's disease",,"[{'affiliation': 'Neurology Unit, Neuroscience and Rehabilitation Department, Ospedale S.Anna, Como, Italy.', 'firstname': 'Federica', 'initials': 'F', 'lastname': 'Arienti'}, {'affiliation': ""Foundation IRCCS Ca'Granda Ospedale Maggiore Policlinico, Neuroscience and Mental Health Department, Neurology Unit, Milan, Italy.\nNeuroscience Section, Dino Ferrari Center, Department of Pathophysiology and Transplantation, University of Milan, Milan, Italy."", 'firstname': 'Edoardo', 'initials': 'E', 'lastname': 'Monfrini'}, {'affiliation': ""Foundation IRCCS Ca'Granda Ospedale Maggiore Policlinico, Neuroscience and Mental Health Department, Neurology Unit, Milan, Italy."", 'firstname': 'Alessio', 'initials': 'A', 'lastname': 'Di Fonzo'}]",,,"10.1002/mdc3.70034
10.1002/mdc3.14206
10.1146/annurev-pharmtox-011613-135937
10.1038/s41577-022-00684-6
10.1016/j.parkreldis.2015.12.008",Movement disorders clinical practice,,,<Element 'PubmedArticle' at 0x714e818b5a80>
"40171059
36643211
39896827
38129668
38306038
33492338
33199202
18624437
23985770
38325473
37855918
25248937
27547160
15350803
25461417
25939349
39818350
15812677",Environmental Neurotoxins Are Driving the Neurodegeneration Panpidemic.,2025-04-02,,"The world is suffering a pandemic of neurodevelopment and neurodegenerative disorders. Autism, attention-deficit/hyperactivity disorder, dementia, Alzheimer disease, Parkinson disease-the list is long-have all increased relentlessly the past few decades. The primary cause appears to be the saturation of the environment with microbial, chemical, and metal neurotoxins. This editorial reviews the research on commonly found neurotoxins and attempts to assess their contribution to neurodegeneration and its prevalence in the population.","[{'affiliation': None, 'firstname': 'Joseph', 'initials': 'J', 'lastname': 'Pizzorno'}]",,Copyright © 2025 InnoVision Professional Media Inc.,,"Integrative medicine (Encinitas, Calif.)",,,<Element 'PubmedArticle' at 0x714e81e2f420>
40157561,"Development and adhesion evaluation of transdermal rotigotine patches utilizing 3D-printed skin-mimicking substrate, solid-state NMR, and ATR-FTIR techniques.",2025-03-30,"3D printing, Adhesion, Rotigotine, Skin mimetic substrate, Transdermal patch","Transdermal rotigotine patches, used to treat parkinson's disease, often face challenges in maintaining adequate adhesion, which is crucial for effective drug delivery. Adhesion performance is influenced by environmental conditions such as humidity and temperature, as well as skin characteristics like wrinkles and micro-delaminations that vary with age and sex. Standard adhesion tests using stainless steel (SS) substrates do not accurately mimic human skin, leading to overestimated adhesion strength. This study developed rotigotine matrix transdermal formulations with silicone pressure sensitive adhesive (PSA) and evaluated their adhesion properties at 32 ± 1°C and 75 ± 5 % RH in a stability chamber. Moisture uptake over 24 h was measured using solid-state nuclear magnetic resonance (SSNMR) spectroscopy and attenuated total reflectance-fourier transform infrared- (ATR-FTIR) spectroscopy. Adhesion tests, including probe tack and peel, were performed on SS and 3D-printed acrylonitrile butadiene styrene (ABS) substrates designed with micro-delaminations and wrinkles to simulate skin conditions. In vitro permeation testing (IVPT) studies demonstrated a flux of 10.48 ± 0.61 and 10.03 ± 0.57 μg/h/cm","[{'affiliation': 'Pharmaceutical Sciences Department, Florida A&M University, Tallahassee, FL, USA.', 'firstname': 'Arvind', 'initials': 'A', 'lastname': 'Bagde'}, {'affiliation': 'Pharmaceutical Sciences Department, Florida A&M University, Tallahassee, FL, USA.', 'firstname': 'Keb', 'initials': 'K', 'lastname': 'Mosley-Kellum'}, {'affiliation': 'National High Magnetic Field Laboratory, Tallahassee, FL 32304, USA.', 'firstname': 'Sungsool', 'initials': 'S', 'lastname': 'Wi'}, {'affiliation': 'Research and Development Department, Transdermal Research Pharm Laboratories, Inc., Long Island City, NY, USA.', 'firstname': 'Nisarg', 'initials': 'N', 'lastname': 'Modi'}, {'affiliation': 'Department of Chemical and Biomedical Engineering, Florida A&M University, Tallahassee, FL, USA.', 'firstname': 'Satyanarayan', 'initials': 'S', 'lastname': 'Dev'}, {'affiliation': 'Pharmaceutical Sciences Department, Florida A&M University, Tallahassee, FL, USA. Electronic address: mandip.sachdeva@gmail.com.', 'firstname': 'Mandip', 'initials': 'M', 'lastname': 'Singh'}]",,Copyright © 2025 Elsevier B.V. All rights reserved.,10.1016/j.ijpharm.2025.125522,International journal of pharmaceutics,,,<Element 'PubmedArticle' at 0x714e81e8e840>
"40150115
22229124
32597012
35296034
30721678
35626189
34025389
19204149
33014031
36551120
32891924
35051896
35968382
37405893
24431986
37238263
35735541
35855489
31001099",A Comparative Study of Machine Learning and Deep Learning Models for Automatic Parkinson's Disease Detection from Electroencephalogram Signals.,2025-03-28,"IOWA dataset, Parkinson’s disease detection, UC San Diego Resting State EEG dataset, convolutional neural network, electroencephalogram signals, power spectral density, support vector machine",,"[{'affiliation': 'Department of Information Technology, Jadavpur University, Jadavpur University Second Campus, Plot No. 8, Salt Lake Bypass, LB Block, Sector III, Salt Lake City, Kolkata 700106, India.', 'firstname': 'Sankhadip', 'initials': 'S', 'lastname': 'Bera'}, {'affiliation': 'College of IT Convergence, Gachon University, Seongnam 13120, Republic of Korea.', 'firstname': 'Zong Woo', 'initials': 'ZW', 'lastname': 'Geem'}, {'affiliation': 'Department of Computer Engineering, Gachon University, Seongnam 1342, Republic of Korea.', 'firstname': 'Young-Im', 'initials': 'YI', 'lastname': 'Cho'}, {'affiliation': 'Department of Information Technology, Jadavpur University, Jadavpur University Second Campus, Plot No. 8, Salt Lake Bypass, LB Block, Sector III, Salt Lake City, Kolkata 700106, India.', 'firstname': 'Pawan Kumar', 'initials': 'PK', 'lastname': 'Singh'}]",,,"10.3390/diagnostics15060773
10.1101/cshperspect.a008862
10.1111/cns.13429
10.3389/fnagi.2022.810860
10.1016/j.cub.2018.11.052
10.3390/diagnostics12051033
10.3389/fnagi.2021.633752
10.1093/med/9780190497774.001.0001
10.3390/app12115413
10.1001/archneurol.2009.15
10.1155/2020/8875426
10.1007/s12559-023-10171-2
10.3390/bios12121153
10.1016/j.parkreldis.2020.08.001
10.1016/j.parkreldis.2022.01.011
10.1007/s00521-024-09521-4
10.1007/s00521-024-09569-2
10.3390/electronics10141740
10.3389/fnins.2022.957181
10.1109/TIM.2024.3351248
10.1109/JBHI.2023.3292452
10.3389/fnins.2013.00267
10.3390/diagnostics13101779
10.1007/s11042-020-09537-7
10.3390/bios12060393
10.1016/j.bspc.2022.104000
10.1016/j.ipm.2022.102909
10.1007/978-3-540-31865-1_25
10.3389/fnhum.2019.00118","Diagnostics (Basel, Switzerland)",,,<Element 'PubmedArticle' at 0x714e818ced90>
"40141432
32048473
22723781
31507450
17307373
27497666
12020651
21783875
32005144
19796708
29354063
34420648
29852253
33421781
30954612
31128654
33993089
33516149
33069948
34119925
19949254
28253338
29914359
21074869
31770642
28920148
29486352
12458183
30336289
29251223
32213387
32927054
18945273
21030607
12151370
15044150
15562450
30605768
22179410
20400641
31617750
12115907
22036842
17618150
16793006
20086120
10965965
11897839
14961249
14610032
18692588
17690237
23542128
16181340
30359754
31306760
23009921
18294892
28652133
21199031
26940974
23029449
23761670
28694531
21372320
17944942
11435136
20946068
2892214
16054089
12676762
21524994
25425497
25917764
23954723
28153644
18539088
15618479
17689996
36495832
36638565
28435106
32070889
24451626
19033363",A TMT-Based Proteomic Analysis of Osmoregulation in the Gills of ,2025-03-27,"Oreochromis mossambicus, TMT-based proteomics, gills, osmotic stresses",Salinity and alkalinity are critical environmental factors that affect fish physiology and ability to survive. ,"[{'affiliation': 'Key Laboratory of Tropical & Subtropical Fishery Resource Application & Cultivation, Ministry of Agriculture and Rural Affairs, Pearl River Fisheries Research Institute, Chinese Academy of Fishery Science, No. 1, Xingyu Road, Liwan District, Guangzhou 510380, China.\nHeyuan Branch, Guangdong Laboratory for Lingnan Modern Agriculture, Heyuan 517000, China.', 'firstname': 'Huanhuan', 'initials': 'H', 'lastname': 'Su'}, {'affiliation': 'Key Laboratory of Tropical & Subtropical Fishery Resource Application & Cultivation, Ministry of Agriculture and Rural Affairs, Pearl River Fisheries Research Institute, Chinese Academy of Fishery Science, No. 1, Xingyu Road, Liwan District, Guangzhou 510380, China.\nGuangdong Provincial Key Laboratory of Aquatic Animal Immunology and Sustainable Aquaculture, Guangzhou 510380, China.', 'firstname': 'Dongmei', 'initials': 'D', 'lastname': 'Ma'}, {'affiliation': 'Key Laboratory of Tropical & Subtropical Fishery Resource Application & Cultivation, Ministry of Agriculture and Rural Affairs, Pearl River Fisheries Research Institute, Chinese Academy of Fishery Science, No. 1, Xingyu Road, Liwan District, Guangzhou 510380, China.\nGuangdong Provincial Key Laboratory of Aquatic Animal Immunology and Sustainable Aquaculture, Guangzhou 510380, China.', 'firstname': 'Jiajia', 'initials': 'J', 'lastname': 'Fan'}, {'affiliation': 'Key Laboratory of Tropical & Subtropical Fishery Resource Application & Cultivation, Ministry of Agriculture and Rural Affairs, Pearl River Fisheries Research Institute, Chinese Academy of Fishery Science, No. 1, Xingyu Road, Liwan District, Guangzhou 510380, China.\nGuangdong Provincial Key Laboratory of Aquatic Animal Immunology and Sustainable Aquaculture, Guangzhou 510380, China.', 'firstname': 'Zaixuan', 'initials': 'Z', 'lastname': 'Zhong'}, {'affiliation': 'Key Laboratory of Tropical & Subtropical Fishery Resource Application & Cultivation, Ministry of Agriculture and Rural Affairs, Pearl River Fisheries Research Institute, Chinese Academy of Fishery Science, No. 1, Xingyu Road, Liwan District, Guangzhou 510380, China.\nGuangdong Provincial Key Laboratory of Aquatic Animal Immunology and Sustainable Aquaculture, Guangzhou 510380, China.', 'firstname': 'Yuanyuan', 'initials': 'Y', 'lastname': 'Tian'}, {'affiliation': 'Key Laboratory of Tropical & Subtropical Fishery Resource Application & Cultivation, Ministry of Agriculture and Rural Affairs, Pearl River Fisheries Research Institute, Chinese Academy of Fishery Science, No. 1, Xingyu Road, Liwan District, Guangzhou 510380, China.\nGuangdong Provincial Key Laboratory of Aquatic Animal Immunology and Sustainable Aquaculture, Guangzhou 510380, China.', 'firstname': 'Huaping', 'initials': 'H', 'lastname': 'Zhu'}]",,,"10.3390/ijms26062791
10.1002/jez.2350
10.3389/fphys.2012.00198
10.1007/s12665-014-3186-9
10.3389/fphys.2019.01087
10.1016/j.aquaculture.2019.734827
10.1016/j.aquaculture.2020.734937
10.1016/j.aquaculture.2015.12.014
10.1016/j.aquaculture.2019.734847
10.1016/j.cbpa.2007.01.008
10.3391/ai.2013.8.3.06
10.1016/j.aquaculture.2013.11.034
10.1016/j.cbpb.2016.07.008
10.1111/j.1439-0426.2009.01360.x
10.1016/S1095-6433(02)00044-2
10.1016/j.etap.2007.12.002
10.1007/s10499-022-00902-x
10.1186/s12864-020-6512-5
10.1016/j.cbpc.2009.09.007
10.3389/fphys.2017.01072
10.1016/j.jtherbio.2021.103016
10.1016/j.aquaculture.2020.736329
10.1016/j.aquaculture.2020.735470
10.1007/s11160-005-7846-4
10.5713/ajas.2010.90624
10.1007/s40995-018-0663-0
10.1016/j.aquaculture.2017.03.010
10.1016/j.cbpa.2018.05.017
10.1016/j.aquaculture.2020.736294
10.1016/j.scitotenv.2020.144249
10.1016/j.jprot.2019.04.004
10.1016/j.jtherbio.2019.04.005
10.1016/j.aquaculture.2020.735944
10.1016/j.ecoenv.2021.112299
10.1016/j.esmoop.2020.100045
10.1016/j.aquaculture.2020.735320
10.1016/j.ecoenv.2020.111459
10.1016/j.aquaculture.2019.03.018
10.1016/j.ecoenv.2021.112412
10.1093/ilar.50.4.387
10.1371/journal.pone.0173238
10.1186/s12864-018-4825-4
10.1016/j.aquatox.2010.10.006
10.1016/j.aquaculture.2020.735681
10.1111/faf.12215
10.1016/j.aqrep.2020.100567
10.1016/j.fsi.2019.11.056
10.1007/s10126-017-9774-4
10.1016/j.fsi.2018.02.041
10.1016/S1532-0456(02)00125-4
10.1016/j.cbpc.2018.10.002
10.1080/17435390.2017.1415389
10.1016/j.jhazmat.2020.122562
10.1016/j.fsi.2020.09.014
10.1111/j.1748-1716.2008.01910.x
10.1152/ajpgi.00245.2010
10.1242/jeb.205.17.2643
10.1152/ajpcell.00054.2004
10.1002/jez.a.119
10.1016/j.fsi.2018.12.076
10.1007/s00360-011-0634-7
10.1242/jeb.039644
10.1152/ajpregu.00125.2019
10.1002/jez.10118
10.1016/j.ygcen.2011.10.005
10.1016/j.cbpa.2007.06.002
10.1016/j.bbrc.2006.06.028
10.1242/jeb.034785
10.1023/A:1005580332144
10.1113/jphysiol.2001.013201
10.1007/s10126-002-0006-0
10.1242/jeb.00701
10.1016/j.cbpa.2008.07.020
10.1242/jeb.002873
10.1016/j.bbamcr.2013.03.017
10.1111/j.0105-2896.2005.00310.x
10.1016/j.fsi.2018.10.046
10.1016/j.fsi.2019.07.030
10.1016/j.fsi.2012.09.012
10.1016/j.cbpb.2006.05.017
10.1016/j.ygcen.2017.06.018
10.1111/j.1365-294X.2010.04973.x
10.1038/srep22687
10.1371/journal.pone.0046244
10.1152/ajprenal.00065.2013
10.1038/s41598-017-05397-8
10.1128/MMBR.00031-10
10.1111/j.1742-4658.2007.06099.x
10.1016/S1096-4959(01)00395-5
10.1086/656192
10.1152/physrev.1988.68.1.177
10.1016/j.cmet.2005.05.001
10.1152/ajplung.00149.2002
10.1093/jb/mvr049
10.1039/C4EM00453A
10.1016/j.aquatox.2015.04.004
10.1016/j.dci.2013.08.004
10.1016/j.ibmb.2017.01.010
10.1016/j.aquaculture.2009.01.028
10.1016/j.cbpc.2008.04.009
10.1111/j.1365-2109.2004.01064.x
10.1007/s10750-009-9742-8
10.1016/j.aquaculture.2011.12.035
10.1152/physrev.00050.2003
10.1016/j.cbpa.2007.06.416
10.1016/j.cbd.2022.101044
10.1016/j.ecoenv.2023.114523
10.1016/j.jprot.2017.04.013
10.1016/j.scitotenv.2020.137048
10.1093/bioinformatics/btu031
10.1093/nar/gkn923",International journal of molecular sciences,,,<Element 'PubmedArticle' at 0x714e81739ad0>
"40137534
29698099
25772154
32165138
32248699
32741830
33971107
29678176
30668980
33714060
23495194
21156395
23404082
27939018
21191614
31810593
18332716
30045516
35043999
30775976
25951420
33722243
27239507
33243264
24050700
35953319
28225560
31701892
27027609
36447278
22523490
31626830
21561831
34718062
22960396
25791864
12661692
16236983
32568209
34979350
36640724
27753502
17886072
36031897
29573218
32912338
23249813
24086549
29020136
25906366
36548990
29467108
26075655
19716187
29337904
29121345
26721665
24722459
27068033
25358444
35199645
25876056
26443675
26903806
26655283
32169588
31348917
29523932
26363131
31430511
23594291
31412487
30318116
20569119
32026227
28567415
11986998
37495084
26957549
4595616
25372862
28482185
22443244
23164649
22138353
21427228
34150234
29524501
18938223
23358136
30812033
22167199
28607424
26041267
27195522
12538194
23818597
24232168
10948088
12114323
19150462
25310992
31421449
35840480
36574646
35448425
29103040
33882496
32045727
37739136
31770719
11699188
10501558
19833740
36626559
20061647
27025652
28854940
20619937
27448464
22982299
26207229
18302763
20101714
29080524
25792098
27826237
28792395
26151951
27285422
39283636
37995032
22944910
15804941
16603924
33823232
20541596
18349428
28790893
27668667
28936425
36724408
22355802
31255487
32092186
29783199
33417973
30433810
25798202
28971348
37309012
26381684
38618680",The Effects of Air Pollution on Neurological Diseases: A Narrative Review on Causes and Mechanisms.,2025-03-27,"air pollution, inflammation, neurological diseases, oxidative stress","Air pollution has well-documented adverse effects on human health; however, its impact on neurological diseases remains underrecognized. The mechanisms by which various components of air pollutants contribute to neurological disorders are not yet fully understood. This review focuses on key air pollutants, including particulate matter (PM","[{'affiliation': 'Department of Environmental Health Sciences, School of Public Health, University of Michigan, Ann Arbor, MI 48109, USA.', 'firstname': 'Margaret', 'initials': 'M', 'lastname': 'Lane'}, {'affiliation': 'Department of Environmental Health Sciences, School of Public Health, University of Michigan, Ann Arbor, MI 48109, USA.', 'firstname': 'Eleise', 'initials': 'E', 'lastname': 'Oyster'}, {'affiliation': 'Department of Environmental Health Sciences, School of Public Health, University of Michigan, Ann Arbor, MI 48109, USA.', 'firstname': 'Yali', 'initials': 'Y', 'lastname': 'Luo'}, {'affiliation': 'Department of Environmental Health Sciences, School of Public Health, University of Michigan, Ann Arbor, MI 48109, USA.', 'firstname': 'Hao', 'initials': 'H', 'lastname': 'Wang'}]",,,"10.3390/toxics13030207
10.2105/AJPH.2017.304219
10.1016/j.ntt.2015.03.001
10.1016/j.pharmthera.2020.107523
10.1080/09603123.2020.1745764
10.3233/JAD-200483
10.1289/EHP8905
10.1186/s12989-018-0254-4
10.1016/j.bbi.2019.01.013
10.1016/j.envpol.2021.116856
10.1002/aur.1287
10.1289/ehp.1002835
10.1001/jamapsychiatry.2013.266
10.1016/j.envint.2016.11.022
10.1007/s00431-010-1379-0
10.1016/j.envres.2019.108930
10.1097/MOP.0b013e3282f56165
10.1016/j.scitotenv.2018.06.167
10.1002/mds.28922
10.3233/JAD-180631
10.1097/JOM.0000000000000451
10.1186/s12940-021-00712-3
10.1016/j.dadm.2014.11.015
10.1186/s12989-020-00388-6
10.1146/annurev-pharmtox-011613-135937
10.1016/j.biopsych.2022.05.017
10.1002/jnr.24041
10.1016/S1474-4422(19)30320-5
10.1111/dmcn.13050
10.1186/s12989-022-00507-5
10.1155/2012/782462
10.1016/j.neuint.2019.104580
10.1289/ehp.1002986
10.1016/j.neuro.2021.10.009
10.1016/j.toxlet.2012.08.021
10.1016/j.envres.2015.02.022
10.1016/j.eti.2022.102809
10.3390/atmos15070779
10.1080/10473289.2003.10466156
10.1378/chest.128.4.3028
10.3233/JAD-200435
10.1016/j.envint.2021.107072
10.1016/j.redox.2022.102598
10.1164/rccm.201606-1275CI
10.1080/08958370701498075
10.3233/JAD-220493
10.1002/aur.1938
10.1186/s13229-020-00370-1
10.1289/ehp.1205827
10.1371/journal.pone.0075510
10.1093/aje/kwx294
10.1097/EDE.0000000000000297
10.1021/acs.est.2c05197
10.1289/EHP2152
10.1002/ana.24460
10.1016/j.tins.2009.05.009
10.3390/ijms19010257
10.1093/toxsci/kfx240
10.1016/j.neuro.2015.12.014
10.1371/journal.pone.0094336
10.1007/s11064-016-1908-y
10.1186/s12989-014-0053-5
10.7554/eLife.72247
10.1002/jat.3143
10.1007/s10803-015-2619-y
10.3389/fncel.2016.00021
10.1016/j.pneurobio.2015.11.002
10.1016/j.neuint.2020.104715
10.1016/j.cbi.2019.108762
10.1007/s00204-018-2180-5
10.1016/j.etap.2015.06.024
10.1016/j.fct.2019.110766
10.3109/10715762.2013.795649
10.1016/j.scitotenv.2019.06.102
10.1016/j.bbrc.2018.10.057
10.3109/08958378.2010.494313
10.1007/s12035-019-01742-2
10.1155/2017/7526592
10.1038/sj.mp.4001021
10.1016/j.jad.2023.07.071
10.1177/1087054716633858
10.1371/journal.pone.0111670
10.1016/j.envint.2017.04.011
10.1111/j.1440-1819.2012.02330.x
10.1289/ehp.1205239
10.1016/j.neuro.2011.11.005
10.1073/pnas.1012676108
10.1007/s40201-020-00600-x
10.1016/j.taap.2018.02.024
10.1016/j.neulet.2008.09.085
10.2131/jts.38.13
10.1093/toxsci/kfz025
10.1074/jbc.M111.319970
10.1038/s41598-017-03646-4
10.1016/j.mrrev.2015.03.001
10.1002/em.22020
10.1073/pnas.1307849110
10.1177/1087054713510354
10.1161/01.HYP.36.2.264
10.1161/01.RES.0000024417.79275.23
10.1016/j.neuro.2008.12.011
10.3233/JAD-140855
10.1016/j.envres.2019.108638
10.1016/j.molmed.2022.06.004
10.1073/pnas.2211282119
10.3390/toxics10040164
10.3233/JAD-170658
10.1159/000515162
10.1016/j.envres.2020.109226
10.1016/j.nbd.2023.106307
10.1016/j.puhe.2019.09.020
10.3109/00207450108986511
10.1097/00001756-199906030-00012
10.1093/toxsci/kfp252
10.1073/pnas.2220028120
10.3233/JAD-2010-1221
10.15252/emmm.201606210
10.1186/s12989-017-0213-5
10.1016/j.neurobiolaging.2010.05.027
10.1016/j.neuro.2016.07.007
10.1016/j.neuint.2012.08.014
10.1186/1742-2094-5-7
10.1002/msj.20163
10.1016/j.redox.2017.10.014
10.1016/S1474-4422(15)70016-5
10.3389/fnagi.2016.00245
10.1016/S0140-6736(17)31997-9
10.1289/ehp.1409313
10.1289/EHP135
10.1001/jamanetworkopen.2024.33602
10.1007/s11356-023-31047-w
10.1007/s12035-012-8329-y
10.1080/08958370590912888
10.1097/00001756-200604240-00014
10.1016/j.tox.2021.152770
10.1016/j.toxlet.2010.05.020
10.1177/0192623307313011
10.3389/fncel.2017.00216
10.1001/jamaneurol.2016.2742
10.3389/fcimb.2017.00396
10.1021/acschemneuro.2c00730
10.1101/cshperspect.a009399
10.1016/j.neuron.2019.05.035
10.1002/mds.28004
10.1016/j.envpol.2018.04.130
10.1016/j.neures.2021.01.001
10.1164/rccm.201807-1220OC
10.1186/s13195-015-0116-3
10.1007/s12975-017-0570-2
10.1186/s40478-023-01590-1
10.1007/s40572-015-0069-5
10.1080/08958378.2024.2331259
10.1007/s40572-014-0019-7",Toxics,,,<Element 'PubmedArticle' at 0x714e817bc360>
40073596,Biological evaluation of a new highly sensitive and selective fluorescent probe for hypochlorous acid and its imaging application in cell and zebrafish.,2025-03-13,"Biological imaging, Biosafety evaluation, Fluorescent probe, Hypochlorous acid, Zebrafish","Hypochlorous acid is one of the most widely distributed reactive oxygen species in vivo. It is usually used as a signal molecule to participate in various life activities such as immunity and metabolism, and plays a notable role in maintaining homeostasis. When hypochlorous acid level is abnormal in the body, it will lead to a variety of diseases, such as Parkinson's disease, Alzheimer's disease, atherosclerosis and cancer. Therefore, it is necessary to develop a bio-friendly fluorescent probe with fast sensitivity and specific accuracy. In this study, the innovative probe PRS owns good optical properties, sensitivity and selectivity, and the response mechanism that the generation of new bond enhanced the fluorescence intensity is studied. Biocompatibility of probe is systematically and innovatively evaluated by using cells and zebrafish models. Note that the biocompatibility valuation of probe results from cytotoxicity test, zebrafish behavioral test, hepatotoxicity test, cardiotoxicity test, nephrotoxicity test, blood vessel toxicity test, immunotoxicity test and neurotoxicity test, and experimental indicators like swimming duration, swimming distance, swimming speed, pericardial rub, fractional shortening, stroke volume, heart rate, SV-BA, shortening rate of the ventricular short axis, liver area, liver fluorescence intensity, total length of intersegmental vessels, number of vessels, and average vessel length show that the probe has good biocompatibility. Moreover, the detection performance of the probe shows that the probe can target hypochlorous acid in cell and zebrafish models. The probe is proved to be much essential for the monitoring of hypochlorous acid in vivo. Therefore, it has been proven that the meaningful detection of probe PRS for HOCl is promising in the living organism. Moreover, our innovative biocompatibility testing can be used to evaluate the biosafety of fluorescent probe as well.","[{'affiliation': 'Biology Institute, Bioengineering Department, Qilu University of Technology (Shandong Academy of Sciences), Jinan 250103, China.', 'firstname': 'Min', 'initials': 'M', 'lastname': 'Zheng'}, {'affiliation': 'Biology Institute, Bioengineering Department, Qilu University of Technology (Shandong Academy of Sciences), Jinan 250103, China.', 'firstname': 'Huayan', 'initials': 'H', 'lastname': 'Wen'}, {'affiliation': 'Biology Institute, Bioengineering Department, Qilu University of Technology (Shandong Academy of Sciences), Jinan 250103, China.', 'firstname': 'Zhengxiang', 'initials': 'Z', 'lastname': 'Meng'}, {'affiliation': 'Biology Institute, Bioengineering Department, Qilu University of Technology (Shandong Academy of Sciences), Jinan 250103, China.', 'firstname': 'Wenli', 'initials': 'W', 'lastname': 'Guo'}, {'affiliation': 'School of Water Conservancy and Environment, University of Jinan, Jinan 250022, China.', 'firstname': 'Kun', 'initials': 'K', 'lastname': 'Wang'}, {'affiliation': 'Biology Institute, Bioengineering Department, Qilu University of Technology (Shandong Academy of Sciences), Jinan 250103, China.', 'firstname': 'Miaohui', 'initials': 'M', 'lastname': 'Yu'}, {'affiliation': 'Biology Institute, Bioengineering Department, Qilu University of Technology (Shandong Academy of Sciences), Jinan 250103, China.', 'firstname': 'Ke', 'initials': 'K', 'lastname': 'Li'}, {'affiliation': 'Biology Institute, Bioengineering Department, Qilu University of Technology (Shandong Academy of Sciences), Jinan 250103, China.', 'firstname': 'Yun', 'initials': 'Y', 'lastname': 'Zhang'}, {'affiliation': 'Biology Institute, Bioengineering Department, Qilu University of Technology (Shandong Academy of Sciences), Jinan 250103, China.', 'firstname': 'Kechun', 'initials': 'K', 'lastname': 'Liu'}, {'affiliation': 'Biology Institute, Bioengineering Department, Qilu University of Technology (Shandong Academy of Sciences), Jinan 250103, China.', 'firstname': 'Lei', 'initials': 'L', 'lastname': 'Cai'}, {'affiliation': 'School of Water Conservancy and Environment, University of Jinan, Jinan 250022, China.', 'firstname': 'Baocun', 'initials': 'B', 'lastname': 'Zhu'}, {'affiliation': 'Biology Institute, Bioengineering Department, Qilu University of Technology (Shandong Academy of Sciences), Jinan 250103, China. Electronic address: shengwenlong1121@163.com.', 'firstname': 'Wenlong', 'initials': 'W', 'lastname': 'Sheng'}]",,Copyright © 2025 Elsevier Inc. All rights reserved.,10.1016/j.bioorg.2025.108358,Bioorganic chemistry,,,<Element 'PubmedArticle' at 0x714e7ffb4590>
40070212,JLeNeT: Jaccard LeNet for Parkinson's disease detection and severity level classification using voice signal in IoT environment.,2025-03-12,"Jaccard similarity, Parkinson’s disease, Wild Geese Algorithm, internet of things","The neurodegenerative disorder called Parkinson's disease (PD) is one of the most common diseases now a day. In this research, PD is detected and severity classification is done using the proposed Jaccard LeNet (JLeNet) with the help of voice signal in the IoT environment. Here, the IoT simulation is done. Initially, from which voice signal is collected and the routing process is done by the proposed Chimp Wild Geese Algorithm (ChWGA). This ChWGA is the combination of the Wild Geese Algorithm (WGA) and Chimp Optimization Algorithm (ChOA). Finally, at Base Station (BS), PD is detected and classified. The input voice signal is fed for pre-processing conducted by an adaptive Kalman filter. Following this, feature extraction and feature selection are conducted, where Harmonic mean similarity helps in feature selection. Here, PD is detected using JLeNet, which is the hybridization of LeNet with the Jaccard similarity measure. In this work, routing metrics of energy and delay are superior and recorded with the values of 0.309 J and 0.434 ms for the ChWGA. Moreover, the proposed method attains an Accuracy of 0.910, True Positive Rate (TPR) of 0.903, and True Negative Rate (TNR) of 0.918.","[{'affiliation': 'School of computing, Computer Science and Engineering, Vel Tech Rangarajan Dr. Sagunthala R&D Institute of Science and Technology, Chennai, India.', 'firstname': 'Sundaresan', 'initials': 'S', 'lastname': 'Pragadeeswaran'}, {'affiliation': 'Department of Computer Science and Engineering, Karpagam College of Engineering, Coimbatore, India.', 'firstname': 'Subramanian', 'initials': 'S', 'lastname': 'Kannimuthu'}]",,,10.1080/0954898X.2025.2453032,"Network (Bristol, England)",,,<Element 'PubmedArticle' at 0x714e8195a840>
"40051732
31856708
26483988
28892059
14519684
36585544
29995846
9851438
34321320
29287724
28939041
34581802
22724072
23986421
28122242
33723766
36503124
12722160
33845304
33539026
27006626
30626975
25611507
35363524
33874883
21376232
26377470
27185595
33314351
30135585
26324925
31982458
34527420
15087508
31155756
36692014
37788254
33425317",Genetic variants of ,2025-03-07,"Parkin, PINK1, ZNF746 proteins, Parkinson’s disease, ZNF746 gene",The occurrence of Parkinson's disease (PD) is influenced by a combination of genetic and environmental factors. Genetic variants of PARK2 (,"[{'affiliation': 'Laboratory of Neurobiology, Department of Neurology, Poznan University of Medical Sciences, Poznan, Poland.', 'firstname': 'Jolanta', 'initials': 'J', 'lastname': 'Dorszewska'}, {'affiliation': 'Chair and Department of Neurology, Poznan University of Medical Sciences, Poznan, Poland.', 'firstname': 'Jolanta', 'initials': 'J', 'lastname': 'Florczak-Wyspiańska'}, {'affiliation': 'Department of Biochemistry and Molecular Biology, Poznan University of Medical Sciences, Poznan, Poland.', 'firstname': 'Bartosz', 'initials': 'B', 'lastname': 'Słowikowski'}, {'affiliation': 'Laboratory of Neurobiology, Department of Neurology, Poznan University of Medical Sciences, Poznan, Poland.', 'firstname': 'Wojciech', 'initials': 'W', 'lastname': 'Owecki'}, {'affiliation': 'Laboratory of Neurobiology, Department of Neurology, Poznan University of Medical Sciences, Poznan, Poland.', 'firstname': 'Oliwia', 'initials': 'O', 'lastname': 'Szymanowicz'}, {'affiliation': 'Laboratory of Neurobiology, Department of Neurology, Poznan University of Medical Sciences, Poznan, Poland.', 'firstname': 'Ulyana', 'initials': 'U', 'lastname': 'Goutor'}, {'affiliation': 'Laboratory of Neurobiology, Department of Neurology, Poznan University of Medical Sciences, Poznan, Poland.', 'firstname': 'Mateusz', 'initials': 'M', 'lastname': 'Dezor'}, {'affiliation': 'Department of Biochemistry and Molecular Biology, Poznan University of Medical Sciences, Poznan, Poland.', 'firstname': 'Paweł P', 'initials': 'PP', 'lastname': 'Jagodziński'}, {'affiliation': 'Chair and Department of Neurology, Poznan University of Medical Sciences, Poznan, Poland.', 'firstname': 'Wojciech', 'initials': 'W', 'lastname': 'Kozubski'}]",,© 2025 Published by Elsevier Inc. on behalf of International Brain Research Organization.,"10.1016/j.ibneur.2025.01.016
10.1186/s12860-019-0243-y
10.1155/2015/294396
10.1038/ng.3955
10.1093/hmg/ddg328
10.1007/s12640-022-00631-2
10.1038/s41586-018-0224-x
10.1002/ana.410440612
10.1126/scitranslmed.aax8891
10.1016/j.bbrc.2017.12.147
10.1016/j.bbrc.2017.09.090
10.1093/brain/awab356
10.1098/rsob.120080
10.5114/ninp.2013.36756
10.1016/j.celrep.2016.12.090
10.1007/s12035-021-02354-5
10.1016/j.arr.2022.101817
10.1002/mds.10459
10.1016/j.parkreldis.2021.03.026
10.5603/PJNNS.a2021.0013
10.2174/1389202916666150326002549
10.5772/57107
10.1038/s41580-018-0092-0
10.1016/j.neuron.2014.12.007
10.1126/sciadv.abh1824
10.1186/s10020-021-00281-8
10.1016/j.cell.2011.02.010
10.1523/JNEUROSCI.0109-15.2015
10.1016/j.nbd.2016.05.009
10.1002/mds.28416
10.1038/s41586-018-0448-9
10.1073/pnas.1500624112
10.1016/j.neures.2020.01.006
10.14336/AD.2021.0516
10.1126/science.1096284
10.1002/ana.25514
10.1002/mds.29288
10.1371/journal.pone.0292180
10.1155/2020/8740732",IBRO neuroscience reports,,,<Element 'PubmedArticle' at 0x714e81959c60>
"40041730
27469427
34692114
24158763
33992940
37115593
28435826
31851023
31416010
37194092
36323066
33301532
2887537
29403354
2022805
19214345
26073686
501591
33329026
36294010
38086884
36584844
34890899
29732409
30822651
34529970
32979811
37718436
19273827
22042255
31446321
32098137
18406976
36864915
33027266
36470121
33115220
20970726
37512806
36149234
21771520
22028678
28362566
31931734
35063727
24745813
25984517
24161909
29109371
21529419
22883515
17714787
25072160
27241207
20231770
31927300
2501719
28335428
26454262
33271904
32387348
28526119
20206196
24618280
27074134
19706300
35864818
19005579
34282149
25530773",Climate change's impact on the nervous system: A review study.,2025-03-05,"Air pollution, Alzheimer disease, Climate change, Dementia, Global warming, Headache, Neurodegenerative diseases, Parkinson disease","Global warming is caused by increased carbon dioxide and other industrial gases, which shift the climate of human habitat and environment, impacting human health globally. In this review, we tried to overview the current knowledge of climate change's impact on neurological disease.
A comprehensive search on PubMed, Web of Science (WOS), and Scopus was conducted to find the relevant original studies. Language, sex, age, date, or country of study were not restricted. Included studies report increased Alzheimer's disease mortality and hospital admission.
This increase was seen from the first day with high temperature to 3-4 days later. Parkinson's disease (PD) subjects were more vulnerable to high temperatures compared to dementia patients (RR for dementia: 1.29 and for PD: 1.41). Global warming was linked to the increase in the incidence of Tick-borne encephalitis (TBE) (from 0.1% to 5.4%), Japanese encephalitis (OR: 2 when floods occur), and ciguatera fish poisoning (CFP) (RR: 1.62 for each 1 
Health-related consequences of climate change are inevitable. The burden of medical problems related to the elderly population (especially the elderly with dementia), infectious diseases, and CFP on the healthcare system will naturally increase. Studying global warming trends could empower us with more precise predictions of the future and better planning to face climate change-related challenges.","[{'affiliation': 'Research Center for Pharmaceutical Nanotechnology, Biomedicine Institute, Tabriz University of Medical Sciences, Tabriz, Iran.', 'firstname': 'Mohammad-Reza', 'initials': 'MR', 'lastname': 'Sadeghi'}, {'affiliation': 'Student Research Committee, Tabriz University of Medical Sciences, Tabriz, Iran.', 'firstname': 'Parna', 'initials': 'P', 'lastname': 'Ghannadi'}, {'affiliation': 'Research Center for Evidence-Based Medicine, Iranian EBM Centre: A JBI Centre of Excellence, Faculty of Medicine, Tabriz University of Medical Sciences, Tabriz, Iran.', 'firstname': 'Alireza', 'initials': 'A', 'lastname': 'Lotfi'}, {'affiliation': 'Student Research Committee, Tabriz University of Medical Sciences, Tabriz, Iran.', 'firstname': 'Hamidreza', 'initials': 'H', 'lastname': 'Ashayeri'}]","Health-related consequences of climate change are inevitable. The burden of medical problems related to the elderly population (especially the elderly with dementia), infectious diseases, and CFP on the healthcare system will naturally increase. Studying global warming trends could empower us with more precise predictions of the future and better planning to face climate change-related challenges.",©2024 The Author(s).,"10.34172/hpp.43089
10.1002/qj.49706427503
10.1016/j.endeavour.2016.07.002
10.1093/nsr/nwaa069
10.1016/j.scs.2021.103098
10.1093/gerona/glt159
10.1016/j.scitotenv.2021.147540
10.1093/eurjpc/zwad130
10.1097/mcp.0000000000000656
10.1016/j.envres.2019.108637
10.1186/s40249-023-01102-2
10.1016/j.buildenv.2023.110324
10.1016/j.envint.2022.107602
10.1371/journal.pone.0243665
10.1007/bf02337479
10.3389/fnmol.2018.00002
10.1111/j.1532-5415.1991.tb02502.x
10.1007/s12603-009-0023-z
10.1111/jcpt.12294
10.1113/jphysiol.1979.sp012886
10.3389/fphys.2020.576304
10.3390/ijerph192013429
10.1038/s41467-023-44066-5
10.1016/j.envres.2022.115176
10.1016/j.envint.2021.107027
10.1126/sciadv.aar5809
10.1016/j.envint.2018.12.054
10.1016/j.envres.2021.112012
10.1016/j.envint.2020.106102
10.1186/s10194-023-01659-1
10.1212/01.wnl.0000344152.56020.94
10.1007/s10194-011-0397-2
10.1016/j.envint.2019.105100
10.3390/ijerph17041403
10.1016/j.emc.2008.02.002
10.3389/fneur.2023.1088182
10.1371/journal.pntd.0008634
10.1016/j.envint.2022.107649
10.32394/pe.74.24
10.1016/j.tmaid.2010.08.001
10.3390/microorganisms11071634
10.3201/eid2810.220498
10.1016/j.ttbdis.2010.05.003
10.33396/1728-0869-2017-4-12-19
10.17816/kmj2225
10.3402/gha.v4i0.8448
10.1080/22423982.2017.1298882
10.1186/s12879-019-4734-4
10.1016/j.ttbdis.2022.101900
10.1089/vbz.2013.1386
10.12998/wjcc.v3.i5.430
10.4161/hv.26902
10.3390/ijerph14111317
10.3201/eid1705.101417
10.1111/j.1863-2378.2012.01456.x
10.1016/j.jinf.2007.07.004
10.1016/j.envint.2014.07.004
10.1016/j.scitotenv.2016.05.162
10.1186/s41200-019-0175-4
10.1016/j.envres.2020.109111
10.3390/md15030072
10.1111/ejn.13098
10.3390/toxins12120759
10.3390/md403082
10.1016/j.toxicon.2020.05.001
10.1016/j.hal.2005.03.003
10.1016/j.hal.2017.04.006
10.1016/j.toxicon.2010.02.026
10.1289/ehp.1307196
10.1016/j.ecolmodel.2015.08.020
10.1371/journal.pone.0153197
10.1016/j.toxicon.2009.08.011
10.1029/2021gl095748
10.3390/md20080022
10.1038/s41467-021-24654-z
10.1111/j.1748-5967.2007.00117.x
10.1016/j.ijid.2018.11.318",Health promotion perspectives,,"This increase was seen from the first day with high temperature to 3-4 days later. Parkinson's disease (PD) subjects were more vulnerable to high temperatures compared to dementia patients (RR for dementia: 1.29 and for PD: 1.41). Global warming was linked to the increase in the incidence of Tick-borne encephalitis (TBE) (from 0.1% to 5.4%), Japanese encephalitis (OR: 2 when floods occur), and ciguatera fish poisoning (CFP) (RR: 1.62 for each 1 ",<Element 'PubmedArticle' at 0x714e819c1670>
40036439,Multi-Scale and Multi-Level Feature Assessment Framework for Classification of Parkinson's Disease State From Short-Term Motor Tasks.,2025-03-04,,"Recent quantification research on Parkinson's disease (PD) integrates wearable technology with machine learning methods, indicating a strong potential for practical applications. However, the effectiveness of these techniques is influenced by environmental settings and is hardly applied in real-world situations. This paper aims to propose an effective feature assessment framework to automatically rate the severity of PD motor symptoms from short-term motor tasks, and then classify different PD severity levels in the real world.
This paper identified specific PD motor symptoms using a novel feature-assessment framework at both segment-level and sample-level. Features were selected after calculating SHapley Additive exPlanation(SHAP) value, and verified by different machine learning methods with appropriate parameters. This framework has been verified on real-world data from 100 PD patients performing Unified Parkinson's Disease Rating Scale(UPDRS)-recommended short motor tasks, each task lasting 20-50 seconds.
The sensitivity for recognizing motor fluctuations reached 88% in tremor recognition. Additionally, LightGBM achieved the highest accuracy for early detection(92.59%) and achieved 71.58% in fine-grained severity classification using 31 selected features.
This paper reports the first effort to assess multi-level and multi-scale features for automatic quantification of motor symptoms and PD severity levels. The proposed framework has been proven effective in assessing key PD information for recognition during short-term tasks.
The explanatory analysis of digital features in this study provides more prior knowledge for PD self-assessment in a free-living environment.","[{'affiliation': None, 'firstname': 'Xiyang', 'initials': 'X', 'lastname': 'Peng'}, {'affiliation': None, 'firstname': 'Yuting', 'initials': 'Y', 'lastname': 'Zhao'}, {'affiliation': None, 'firstname': 'Ziheng', 'initials': 'Z', 'lastname': 'Li'}, {'affiliation': None, 'firstname': 'Xulong', 'initials': 'X', 'lastname': 'Wang'}, {'affiliation': None, 'firstname': 'Fengtao', 'initials': 'F', 'lastname': 'Nan'}, {'affiliation': None, 'firstname': 'Zhong', 'initials': 'Z', 'lastname': 'Zhao'}, {'affiliation': None, 'firstname': 'Yun', 'initials': 'Y', 'lastname': 'Yang'}, {'affiliation': None, 'firstname': 'Po', 'initials': 'P', 'lastname': 'Yang'}]",This paper reports the first effort to assess multi-level and multi-scale features for automatic quantification of motor symptoms and PD severity levels. The proposed framework has been proven effective in assessing key PD information for recognition during short-term tasks.,,10.1109/TBME.2024.3418688,IEEE transactions on bio-medical engineering,,"The sensitivity for recognizing motor fluctuations reached 88% in tremor recognition. Additionally, LightGBM achieved the highest accuracy for early detection(92.59%) and achieved 71.58% in fine-grained severity classification using 31 selected features.",<Element 'PubmedArticle' at 0x714e803fbab0>
"40035270
28390969
15775025
26201615
31709672
24429701
27654697
29788793
32824668
27815155
30081343
23936403
29755323
19112447
27423144
27637804
35182691",Environmental Enrichment Attenuates Reproductive Adversity in a Mouse Model of Parkinson Disease.,2025-03-04,,"Environmental enrichment is the provision of different substrates to mimic an animal's natural environment and encourage natural, species-specific behavior. However, the use of enrichment to improve breeding efficiency in mouse models for neurologic conditions is not well described. There are reports that diminished environmental stimuli and chronic isolation can result in the early expression of the Parkinson phenotype in mice with a genetic predisposition to the disease. In this study, we compared the provision of crinkle paper, DietGel, and their combination on reproductive parameters in B6.Cg-Tg(THY1-SNCA*A53T)M53Sud mice. We found that enhanced enrichment combined with enhanced nutrition increased dam weight and decreased the interlitter intervals. In addition, enhanced enrichment increased the production index, number of pups born, pups weaned, and the percent survival of pups. This study underscores the importance of incorporating enrichment to enhance the reproductive parameters in mice that are models of Parkinson disease.","[{'affiliation': None, 'firstname': 'Courtney A', 'initials': 'CA', 'lastname': 'Walsh'}, {'affiliation': None, 'firstname': 'Lindsay', 'initials': 'L', 'lastname': 'Johnson'}, {'affiliation': None, 'firstname': 'Patricia A', 'initials': 'PA', 'lastname': 'Cirillo'}, {'affiliation': None, 'firstname': 'Peter C', 'initials': 'PC', 'lastname': 'Smith'}, {'affiliation': None, 'firstname': 'Steven R', 'initials': 'SR', 'lastname': 'Wilson'}]",,,10.30802/AALAS-JAALAS-24-000032,Journal of the American Association for Laboratory Animal Science : JAALAS,,,<Element 'PubmedArticle' at 0x714e804693a0>
"39997954
35163773
35725739
33882663
31410002
35262433
31631455
16713924
12777365
31556570
25904081
30298180
35532912
23071076
26739246
8179653
23714370
36584842
25256239
34634399
27448464
26037109
35971625
32813239
28716886
33782057
37256636
33171273
35286590
38493795
30287051
30497964
30206085
31399053
28342386
36463450
30366659
25310992
25978701
33484961
33555200
33370610
34347531
34799599
33091388
37060077
36116491
36447194
34383042
31964412
24886318
36777523
36269005
37003317
28809934
17445792
32760064
25951420
35364040
28300224
27614945
27285422
28886605
25294559
26151951
37086879
31786292
30124852
31103844
31776122
33887274
36201876
36763275
28140404
34015665
26610921
25992783
28299803
32559876
32560306
32870429
34522589
18349428
14765132
37688657
30852217
19733348
26928013
32925056
33999109
38175185",Ambient Air Pollution and Parkinson's Disease and Alzheimer's Disease: An Updated Meta-Analysis.,2025-02-25,"Alzheimer’s disease, Parkinson’s disease, ambient air pollution, meta-analysis, particulate matter","Previous epidemiological evidence regarding the associations between ambient air pollution and two major neurodegenerative diseases, Alzheimer's disease (AD) and Parkinson's disease (PD), remains inconclusive.
This study aimed to evaluate the associations between long-term and short-term exposure to PM
A random-effects model was used to summarize individual effect estimates in the meta-analysis. A subgroup meta-analysis was further conducted to explore the potential sources of heterogeneity.
In total, 42 eligible studies were included. For each 5 μg/m
Ambient air pollution, particularly PM","[{'affiliation': ""Department of Occupational and Environmental Health, School of Public Health, Xi'an Jiaotong University Health Science Center, Xi'an 710061, China.\nKey Laboratory of Environment and Genes Related to Diseases, Ministry of Education, Xi'an Jiaotong University, Xi'an 710061, China.\nKey Laboratory of Trace Elements and Endemic Diseases, Ministry of Health, Xi'an Jiaotong University, Xi'an 710061, China.\nKey Laboratory for Disease Prevention and Control and Health Promotion of Shaanxi Province, Xi'an Jiaotong University, Xi'an 710061, China."", 'firstname': 'Cuiyao', 'initials': 'C', 'lastname': 'Xie'}, {'affiliation': ""Department of Occupational and Environmental Health, School of Public Health, Xi'an Jiaotong University Health Science Center, Xi'an 710061, China.\nKey Laboratory of Environment and Genes Related to Diseases, Ministry of Education, Xi'an Jiaotong University, Xi'an 710061, China.\nKey Laboratory of Trace Elements and Endemic Diseases, Ministry of Health, Xi'an Jiaotong University, Xi'an 710061, China.\nKey Laboratory for Disease Prevention and Control and Health Promotion of Shaanxi Province, Xi'an Jiaotong University, Xi'an 710061, China."", 'firstname': 'Xi', 'initials': 'X', 'lastname': 'Xia'}, {'affiliation': ""Department of Occupational and Environmental Health, School of Public Health, Xi'an Jiaotong University Health Science Center, Xi'an 710061, China.\nKey Laboratory of Environment and Genes Related to Diseases, Ministry of Education, Xi'an Jiaotong University, Xi'an 710061, China.\nKey Laboratory of Trace Elements and Endemic Diseases, Ministry of Health, Xi'an Jiaotong University, Xi'an 710061, China.\nKey Laboratory for Disease Prevention and Control and Health Promotion of Shaanxi Province, Xi'an Jiaotong University, Xi'an 710061, China."", 'firstname': 'Kai', 'initials': 'K', 'lastname': 'Wang'}, {'affiliation': ""Department of Occupational and Environmental Health, School of Public Health, Xi'an Jiaotong University Health Science Center, Xi'an 710061, China.\nKey Laboratory of Environment and Genes Related to Diseases, Ministry of Education, Xi'an Jiaotong University, Xi'an 710061, China.\nKey Laboratory of Trace Elements and Endemic Diseases, Ministry of Health, Xi'an Jiaotong University, Xi'an 710061, China.\nKey Laboratory for Disease Prevention and Control and Health Promotion of Shaanxi Province, Xi'an Jiaotong University, Xi'an 710061, China."", 'firstname': 'Jie', 'initials': 'J', 'lastname': 'Yan'}, {'affiliation': ""Department of Occupational and Environmental Health, School of Public Health, Xi'an Jiaotong University Health Science Center, Xi'an 710061, China.\nKey Laboratory of Environment and Genes Related to Diseases, Ministry of Education, Xi'an Jiaotong University, Xi'an 710061, China.\nKey Laboratory of Trace Elements and Endemic Diseases, Ministry of Health, Xi'an Jiaotong University, Xi'an 710061, China.\nKey Laboratory for Disease Prevention and Control and Health Promotion of Shaanxi Province, Xi'an Jiaotong University, Xi'an 710061, China."", 'firstname': 'Lijun', 'initials': 'L', 'lastname': 'Bai'}, {'affiliation': 'School of Disaster and Emergency Medicine, Tianjin University, Tianjin 300072, China.\nWenzhou Safety (Emergency) Institute, Tianjin University, Wenzhou 325000, China.', 'firstname': 'Liqiong', 'initials': 'L', 'lastname': 'Guo'}, {'affiliation': 'Disaster Medicine Research Center, Medical Innovation Research Division of the Chinese PLA General Hospital, Beijing 100853, China.\n2021RU006 Research Unit of Disaster Medicine, Chinese Academy of Medical Sciences, Beijing 100005, China.\nBeijing Key Laboratory of Disaster Medicine, Beijing 100039, China.', 'firstname': 'Xiaoxue', 'initials': 'X', 'lastname': 'Li'}, {'affiliation': ""Department of Occupational and Environmental Health, School of Public Health, Xi'an Jiaotong University Health Science Center, Xi'an 710061, China.\nKey Laboratory of Environment and Genes Related to Diseases, Ministry of Education, Xi'an Jiaotong University, Xi'an 710061, China.\nKey Laboratory of Trace Elements and Endemic Diseases, Ministry of Health, Xi'an Jiaotong University, Xi'an 710061, China.\nKey Laboratory for Disease Prevention and Control and Health Promotion of Shaanxi Province, Xi'an Jiaotong University, Xi'an 710061, China."", 'firstname': 'Shaowei', 'initials': 'S', 'lastname': 'Wu'}]","Ambient air pollution, particularly PM",,"10.3390/toxics13020139
10.3390/ijms23031851
10.1038/s41467-022-31037-5
10.2147/IJN.S200490
10.1080/09603123.2022.2047903
10.1111/ene.14108
10.1016/S1474-4422(06)70471-9
10.1093/aje/kwg068
10.5114/fn.2019.85929
10.1016/S0140-6736(14)61393-3
10.14283/jpad.2018.34
10.1001/jamaneurol.2022.0976
10.1002/ana.23687
10.1016/j.parkreldis.2015.12.008
10.1056/NEJM199312093292401
10.1186/1476-069X-12-43
10.1016/j.envres.2022.115180
10.1017/S146342361400036X
10.1016/j.envpol.2021.118320
10.1016/j.neuro.2016.07.007
10.1002/brb3.2740
10.1007/s12035-020-02054-6
10.1101/cshperspect.a033118
10.4088/JCP.23f14933
10.1016/j.jclinepi.2020.08.019
10.1007/s40120-022-00338-8
10.1016/S1474-4422(24)00038-3
10.1016/S1474-4422(18)30295-3
10.1016/S1474-4422(18)30403-4
10.1136/bmjopen-2018-022404
10.1186/s12940-019-0511-5
10.1016/j.scitotenv.2017.03.089
10.3233/JAD-220804
10.1016/j.envint.2018.10.020
10.3233/JAD-140855
10.1289/ehp.1408973
10.1016/j.envint.2020.106376
10.1289/EHP7425
10.1016/j.envpol.2020.116303
10.1289/EHP9018
10.1038/s41467-021-27049-2
10.1016/S2542-5196(20)30227-8
10.1186/s12940-023-00986-9
10.1016/j.envres.2022.114349
10.1186/s12940-022-00937-w
10.1186/s12302-023-00833-1
10.1093/gerona/glab231
10.1186/s12940-020-0565-4
10.1186/1476-069X-13-38
10.1097/EE9.0000000000000237
10.1093/aje/kwac188
10.1016/j.scitotenv.2023.163173
10.1097/EE9.0000000000000023
10.1371/journal.pone.0182834
10.1016/j.envres.2007.03.002
10.1016/j.atmosenv.2021.118668
10.1371/journal.pmed.1003188
10.1097/JOM.0000000000000451
10.1016/j.envres.2022.113165
10.1038/srep44741
10.1016/j.envint.2016.08.017
10.1289/EHP135
10.1289/EHP259
10.1186/1476-069X-13-80
10.1289/ehp.1409313
10.1016/j.envres.2023.115944
10.1016/j.neuint.2019.104615
10.1093/ije/dyy172
10.1016/j.envint.2019.04.069
10.1136/bmj.l6258
10.1016/j.envres.2021.111170
10.1016/j.puhe.2022.08.006
10.1007/s11356-023-25731-0
10.1038/tp.2016.280
10.1016/j.envint.2021.106645
10.1016/j.neuro.2015.11.008
10.1371/journal.pone.0127102
10.1002/jat.3451
10.1016/j.envpol.2020.114716
10.3390/ijms21124306
10.1007/s11356-020-10574-w
10.1016/j.apsb.2020.11.023
10.1177/0192623307313011
10.1038/sj.cdd.4401378
10.1007/s11357-023-00913-3
10.1016/j.scitotenv.2019.02.447
10.1016/j.envres.2009.08.003
10.1038/srep22429
10.3233/JAD-200587
10.1001/jamaneurol.2021.1335
10.1289/EHP13009",Toxics,,"In total, 42 eligible studies were included. For each 5 μg/m",<Element 'PubmedArticle' at 0x714e80499c60>
"39997929
27006759
32996088
35543742
21606896
32143804
27830784
27236050
24074860
20199129
20097775
34194489
19828782
29213760
23572347
31361627
34151800
16087767
28931491
27185810
34971691
15799548
30101496
33663019
31660829
38685425
30003140
30462626
25634431
32045727
23656717
23341986
21777615
29155171
32927024
23932495
32937126
23405071
22743688
33257653
22342404
23997854
32346667
15105259
30530146
30987383
28801915
27913844
22918959
23481557
25874027
31175960
30859219
32178731
37888716
23380243
32424756
36481661
26988607
35900469
33190068
38383591
39375347
38770222
29375678
33981329
19922134
33892821
23300739
30040717
23727898
22720070
27336847
31354407
30602169
30134203
23731538
28088073
36421693
37190071
39408648
32882300
30258237
38605018
17985252
34830770
34864677
35332158
19684580
31466152
34182454","Epigenetic Biomarkers Driven by Environmental Toxins Associated with Alzheimer's Disease, Parkinson's Disease, and Amyotrophic Lateral Sclerosis in the United States: A Systematic Review.",2025-02-25,"biomarker, diagnosis, environmental factor, epigenetic, geography, neurodegenerative disease","Environmental toxins and epigenetic changes have been linked to neurodegenerative diseases, including Alzheimer's Disease (AD), Parkinson's Disease (PD), and amyotrophic lateral sclerosis (ALS). This paper aimed to (i) identify environmental toxins associated with AD, PD, and ALS, (ii) locate potential industrial sources of toxins in the United States (U.S.), and (iii) assess epigenetic changes driven by exposure to toxins reported by patients. Environmental factors and epigenetic biomarkers of neurodegeneration were compiled from 69 studies in the literature using Preferred Reporting Items for Systematic Reviews and Meta Analyses (PRISMA) and geographic information system approaches. Some 127 environmental toxins have been associated or putatively associated with AD, PD, or ALS, with four toxic metals (As, Cd, Mn, and Hg) common to all three of these neurodegenerative diseases. Environmental toxins associated with epigenetic changes (e.g., DNA methylation) in patients include air pollutants, metals, and organic chemicals (e.g., pesticides, mycotoxins, and cyanotoxins). Geographic analysis showed that study locations (e.g., U.S., Europe, and East Asia) were selected by researchers based on convenience of access rather than exposure risk and disease prevalence. We conclude that several toxins and epigenetic markers shared among neurodegenerative diseases could serve as attractive future targets guiding environmental quality improvements and aiding in early disease detection.","[{'affiliation': 'Biodesign Institute, Arizona State University, Tempe, AZ 85287, USA.\nBiodesign Center for Environmental Health Engineering, Tempe, AZ 85287, USA.\nSchool for Engineering of Matter, Transport and Energy, Arizona State University, Tempe, AZ 85287, USA.', 'firstname': 'Melanie Engstrom', 'initials': 'ME', 'lastname': 'Newell'}, {'affiliation': 'Biodesign Institute, Arizona State University, Tempe, AZ 85287, USA.\nBiodesign Center for Environmental Health Engineering, Tempe, AZ 85287, USA.\nBarrett, The Honors College, Arizona State University, Tempe, AZ 85287, USA.', 'firstname': 'Anumitha', 'initials': 'A', 'lastname': 'Aravindan'}, {'affiliation': 'Biodesign Institute, Arizona State University, Tempe, AZ 85287, USA.\nBiodesign Center for Environmental Health Engineering, Tempe, AZ 85287, USA.\nBarrett, The Honors College, Arizona State University, Tempe, AZ 85287, USA.', 'firstname': 'Ayesha', 'initials': 'A', 'lastname': 'Babbrah'}, {'affiliation': 'Biodesign Institute, Arizona State University, Tempe, AZ 85287, USA.\nBiodesign Center for Environmental Health Engineering, Tempe, AZ 85287, USA.\nSchool for Engineering of Matter, Transport and Energy, Arizona State University, Tempe, AZ 85287, USA.\nBarrett, The Honors College, Arizona State University, Tempe, AZ 85287, USA.\nSchool of Sustainable Engineering and The Built Environment, Arizona State University, Tempe, AZ 85287, USA.', 'firstname': 'Rolf U', 'initials': 'RU', 'lastname': 'Halden'}]",,,"10.3390/toxics13020114
10.12688/f1000research.7431.1
10.1007/s11356-020-10950-6
10.1289/EHP9013
10.1097/JGP.0b013e3181faec23
10.1016/j.artmed.2020.101807
10.1038/nature20413
10.1016/j.pneurobio.2016.05.004
10.1016/j.cell.2013.09.011
10.1080/21553769.2016.1249033
10.1124/mol.109.062174
10.1155/2021/9912686
10.1523/JNEUROSCI.3767-09.2009
10.1590/S1980-57642011DN05040011
10.1007/s00415-013-6905-3
10.1097/WCO.0000000000000730
10.3233/JAD-210273
10.1001/archneur.62.8.1265
10.1016/S1474-4422(17)30299-5
10.1093/ije/dyw061
10.1016/j.scitotenv.2021.152504
10.1080/14660820410021311
10.1002/med.21528
10.1002/alz.12285
10.2174/1567205016666191010114744
10.1016/j.scitotenv.2024.172838
10.1038/s41531-018-0058-0
10.15585/mmwr.mm6746a1
10.1016/j.parkreldis.2015.01.007
10.1016/j.envres.2020.109226
10.1186/1743-8977-10-18
10.1371/journal.pone.0053732
10.1001/jama.1941.02820060041009
10.1016/j.neuro.2011.05.018
10.1016/j.neuro.2017.11.003
10.3920/WMJ2014.1795
10.1016/j.neuint.2020.104846
10.1016/j.euroneuro.2013.05.013
10.1016/j.celrep.2020.108131
10.1371/journal.pone.0053478
10.1016/j.neuro.2012.06.008
10.1038/s41467-020-19791-w
10.1016/j.neuro.2012.01.011
10.1155/2013/898034
10.1196/annals.1306.009
10.1016/j.scitotenv.2018.11.381
10.3390/genes10040274
10.1111/jnc.14147
10.1007/s00204-016-1899-0
10.1093/toxsci/kfs257
10.1016/j.cbpc.2013.02.004
10.5487/TR.2015.31.1.001
10.1016/j.exger.2019.06.002
10.1093/toxsci/kfz069
10.1186/s13072-020-00338-8
10.3390/toxics11100866
10.1016/j.tox.2013.01.017
10.1038/s41537-022-00319-8
10.1016/j.taap.2016.03.006
10.1007/s00204-022-03337-8
10.1016/j.jns.2020.117185
10.1186/s40478-024-01725-y
10.1038/s41467-024-52886-2
10.1016/j.ensci.2024.100502
10.3892/etm.2017.5394
10.3389/fgene.2021.640266
10.3109/17482960802635397
10.1186/s40478-021-01183-w
10.1371/journal.pone.0052672
10.3233/JAD-180242
10.3233/JAD-130506
10.1371/journal.pone.0157924
10.3389/fnins.2019.00683
10.1159/000493386
10.1016/j.neuroscience.2018.08.009
10.1016/j.ajhg.2013.04.017
10.1101/2023.12.02.569722
10.1016/j.ctrv.2016.12.005
10.3390/biom12111679
10.3390/cells12081163
10.3390/ijms251910317
10.1016/j.neuro.2020.08.005
10.1038/s41593-018-0237-7
10.1038/s41398-024-02898-9
10.1007/s12017-007-8016-8
10.3390/cancers13225615
10.3233/JAD-215217
10.1038/s41531-022-00295-x
10.1038/nbt.1559
10.1016/j.scitotenv.2019.06.419
10.1016/j.scitotenv.2021.148618",Toxics,,,<Element 'PubmedArticle' at 0x714e8060cf40>
"39975085
22892372
30584159
24050700
31341302
36717624
32967067
30072060
36061205
30983962
37626097
24845851
32020534
25538551
20371518
30948140
35661211
32807949
36151217
31552098
36964604
34152198
22539555
27153596
25619230
27522082
28035024
24478339
28961746
29469594
35873672
31088362
24994026
34991667
38092916
35786392
20436461
19237447
21149340
36370105
33523105
23907097
31403079
38995845
30859219
37903812
38614108
38858457
39304251
39460989
39737595
27713690
28430047
12967569
16575178
35292330
38637503
36699152
17360686
38833407
30018294
22573669
20944663
34374904
32389029
32247367
33044192
34991886
29315801
20386743
27322389
37470098
35349343
36031853
36579934
25744023
32680528
30131971
35952982
30203060
35988226
33776778
24757003
30647469
36175480
38652714
32359437
32359436
32679536
33262685
32422283
37607008
38995845
35103960",Parkinson's disease-associated alterations in DNA methylation and hydroxymethylation in human brain.,2025-02-20,,"Epigenetic mechanisms are mediators of interactions between aging, genetics, and environmental factors in sporadic Parkinson's disease (PD). Multiple studies have explored the DNA modifications in PD, but few focus on 5-hydroxymethylcytosine (5-hmC), which is important in the central nervous system and sensitive to environmental exposures. To date, studies have not differentiated between 5-methylcytosine (5-mC) and 5-hmC or have analyzed them separately. In this study, we modeled paired 5-mC and 5-hmC data simultaneously. We identified 108 cytosines with significant PD-associated shifts between these marks in an enriched neuronal population from PD postmortem parietal cortex, within 83 genes and 34 enhancers associated with 67 genes. These data potentially link epigenetic regulation of genes related to LRRK2 and endolysosomal sort (","[{'affiliation': 'Department of Pharmacology and Toxicology, Ernest Mario School of Pharmacy, Rutgers University, Piscataway, NJ.', 'firstname': 'Juliana I', 'initials': 'JI', 'lastname': 'Choza'}, {'affiliation': 'Department of Pharmacology and Toxicology, Ernest Mario School of Pharmacy, Rutgers University, Piscataway, NJ.', 'firstname': 'Mahek', 'initials': 'M', 'lastname': 'Virani'}, {'affiliation': 'Department of Translational Neuroscience, College of Human Medicine, Michigan State University, Grand Rapids, MI.', 'firstname': 'Nathan C', 'initials': 'NC', 'lastname': 'Kuhn'}, {'affiliation': 'Genomics Core, Van Andel Research Institute, Grand Rapids, MI.', 'firstname': 'Marie', 'initials': 'M', 'lastname': 'Adams'}, {'affiliation': 'Department of Translational Neuroscience, College of Human Medicine, Michigan State University, Grand Rapids, MI.', 'firstname': 'Joseph', 'initials': 'J', 'lastname': 'Kochmanski'}, {'affiliation': 'Department of Pharmacology and Toxicology, Ernest Mario School of Pharmacy, Rutgers University, Piscataway, NJ.\nEnvironmental and Occupational Health Sciences Institute, Rutgers University, Piscataway, NJ.\nDepartment of Translational Neuroscience, College of Human Medicine, Michigan State University, Grand Rapids, MI.', 'firstname': 'Alison I', 'initials': 'AI', 'lastname': 'Bernstein'}]",,,10.1101/2024.05.21.595193,bioRxiv : the preprint server for biology,,,<Element 'PubmedArticle' at 0x714e800017b0>
39973498,The effect of polygenic risk score on PD risk and phenotype in ,2025-02-20,"GBA1, LRRK2, Parkinson's disease, alpha-synuclein, polygenic risk score","BackgroundWhile 
Parkinson's disease (PD) is a genetically complex condition, caused by genetic and environmental risk factors. While specific mutations in the ","[{'affiliation': 'Laboratory of Biomarkers and Genomics of Neurodegeneration, Neurological Institute, Tel Aviv Sourasky Medical Center, Tel Aviv, Israel.', 'firstname': 'Orly', 'initials': 'O', 'lastname': 'Goldstein'}, {'affiliation': 'Faculty of Medicine and Health Sciences, Tel Aviv University, Tel Aviv, Israel.', 'firstname': 'Shachar', 'initials': 'S', 'lastname': 'Shani'}, {'affiliation': 'Laboratory of Biomarkers and Genomics of Neurodegeneration, Neurological Institute, Tel Aviv Sourasky Medical Center, Tel Aviv, Israel.', 'firstname': 'Mali', 'initials': 'M', 'lastname': 'Gana-Weisz'}, {'affiliation': 'Laboratory of Biomarkers and Genomics of Neurodegeneration, Neurological Institute, Tel Aviv Sourasky Medical Center, Tel Aviv, Israel.', 'firstname': 'Nadav', 'initials': 'N', 'lastname': 'Elkoshi'}, {'affiliation': 'Formerly Biogen Inc, Cambridge, MA, USA.', 'firstname': 'Fergal', 'initials': 'F', 'lastname': 'Casey'}, {'affiliation': 'Research Data Sciences, Translational Biology, Biogen Inc., Cambridge, MA, USA.', 'firstname': 'Yu H', 'initials': 'YH', 'lastname': 'Sun'}, {'affiliation': 'Research Data Sciences, Translational Biology, Biogen Inc., Cambridge, MA, USA.', 'firstname': 'Khyati', 'initials': 'K', 'lastname': 'Chandratre'}, {'affiliation': 'Formerly Biogen Inc, Cambridge, MA, USA.\nDepartment of Neurology, Yale School of Medicine, New Haven, CT, USA.', 'firstname': 'Jesse M', 'initials': 'JM', 'lastname': 'Cedarbaum'}, {'affiliation': ""Center for Alzheimer's and Related Dementias, National Institute on Aging and National Institute of Neurological Disorders and Stroke, National Institutes of Health, Bethesda, MD, USA.\nLaboratory of Neurogenetics, National Institute on Aging, National Institutes of Health, Bethesda, MD, USA."", 'firstname': 'Cornelis', 'initials': 'C', 'lastname': 'Blauwendraat'}, {'affiliation': 'Laboratory of Biomarkers and Genomics of Neurodegeneration, Neurological Institute, Tel Aviv Sourasky Medical Center, Tel Aviv, Israel.', 'firstname': 'Anat', 'initials': 'A', 'lastname': 'Bar-Shira'}, {'affiliation': 'Faculty of Medicine and Health Sciences, Tel Aviv University, Tel Aviv, Israel.\nMovement disorders Center, Neurological Institute, Tel Aviv Sourasky Medical Center, Tel Aviv, Israel.\nLaboratory for Early Markers of Neurodegeneration, Neurological Institute, Tel Aviv Sourasky Medical Center, Tel Aviv, Israel.\nSagol School of Neuroscience, Tel Aviv University, Tel Aviv, Israel.', 'firstname': 'Avner', 'initials': 'A', 'lastname': 'Thaler'}, {'affiliation': 'Faculty of Medicine and Health Sciences, Tel Aviv University, Tel Aviv, Israel.\nMovement disorders Center, Neurological Institute, Tel Aviv Sourasky Medical Center, Tel Aviv, Israel.\nSagol School of Neuroscience, Tel Aviv University, Tel Aviv, Israel.', 'firstname': 'Tanya', 'initials': 'T', 'lastname': 'Gurevich'}, {'affiliation': 'Faculty of Medicine and Health Sciences, Tel Aviv University, Tel Aviv, Israel.\nMovement disorders Center, Neurological Institute, Tel Aviv Sourasky Medical Center, Tel Aviv, Israel.\nLaboratory for Early Markers of Neurodegeneration, Neurological Institute, Tel Aviv Sourasky Medical Center, Tel Aviv, Israel.\nSagol School of Neuroscience, Tel Aviv University, Tel Aviv, Israel.', 'firstname': 'Anat', 'initials': 'A', 'lastname': 'Mirelman'}, {'affiliation': 'Faculty of Medicine and Health Sciences, Tel Aviv University, Tel Aviv, Israel.\nSagol School of Neuroscience, Tel Aviv University, Tel Aviv, Israel.\nBrain Division, Tel Aviv Sourasky Medical Center, Tel Aviv, Israel.', 'firstname': 'Nir', 'initials': 'N', 'lastname': 'Giladi'}, {'affiliation': 'Laboratory of Biomarkers and Genomics of Neurodegeneration, Neurological Institute, Tel Aviv Sourasky Medical Center, Tel Aviv, Israel.\nFaculty of Medicine and Health Sciences, Tel Aviv University, Tel Aviv, Israel.', 'firstname': 'Avi', 'initials': 'A', 'lastname': 'Orr-Urtreger'}, {'affiliation': 'Laboratory of Biomarkers and Genomics of Neurodegeneration, Neurological Institute, Tel Aviv Sourasky Medical Center, Tel Aviv, Israel.\nFaculty of Medicine and Health Sciences, Tel Aviv University, Tel Aviv, Israel.\nMovement disorders Center, Neurological Institute, Tel Aviv Sourasky Medical Center, Tel Aviv, Israel.\nSagol School of Neuroscience, Tel Aviv University, Tel Aviv, Israel.\nDepartment of Neurology, Columbia University Irving Medical Center, New York, NY, USA.', 'firstname': 'Roy N', 'initials': 'RN', 'lastname': 'Alcalay'}]",,,10.1177/1877718X241310722,Journal of Parkinson's disease,,,<Element 'PubmedArticle' at 0x714e7ffd2840>
"39962769
20709430
32629809
31162913
15229469
38915411
37269968
31382012
19572726
25463632
35104496
15031734
38534746
19717439
18599158
32695110
37689642
21356382
39002057
34659222
33924200
33941845
33293849
28713158
36837597
30347620
39030617
29332049
19524513
22412990
33057840
37408202
17296755
17063559
33433478
33510058
24814387
36421721
34508096
37552543
17562483
22793784
36787364
19906677
33036632
14597556
23108585
20729208
30127724
21157025
30333729
17502383
30028317
23801920
23115087
28725702
22441209
26252621
28673739
2484340
20055707
38433280
33708334
17854762
26161848
38214013
8879427
24952384
32983129
12130498
33208141
1757124
33530421
19631014
16806820
23463005
26713080
38001481
8571083
33716712
20107538
36759256
18078826
31271873
33239064
25418271
19337276
22496243
14597424
22817896
29862377
39480704
25450392
15857927
34576137
11520119
25193696
28116038
16681381
2073325
27422717
32012200
11157197
23991888
37919089
32218723
35248197
21187859
18070982
18262448
20637248
37661484
37915310
19630439
33298971
37747123
11004532
37006768
33460824
34029560
31931835
18691409
32663195
27539650
28819546
17581818
21141958
29096690
38553104
27646922
19776284
25642190
32709045
30181915
36523959
15272267
16167052
25797518
32896578
29871926
19858460
35379773
23264591
24845678
12352015
12837757
34549818
24333691
31013638
26106291
36405593
35410231
21637379
21801874
35008653
31026585
17537546
23781295
33505320
20299103
28676095
34205998
36142143
34426760
32943603
12105370
30949512
27999438
38183122
8912180
15571973
36046763
19682943
31885350
26824991
32712351
32660524
38277964
22078883
28176780
36051821
35568085
21490767",Pro-Oxidative and Inflammatory Actions of Extracellular Hemoglobin and Heme: Molecular Events and Implications for Alzheimer's and Parkinson Disease.,2025-02-18,"Alzheimer&rsquo, Extracellular hemoglobin, Heme, Inflammation, Oxidative stress, Parkinson&rsquo, s disease","Hemoglobin (Hb) and heme, which are typically confined within red blood cells (RBCs), are essential for intravascular transport of gases and nutrients. However, these molecules acquire secondary functions upon exposure to the extracellular environment. Hb and heme generate reactive oxygen species (ROS), which are potent pro-inflammatory agents that contribute to oxidative stress and cellular damage. These events are relevant to neurodegenerative processes, where oxidative stress, irregular deposition of protein aggregates, and chronic inflammation are key pathological features. Extracellular Hb, heme, and oxidative stress derived from hemorrhagic events or RBC lysis may contribute to increased blood-brain barrier (BBB) permeability. These events allow Hb and heme to interact with neuroimmune cells and pathological protein aggregates, further amplifying pro-inflammatory signaling and the progression of Alzheimer's disease (AD) and Parkinson disease (PD). Chronic neuroinflammation, oxidative stress, and mitochondrial dysfunction lead to neuronal degeneration. Here, we sought to elucidate the pro-oxidative and inflammatory actions of extracellular Hb and heme, emphasizing their potential impact on AD and PD development.","[{'affiliation': 'Uimyung Research Institute for Neuroscience, Department of Pharmacy, Sahmyook University, Seoul 01795, Republic of Korea.\nDepartment of Chemistry & Life Science, Sahmyook University, Seoul 01795, Republic of Korea.', 'firstname': 'Nicole Bon', 'initials': 'NB', 'lastname': 'Campomayor'}, {'affiliation': 'Uimyung Research Institute for Neuroscience, Department of Pharmacy, Sahmyook University, Seoul 01795, Republic of Korea.', 'firstname': 'Hee Jin', 'initials': 'HJ', 'lastname': 'Kim'}, {'affiliation': 'Uimyung Research Institute for Neuroscience, Department of Pharmacy, Sahmyook University, Seoul 01795, Republic of Korea.\nDepartment of Chemistry & Life Science, Sahmyook University, Seoul 01795, Republic of Korea.', 'firstname': 'Mikyung', 'initials': 'M', 'lastname': 'Kim'}]",,,"10.4062/biomolther.2024.224
10.1016/j.neurobiolaging.2010.06.023
10.3390/life10070101
10.1038/nri1391
10.3389/fimmu.2024.1403764
10.1016/j.mito.2023.05.007
10.1016/j.exger.2019.110680
10.1021/ic900647y
10.1016/j.bbadis.2014.10.009
10.1016/j.imlet.2022.01.004
10.1038/nrd1330
10.3390/cimb46030130
10.1073/pnas.0813216106
10.1016/j.neurobiolaging.2008.05.017
10.3389/fimmu.2020.01323
10.1186/s12967-023-04493-w
10.1016/j.ajpath.2010.12.006
10.1007/s12035-024-04334-x
10.3389/fimmu.2021.734229
10.3390/cells10040957
10.1038/s42003-021-02026-z
10.2147/JIR.S275595
10.1038/aps.2017.28
10.3390/medicina59020396
10.3233/JAD-180726
10.1186/s12987-024-00557-1
10.3233/JAD-170711
10.1016/j.cell.2009.05.037
10.1371/journal.pone.0033120
10.1007/s00018-020-03656-y
10.3390/cells12101368
10.1128/IAI.01320-06
10.1016/j.neurobiolaging.2005.10.016
10.4103/1673-5374.303016
10.4103/1673-5374.306064
10.1016/j.brainres.2014.04.042
10.3390/biom12111708
10.1038/s41467-021-25767-1
10.1172/JCI161987
10.1080/01926230701320337
10.1089/ars.2012.4605
10.1073/pnas.2209177120
10.1096/fj.09-139634
10.1186/s12974-020-01973-4
10.1096/fj.03-0364fje
10.1002/glia.22437
10.1074/jbc.M110.146076
10.3389/fncel.2018.00247
10.3233/JAD-2010-101485
10.3389/fncel.2018.00329
10.1074/jbc.M610737200
10.4103/1673-5374.235021
10.1159/000342232
10.1002/ajh.23344
10.1038/npjparkd.2016.21
10.1159/000336423
10.1021/acs.accounts.5b00102
10.1016/j.nbd.2017.06.009
10.1016/0896-6273(89)90210-9
10.1146/annurev.pharmtox.010909.105600
10.1038/s41392-024-01757-9
10.1155/2021/6639199
10.1016/j.bbamem.2007.07.012
10.1021/acs.biochem.5b00280
10.1093/braincomms/fcad356
10.3109/10731199609117445
10.1186/1742-2094-11-115
10.3389/fimmu.2020.01964
10.1182/blood.V100.3.879
10.1186/s12987-020-00230-3
10.1007/BF00917353
10.3390/ijms22031199
10.1017/S0031182009990473
10.1016/j.cellsig.2006.05.004
10.1038/ncomms2534
10.5607/en.2015.24.4.325
10.1186/s12979-023-00383-3
10.1080/00365519509075391
10.3389/fnagi.2021.625511
10.4110/in.2009.9.3.90
10.1016/j.biopsych.2022.10.015
10.1016/j.freeradbiomed.2007.11.003
10.1016/j.bbi.2019.06.042
10.1186/s40035-020-00221-2
10.4155/tde.14.67
10.1038/jcbfm.2009.34
10.1152/ajpcell.00080.2012
10.1016/S0014-4827(03)00391-4
10.1016/j.cell.2012.06.019
10.1016/j.cotox.2017.11.002
10.7554/eLife.87258
10.1016/j.bbrc.2014.10.062
10.1093/brain/awh531
10.3390/ijms22189977
10.1006/exnr.2001.7732
10.1016/j.bbrc.2014.08.130
10.1155/2016/8590578
10.1021/bi0600749
10.1007/BF01024768
10.1016/j.bbi.2016.07.143
10.1371/journal.pone.0228727
10.1161/01.STR.32.2.561
10.1089/ars.2012.5149
10.31083/j.fbl2810255
10.3389/fnmol.2020.00037
10.1016/bs.pbr.2022.01.008
10.1038/cr.2010.178
10.1189/jlb.0907629
10.1016/j.bcmd.2007.12.003
10.1016/j.neuint.2010.07.002
10.1016/j.cytogfr.2023.08.008
10.3762/bjnano.14.85
10.1021/bi900619j
10.1038/s41536-020-00107-x
10.1002/cm.21785
10.5772/intechopen.99846
10.1016/S0167-4838(00)00057-1
10.1021/jacsau.2c00572
10.1016/j.trsl.2021.01.005
10.1016/j.abb.2021.108926
10.1186/s13024-019-0349-x
10.1186/1471-2318-8-18
10.1172/JCI137282
10.1039/C6DT02183B
10.1155/2017/8416763
10.1074/jbc.M703570200
10.1021/ja1084578
10.1016/j.aquaculture.2022.738281
10.1186/s13075-017-1447-1
10.1016/j.nrl.2021.10.003
10.1016/j.bbamcr.2016.09.012
10.1523/JNEUROSCI.3158-09.2009
10.3389/fphys.2014.00500
10.3390/cells9071717
10.4110/in.2018.18.e27
10.1155/2022/5184721
10.1038/nm1066
10.1038/nrm1742
10.1016/j.bbamem.2015.03.014
10.1016/j.mcn.2020.103551
10.1074/jbc.RA117.001050
10.1212/WNL.0b013e3181bd80c1
10.1038/s41419-022-04758-0
10.1182/blood-2012-11-451229
10.1016/j.cub.2014.03.034
10.1097/00041433-200210000-00007
10.1074/jbc.M302828200
10.1111/imm.13418
10.1016/j.mito.2013.12.001
10.3390/molecules24081583
10.3389/fnmol.2015.00019
10.1111/voxs.12328
10.3389/fmed.2022.1034692
10.1186/s12987-022-00312-4
10.1155/2011/792639
10.1016/j.ajpath.2011.04.013
10.3390/ijms23010227
10.1016/j.freeradbiomed.2019.04.024
10.1016/j.neurobiolaging.2007.04.006
10.1155/2013/523652
10.3389/fphys.2020.619230
10.1016/j.molimm.2010.02.008
10.1186/s13024-017-0195-7
10.3390/antiox10060890
10.3390/ijms231810235
10.1155/2021/9912436
10.1038/s41419-020-02959-z
10.1161/01.STR.0000020121.41527.5D
10.1155/2019/8528719
10.1038/nrm.2016.149
10.1186/s12964-023-01387-8
10.1007/s001090050063
10.1016/j.nbd.2004.08.014
10.1155/2022/7924199
10.1016/j.parkreldis.2009.07.013
10.1177/0300060519856747
10.18632/oncotarget.7046
10.1016/j.neulet.2020.135274
10.1186/s13045-020-00920-3
10.1016/j.redox.2024.103048
10.1016/j.cell.2011.09.051
10.1038/ncomms14329
10.1002/anbr.202100120
10.1016/j.brainres.2022.147937
10.1155/2011/918916",Biomolecules & therapeutics,,,<Element 'PubmedArticle' at 0x714e80064fe0>
"39948187
30786239
32718981
31249361
24670763
29444232
25678556
33042988
26352799
24515121
29022597
21303898
33848468
28213356
30445434
30639322
29491135
24644260
19377474
24670764
37164541
38413974
33590861
29301909
35873673
23104886
30224808
27607574
21441907
27240529
25363779
34373652
35332326
29632383
30131849
33658631
22955987
20513432
31477927
28025337
32461654
20639541
25078623
35134826
19261174
33115758
23950696
16879925
8493557
34107237
11846609
32592681
22955828
30503521
22082242
32474139
26780995
24927836
33828297
21617644
30046115
31349007
29486295
24413739
20110278
27079975
28751969
19910308
26313521
33069716
25886982
18843046
27976757
27080380
31367015
32719622
29510665
30901538
27451412
22955990
37239960
29980666
33226620
26835000
34557778
26167905
29113774
29284524
38228368
35867246
8601806
20459804
38749504
17436255",Transcriptional enhancers in human neuronal differentiation provide clues to neuronal disorders.,2025-02-14,"CAGE, Enhancer, Hi-C, LUHMES, Neuron","Genome-wide association studies (GWASs) have identified thousands of variants associated with complex phenotypes, including neuropsychiatric disorders. To better understand their pathogenesis, it is necessary to identify the functional roles of these variants, which are largely located in non-coding DNA regions. Here, we employ a human mesencephalic neuronal cell differentiation model, LUHMES, with sensitive and high-resolution methods to discover enhancers (NET-CAGE), perform DNA conformation analysis (Capture Hi-C) to link enhancers to their target genes, and finally validate selected interactions. We expand the number of known enhancers active in differentiating human LUHMES neurons to 47,350, and find overlap with GWAS variants for Parkinson's disease and schizophrenia. Our findings reveal a fine-tuned regulation of human neuronal differentiation, even between adjacent developmental stages; provide a valuable resource for further studies on neuronal development, regulation, and disorders; and emphasize the importance of exploring the vast regulatory potential of non-coding DNA and enhancers.","[{'affiliation': 'Department of Medicine Huddinge (MedH), Biosciences and Nutrition Unit, Karolinska Institutet, Stockholm, Sweden.\nInstitute for Advanced Academic Research, Chiba University, Chiba, Japan.\nDepartment of Artificial Intelligence Medicine, Graduate School of Medicine, Chiba University, Chiba, Japan.\nPremium Research Institute for Human Metaverse Medicine (WPI-PRIMe), Osaka University, Suita, Osaka, Japan.', 'firstname': 'Masahito', 'initials': 'M', 'lastname': 'Yoshihara'}, {'affiliation': 'Department of Medicine Huddinge (MedH), Biosciences and Nutrition Unit, Karolinska Institutet, Stockholm, Sweden.', 'firstname': 'Andrea', 'initials': 'A', 'lastname': 'Coschiera'}, {'affiliation': 'Science for Life Laboratory, KTH - Royal Institute of Technology, Stockholm, Sweden.', 'firstname': 'Jörg A', 'initials': 'JA', 'lastname': 'Bachmann'}, {'affiliation': 'Department of Medicine Huddinge (MedH), Biosciences and Nutrition Unit, Karolinska Institutet, Stockholm, Sweden.\nDepartment of Bioscience and Technology for Food, Agriculture and Environment, University of Teramo, Teramo, Italy.', 'firstname': 'Mariangela', 'initials': 'M', 'lastname': 'Pucci'}, {'affiliation': 'Department of Medicine Huddinge (MedH), Biosciences and Nutrition Unit, Karolinska Institutet, Stockholm, Sweden.', 'firstname': 'Haonan', 'initials': 'H', 'lastname': 'Li'}, {'affiliation': 'Institute for the Advanced Study of Human Biology, Kyoto University, Kyoto, Japan.', 'firstname': 'Shruti', 'initials': 'S', 'lastname': 'Bhagat'}, {'affiliation': 'Institute for the Advanced Study of Human Biology, Kyoto University, Kyoto, Japan.\nRIKEN-IFOM Joint Laboratory for Cancer Genomics, RIKEN Center for Integrative Medical Sciences, Yokohama, Japan.\nIFOM - the FIRC Institute of Molecular Oncology, Milan, Italy.\nDepartment of Medical Systems Genomics, Graduate School of Medicine, Kyoto University, Kyoto, Japan.', 'firstname': 'Yasuhiro', 'initials': 'Y', 'lastname': 'Murakawa'}, {'affiliation': 'Folkhälsan Research Centre, Helsinki, Finland.\nStem Cells and Metabolism Research Program, University of Helsinki, Helsinki, Finland.', 'firstname': 'Jere', 'initials': 'J', 'lastname': 'Weltner'}, {'affiliation': 'Folkhälsan Research Centre, Helsinki, Finland.\nStem Cells and Metabolism Research Program, University of Helsinki, Helsinki, Finland.', 'firstname': 'Eeva-Mari', 'initials': 'EM', 'lastname': 'Jouhilahti'}, {'affiliation': 'Department of Medicine Huddinge (MedH), Biosciences and Nutrition Unit, Karolinska Institutet, Stockholm, Sweden. peter.swoboda@ki.se.', 'firstname': 'Peter', 'initials': 'P', 'lastname': 'Swoboda'}, {'affiliation': 'Science for Life Laboratory, KTH - Royal Institute of Technology, Stockholm, Sweden. pelinak@kth.se.', 'firstname': 'Pelin', 'initials': 'P', 'lastname': 'Sahlén'}, {'affiliation': 'Department of Medicine Huddinge (MedH), Biosciences and Nutrition Unit, Karolinska Institutet, Stockholm, Sweden. juha.kere@ki.se.\nFolkhälsan Research Centre, Helsinki, Finland. juha.kere@ki.se.\nStem Cells and Metabolism Research Program, University of Helsinki, Helsinki, Finland. juha.kere@ki.se.', 'firstname': 'Juha', 'initials': 'J', 'lastname': 'Kere'}]",,© 2025. The Author(s).,10.1038/s44319-025-00372-1,EMBO reports,,,<Element 'PubmedArticle' at 0x714e7fc1b060>
"39931046
33093192
38245248
37145289
26050253
27061298
33011770
34364650
33427143
21414999
30305743
32558154
32709988
32791893
32165138
34461676
33411241
34234189
26049253
32560306
22753266
36333237
38166701
37048085
37451695
32007134
27995906
38418216
35816897
26689977
33067333
33486973
32081278
35857297
37990960
37815899
36980396
28068484
32568110
36911924
33409244
38116602
31000129
38529938
28176275
33244559
34722604
32493449
30264539
36364932
36769340
37782489
37452071
25046131
36820164
33080822
38265471
25410713
37024724
37675653
29879615",Joint effect of modifiable risk factors on Parkinson's disease: a large-scale longitudinal study.,2025-02-11,"Parkinson’s disease, lifestyle, medical history, modifiable risk factors, physical measurement, population attributable fraction","Previous researches have often underestimated the diversity and combined effects of risk factors for Parkinson's disease (PD). This study aimed to identify how multiple modifiable risk factors collectively impact PD.
The study included 452,492 participants from the UK Biobank, utilizing genetic data and 255 phenotypic variables. A broad exposure association study was conducted across seven domains: socioeconomic status, medical history, psychosocial factors, physical measures, early life, local environment, and lifestyle. Risk scores of each domain for each participant were generated. The joint effects of modifiable and genetic risks assessed using Cox proportional hazards model. Population attributable fraction (PAF) was estimated to quantify contribution ratio of risk factors in different domains to the occurrence of PD.
Multiple risk factors significantly (
Results indicated that addressing modifiable risk factors, especially in physical measures and psychological factors, could potentially prevent up to 33.87% of PD cases. In formulating prevention strategies, it is recommended to prioritize domains such as physical measures, psychosocial factors, lifestyle, and medical history.","[{'affiliation': 'School of Electrical and Information Engineering, Zhengzhou University of Light Industry, Zhengzhou, China.', 'firstname': 'Panlong', 'initials': 'P', 'lastname': 'Li'}, {'affiliation': 'School of Electrical and Information Engineering, Zhengzhou University of Light Industry, Zhengzhou, China.', 'firstname': 'Xirui', 'initials': 'X', 'lastname': 'Zhu'}, {'affiliation': ""Department of Hypertension, Henan Provincial People's Hospital, Zhengzhou University People's Hospital, Zhengzhou, China."", 'firstname': 'Min', 'initials': 'M', 'lastname': 'Liu'}, {'affiliation': 'School of Electrical and Information Engineering, Zhengzhou University of Light Industry, Zhengzhou, China.', 'firstname': 'Yanfeng', 'initials': 'Y', 'lastname': 'Wang'}, {'affiliation': 'School of Electrical and Information Engineering, Zhengzhou University of Light Industry, Zhengzhou, China.', 'firstname': 'Chun', 'initials': 'C', 'lastname': 'Huang'}, {'affiliation': 'School of Electrical and Information Engineering, Zhengzhou University of Light Industry, Zhengzhou, China.', 'firstname': 'Junwei', 'initials': 'J', 'lastname': 'Sun'}, {'affiliation': ""Department of Neurology, Shanghai Ninth People's Hospital, Shanghai Jiao Tong University School of Medicine, Shanghai, China."", 'firstname': 'Shan', 'initials': 'S', 'lastname': 'Tian'}, {'affiliation': ""Department of Neurology, Shanghai Ninth People's Hospital, Shanghai Jiao Tong University School of Medicine, Shanghai, China."", 'firstname': 'Yuna', 'initials': 'Y', 'lastname': 'Li'}, {'affiliation': ""Department of Neurology, Shanghai Ninth People's Hospital, Shanghai Jiao Tong University School of Medicine, Shanghai, China."", 'firstname': 'Yuan', 'initials': 'Y', 'lastname': 'Qiao'}, {'affiliation': ""Department of Neurology, Shanghai Ninth People's Hospital, Shanghai Jiao Tong University School of Medicine, Shanghai, China."", 'firstname': 'Junting', 'initials': 'J', 'lastname': 'Yang'}, {'affiliation': ""Department of Neurology, Shanghai Ninth People's Hospital, Shanghai Jiao Tong University School of Medicine, Shanghai, China."", 'firstname': 'Shanshan', 'initials': 'S', 'lastname': 'Cao'}, {'affiliation': ""Department of Neurology, Shanghai Ninth People's Hospital, Shanghai Jiao Tong University School of Medicine, Shanghai, China."", 'firstname': 'Chaohua', 'initials': 'C', 'lastname': 'Cong'}, {'affiliation': ""Department of Neurology, Shanghai Ninth People's Hospital, Shanghai Jiao Tong University School of Medicine, Shanghai, China."", 'firstname': 'Lei', 'initials': 'L', 'lastname': 'Zhao'}, {'affiliation': ""Department of Neurology, Shanghai Ninth People's Hospital, Shanghai Jiao Tong University School of Medicine, Shanghai, China."", 'firstname': 'Jingjing', 'initials': 'J', 'lastname': 'Su'}, {'affiliation': ""Department of Hypertension, Henan Provincial People's Hospital, Zhengzhou University People's Hospital, Zhengzhou, China."", 'firstname': 'Dandan', 'initials': 'D', 'lastname': 'Tian'}]",,"Copyright © 2025 Li, Zhu, Liu, Wang, Huang, Sun, Tian, Li, Qiao, Yang, Cao, Cong, Zhao, Su and Tian.","10.3389/fnhum.2025.1525248
10.1136/jnnp-2020-324515
10.1016/S0140-6736(23)01419-8
10.1007/s10654-023-01013-4
10.1093/ije/dyv080
10.1002/gepi.21965
10.1093/brain/awaa262
10.1016/j.biopsych.2021.05.025
10.1017/S136898002100001X
10.1093/ije/dyr036
10.1038/s41586-018-0579-z
10.1111/jvh.13346
10.1038/s41596-020-0353-1
10.1176/appi.ajp.2020.19111158
10.1016/j.pharmthera.2020.107523
10.1002/smi.3095
10.1007/s12035-020-02232-6
10.1038/s41598-021-93105-y
10.1016/S0140-6736(15)60175-1
10.3390/ijms21124306
10.1002/mds.25077
10.1016/j.parkreldis.2022.10.012
10.1186/s12883-023-03499-7
10.3390/cells12071012
10.1136/jnnp-2022-330394
10.1016/S2468-2667(19)30248-8
10.1038/ajg.2016.517
10.1136/jnnp-2023-332974
10.1016/j.ebiom.2022.104154
10.1016/j.amepre.2015.10.022
10.1136/gutjnl-2020-322429
10.1161/CIR.0000000000000947
10.1016/j.jacc.2019.12.031
10.1001/jamapsychiatry.2022.1655
10.1002/jcsm.13366
10.3390/diagnostics13061088
10.3233/JPD-202029
10.1177/08919887231164358
10.1093/eurpub/ckab165.571
10.1177/15459683231207359
10.1016/S2214-109X(19)30074-9
10.1210/clinem/dgae192
10.1007/s12035-017-0404-y
10.1007/s12603-020-1435-z
10.3389/fnut.2021.709846
10.1186/s12902-020-00559-8
10.1002/mds.27461
10.3390/nu14214671
10.3390/ijms24033022
10.1001/jamaneurol.2023.3382
10.1038/s41531-023-00551-8
10.1016/j.ijsu.2014.07.013
10.3390/ijerph17207558
10.1007/s00415-024-12194-7
10.1093/brain/awu323
10.1038/s41562-023-01585-x
10.1002/mds.29602
10.1016/j.envint.2018.05.046",Frontiers in human neuroscience,,Multiple risk factors significantly (,<Element 'PubmedArticle' at 0x714e7fc99ad0>
39910845,New Insights into the Association of Pesticide Exposure and Parkinson's Disease.,2025-02-06,"Parkinson's disease, environment, pesticide, risk factor",,"[{'affiliation': 'Laboratório de Neuropatologia Experimental, Universidade Federal do Pará, Belém, Brazil.', 'firstname': 'Bruno Lopes', 'initials': 'BL', 'lastname': 'Santos-Lobato'}]",,,10.1002/mds.30135,Movement disorders : official journal of the Movement Disorder Society,,,<Element 'PubmedArticle' at 0x714e81590a40>
"39873863
31507158
36401868
34504857
35341522
35476395
35833250
36723185
33399443
26043092
18585288
21978483
19641904
20541646
36571589
32930293",Confined active area and aggregation kinetic-based AuNPs@PVP nanosensors for simultaneous colorimetric detection of cysteine and homocysteine as homologues in human urine and serum.,2025-01-28,"Biological sample analysis, Colorimetric nanosensor, Cysteine, Gold nanoparticles, Homocysteine","The detection of cysteine (Cys) and homocysteine (Hcy) in biological fluids has great significance for early diagnosis, including Alzheimer's and Parkinson's disease. The simultaneous determination of Cys and Hcy with a single probe is still a huge challenge. To enlarge the differences in space structure (line and ring) and energy (-721.78 and -761.08 Hartree) between Cys and Hcy, and to cause a difference of aggregation kinetics, gold nanoparticles (AuNPs) are capped with hydrophilic and low-toxic polyvinylpyrrolidone (PVP) (named AuNPs@PVP) and some surface-active sites of AuNPs are masked, the active area for the binding between AuNPs and the detection object is confined, meanwhile, the stability of AuNPs is improved. A novel nanosensor based on confined active area and aggregation kinetics of AuNPs@PVP, is designed for the identification and determination of Cys and Hcy in 1 and 3 min, respectively, with sufficiently low detection limit (4.12 and 4.35 μM) and linear range (4.12-100 μM) for health evaluation. This single colorimetric sensor was applied successfully to the determination of urine and serum, evidencing high anti-interference ability.","[{'affiliation': None, 'firstname': 'Hua-Li', 'initials': 'HL', 'lastname': 'Li'}, {'affiliation': None, 'firstname': 'Jie-Ling', 'initials': 'JL', 'lastname': 'Liang'}, {'affiliation': 'College of Chemistry, Chemical Engineering & Environmental Science, Minnan Normal University, Zhangzhou, 363000, China. lishunxing@mnnu.edu.cn.\nFujian Province Key Laboratory of Modern Analytical Science and Separation Technology, Fujian Province University Key Laboratory of Pollution Monitoring and Control, Minnan Normal University, Zhangzhou, 3630003, China. lishunxing@mnnu.edu.cn.', 'firstname': 'Shun-Xing', 'initials': 'SX', 'lastname': 'Li'}, {'affiliation': 'College of Chemistry, Chemical Engineering & Environmental Science, Minnan Normal University, Zhangzhou, 363000, China.\nFujian Province Key Laboratory of Modern Analytical Science and Separation Technology, Fujian Province University Key Laboratory of Pollution Monitoring and Control, Minnan Normal University, Zhangzhou, 3630003, China.', 'firstname': 'Feng-Jiao', 'initials': 'FJ', 'lastname': 'Liu'}, {'affiliation': 'School of Energy and Environmental Engineering, University of Science and Technology Beijing, Beijing, 100083, China.', 'firstname': 'Jia-Yi', 'initials': 'JY', 'lastname': 'Luo'}, {'affiliation': 'College of Chemistry and Chemical Engineering, Xiamen University, Xiamen, 361005, China.', 'firstname': 'Zhao-Jing', 'initials': 'ZJ', 'lastname': 'Huang'}, {'affiliation': 'College of Chemistry, Chemical Engineering & Environmental Science, Minnan Normal University, Zhangzhou, 363000, China.\nFujian Province Key Laboratory of Modern Analytical Science and Separation Technology, Fujian Province University Key Laboratory of Pollution Monitoring and Control, Minnan Normal University, Zhangzhou, 3630003, China.', 'firstname': 'Feng-Ying', 'initials': 'FY', 'lastname': 'Zheng'}, {'affiliation': 'College of Chemistry, Chemical Engineering & Environmental Science, Minnan Normal University, Zhangzhou, 363000, China.', 'firstname': 'Ling-Ling', 'initials': 'LL', 'lastname': 'Su'}, {'affiliation': 'College of Chemistry, Chemical Engineering & Environmental Science, Minnan Normal University, Zhangzhou, 363000, China.', 'firstname': 'You-Bin', 'initials': 'YB', 'lastname': 'Zhuo'}]",,"© 2025. The Author(s), under exclusive licence to Springer-Verlag GmbH Austria, part of Springer Nature.","10.1007/s00604-025-06962-z
10.1021/acs.analchem.9b03386
10.1016/j.saa.2023.122523
10.1016/j.snb.2023.133564
10.1016/j.snb.2022.131563
10.1002/alz.12871
10.1016/j.microc.2023.108385
10.3233/jad-210166
10.1007/s11010-023-04679-2
10.3389/fnut.2021.645371
10.1016/j.aca.2022.339678
10.1016/j.microc.2022.107994
10.1021/acs.analchem.2c00813
10.1002/elps.202200119
10.1016/j.dyepig.2023.111230
10.1039/d2an01994a
10.1039/D0SC04960C
10.1021/acs.analchem.0c04100
10.1016/j.snb.2020.129343
10.1016/j.ccr.2022.214461
10.1021/acsmaterialslett.2c00923
10.1016/j.aca.2015.04.011
10.1002/adma.202206700
10.1016/j.snb.2018.01.118
10.1016/j.enconman.2021.114463
10.1016/j.carbpol.2015.12.033
10.1016/j.talanta.2008.03.004
10.1016/j.bios.2011.09.013
10.1016/j.saa.2019.117490
10.1159/000314841
10.1007/s00216-009-2982-7
10.1016/j.aca.2010.05.006
10.1007/s00216-022-04491-9
10.1039/d0cc05152g",Mikrochimica acta,,,<Element 'PubmedArticle' at 0x714e81592f20>
39842165,HBM4EU E-waste study - An untargeted metabolomics approach to characterize metabolic changes during E-waste recycling.,2025-01-23,"Biomarkers, Mixture exposure, Occupational exposure, Recycling, Urine metabolomics","E-waste contains hazardous chemicals that may be a direct health risk for workers involved in recycling. We conducted an untargeted metabolomics analysis of urine samples collected from male e-waste processing workers to explore metabolic changes associated with chemical exposures in e-waste recycling in Belgium, Finland, Latvia, Luxembourg, the Netherlands, Poland, and Portugal. Questionnaire data and urine samples were obtained from workers involved in the processing of e-waste (sorting, dismantling, shredding, pre-processing, metal, and non-metal processing), as well as from controls with no known occupational exposure. Pre- and post-shift urine samples were collected and analysed using ultrahigh-performance liquid chromatography-mass spectrometry (UPLC-MS). A total of 32 endogenous urinary metabolites were annotated with a Variable Importance in Projection (VIP) above 2, indicating that e-waste recycling is mainly associated with changes in steroid hormone and neurotransmitter metabolism, energy metabolism, bile acid biosynthesis, and inflammation. The highest VIP was observed for dopamine-o-quinone, which is linked to Parkinson's disease. These and other changes in metabolism in workers employed in the processing of e-waste need further verification in targeted studies.","[{'affiliation': 'Laboratory of Human Metabolism Research, Warsaw University of Life Sciences, Warsaw, Poland. Electronic address: lucyna_kozlowska@sggw.edu.pl.', 'firstname': 'Lucyna', 'initials': 'L', 'lastname': 'Kozlowska'}, {'affiliation': 'NOVA National School of Public Health, Public Health Research Centre, Comprehensive Health Research Center, CHRC, REAL, CCAL, NOVA University Lisbon, Lisbon, Portugal.', 'firstname': 'Susana', 'initials': 'S', 'lastname': 'Viegas'}, {'affiliation': 'Radboud Institute for Biological and Environmental Science, Radboud University, Nijmegen, the Netherlands.', 'firstname': 'Paul T J', 'initials': 'PTJ', 'lastname': 'Scheepers'}, {'affiliation': 'Labotoire National de Santé (LNS), Unit Environmental Hygiene and Human Biological Monitoring, Department of Health Protection, Dudelange, Luxembourg; Environment and Health, Department of Public Health and Primary Care, KU Leuven, Leuven, Belgium.', 'firstname': 'Radu C', 'initials': 'RC', 'lastname': 'Duca'}, {'affiliation': 'Environment and Health, Department of Public Health and Primary Care, KU Leuven, Leuven, Belgium; Idewe, External Service for Prevention and Protection at Work, Heverlee, Belgium.', 'firstname': 'Lode', 'initials': 'L', 'lastname': 'Godderis'}, {'affiliation': 'NOVA National School of Public Health, Public Health Research Centre, Comprehensive Health Research Center, CHRC, REAL, CCAL, NOVA University Lisbon, Lisbon, Portugal.', 'firstname': 'Carla', 'initials': 'C', 'lastname': 'Martins'}, {'affiliation': 'Medical University of Gdansk, Gdansk, Poland; QSAR Laboratory Ltd., Gdansk, Poland; Department of Environmental Chemistry and Radiochemistry, Faculty of Chemistry, University of Gdansk, Gdansk, Poland.', 'firstname': 'Krzesimir', 'initials': 'K', 'lastname': 'Ciura'}, {'affiliation': 'QSAR Laboratory Ltd., Gdansk, Poland; Department of Environmental Chemistry and Radiochemistry, Faculty of Chemistry, University of Gdansk, Gdansk, Poland.', 'firstname': 'Karolina', 'initials': 'K', 'lastname': 'Jagiello'}, {'affiliation': 'Department of Human Genetics, National Institute of Health Dr. Ricardo Jorge, Lisbon, Portugal; ToxOmics, NOVA Medical School, NOVA University of Lisbon, Lisbon, Portugal.', 'firstname': 'Maria', 'initials': 'M', 'lastname': 'João Silva'}, {'affiliation': 'Finnish Institute of Occupational Health, Helsinki, Finland.', 'firstname': 'Selma', 'initials': 'S', 'lastname': 'Mahiout'}, {'affiliation': 'Institute of Occupational Health and Environmental Safety, Riga Stradins University, Riga, Latvia.', 'firstname': 'Inese', 'initials': 'I', 'lastname': 'Mārtiņsone'}, {'affiliation': 'Institute of Occupational Health and Environmental Safety, Riga Stradins University, Riga, Latvia.', 'firstname': 'Linda', 'initials': 'L', 'lastname': 'Matisāne'}, {'affiliation': 'Labotoire National de Santé (LNS), Unit Environmental Hygiene and Human Biological Monitoring, Department of Health Protection, Dudelange, Luxembourg; Environment and Health, Department of Public Health and Primary Care, KU Leuven, Leuven, Belgium.', 'firstname': 'An van', 'initials': 'AV', 'lastname': 'Nieuwenhuyse'}, {'affiliation': 'QSAR Laboratory Ltd., Gdansk, Poland; Department of Environmental Chemistry and Radiochemistry, Faculty of Chemistry, University of Gdansk, Gdansk, Poland.', 'firstname': 'Tomasz', 'initials': 'T', 'lastname': 'Puzyn'}, {'affiliation': 'Laboratory of Human Metabolism Research, Warsaw University of Life Sciences, Warsaw, Poland.', 'firstname': 'Monika', 'initials': 'M', 'lastname': 'Sijko-Szpanska'}, {'affiliation': 'Environment and Health, Department of Public Health and Primary Care, KU Leuven, Leuven, Belgium.', 'firstname': 'Jelle', 'initials': 'J', 'lastname': 'Verdonck'}, {'affiliation': 'Finnish Institute of Occupational Health, Helsinki, Finland.', 'firstname': 'Tiina', 'initials': 'T', 'lastname': 'Santonen'}, {'affiliation': None, 'firstname': None, 'initials': None, 'lastname': None}]",,Copyright © 2025 The Author(s). Published by Elsevier Ltd.. All rights reserved.,10.1016/j.envint.2025.109281,Environment international,,,<Element 'PubmedArticle' at 0x714e801cfd30>
"39841813
27377652
22293552
37468756
29206104
37953324
19483092
27733503
26158728
38605048
33196056
27239556
23807872
34697637
31357927
22554701
19744993
30107399
22580476
38811583
27664130
37389415
36125173
39415214
27642503
37770956",A change language for ontologies and knowledge graphs.,2025-01-22,,"Ontologies and knowledge graphs (KGs) are general-purpose computable representations of some domain, such as human anatomy, and are frequently a crucial part of modern information systems. Most of these structures change over time, incorporating new knowledge or information that was previously missing. Managing these changes is a challenge, both in terms of communicating changes to users and providing mechanisms to make it easier for multiple stakeholders to contribute. To fill that need, we have created KGCL, the Knowledge Graph Change Language (https://github.com/INCATools/kgcl), a standard data model for describing changes to KGs and ontologies at a high level, and an accompanying human-readable Controlled Natural Language (CNL). This language serves two purposes: a curator can use it to request desired changes, and it can also be used to describe changes that have already happened, corresponding to the concepts of ""apply patch"" and ""diff"" commonly used for managing changes in text documents and computer programs. Another key feature of KGCL is that descriptions are at a high enough level to be useful and understood by a variety of stakeholders-e.g. ontology edits can be specified by commands like ""add synonym 'arm' to 'forelimb'"" or ""move 'Parkinson disease' under 'neurodegenerative disease'."" We have also built a suite of tools for managing ontology changes. These include an automated agent that integrates with and monitors GitHub ontology repositories and applies any requested changes and a new component in the BioPortal ontology resource that allows users to make change requests directly from within the BioPortal user interface. Overall, the KGCL data model, its CNL, and associated tooling allow for easier management and processing of changes associated with the development of ontologies and KGs. Database URL: https://github.com/INCATools/kgcl.","[{'affiliation': 'Environmental Genomics and Systems Biology, Lawrence Berkeley National Laboratory, One Cyclotron Rd., Berkeley, CA 94720, United States.', 'firstname': 'Harshad', 'initials': 'H', 'lastname': 'Hegde'}, {'affiliation': 'Center for Biomedical Informatics Research, Stanford University, 3180 Porter Dr., Palo Alto, CA 94304, United States.', 'firstname': 'Jennifer', 'initials': 'J', 'lastname': 'Vendetti'}, {'affiliation': 'Department of Physiology, Development and Neuroscience, University of Cambridge, Downing Street, Cambridge CB2 3DY, United Kingdom.', 'firstname': 'Damien', 'initials': 'D', 'lastname': 'Goutte-Gattat'}, {'affiliation': 'Environmental Genomics and Systems Biology, Lawrence Berkeley National Laboratory, One Cyclotron Rd., Berkeley, CA 94720, United States.', 'firstname': 'J Harry', 'initials': 'JH', 'lastname': 'Caufield'}, {'affiliation': 'Center for Biomedical Informatics Research, Stanford University, 3180 Porter Dr., Palo Alto, CA 94304, United States.', 'firstname': 'John B', 'initials': 'JB', 'lastname': 'Graybeal'}, {'affiliation': 'Environmental Genomics and Systems Biology, Lawrence Berkeley National Laboratory, One Cyclotron Rd., Berkeley, CA 94720, United States.', 'firstname': 'Nomi L', 'initials': 'NL', 'lastname': 'Harris'}, {'affiliation': 'Institute for Applied Informatics (InfAI), Leipzig University, Goerdelerring 9, Leipzig 04109, Germany.', 'firstname': 'Naouel', 'initials': 'N', 'lastname': 'Karam'}, {'affiliation': 'Center for Biomedical Informatics Research, Stanford University, 3180 Porter Dr., Palo Alto, CA 94304, United States.', 'firstname': 'Christian', 'initials': 'C', 'lastname': 'Kindermann'}, {'affiliation': 'Semanticly, Spaces Ermou, Ermou 56, Athens 10563, Greece.', 'firstname': 'Nicolas', 'initials': 'N', 'lastname': 'Matentzoglu'}, {'affiliation': 'Knocean Inc., 2 - 107 Quebec Ave., Toronto, Ontario M6P 2T3, Canada.', 'firstname': 'James A', 'initials': 'JA', 'lastname': 'Overton'}, {'affiliation': 'Center for Biomedical Informatics Research, Stanford University, 3180 Porter Dr., Palo Alto, CA 94304, United States.', 'firstname': 'Mark A', 'initials': 'MA', 'lastname': 'Musen'}, {'affiliation': 'Environmental Genomics and Systems Biology, Lawrence Berkeley National Laboratory, One Cyclotron Rd., Berkeley, CA 94720, United States.', 'firstname': 'Christopher J', 'initials': 'CJ', 'lastname': 'Mungall'}]",,© The Author(s) 2025. Published by Oxford University Press.,"10.1093/database/baae133
10.1186/s13326-016-0088-7
10.1186/gb-2012-13-1-r5
10.1038/s41556-023-01194-w
10.7554/eLife.27041
10.1093/nar/gkad1005
10.1093/nar/gkp440
10.1093/nar/gkw918
10.1371/journal.pcbi.1004259
10.1038/s41597-024-03171-w
10.1016/j.patter.2020.100155
10.1145/2757001.2757003
10.3233/SW-2012-0057
10.1093/database/baab069
10.1016/j.jbi.2012.04.002
10.1093/bioinformatics/btp536
10.1093/gigascience/giy103
10.1016/j.jbi.2012.04.009
10.1038/s41597-024-03406-w
10.1186/s13326-016-0097-6
10.1093/bioinformatics/btad418
10.1111/cts.13302
10.1186/s13326-024-00320-3
10.1016/j.csbj.2016.08.002
10.1145/2445583.2445584
10.1186/s13326-023-00295-7",Database : the journal of biological databases and curation,,,<Element 'PubmedArticle' at 0x714e8022b5b0>
39822034,Multi-Targeting Macrocyclic Peptides as Nanomolar Inhibitors of Self- and Cross-Seeded Amyloid Self-Assembly of α-Synuclein.,2025-01-17,"(cross-)seeding, amyloid inhibitor, protein-protein interactions, self-assembly, α-synuclein","Amyloid self-assembly of α-synuclein (αSyn) is linked to the pathogenesis of Parkinson's disease (PD). Type 2 diabetes (T2D) has recently emerged as a risk factor for PD. Cross-interactions between their amyloidogenic proteins may act as molecular links. In fact, fibrils of islet amyloid polypeptide (IAPP) (T2D) can cross-seed αSyn amyloidogenesis and αSyn and IAPP colocalize in PD brains. Inhibition of both self- and IAPP-cross-seeded αSyn amyloidogenesis could thus interfere with PD pathogenesis. Here we show that macrocyclic peptides, designed to mimic IAPP self-/cross-interaction sites and previously found to inhibit amyloidogenesis of IAPP and/or Alzheimer's disease (AD) amyloid-β peptide Aβ40(42), are nanomolar inhibitors of both self- and IAPP-cross-seeded amyloid self-assembly of αSyn. Anti-amyloid function is mediated by nanomolar affinity interactions with αSyn via three αSyn regions which are identified as key sites of both αSyn self-assembly and its cross-interactions with IAPP. We also show that the peptides block Aβ42-mediated cross-seeding of αSyn as well. Based on their broad spectrum anti-amyloid function and additional drug-like features, these peptides are leads for multifunctional anti-amyloid drugs in PD, T2D, AD, and their comorbidities, while the identified αSyn key segments are valuable targets for novel, multi-site targeting amyloid inhibitors in PD and related synucleinopathies.","[{'affiliation': 'Division of Peptide Biochemistry, TUM School of Life Sciences, Technische Universität München (TUM), Emil-Erlenmeyer-Forum 5, D-85354, Freising, Germany.', 'firstname': 'Simon', 'initials': 'S', 'lastname': 'Hornung'}, {'affiliation': 'Division of Peptide Biochemistry, TUM School of Life Sciences, Technische Universität München (TUM), Emil-Erlenmeyer-Forum 5, D-85354, Freising, Germany.\nCurrent address, Boehringer Ingelheim, Vienna, Austria.', 'firstname': 'Dominik P', 'initials': 'DP', 'lastname': 'Vogl'}, {'affiliation': 'Division of Peptide Biochemistry, TUM School of Life Sciences, Technische Universität München (TUM), Emil-Erlenmeyer-Forum 5, D-85354, Freising, Germany.', 'firstname': 'Denise', 'initials': 'D', 'lastname': 'Naltsas'}, {'affiliation': 'Division of Peptide Biochemistry, TUM School of Life Sciences, Technische Universität München (TUM), Emil-Erlenmeyer-Forum 5, D-85354, Freising, Germany.', 'firstname': 'Beatrice Dalla', 'initials': 'BD', 'lastname': 'Volta'}, {'affiliation': 'Department of Anesthesiology and Intensive Care, Technische Universität München (TUM)/, Klinikum Rechts der Isar, Ismaningerstr. 22, D-81675, Munich, Germany.', 'firstname': 'Markus', 'initials': 'M', 'lastname': 'Ballmann'}, {'affiliation': 'Division of Peptide Biochemistry, TUM School of Life Sciences, Technische Universität München (TUM), Emil-Erlenmeyer-Forum 5, D-85354, Freising, Germany.', 'firstname': 'Beatrice', 'initials': 'B', 'lastname': 'Marcon'}, {'affiliation': 'Laboratory of Molecular and Chemical Biology of Neurodegeneration, École Polytechnique Fédérale de Lausanne (EPFL), CH 1015, Lausanne, Switzerland.', 'firstname': 'Muhammed Muazzam Kamil', 'initials': 'MMK', 'lastname': 'Syed'}, {'affiliation': 'Department of Neurology, LMU University Hospital, Ludwig-Maximilian-University (LMU), Marchioninistr. 15, D-81377, Munich, Germany.\nGerman Center for Neurodegenerative Diseases (DZNE), Feodor-Lynen-Straße 17, D-81377, Munich, Germany.\nMunich Cluster for Systems Neurology (SyNergy), Feodor-Lynen-Straße 17, D-81377, Munich, Germany.', 'firstname': 'Yiyang', 'initials': 'Y', 'lastname': 'Wu'}, {'affiliation': 'Division of Peptide Biochemistry, TUM School of Life Sciences, Technische Universität München (TUM), Emil-Erlenmeyer-Forum 5, D-85354, Freising, Germany.\nCurrent address, ITM Isotope Technologies Munich SE, Garching/Munich, Germany.', 'firstname': 'Anna', 'initials': 'A', 'lastname': 'Spanopoulou'}, {'affiliation': 'Core Facility Monoclonal Antibodies, Helmholtz Center Munich German Research Center for Environmental Health, Ingolstädter Landstr. 1, D-85764, Neuherberg, Germany.\nMunich Cluster for Systems Neurology (SyNergy), Feodor-Lynen-Straße 17, D-81377, Munich, Germany.\nGerman Center for Neurodegenerative Diseases (DZNE), Feodor-Lynen-Straße 17, D-81377, Munich, Germany.', 'firstname': 'Regina', 'initials': 'R', 'lastname': 'Feederle'}, {'affiliation': 'Division of Peptide Biochemistry, TUM School of Life Sciences, Technische Universität München (TUM), Emil-Erlenmeyer-Forum 5, D-85354, Freising, Germany.\nCurrent address, Life & Brain GmbH, Bonn, Germany.', 'firstname': 'Luzia', 'initials': 'L', 'lastname': 'Heidrich'}, {'affiliation': 'Division of Vascular Biology, Institute for Stroke and Dementia Research (ISD), LMU University Hospital, Ludwig-Maximilian-University (LMU), Feodor-Lynen-Straße 17, D-81377, Munich, Germany.\nMunich Cluster for Systems Neurology (SyNergy), Feodor-Lynen-Straße 17, D-81377, Munich, Germany.', 'firstname': 'Jürgen', 'initials': 'J', 'lastname': 'Bernhagen'}, {'affiliation': 'Department of Neurology, LMU University Hospital, Ludwig-Maximilian-University (LMU), Marchioninistr. 15, D-81377, Munich, Germany.\nGerman Center for Neurodegenerative Diseases (DZNE), Feodor-Lynen-Straße 17, D-81377, Munich, Germany.\nMunich Cluster for Systems Neurology (SyNergy), Feodor-Lynen-Straße 17, D-81377, Munich, Germany.', 'firstname': 'Thomas', 'initials': 'T', 'lastname': 'Koeglsperger'}, {'affiliation': 'Department of Neurology, LMU University Hospital, Ludwig-Maximilian-University (LMU), Marchioninistr. 15, D-81377, Munich, Germany.\nGerman Center for Neurodegenerative Diseases (DZNE), Feodor-Lynen-Straße 17, D-81377, Munich, Germany.\nMunich Cluster for Systems Neurology (SyNergy), Feodor-Lynen-Straße 17, D-81377, Munich, Germany.', 'firstname': 'Günter U', 'initials': 'GU', 'lastname': 'Höglinger'}, {'affiliation': 'Department of Anesthesiology and Intensive Care, Technische Universität München (TUM)/, Klinikum Rechts der Isar, Ismaningerstr. 22, D-81675, Munich, Germany.', 'firstname': 'Gerhard', 'initials': 'G', 'lastname': 'Rammes'}, {'affiliation': 'Laboratory of Molecular and Chemical Biology of Neurodegeneration, École Polytechnique Fédérale de Lausanne (EPFL), CH 1015, Lausanne, Switzerland.', 'firstname': 'Hilal A', 'initials': 'HA', 'lastname': 'Lashuel'}, {'affiliation': 'Division of Peptide Biochemistry, TUM School of Life Sciences, Technische Universität München (TUM), Emil-Erlenmeyer-Forum 5, D-85354, Freising, Germany.', 'firstname': 'Aphrodite', 'initials': 'A', 'lastname': 'Kapurniotu'}]",,© 2025 The Author(s). Angewandte Chemie International Edition published by Wiley-VCH GmbH.,10.1002/anie.202422834,Angewandte Chemie (International ed. in English),,,<Element 'PubmedArticle' at 0x714e812d59e0>
39808961,Dose-dependent toxic effects of triclosan on Rana omeimontis larvae: Insights into potential implications for neurodegenerative diseases.,2025-01-15,"Amphibians, Immunohistochemistry, Parkinson’s disease, TCS, Transcriptome","The widespread use of antimicrobial agent triclosan (TCS) poses significant health risks to both aquatic organisms and humans. The research on its neurotoxicity and underlying mechanisms is, however, limited. Here we first conducted a 32-day exposure experiment with five TCS concentrations (10, 30, 60, 90 and 120 µg/L) to investigate its impact on overall gene expression in Rana omeimontis larvae. Transcriptomics analysis unveiled a strong dose-dependent pattern of gene expression alterations, with a distinct transcriptomic shift observed in the T030 (30 µg/L) group. In addition, neurodegenerative disease pathway and oxidative stress response GO (gene ontology) terms were found to be highly enriched across the regulated genes in all TCS-exposed groups, suggesting potential TCS-induced neurotoxicity. To further explore this, we performed a 40-day experiment with a low (30 µg/L) or high (90 µg/L) TCS concentration. Morphological assessments revealed that TCS-exposed larvae exhibited developmental and growth inhibition. Using RT-qPCR and immunohistochemical analysis, we confirmed that TCS exposure induced neurotoxicity and triggered neurodegenerative diseases as suggested by Tau protein aggregation in the midbrain. Consistent with these findings, TCS-exposed larvae displayed abnormal behaviors. Our study thus for the first time presents a comprehensive assessment of the adverse effects of TCS exposure on amphibian larvae, encompassing morphological, biochemical, and physiological aspects. Notably, we identified RNF112 and Tau as potential molecular targets that may mediate TCS-induced neurotoxicity. These findings advance the knowledge on how organisms respond to environmental changes and highlight the importance of further investigation into the potential neurotoxicity of TCS within aquatic ecosystems and its implications for human health.","[{'affiliation': 'College of Life Science, Sichuan Normal University, Chengdu 610101, China.', 'firstname': 'Guiying', 'initials': 'G', 'lastname': 'Chen'}, {'affiliation': 'College of Life Science, Sichuan Normal University, Chengdu 610101, China.', 'firstname': 'Xuemei', 'initials': 'X', 'lastname': 'Xia'}, {'affiliation': 'The Faculty Geography Resource Sciences, Sichuan Normal University, Chengdu 610101, China.', 'firstname': 'Jiahui', 'initials': 'J', 'lastname': 'Xie'}, {'affiliation': 'College of Life Science, Sichuan Normal University, Chengdu 610101, China.', 'firstname': 'Yixin', 'initials': 'Y', 'lastname': 'Cao'}, {'affiliation': 'College of Life Science, Sichuan Normal University, Chengdu 610101, China.', 'firstname': 'Chunling', 'initials': 'C', 'lastname': 'Yuan'}, {'affiliation': 'College of Life Science, Sichuan Normal University, Chengdu 610101, China.', 'firstname': 'Guihua', 'initials': 'G', 'lastname': 'Yu'}, {'affiliation': 'College of Life Science, Sichuan Normal University, Chengdu 610101, China.', 'firstname': 'Siru', 'initials': 'S', 'lastname': 'Wei'}, {'affiliation': 'College of Life Science, Sichuan Normal University, Chengdu 610101, China.', 'firstname': 'Yu', 'initials': 'Y', 'lastname': 'Duan'}, {'affiliation': 'College of Life Science, Sichuan Normal University, Chengdu 610101, China.', 'firstname': 'Yanmei', 'initials': 'Y', 'lastname': 'Cai'}, {'affiliation': 'Chengdu Institute of Biology, Chinese Academy of Sciences, Chengdu 610213, China. Electronic address: wangsh@cib.ac.cn.', 'firstname': 'Shouhong', 'initials': 'S', 'lastname': 'Wang'}, {'affiliation': 'Chengdu Institute of Biology, Chinese Academy of Sciences, Chengdu 610213, China. Electronic address: liujy@cib.ac.cn.', 'firstname': 'Jiongyu', 'initials': 'J', 'lastname': 'Liu'}, {'affiliation': 'Chengdu Institute of Biology, Chinese Academy of Sciences, Chengdu 610213, China.', 'firstname': 'Jianping', 'initials': 'J', 'lastname': 'Jiang'}]",,Copyright © 2025 Elsevier B.V. All rights reserved.,10.1016/j.jhazmat.2025.137187,Journal of hazardous materials,,,<Element 'PubmedArticle' at 0x714e81eca660>
"39797057
30743298
32279708
30363505
26428309
32358217
30269807
30044415
32420327
32982942
30956880
36816602
38184466
19622511
33499930
25904081
26077839
29288631
31832998
25432731
31852003
29452687
34764294
17240289
25604739
37006505
31583283
33257491
32442154
29261709
37027348
36836501
33540570
0
33799420
36501823
32246097
33066691
38691395
32312287
33594538
37796842
36918552
33452324
33406692
35593687
25208729
34703975
37069193
38866793
38544228
38167434
38148984
29632508
34883886
35840753
33536284
36053444
27637282
30761078
30217235
29994714
35921806
30047891
30572891
38811633
37212071
38154904
32759667
31775289
33946494
35606508
33016893
36016036
32573306
32570510
32355166
31970290
35697864
32958473
31005763
36976789
36240173
32280482
27565186
37060170
35591007
30846346
28980315
33730713
37505115
34754043
32652564
29027928
33040327
33325373
38964183
37331164
32677477
29993501
38160578
30536390
34942507
26272007
31377660
35666848
34335457
31168498
30355702
25010322
30952582
30611010
28360883
24769376
37869579
30701655
30122598
37896714
38506919
31151787
32864188
29481820
36119968
29101536
38429991
36794268
38478583
37160396
37327574
37622821
36314229
38400258
26877078
32095771
35763342
34777196
34113654
32961750
37837123
35294727
37133932
36140511",Movement Disorders and Smart Wrist Devices: A Comprehensive Study.,2025-01-11,"Huntington’s disease, Parkinson’s disease, Tourette Syndrome, ataxia, bracelet, epilepsy, essential tremor, gait disorders, movement disorders, review, seizure detection, smartwatch, tremors, unilateral cerebral palsy, wrist-worn, wristband","In the medical field, there are several very different movement disorders, such as tremors, Parkinson's disease, or Huntington's disease. A wide range of motor and non-motor symptoms characterizes them. It is evident that in the modern era, the use of smart wrist devices, such as smartwatches, wristbands, and smart bracelets is spreading among all categories of people. This diffusion is justified by the limited costs, ease of use, and less invasiveness (and consequently greater acceptability) than other types of sensors used for health status monitoring. This systematic review aims to synthesize research studies using smart wrist devices for a specific class of movement disorders. Following PRISMA-S guidelines, 130 studies were selected and analyzed. For each selected study, information is provided relating to the smartwatch/wristband/bracelet model used (whether it is commercial or not), the number of end-users involved in the experimentation stage, and finally the characteristics of the benchmark dataset possibly used for testing. Moreover, some articles also reported the type of raw data extracted from the smart wrist device, the implemented designed algorithmic pipeline, and the data classification methodology. It turned out that most of the studies have been published in the last ten years, showing a growing interest in the scientific community. The selected articles mainly investigate the relationship between smart wrist devices and Parkinson's disease. Epilepsy and seizure detection are also research topics of interest, while there are few papers analyzing gait disorders, Huntington's Disease, ataxia, or Tourette Syndrome. However, the results of this review highlight the difficulties still present in the use of the smartwatch/wristband/bracelet for the identified categories of movement disorders, despite the advantages these technologies could bring in the dissemination of low-cost solutions usable directly within living environments and without the need for caregivers or medical personnel.","[{'affiliation': 'National Research Council of Italy, Institute for Microelectronics and Microsystems, 73100 Lecce, Italy.', 'firstname': 'Andrea', 'initials': 'A', 'lastname': 'Caroppo'}, {'affiliation': 'National Research Council of Italy, Institute for Microelectronics and Microsystems, 73100 Lecce, Italy.', 'firstname': 'Andrea', 'initials': 'A', 'lastname': 'Manni'}, {'affiliation': 'National Research Council of Italy, Institute for Microelectronics and Microsystems, 73100 Lecce, Italy.', 'firstname': 'Gabriele', 'initials': 'G', 'lastname': 'Rescio'}, {'affiliation': 'National Research Council of Italy, Institute for Microelectronics and Microsystems, 73100 Lecce, Italy.', 'firstname': 'Anna Maria', 'initials': 'AM', 'lastname': 'Carluccio'}, {'affiliation': 'National Research Council of Italy, Institute for Microelectronics and Microsystems, 73100 Lecce, Italy.', 'firstname': 'Pietro Aleardo', 'initials': 'PA', 'lastname': 'Siciliano'}, {'affiliation': 'National Research Council of Italy, Institute for Microelectronics and Microsystems, 73100 Lecce, Italy.', 'firstname': 'Alessandro', 'initials': 'A', 'lastname': 'Leone'}]",,,"10.3390/s25010266
10.1055/s-0038-1677050
10.1016/j.ncl.2019.12.001
10.1002/mdc3.12475
10.1016/j.jns.2015.08.1544
10.1212/WNL.0000000000009677
10.1016/j.pmrj.2018.06.013
10.3390/s18082414
10.1155/2020/2167160
10.3389/fneur.2020.00934
10.1007/s13534-018-00093-6
10.1016/j.mtbio.2023.100565
10.1016/j.parkreldis.2023.105988
10.7326/0003-4819-151-4-200908180-00135
10.1186/s13643-020-01542-z
10.1016/S0140-6736(14)61393-3
10.1038/nrneurol.2015.97
10.1016/j.amjmed.2017.11.051
10.1007/s10072-019-04185-8
10.1016/j.ncl.2014.09.004
10.1159/000503831
10.1016/S1474-4422(18)30038-3
10.1038/s41572-021-00314-w
10.1016/S0140-6736(07)60111-1
10.1016/j.braindev.2014.11.005
10.3389/fneur.2023.1111260
10.1038/s41746-019-0169-y
10.2196/16414
10.1371/journal.pone.0189161
10.1371/journal.pdig.0000225
10.3390/jpm13020265
10.3390/s21030981
10.3390/electronics11233879
10.1109/LSENS.2021.3074958
10.3390/s21062047
10.1101/2023.08.01.23293509
10.3390/s22239122
10.1038/s41598-020-61789-3
10.3390/s20205817
10.2196/50035
10.1186/s12984-020-00684-4
10.1016/j.pmcj.2015.12.007
10.1007/s10072-021-05120-6
10.1371/journal.pone.0287139
10.1038/s41598-023-29382-6
10.1038/s41598-020-80394-y
10.3390/s21010291
10.1080/13696998.2022.2080437
10.1159/000518571
10.1038/s41531-023-00497-x
10.1038/s41531-024-00721-2
10.3390/s24061965
10.1016/j.nanoen.2023.108984
10.3390/electronics13061002
10.1109/ACCESS.2024.3375871
10.1038/s41598-023-48209-y
10.3389/fneur.2023.1326640
10.3389/fneur.2018.00157
10.3390/s21237876
10.1038/s41598-022-15874-4
10.1126/scitranslmed.abd7865
10.1007/s40520-022-02238-1
10.1016/j.parkreldis.2016.09.009
10.1177/10775463241262146
10.3389/fneur.2019.00048
10.1186/s13063-018-2767-4
10.1109/TNSRE.2018.2852222
10.1088/1741-2552/ac86a2
10.1109/TNSRE.2018.2859793
10.1186/s12911-018-0714-7
10.1177/10775463231158196
10.1038/s41531-024-00719-w
10.3233/JPD-225068
10.1136/bmjopen-2023-077766
10.3390/s20154339
10.3390/s19235153
10.3390/s21093139
10.1038/s41746-022-00607-8
10.3233/JPD-202101
10.3390/s22166275
10.1080/03091902.2020.1759708
10.3390/app11167354
10.1038/s41598-020-64181-3
10.1038/s41746-019-0217-7
10.1038/s41746-022-00619-4
10.1136/bmjoq-2020-001000
10.1016/j.jns.2019.04.011
10.1371/journal.pdig.0000208
10.1371/journal.pone.0275747
10.1186/s40734-020-00086-7
10.1111/epi.17607
10.3390/s22093318
10.1016/j.eplepsyres.2019.02.007
10.1111/epi.13899
10.1088/1741-2552/abef8a
10.1080/03772063.2022.2108918
10.1111/epi.17729
10.1038/s41598-021-01449-2
10.1111/epi.16590
10.3390/s17102338
10.1111/epi.16719
10.2196/21840
10.1016/j.yebeh.2024.109908
10.1016/j.ebiom.2023.104656
10.1177/0883073820937515
10.1109/TBME.2018.2845865
10.1016/j.yebeh.2023.109609
10.1109/TIM.2022.3173270
10.1111/epi.14619
10.1016/j.yebeh.2021.108472
10.1016/j.pediatrneurol.2015.07.002
10.1016/j.yebeh.2019.07.028
10.1002/epi4.12618
10.3389/fneur.2021.704060
10.1002/epi4.12327
10.1212/WNL.0000000000006545
10.1016/j.yebeh.2014.06.014
10.32604/csse.2023.026356
10.1016/j.eplepsyres.2019.02.016
10.1016/j.seizure.2018.12.024
10.3389/fneur.2017.00096
10.1016/j.jneumeth.2014.04.021
10.5334/tohm.798
10.1111/ner.12930
10.1016/j.parkreldis.2018.08.001
10.3390/s23208621
10.1007/s42600-023-00323-6
10.2196/51249
10.1016/j.parkreldis.2019.05.026
10.5334/tohm.59
10.1016/j.jneumeth.2018.02.015
10.5334/tohm.715
10.1007/s11517-017-1742-7
10.1111/dmcn.15895
10.3389/fresc.2022.1060191
10.5014/ajot.2024.050443
10.1016/j.ridd.2023.104549
10.3390/bs13080681
10.3233/PRM-210112
10.3390/s24041100
10.1111/dmcn.13065
10.1159/000502136
10.2196/32997
10.3389/fneur.2021.719442
10.1016/j.pmcj.2021.101483
10.3389/frobt.2021.537384
10.3390/s20185373
10.3390/s23198294
10.1007/s12311-022-01385-5
10.1111/jnp.12313
10.1002/aisy.202100099
10.3390/electronics8111257
10.3390/diagnostics12092110
10.1109/ACCESS.2022.3162844
10.1002/INMD.20230037","Sensors (Basel, Switzerland)",,,<Element 'PubmedArticle' at 0x714e81d9bfb0>
"39777233
29377431
37271887
10990992
34687177
21817684
20583780
27933829
32163710
36603855
25488890
38360734
24796606
25437145
21128665
30190311
38669846
35816677
27376166
29289320
30266423
11457124
19462997
28902990
29594914
36815139
37506391
39377064
26352590
33831298
32771862
34060317
32129373",Adapting single-walled carbon nanotube-based thin-film transistors to flexible substrates with electrolyte-gated configurations using a versatile tri-layer polymer dielectric.,2025-01-09,,"Flexibility has been a key selling point in the development of carbon-based electronics and sensors with the promise of further development into wearable devices. Semiconducting single-walled carbon nanotubes (SWNTs) lend themselves well to applications requiring flexibility while achieving high-performance. Our previous work has demonstrated a tri-layer polymer dielectric composed of poly(lactic acid) (PLA), poly(vinyl alcohol) with cellulose nanocrystals (PVAc), and toluene diisocyanate-terminated poly(caprolactone) (TPCL), yielding an environmentally benign and solution-processable n-type thin-film transistor (TFT). Despite the potential for fabrication on flexible substrates, these devices were only characterized on rigid substrates. We present herein the fabrication of these TFTs on Kapton® substrates and a progression of the devices' n- and p-type operation over 7 days, demonstrating continuous loss of the n-type performance and relative stability of the p-type performance after 3 days in ambient air. The tri-layer dielectric is then applied in an electrolyte-gated SWNT field-effect transistor (EG-SWNT-FET) architecture, shielding the SWNTs from the electrolyte and allowing for width-normalised ","[{'affiliation': 'Department of Chemical and Biological Engineering, University of Ottawa 161 Louis Pasteur Ottawa Ontario K1N 6N5 Canada benoit.lessard@uottawa.ca.', 'firstname': 'May', 'initials': 'M', 'lastname': 'Ourabi'}, {'affiliation': 'Department of Electronics Engineering, Carleton University 1125 Colonel By Drive Ottawa Ontario K1S 5B6 Canada raviprakash@cunet.carleton.ca.', 'firstname': 'Roslyn S', 'initials': 'RS', 'lastname': 'Massey'}, {'affiliation': 'Department of Electronics Engineering, Carleton University 1125 Colonel By Drive Ottawa Ontario K1S 5B6 Canada raviprakash@cunet.carleton.ca.', 'firstname': 'Ravi', 'initials': 'R', 'lastname': 'Prakash'}, {'affiliation': 'Department of Chemical and Biological Engineering, University of Ottawa 161 Louis Pasteur Ottawa Ontario K1N 6N5 Canada benoit.lessard@uottawa.ca.\nSchool of Electrical Engineering and Computer Science, University of Ottawa 800 King Edward Ave. Ottawa Ontario K1N 6N5 Canada.', 'firstname': 'Benoît H', 'initials': 'BH', 'lastname': 'Lessard'}]",,This journal is © The Royal Society of Chemistry.,"10.1039/d4na01007h
10.1002/adma.201705642
10.1002/adma.201705642
10.1002/smll.202302406
10.1002/smll.202302406
10.1007/s003390050999
10.1007/s003390050999
10.1103/PhysRevLett.84.5552
10.1103/PhysRevLett.84.5552
10.1002/advs.202102860
10.1002/advs.202102860
10.1088/0957-4484/19/9/095702
10.1088/0957-4484/19/9/095702
10.1021/nn100966s
10.1021/nn100966s
10.1021/acsami.6b06882
10.1021/acsami.6b06882
10.1021/acs.langmuir.0c00068
10.1021/acs.langmuir.0c00068
10.1002/admi.202300079
10.1002/admi.202300079
10.1002/aelm.202100700
10.1002/aelm.202100700
10.1021/acsami.2c21412
10.1021/acsami.2c21412
10.1002/adma.201403560
10.1002/adma.201403560
10.1186/s12951-023-02274-7
10.1186/s12951-023-02274-7
10.1063/1.1869548
10.1063/1.1869548
10.1002/pssb.200879596
10.1002/pssb.200879596
10.1021/nl0259232
10.1021/nl0259232
10.1021/am5013326
10.1021/am5013326
10.1021/nl5037098
10.1021/nl5037098
10.1016/j.carbon.2020.03.012
10.1016/j.carbon.2020.03.012
10.1063/5.0058591
10.1063/5.0058591
10.1002/elan.200804552
10.1002/elan.200804552
10.1021/ja108127r
10.1021/ja108127r
10.1126/science.aao6750
10.1126/science.aao6750
10.1039/D3SD00055A
10.1039/D3SD00055A
10.1016/j.bios.2024.116333
10.1016/j.bios.2024.116333
10.1016/j.snb.2024.135883
10.1016/j.snb.2024.135883
10.1021/acssensors.2c00967
10.1021/acssensors.2c00967
10.1039/c5nr08117c
10.1039/C5NR08117C
10.1016/j.aca.2017.11.008
10.1016/j.aca.2017.11.008
10.1016/j.bios.2018.09.021
10.1016/j.bios.2018.09.021
10.1021/ja010172b
10.1021/ja010172b
10.1021/ar900056z
10.1021/ar900056z
10.1021/acs.accounts.7b00234
10.1021/acs.accounts.7b00234
10.1007/s13346-018-0505-9
10.1007/s13346-018-0505-9
10.1002/adfm.200701251
10.1002/adfm.200701251
10.1021/acsanm.2c04098
10.1021/acsanm.2c04098
10.1109/SENSORS47087.2021.9639461
10.1109/JFLEX.2022.3152465
10.1021/acssensors.3c00757
10.1021/acssensors.3c00757
10.1002/app.10912
10.1002/app.10912
10.1016/j.omtn.2024.102251
10.1016/j.omtn.2024.102251
10.1002/aelm.201800539
10.1002/aelm.201800539
10.1039/C5NR04851F
10.1039/C5NR04851F
10.1021/acsnano.0c08584
10.1021/acsnano.0c08584
10.1002/polb.20497
10.1002/polb.20497
10.1109/JFLEX.2023.3303149
10.1016/j.bios.2020.112433
10.1016/j.bios.2020.112433
10.1021/acsami.1c07617
10.1021/acsami.1c07617
10.1039/D0AN00169D
10.1039/D0AN00169D",Nanoscale advances,,,<Element 'PubmedArticle' at 0x714e81f158f0>
"39767585
32715424
22555376
16280193
36676170
34760921
27904476
21790316
27486355
21482951
21474148
36952288
30646132
37792379
38945129
8713166
36833096
39049776
20087183
17712860
16054234
33396565
23964424
39090571
27614863
28210302
21293273
21205581
23448553
16234408
29035713
28545000
37236587
35716489
19074586
33516155
31365888
19890158
19337501
17768031
32796699
37855918
35680748
33049674
18799451
16768456
20190787
23588305
35095509
22489688
16103135
16248837
9367686
24177261
28645579
9048584
27169527
23714657
9846162
14977861
30724669
24076267
1395362
28266877
12387626
26115537
20049111
29756222
22552776
22820246
2356011
25760529
16141793
32047295
12587717
32415340
33187449
18990428
17579197
21856293
18624677
27704169
17968742
12535572
16305368
31571174
21103975
12011458
29618584
33513557
27385178
28733223
22948894
22284781
29678491
27614642
37060405
36470355
32176075
25540977
28939238
20087185
15121991
34121999
33808331
36320054
35663546
35270544
32895790
27281688
32857150
29104009
35288143
35270035
37703261
33762910
24678247
19720048
8817083
18634814
26613405
21621210
35077929
27241054
35508370
36148711
23425943
34019419
23746042
26680775
21193038
33024080
33972510
26426951
38007170
33485385
37865102
32646017
23575644
25641946",Does Bisphenol A (BPA) Exposure Cause Human Diseases?,2025-01-08,"ADHD, Alzheimer’s, BPA, DEHP (diethyl hexyl phthalate), PCOS, Parkinson’s, autism, bisphenol A, glucuronidation","Autism spectrum disorders (ASDs), attention-deficit disorder (ADHD), Parkinson's disease (PD), polycystic ovary disease (PCOS), and Alzheimer's disease (AD) have all been linked to exposure to bisphenol A (BPA).
This paper is a review and discussion of the published literature.
Animal studies have shown BPA to be a broad-spectrum endocrine disruptor. BPA is metabolized via the glucuronidation pathway, which involves the addition of glucose to the target molecule, and is catalyzed by uridine 5'-diphospho-glucuronosyltransferases (UGTs). Evidence of compromised glucuronidation has been found for ASD, DHD, PD, and PCOS. Genetic polymorphisms that alter the catalytic activity of the UGTs and efflux transporters involved are common. There are two ways to interpret the findings of associations between BPA glucuronidation efficiency and disease, a 'direct' pathway and an 'indirect' pathway. With the 'direct' pathway, free BPA is the actual causative agent. Compromised BPA detoxification leads to higher concentrations of free BPA in vulnerable tissues. Decreased BPA detoxification leads to increased exposure of vulnerable tissues to free BPA, where it can function as an endocrine disruptor. With the 'indirect' pathway, BPA is not the causative agent. BPA serves as a marker for the decreased glucuronidation efficiency of another unknown compound of endogenous origin detoxified by a similar combination of UGTs and efflux transporters as BPA. It is this compound(s), acting as an endocrine disruptor, that leads to a metabolic environment that favors disease development over an extended time period.
A review of the existing literature supports the indirect 'marker' hypothesis over the 'direct' hypothesis.","[{'affiliation': 'Rowan-Virtua School of Translational Biomedical Engineering and Sciences and School of Osteopathic Medicine, 2 Medical Center Drive, Stratford, NJ 08084, USA.', 'firstname': 'T Peter', 'initials': 'TP', 'lastname': 'Stein'}]",A review of the existing literature supports the indirect 'marker' hypothesis over the 'direct' hypothesis.,,"10.3390/biomedicines12122678
10.1007/s11356-020-09964-x
10.3233/JAD-2012-120373
10.1016/j.pneurobio.2005.10.005
10.3390/life13010221
10.3389/fmolb.2021.699613
10.4103/1673-5374.193224
10.1080/10937404.2011.578557
10.1515/intox-2015-0003
10.1212/WNL.0b013e3182166dc7
10.1016/j.jns.2011.03.014
10.15585/mmwr.ss7202a1
10.1001/jamanetworkopen.2018.1471
10.1001/jamanetworkopen.2023.36872
10.1016/S2666-7568(24)00094-1
10.3390/healthcare11040562
10.1210/clinem/dgae518
10.1097/WCO.0b013e328336a01f
10.1016/j.devbrainres.2005.05.008
10.3390/biom11010051
10.1186/s11689-024-09555-8
10.1016/j.scitotenv.2016.09.009
10.1183/20734735.013416
10.1097/MOP.0b013e3283445675
10.1289/ehp.1002366
10.1021/es304038k
10.1136/oem.2004.017590
10.1016/j.jhazmat.2017.10.014
10.1016/j.chemosphere.2017.05.096
10.1016/j.envpol.2023.121882
10.1016/j.marpolbul.2022.113832
10.1210/er.2008-0021
10.1210/endocr/bqaa171
10.1016/j.fct.2019.110728
10.2105/AJPH.2008.159228
10.1289/ehp.0800173
10.1016/j.reprotox.2007.07.005
10.3390/ijms21165761
10.1007/s00204-023-03614-0
10.1007/s11356-022-20996-3
10.2741/4898
10.1001/jama.300.11.1353
10.1021/bi060308o
10.1038/clpt.2013.74
10.3389/fphar.2021.802539
10.1021/es300115a
10.1124/dmd.105.005454
10.2174/138920005774330657
10.1006/geno.1997.4972
10.1016/j.toxlet.2013.10.022
10.1016/j.tox.2017.06.007
10.1210/endo.138.3.4979
10.1007/s00128-016-1812-9
10.1016/j.taap.2013.05.015
10.1677/joe.0.1580327
10.1124/dmd.32.3.281
10.1152/physrev.00058.2017
10.1016/j.pharmthera.2013.09.002
10.2165/00003088-199223040-00005
10.1080/03602532.2017.1293682
10.1021/tx025548t
10.1016/j.envint.2015.06.008
10.1289/ehp.0901010
10.1002/cpt.1115
10.1093/toxsci/kfs167
10.1016/j.bcp.2012.07.009
10.1212/WNL.40.7.1095
10.1016/j.dmpk.2014.12.001
10.1097/01.fpc.0000173483.13689.56
10.1038/s41416-019-0722-0
10.1007/s00204-020-02765-8
10.1080/01480545.2020.1847133
10.1016/j.chemosphere.2008.09.053
10.1210/jc.2007-0530
10.1016/j.bcp.2011.08.004
10.1517/17425255.4.7.879
10.1007/s00228-016-2137-7
10.1080/00498250701570251
10.1016/S0169-409X(02)00169-2
10.2174/1567201043480036
10.1073/pnas.102187299
10.1124/mol.117.110593
10.1016/j.drup.2021.100743
10.1002/jcph.691
10.1016/j.jhep.2017.07.004
10.1038/clpt.2012.79
10.1016/j.jsbmb.2018.04.008
10.1007/s11356-016-7573-5
10.1007/s11356-023-26820-w
10.1016/j.chemosphere.2022.137463
10.1097/MD.0000000000019444
10.2174/1871524914666141226103135
10.1016/j.neuro.2017.09.008
10.1097/MOP.0b013e328336eb9a
10.1542/peds.113.5.e472
10.3389/fnins.2021.673600
10.3390/ijerph18073585
10.1186/s40246-022-00427-7
10.3389/fnins.2022.862315
10.3390/ijerph19052849
10.1007/s11356-020-10652-z
10.1016/j.envres.2016.05.040
10.1001/jamanetworkopen.2020.15041
10.1016/j.yhbeh.2017.11.001
10.1016/j.scitotenv.2022.154533
10.3390/ijms23052894
10.1371/journal.pone.0289841
10.3389/fncel.2021.636176
10.2478/intox-2013-0018
10.1016/j.bbrc.2009.08.134
10.3109/10408449609048302
10.1016/j.steroids.2008.06.005
10.1080/1028415X.2015.1103437
10.1016/j.atherosclerosis.2011.05.001
10.1016/j.envint.2022.107093
10.1007/s10695-016-0239-x
10.1523/ENEURO.0020-22.2022
10.1016/j.envint.2022.107530
10.1289/ehp.1205588
10.1021/acs.chemrestox.1c00018
10.1021/es400490f
10.1016/j.jsbmb.2010.12.014
10.1038/s41398-020-01017-8
10.1038/s41398-021-01393-9
10.1210/er.2015-1018
10.1016/j.neubiorev.2023.105479
10.1186/s13024-021-00425-8
10.1016/S2213-8587(23)00224-3
10.3390/ijms21134812
10.1007/s10803-013-1822-y
10.1002/aur.1444",Biomedicines,,"Animal studies have shown BPA to be a broad-spectrum endocrine disruptor. BPA is metabolized via the glucuronidation pathway, which involves the addition of glucose to the target molecule, and is catalyzed by uridine 5'-diphospho-glucuronosyltransferases (UGTs). Evidence of compromised glucuronidation has been found for ASD, DHD, PD, and PCOS. Genetic polymorphisms that alter the catalytic activity of the UGTs and efflux transporters involved are common. There are two ways to interpret the findings of associations between BPA glucuronidation efficiency and disease, a 'direct' pathway and an 'indirect' pathway. With the 'direct' pathway, free BPA is the actual causative agent. Compromised BPA detoxification leads to higher concentrations of free BPA in vulnerable tissues. Decreased BPA detoxification leads to increased exposure of vulnerable tissues to free BPA, where it can function as an endocrine disruptor. With the 'indirect' pathway, BPA is not the causative agent. BPA serves as a marker for the decreased glucuronidation efficiency of another unknown compound of endogenous origin detoxified by a similar combination of UGTs and efflux transporters as BPA. It is this compound(s), acting as an endocrine disruptor, that leads to a metabolic environment that favors disease development over an extended time period.",<Element 'PubmedArticle' at 0x714e80743600>
"39762251
33207075
35084111
33387637
29339106
30271159
32776090
28150570
21277726
36214622
34190982
34623450
36754851
35158141
19589217
32538619
38198995
38070148
29426502
38453048",Stability-indicating spectrophotometric quantification of safinamide in the presence of its possible degradation product.,2025-01-07,"Dual wavelength, Fourier self-deconvolution, Parkinson’s disease, Safinamide, Stability-indicating","In recent times, a truly exquisite pharmaceutical marvel has graced the world of medicine, known as Safinamide (SAF). This opulent creation has been specifically tailored to cater to the needs of individuals afflicted with Parkinson's disease (PD), an esteemed neurological condition renowned for its regal ability to impede motor skills, coordination, and equilibrium. It is highly improbable that degradation products of pharmaceutical components would significantly compromise efficiency and safety of a drug during its shelf life. Pharmaceutical analysis requires a variety of stability tests to be conducted under distinct conditions. As a result, there was an increased need for the development of an analytical methodology capable of reliably separating and quantifying degradants and impurities that might be found in pharmaceuticals. In this study, we have developed two efficient and straightforward spectrophotometric methodologies for the concurrent estimation of SAF and its degradation product (SAF DEG), which is the main acid hydrolysis product. The confirmation of degradation product build-up by the use of several analytical techniques, including infrared spectroscopy (IR), and mass spectrometry (MS) investigations. The present methodologies have been validated for linearity within the concentration range of 5-30 µg/ml for SAF, and 5-15 µg/mL, 2-15 µg/ml for SAF DEG for fourier self-deconvolution (FSD) and dual wavelength (DW) methods, respectively. The originality of these techniques lies in their status as the first stability-indicating spectrophotometric procedures that are both environmentally friendly. Moreover, the process of obtaining pure SAF DEG offers substantial economic benefits by obviating the need to acquire a costly constituent. The use of intelligent techniques was employed to analyze the pharmaceutical dosage form, potentially offering significant advantages to the pharmaceutical industry.","[{'affiliation': 'Pharmaceutical Chemistry Department, Faculty of Pharmacy, Egyptian Russian University, Badr City, 11829, Cairo, Egypt. Ebraam81@gmail.com.', 'firstname': 'Ebraam B', 'initials': 'EB', 'lastname': 'Kamel'}, {'affiliation': 'Pharmaceutical Chemistry Department, Faculty of Pharmacy, Egyptian Russian University, Badr City, 11829, Cairo, Egypt.', 'firstname': 'Omar M', 'initials': 'OM', 'lastname': 'El-Abassy'}]",,© 2024. The Author(s).,10.1038/s41598-024-83195-9,Scientific reports,,,<Element 'PubmedArticle' at 0x714e81741fd0>
39755354,Lung proteomic and metabolomic changes induced by carbon black nanoparticles and high humidity in a mouse asthma model.,2025-01-05,"Carbon black nanoparticles, Combined exposure, High humidity, Metabolomics, Proteomics","Allergic asthma is a significant international concern in respiratory health, which can be exacerbated by the increasing levels of non-allergenic pollutants. This rise in airborne pollutants is a primary driver behind the growing prevalence of asthma, posing a health emergency. Additionally, climatic risk factors can contribute to the onset and progression of asthma. Understanding the complex interplay between pollution, climate, and asthma induction is crucial to elucidate how environmental changes intensify asthma. In this study, we investigated the proteomic and metabolomic changes in the lungs of a mouse asthma model following co-exposure to carbon black nanoparticles and high humidity, which represent airborne and climatic factors, respectively. An asthma model was established using ovalbumin, and mice were intratracheally instilled with 15 or 30 μg/kg of carbon black and simultaneously exposed to either 70% or 90% relative humidity. Protein and metabolite profiles from the lung were used to analyze the most significantly changed clusters, and potential biomarkers and enriched pathways were identified to dissect the adverse effects of the two risk factors. The lung proteome and metabolome are significantly altered by the co-exposure, with the effects modulated by carbon black concentration and humidity level. This study proposes 10 proteins and 18 metabolites as candidate biomarkers. The significantly enriched KEGG pathways include one protein pathway (primary immunodeficiency) and six metabolic pathways (ABC transporters, nucleotide metabolism, Parkinson's disease, purine metabolism, choline metabolism in cancer, and biosynthesis of cofactors). A joint proteomic and metabolomic analysis identifies five common pathways across both omics, namely, ABC transporters, central carbon metabolism in cancer, EGFR tyrosine kinase inhibitor resistance, glioma, and NF-kappa B signaling pathway, disturbed by the co-exposure. We provide a multi-omic basis for the health risk assessment and management of co-exposures to environmental risk factors.","[{'affiliation': 'Joint International Research Laboratory of Green Buildings and Built Environments (Ministry of Education), School of Civil Engineering, Chongqing University, Chongqing, 400045, China. Electronic address: dengrui@cqu.edu.cn.', 'firstname': 'Rui', 'initials': 'R', 'lastname': 'Deng'}, {'affiliation': 'Joint International Research Laboratory of Green Buildings and Built Environments (Ministry of Education), School of Civil Engineering, Chongqing University, Chongqing, 400045, China.', 'firstname': 'Mingpu', 'initials': 'M', 'lastname': 'Wang'}, {'affiliation': 'National Heart and Lung Institute, Imperial College, London, SW3 6LY, United Kingdom.', 'firstname': 'Kian Fan', 'initials': 'KF', 'lastname': 'Chung'}, {'affiliation': 'School of Medicine, Taizhou University, Taizhou, 318000, China.', 'firstname': 'Ya', 'initials': 'Y', 'lastname': 'Zhu'}]",,Copyright © 2025 Elsevier Ltd. All rights reserved.,10.1016/j.envpol.2025.125631,"Environmental pollution (Barking, Essex : 1987)",,,<Element 'PubmedArticle' at 0x714e81748090>
"39738312
27540165
33667416
27643900
26595642
31430650
35286590
31564456
34823269
35246670
26967229
37118634
37780846
35048439
26401766
25125470
26468932
27872620
28387676
29881346
32174790
36179670
34104888
32601792
23136846
31235920
33506108
37171891
29177090
29547981
27781170
27706213
34850941
20003500
35153529
33903746
19829367
37433768
31532495
24910016
15505372
19276545
27829306
24985132
32066372
33575556
33815688",Detection of fungal sequences in human brain: rDNA locus amplification and deep sequencing.,2024-12-31,,"The aetiology of Alzheimer's disease (AD) and Parkinson's disease (PD) are unknown and tend to manifest at a late stage in life; even though these neurodegenerative diseases are caused by different affected proteins, they are both characterized by neuroinflammation. Links between bacterial and viral infection and AD/PD has been suggested in several studies, however, few have attempted to establish a link between fungal infection and AD/PD. In this study we adopted a nanopore-based sequencing approach to characterise the presence or absence of fungal genera in both human brain tissue and cerebrospinal fluid (CSF). We observed the presence of small fungal burden DNA in two AD brains and a control case (extensive amyloid angiopathy). This approach would be well-placed to investigate potential links between microbial infection and neurodegenerative disease.","[{'affiliation': 'MRC Centre for Global Infectious Disease Analysis, School of Public Health, Imperial College London, London, W12 0BZ, UK. r.monteirinho-leitao@imperial.ac.uk.', 'firstname': 'Rodrigo', 'initials': 'R', 'lastname': 'Leitao'}, {'affiliation': 'MRC Centre for Global Infectious Disease Analysis, School of Public Health, Imperial College London, London, W12 0BZ, UK.', 'firstname': 'Iam Ut', 'initials': 'IU', 'lastname': 'Wan'}, {'affiliation': 'MRC Centre for Global Infectious Disease Analysis, School of Public Health, Imperial College London, London, W12 0BZ, UK.', 'firstname': 'Harry', 'initials': 'H', 'lastname': 'Chown'}, {'affiliation': 'Department of Infectious Disease, Imperial College London, London, SW7 2AZ, UK.', 'firstname': 'Thomas J', 'initials': 'TJ', 'lastname': 'Williams'}, {'affiliation': 'MRC Centre for Global Infectious Disease Analysis, School of Public Health, Imperial College London, London, W12 0BZ, UK.', 'firstname': 'Matthew C', 'initials': 'MC', 'lastname': 'Fisher'}, {'affiliation': 'Department of Medical Microbiology, Radboudumc, Nijmegen, The Netherlands.', 'firstname': 'Johanna', 'initials': 'J', 'lastname': 'Rhodes'}]",,© 2024. The Author(s).,10.1038/s41598-024-82840-7,Scientific reports,,,<Element 'PubmedArticle' at 0x714e8174b600>
"39734199
29190695
28593202
30978990
0
22249592
0
25055311
30664511
16474393
20876015
19842989
22830962
12991237
14268952
18244602
11387046
22807913
9034848
31677441
31049050
38162516
30273156
20411594
9377276",A robust Parkinson's disease detection model based on time-varying synaptic efficacy function in spiking neural network.,2024-12-30,"Parkinson’s disease, SEFRON, Spike timing dependent plasticity (STDP), Spiking neural network, Time-varying synaptic efficacy function","Parkinson's disease (PD) is a neurodegenerative disease affecting millions of people around the world. Conventional PD detection algorithms are generally based on first and second-generation artificial neural network (ANN) models which consume high energy and have complex architecture. Considering these limitations, a time-varying synaptic efficacy function based leaky-integrate and fire neuron model, called SEFRON is used for the detection of PD. SEFRON explores the advantages of Spiking Neural Network (SNN) which is suitable for neuromorphic devices. To evaluate the performance of SEFRON, 2 publicly available standard datasets, namely (1) UCI: Oxford Parkinson's Disease Detection Dataset and (2) UCI: Parkinson Dataset with replicated acoustic features are used. The performance is compared with other well-known neural network models: Multilayer Perceptron Neural Network (MLP-NN), Radial Basis Function Neural Network (RBF-NN), Recurrent Neural Network (RNN) and Long short-term memory (LSTM). The experimental results demonstrate that the SEFRON classifier achieves a maximum accuracy of 100% and an average accuracy of 99.49% on dataset 1. For dataset 2, it attains a peak accuracy of 94% and an average accuracy of 91.94%, outperforming the other classifiers in both cases. From the performance, it is proved that the presented model can help to develop a robust automated PD detection device that can assist the physicians to diagnose the disease at its early stage.","[{'affiliation': 'School of Electronics Engineering, Kalinga Institute of Industrial Technology, Bhubaneswar, India.', 'firstname': 'Priya', 'initials': 'P', 'lastname': 'Das'}, {'affiliation': 'School of Electronics Engineering, Kalinga Institute of Industrial Technology, Bhubaneswar, India.', 'firstname': 'Sarita', 'initials': 'S', 'lastname': 'Nanda'}, {'affiliation': 'School of Electronics Engineering, C. V. Raman Global University, Bhubaneswar, India.', 'firstname': 'Ganapati', 'initials': 'G', 'lastname': 'Panda'}, {'affiliation': 'Information Technology Department, School of Engineering and Technology, Nagaland University, Kohima Campus, Meriema, India.', 'firstname': 'Sujata', 'initials': 'S', 'lastname': 'Dash'}, {'affiliation': 'Information Systems Department, College of Computer and Information Sciences, Princess Nourah bint Abdulrahman University, P.O. Box 84428, Riyadh, 11671, Saudi Arabia. amelksibi@pnu.edu.sa.', 'firstname': 'Amel', 'initials': 'A', 'lastname': 'Ksibi'}, {'affiliation': 'Information Systems Department, College of Computer and Information Sciences, Princess Nourah bint Abdulrahman University, P.O. Box 84428, Riyadh, 11671, Saudi Arabia.', 'firstname': 'Shrooq', 'initials': 'S', 'lastname': 'Alsenan'}, {'affiliation': 'Applied College, Imam Mohammad Ibn Saud Islamic University (IMSIU), Huraymila, Riyadh, 11432, Saudi Arabia.', 'firstname': 'Wided', 'initials': 'W', 'lastname': 'Bouchelligua'}, {'affiliation': 'Department of Environmental Health, Harvard T H Chan School of Public Health, Boston, MA, 02115, USA. sauravmtech2@gmail.com.\nDepartment of Pharmacology & Toxicology, University of Arizona, Tucson, MA, 85721, USA. sauravmtech2@gmail.com.', 'firstname': 'Saurav', 'initials': 'S', 'lastname': 'Mallik'}]",,© 2024. The Author(s).,10.1186/s12883-024-04001-7,BMC neurology,,,<Element 'PubmedArticle' at 0x714e8179d1c0>
39725549,Still Functional but Limited Postural Adaptation for Individuals With Parkinson's Disease in Goal-Directed Visual Tasks.,2024-12-27,"Parkinson's disease, attentional involvement, ecological environment, goal‐directed task, postural adaptation, relative postural adaptation, visual task","Patients with Parkinson's disease (PD) notably exhibit impairments in posture and visual attention. The objective of the present study was to determine whether PD patients were able to exhibit adaptive postural control in a goal-directed visual task. We hypothesized that the patients would reduce their centre of pressure (COP) movement and/or postural sway to a lesser extent than age-matched controls in the goal-directed visual (search) task, compared with the control free-viewing task (i.e., a lower degree of relative postural adaptation). We also expected the PD patients to sway more than controls in the goal-directed task (i.e., a lower degree of absolute adaptive postural control). The study included 39 PD patients (mean age: 59; mean Hoehn and Yahr stage: 2.1; mean Movement Disorder Society-Unified Parkinson's Disease Rating Scale score: 22; mean Montreal Cognitive Assessment score: 28 (on-drug)) and 40 age-matched adults (mean age: 62 years). The participants gazed at domestic ecological images (visual angle: 100°). Movements of the COP, head, upper back and lower back and variations in pupil dilatation were analysed. As expected, PD patients exhibited greater COP and body sway than controls in both tasks (p < 0.05). Unexpectedly, the difference in COP and/or body sway between the two tasks was greater in PD patients than in controls (p < 0.05). Our results showed that PD patients are able to exhibit adaptive postural control for goal-directed visual tasks. On a practical level and at a more general level, our findings emphasize the likely benefits of rehabilitation with goal-directed tasks requiring a visual attentional focus (walking on footprints on the ground, etc.).","[{'affiliation': 'Univ. Lille, CNRS, UMR 9193 - SCALab - Sciences Cognitives et Sciences Affectives, Lille, France.', 'firstname': 'Cédrick T', 'initials': 'CT', 'lastname': 'Bonnet'}, {'affiliation': 'Univ. Lille, CNRS, UMR 9193 - SCALab - Sciences Cognitives et Sciences Affectives, Lille, France.\nCHU Lille, Hôpital Salengro, Lille, France.', 'firstname': 'Yann-Romain', 'initials': 'YR', 'lastname': 'Kechabia'}, {'affiliation': 'Unité INSERM 1172, Faculté de Médecine, Université de Lille, Lille, France.\nService de Neurophysiologie Clinique, Hôpital Salengro, CHU, Lille, France.', 'firstname': 'Arnaud', 'initials': 'A', 'lastname': 'Delval'}, {'affiliation': 'Unité INSERM 1172, Faculté de Médecine, Université de Lille, Lille, France.\nService de Neurologie et Pathologie du Mouvement, Centre Expert Parkinson, Hôpital Salengro, CHU, Lille, France.', 'firstname': 'Luc', 'initials': 'L', 'lastname': 'Defebvre'}]",,© 2024 Federation of European Neuroscience Societies and John Wiley & Sons Ltd.,10.1111/ejn.16646,The European journal of neuroscience,,,<Element 'PubmedArticle' at 0x714e81776d90>
"39669443
33048416
33915870
31252514
31501663
29323868
36838630
37493511
38258131
34209381
36060495
30589179
34454180
37369918
33968258
30805991
35514898
30525022
35807977
35851766
34139298
29334044
31612411
33155183
35631371
33667416
38611617
32293915
33652356
35690535
31744008
28059794
34194012
34795859
30455151
31838896
29087411
31331116
25537267
27736061
37043996
24819955
27187348
31446330
26272235
21329555
31660831
35900638
34108853
34946726
36655130
35504267
31158298
33899847
36015157
26309135
25607886
30707567
31222498
34110150
32663839
30826548
30036676
15946322",Multicomponent reactions driving the discovery and optimization of agents targeting central nervous system pathologies.,2024-12-13,"Alzheimer, Parkinson, depression, epilepsy, multicomponent reactions, schizophrenia","The ongoing quest to discover effective treatments for diseases remains a significant challenge for the scientific community. Multicomponent reactions (MCRs) have emerged as powerful tools in accelerating drug discovery, enabling the rapid generation of chemical libraries with high diversity in a time-efficient and environmentally sustainable manner. In this review, we focus on central nervous system (CNS) disorders, particularly Alzheimer's disease, Parkinson's disease, schizophrenia, depression, and epilepsy, where MCRs have contributed to the development of promising ligands in recent years. Rather than providing an exhaustive overview, this review aims to highlight key studies that address major CNS pathologies, relevant drug targets, and various MCR approaches. We have carefully selected representative articles and apologize to the authors whose important contributions may not be included. By concentrating on these pivotal studies, we strive to offer a clear and concise perspective on current research trends and breakthroughs in this field.","[{'affiliation': 'Centro Singular de Investigación en Química Biolóxica e Materiais Moleculares (CIQUS), Universidade de Santiago de Compostela, 15782 Santiago de Compostela, Spain.\nDepartamento de Química Orgánica, Facultade de Farmacia, Universidade de Santiago de Compostela, 15782 Santiago de Compostela, Spain.', 'firstname': 'Lucía', 'initials': 'L', 'lastname': 'Campos-Prieto'}, {'affiliation': 'Centro Singular de Investigación en Química Biolóxica e Materiais Moleculares (CIQUS), Universidade de Santiago de Compostela, 15782 Santiago de Compostela, Spain.\nDepartamento de Química Orgánica, Facultade de Farmacia, Universidade de Santiago de Compostela, 15782 Santiago de Compostela, Spain.', 'firstname': 'Aitor', 'initials': 'A', 'lastname': 'García-Rey'}, {'affiliation': 'Centro Singular de Investigación en Química Biolóxica e Materiais Moleculares (CIQUS), Universidade de Santiago de Compostela, 15782 Santiago de Compostela, Spain.\nDepartamento de Química Orgánica, Facultade de Farmacia, Universidade de Santiago de Compostela, 15782 Santiago de Compostela, Spain.', 'firstname': 'Eddy', 'initials': 'E', 'lastname': 'Sotelo'}, {'affiliation': 'Laboratory of Medicinal Chemistry (CSIC Associated Unit), Faculty of Pharmacy and Food Sciences, University of Barcelona, Av. Joan XXIII, 27-31, E-08028 Barcelona, Spain.\nInstitute of Biomedicine of the University of Barcelona (IBUB), Av. Diagonal 643, E-08028 Barcelona, Spain.', 'firstname': 'Ana', 'initials': 'A', 'lastname': 'Mallo-Abreu'}]",,"Copyright © 2024, Campos-Prieto et al.","10.3762/bjoc.20.261
10.1002/anie.202011253
10.3390/molecules26071986
10.3390/molecules24132372
10.3762/bjoc.15.192
10.1021/acscombsci.7b00179
10.3390/molecules28041642
10.1021/acs.joc.3c01206
10.3390/pharmaceutics16010121
10.3390/molecules26134024
10.1007/s10311-022-01482-1
10.1002/anie.201812620
10.1016/j.ultsonch.2021.105704
10.1002/chem.202301826
10.3762/bjoc.17.71
10.1002/anie.201901506
10.1039/d0ra07501a
10.3389/fchem.2018.00557
10.3390/nano12132140
10.1002/advs.202201740
10.1016/j.neuint.2021.105101
10.1017/s003329171700383x
10.1007/s11033-019-05129-3
10.1055/s-0040-1718719
10.3390/ph15050545
10.1016/s0140-6736(20)32205-4
10.3390/diagnostics14070704
10.1080/02652048.2020.1756971
10.1016/j.ejmech.2021.113320
10.1016/j.semcdb.2022.05.028
10.3233/jad-190863
10.3233/jad-161088
10.1038/s41573-021-00233-1
10.1021/acsmedchemlett.1c00344
10.1016/j.bmcl.2018.11.005
10.4155/fmc-2019-0191
10.1039/c7ob02182h
10.3390/molecules24142636
10.1002/cmdc.201402409
10.1021/acs.jmedchem.6b01178
10.1016/j.ejmech.2023.115354
10.1016/j.ejmech.2014.05.002
10.3390/molecules21050634
10.1016/j.bioorg.2019.103205
10.1111/jpi.12267
10.1017/s1461145711000149
10.2174/1567205016666191011112624
10.1007/s11030-022-10502-9
10.3389/fnins.2021.614107
10.1002/slct.201701364
10.1002/9781118863992.ch13
10.3390/molecules26247643
10.1021/acsmedchemlett.2c00325
10.1159/000524400
10.1002/14651858.cd001026.pub2
10.1039/d0ob02600j
10.3390/ph15081009
10.1007/s10593-017-2065-1
10.1021/acs.joc.5b00955
10.1016/j.tet.2017.09.028
10.1021/ol503628r
10.1002/ejoc.201701509
10.1016/j.tetlet.2019.01.009
10.1021/acs.chemrev.8b00564
10.1007/s11030-019-09972-1
10.1016/j.tetlet.2015.07.083
10.1055/s-0035-1562457
10.1021/acs.jmedchem.1c00704
10.1038/s41386-020-0764-2
10.1021/op100325h
10.1016/j.semcdb.2019.02.003
10.1016/j.jpainsymman.2018.07.012
10.1055/s-0036-1588672
10.1111/j.1528-1167.2005.66504.x",Beilstein journal of organic chemistry,,,<Element 'PubmedArticle' at 0x714e8178bc90>
"39638940
29517841
32077681
33301308
31802082
33871137
36424372
38019148
37527349
29894021
28128936
36330602
38019885
37432783
36125970
1962206
8860685
32409003
38904176
39277596
31609062
35519696
31017400
28846830
27001942
24481377
21619044
17299636
27461578
34011145
35770649
30633284
27588818
34617556
27940818
22926915
28703388
28991469
30515921
32903017
36854068
35147284
30079592
9944570
21370243
19366259
35133141
22162017
8744570
20394428
35661526
11403877
37145378",Phosphinothio(seleno)ation of alkynes/olefins and application on the late-stage functionalization of natural products.,2024-12-06,,"Non-metallic catalysis has been known as a remarkable development strategy for hydrofunctionalization of unsaturated hydrocarbons. Herein, we report a unique chemically active method of BF","[{'affiliation': 'School of Chemical and Environmental Engineering, Shanghai Institute of Technology, Shanghai, China.\nState Key Laboratory of Chemical Biology, State Key Laboratory of Drug Research, Shanghai Institute of Materia Medica, Chinese Academy of Sciences, Zhangjiang Hi-Tech Park, Shanghai, China.\nShandong Laboratory of Yantai Drug Discovery, Bohai Rim Advanced Research Institute for Drug Discovery, Yantai, Shandong, China.', 'firstname': 'Chang-Wei', 'initials': 'CW', 'lastname': 'Shao'}, {'affiliation': 'Shandong Laboratory of Yantai Drug Discovery, Bohai Rim Advanced Research Institute for Drug Discovery, Yantai, Shandong, China.', 'firstname': 'Pei-Feng', 'initials': 'PF', 'lastname': 'Wan'}, {'affiliation': 'State Key Laboratory of Chemical Biology, State Key Laboratory of Drug Research, Shanghai Institute of Materia Medica, Chinese Academy of Sciences, Zhangjiang Hi-Tech Park, Shanghai, China.\nShandong Laboratory of Yantai Drug Discovery, Bohai Rim Advanced Research Institute for Drug Discovery, Yantai, Shandong, China.', 'firstname': 'Quan', 'initials': 'Q', 'lastname': 'Xu'}, {'affiliation': 'State Key Laboratory of Chemical Biology, State Key Laboratory of Drug Research, Shanghai Institute of Materia Medica, Chinese Academy of Sciences, Zhangjiang Hi-Tech Park, Shanghai, China.\nShandong Laboratory of Yantai Drug Discovery, Bohai Rim Advanced Research Institute for Drug Discovery, Yantai, Shandong, China.', 'firstname': 'Ze-Nan', 'initials': 'ZN', 'lastname': 'Yang'}, {'affiliation': 'State Key Laboratory of Chemical Biology, State Key Laboratory of Drug Research, Shanghai Institute of Materia Medica, Chinese Academy of Sciences, Zhangjiang Hi-Tech Park, Shanghai, China.\nShandong Laboratory of Yantai Drug Discovery, Bohai Rim Advanced Research Institute for Drug Discovery, Yantai, Shandong, China.', 'firstname': 'Mei-Yu', 'initials': 'MY', 'lastname': 'Geng'}, {'affiliation': 'State Key Laboratory of Chemical Biology, State Key Laboratory of Drug Research, Shanghai Institute of Materia Medica, Chinese Academy of Sciences, Zhangjiang Hi-Tech Park, Shanghai, China. zhangyu5@simm.ac.cn.\nShandong Laboratory of Yantai Drug Discovery, Bohai Rim Advanced Research Institute for Drug Discovery, Yantai, Shandong, China. zhangyu5@simm.ac.cn.', 'firstname': 'Yu', 'initials': 'Y', 'lastname': 'Zhang'}, {'affiliation': 'School of Chemical and Environmental Engineering, Shanghai Institute of Technology, Shanghai, China. xhzhang@sit.edu.cn.', 'firstname': 'Xing-Hua', 'initials': 'XH', 'lastname': 'Zhang'}, {'affiliation': 'State Key Laboratory of Chemical Biology, State Key Laboratory of Drug Research, Shanghai Institute of Materia Medica, Chinese Academy of Sciences, Zhangjiang Hi-Tech Park, Shanghai, China. xwli@simm.ac.cn.\nShandong Laboratory of Yantai Drug Discovery, Bohai Rim Advanced Research Institute for Drug Discovery, Yantai, Shandong, China. xwli@simm.ac.cn.', 'firstname': 'Xu-Wen', 'initials': 'XW', 'lastname': 'Li'}]",,© 2024. The Author(s).,10.1038/s42004-024-01326-9,Communications chemistry,,,<Element 'PubmedArticle' at 0x714e817d9800>
39622119,Silver nano-colloid particles embedded on Langmuir-Blodgett film matrix of stearic acid serving as a SERS active sensor for detecting the herbicide 'Paraquat'.,2024-12-03,"LB film, Paraquat, SERS, Sensor, Silver nano-colloids, Zebrafish","The herbicide Paraquat, widely used for efficient weed control, poses significant health risks to humans viz., severe toxicity to vital organs and induction of neurodegenerative disorder like Parkinson's disease, underscoring the urgent need for developing sensitive detection methods for the herbicide. This study aims at fabricating a novel SERS-active substrate SA-LB/Ag (silver nano-colloids adsorbed on Langmuir-Blodgett film of stearic acid), as a SERS based sensor having high sensitivity, uniformity, and reproducibility to detect ultra-trace amounts of paraquat. The sensor was built up by immersing bilayer LB films of SA in silver nano-colloid suspension, prepared by mixing silver nitrate and sodium borohydride with vigorous stirring. Quantitative evaluations establish a significant linear regression across the concentration spectrum (100 ppm to 75 ppb) of paraquat, with a remarkable 15 ppb limit of detection (LOD) value. In practical terms, this SERS based sensor exhibits notable proficiency in detecting paraquat residues in (a) agricultural water from rice and vegetable fields and environmental water from adjoining water-logged areas, and (b) soil extracts of the agricultural fields. Moreover, the minimum toxic concentration of paraquat at the developmental stage of zebrafish embryos and larvae is found to be approximately 20 ppb, implying that the SA-LB/Ag sensor is sensitive enough to determine the limiting toxic level of paraquat for animal systems. Thus, the designed sensor holds far-reaching implications in ensuring food safety, monitoring the environment, and framing regulatory measures for paraquat use.","[{'affiliation': 'Department of Biochemistry and Biophysics, University of Kalyani, Kalyani 741235, West Bengal, India.', 'firstname': 'Anabadya', 'initials': 'A', 'lastname': 'Pal'}, {'affiliation': 'Department of Physics, Jadavpur University, Kolkata 700032, West Bengal, India.', 'firstname': 'Priyabrata', 'initials': 'P', 'lastname': 'Maity'}, {'affiliation': 'Department of Biochemistry and Biophysics, University of Kalyani, Kalyani 741235, West Bengal, India.', 'firstname': 'Md', 'initials': 'M', 'lastname': 'Azaharuddin'}, {'affiliation': 'Department of Biochemistry and Biophysics, University of Kalyani, Kalyani 741235, West Bengal, India.', 'firstname': 'Soumajit', 'initials': 'S', 'lastname': 'Chakrabarty'}, {'affiliation': 'Department of Biochemistry and Biophysics, University of Kalyani, Kalyani 741235, West Bengal, India.', 'firstname': 'Susmita', 'initials': 'S', 'lastname': 'Nandi'}, {'affiliation': 'Department of Biochemistry and Biophysics, University of Kalyani, Kalyani 741235, West Bengal, India.', 'firstname': 'Abhijit', 'initials': 'A', 'lastname': 'Das'}, {'affiliation': 'Department of Biochemistry and Biophysics, University of Kalyani, Kalyani 741235, West Bengal, India.', 'firstname': 'Sourav', 'initials': 'S', 'lastname': 'Ghosh'}, {'affiliation': 'Department of Biochemistry and Biophysics, University of Kalyani, Kalyani 741235, West Bengal, India.', 'firstname': 'Upasana', 'initials': 'U', 'lastname': 'Sett'}, {'affiliation': 'Department of Biochemistry and Biophysics, University of Kalyani, Kalyani 741235, West Bengal, India.', 'firstname': 'Pathikrit', 'initials': 'P', 'lastname': 'Bandopadhyay'}, {'affiliation': 'Department of Biochemistry and Biophysics, University of Kalyani, Kalyani 741235, West Bengal, India.', 'firstname': 'Sanchita', 'initials': 'S', 'lastname': 'Nandy'}, {'affiliation': 'Department of Physics, Jadavpur University, Kolkata 700032, West Bengal, India. Electronic address: joydeep.chowdhury@jadavpuruniversity.in.', 'firstname': 'Joydeep', 'initials': 'J', 'lastname': 'Chowdhury'}, {'affiliation': 'Department of Biochemistry and Biophysics, University of Kalyani, Kalyani 741235, West Bengal, India. Electronic address: tarakdb@yahoo.com.', 'firstname': 'Tarakdas', 'initials': 'T', 'lastname': 'Basu'}]",,Copyright © 2024 Elsevier B.V. All rights reserved.,10.1016/j.saa.2024.125514,"Spectrochimica acta. Part A, Molecular and biomolecular spectroscopy",,,<Element 'PubmedArticle' at 0x714e817fb560>
"39587358
30733602
26578815
31425549
35791387
36424481
28498720
18573080
33635299
35357148
25218519
36526727
24739139
35170314
21799992
28883394
30768765
31826303
24114984
36829940
21085121
24606139
29339797
24773235
25531225
29860432
32696395
17447836
9267033
22426490
10200309
15483602
9864362
18756251
26317359
28467905
29439025
27602719
36224378
11772032
20494643
17703201
27809316
28263321
22455463
26661513
27207943
34723319",Global analysis of endogenous protein disorder in cells.,2024-11-26,,"Disorder and flexibility in protein structures are essential for biological function but can also contribute to diseases, such as neurodegenerative disorders. However, characterizing protein folding on a proteome-wide scale within biological matrices remains challenging. Here we present a method using a bifunctional chemical probe, named TME, to capture in situ, enrich and quantify endogenous protein disorder in cells. TME exhibits a fluorescence turn-on effect upon selective conjugation with proteins with free cysteines in surface-exposed and flexible environments-a distinctive signature of protein disorder. Using an affinity-based proteomic approach, we identify both basal disordered proteins and those whose folding status changes under stress, with coverage to proteins even of low abundance. In lymphoblastoid cells from individuals with Parkinson's disease and healthy controls, our TME-based strategy distinguishes the two groups more effectively than lysate profiling methods. High-throughput TME fluorescence and proteomics further reveal a universal cellular quality-control mechanism in which cells adapt to proteostatic stress by adopting aggregation-prone distributions and sequestering disordered proteins, as illustrated in Huntington's disease cell models.","[{'affiliation': 'Department of Biochemistry and Chemistry, La Trobe Institute for Molecular Science, La Trobe University, Melbourne, Victoria, Australia.', 'firstname': 'Shouxiang', 'initials': 'S', 'lastname': 'Zhang'}, {'affiliation': 'Department of Biochemistry and Chemistry, La Trobe Institute for Molecular Science, La Trobe University, Melbourne, Victoria, Australia.', 'firstname': 'Tze Cin', 'initials': 'TC', 'lastname': 'Owyong'}, {'affiliation': 'Department of Microbiology, Anatomy, Physiology and Pharmacology, La Trobe University, Melbourne, Victoria, Australia.', 'firstname': 'Oana', 'initials': 'O', 'lastname': 'Sanislav'}, {'affiliation': 'CeMM Research Center for Molecular Medicine of the Austrian Academy of Sciences, Vienna, Austria.', 'firstname': 'Lukas', 'initials': 'L', 'lastname': 'Englmaier'}, {'affiliation': 'Department of Molecular Biosciences, Rice Institute for Biomedical Research, Northwestern University, Evanston, IL, USA.', 'firstname': 'Xiaojing', 'initials': 'X', 'lastname': 'Sui'}, {'affiliation': 'Department of Biochemistry and Chemistry, La Trobe Institute for Molecular Science, La Trobe University, Melbourne, Victoria, Australia.', 'firstname': 'Geqing', 'initials': 'G', 'lastname': 'Wang'}, {'affiliation': 'Baker Heart and Diabetes Institute, Melbourne, Victoria, Australia.\nBaker Department of Cardiometabolic Health, The University of Melbourne, Melbourne, Victoria, Australia.\nBaker Department of Cardiovascular Research, Translation and Implementation, La Trobe University, Melbourne, Victoria, Australia.', 'firstname': 'David W', 'initials': 'DW', 'lastname': 'Greening'}, {'affiliation': 'Bio21 Mass Spectrometry and Proteomics Facility, The University of Melbourne, Parkville, Victoria, Australia.', 'firstname': 'Nicholas A', 'initials': 'NA', 'lastname': 'Williamson'}, {'affiliation': 'CeMM Research Center for Molecular Medicine of the Austrian Academy of Sciences, Vienna, Austria.\nInstitute for Developmental Immunology, Biocenter, Medical University of Innsbruck, Innsbruck, Austria.', 'firstname': 'Andreas', 'initials': 'A', 'lastname': 'Villunger'}, {'affiliation': 'School of Chemistry, Bio21 Institute, The University of Melbourne, Parkville, Victoria, Australia.', 'firstname': 'Jonathan M', 'initials': 'JM', 'lastname': 'White'}, {'affiliation': 'Department of Biochemistry and Chemistry, La Trobe Institute for Molecular Science, La Trobe University, Melbourne, Victoria, Australia.', 'firstname': 'Begoña', 'initials': 'B', 'lastname': 'Heras'}, {'affiliation': 'School of Chemistry, Bio21 Institute, The University of Melbourne, Parkville, Victoria, Australia.\nARC Centre of Excellence in Exciton Science, The University of Melbourne, Parkville, Victoria, Australia.', 'firstname': 'Wallace W H', 'initials': 'WWH', 'lastname': 'Wong'}, {'affiliation': 'Department of Microbiology, Anatomy, Physiology and Pharmacology, La Trobe University, Melbourne, Victoria, Australia.', 'firstname': 'Paul R', 'initials': 'PR', 'lastname': 'Fisher'}, {'affiliation': 'Department of Biochemistry and Chemistry, La Trobe Institute for Molecular Science, La Trobe University, Melbourne, Victoria, Australia. y.hong@latrobe.edu.au.', 'firstname': 'Yuning', 'initials': 'Y', 'lastname': 'Hong'}]",,"© 2024. The Author(s), under exclusive licence to Springer Nature America, Inc.","10.1038/s41592-024-02507-z
10.1038/s41580-019-0101-y
10.1073/pnas.1508380112
10.1371/journal.pone.0217889
10.1007/s12551-022-00968-0
10.1038/s41580-022-00558-8
10.1146/annurev-biochem-061516-045115
10.1146/annurev.biophys.37.032807.125924
10.1039/D0AN01547D
10.1021/acs.chemrev.1c00937
10.1038/nbt.2999
10.1038/s41596-022-00771-x
10.1021/cr400514h
10.1021/acs.chemrev.1c00848
10.1039/c1cs15113d
10.1038/s41467-017-00203-5
10.1002/asia.201900150
10.1002/anie.201914263
10.1002/adhm.202101300
10.1002/bies.201300066
10.3390/antiox12020380
10.1038/nature09472
10.1146/annurev-biochem-072711-164947
10.1038/nrm.2017.130
10.1021/cr400525m
10.1038/nrm3920
10.1093/nar/gky384
10.1007/978-1-0716-0524-0_46
10.1371/journal.pcbi.0030059
10.1016/S0092-8674(00)80513-9
10.1038/nmeth.1930
10.1073/pnas.96.8.4604
10.1038/nature02998
10.1083/jcb.143.7.1883
10.1038/nature07195
10.1371/journal.pone.0136362
10.1016/j.celrep.2017.04.029
10.1126/science.aan0346
10.1016/j.bpj.2016.07.037
10.1038/s41594-022-00837-0
10.1021/bi0115028
10.1016/j.ab.2010.05.013
10.1038/nprot.2007.261
10.1038/nprot.2016.136
10.1038/ni.3693
10.1074/mcp.M113.037291
10.1089/omi.2011.0118
10.1039/C5MB00663E
10.1093/bioinformatics/btw313
10.1093/nar/gkab1038",Nature methods,,,<Element 'PubmedArticle' at 0x714e7ff67dd0>
39579798,"Identification and functional analysis of sex-determining genes in the spongy moth, Lymantria dispar (lepidoptera: Erebidae).",2024-11-24,"Embryonic RNAi, Masculinizer, Sex determination, Spongy moth, W chromosome","The spongy moth (Lymantria dispar) employs a female heterogametic sex-determination system, where the female sex-determining factor (F factor) is located on the W chromosome, and the male sex-determining factor (M factor) is located on the Z chromosome. The sex-determining capabilities of the F factor and M factor vary among subspecies. Consequently, L. dispar serves as an excellent model for studying the mechanisms underlying the evolution and diversity of sex-determining genes. However, the genes encoding the F and M factors, as well as the molecular functions of their translation products, remain unidentified. In this study, we identified a L. dispar Masculinizer ortholog (LdMasc) and found that this gene is highly expressed in male embryos during the sex-determination stage. When LdMasc expression was silenced using embryonic RNA interference (RNAi), the expression pattern of L. dispar doublesex (Lddsx), the master regulatory gene for sex differentiation, shifted from the male-specific form to the female-specific form in male embryos. To identify potential F factors, we screened for genes that were exclusively expressed in females across multiple tissues and located only within the female genome. This screening yielded four unigenes with sequences displaying high homology to each other. These unigenes formed a tandem repeat, comprising approximately 100 copies within a 200 kbp region of the W chromosome-derived contig. We designated these unigenes as Fet-W (female-specifically expressed transcript from the W chromosome). RT-PCR analysis revealed that Fet-W was expressed in a female-specific manner during the sex-determination stage. Suppression of Fet-W expression by embryonic RNAi led to an increase in LdMasc expression in females and a corresponding shift in dsx expression patterns from the female-specific to the male-specific form. These findings strongly suggest that the F factor in L. dispar is Fet-W, whereas the M factor is LdMasc.","[{'affiliation': 'Department of Integrated Biosciences, Graduate School of Frontier Sciences, The University of Tokyo, 277-8562, Chiba, Japan.', 'firstname': 'Yuto', 'initials': 'Y', 'lastname': 'Moronuki'}, {'affiliation': ""Department of Research for Parkinson's Disease & Center for Genomic and Regenerative Medicine, Graduate School of Medicine, Juntendo University, 113-8421, Tokyo, Japan."", 'firstname': 'Ryota', 'initials': 'R', 'lastname': 'Kasahara'}, {'affiliation': 'Department of Agricultural, Life and Environmental Sciences, Faculty of Agriculture, Tottori University, 680-8550, Tottori, Japan.', 'firstname': 'Hideshi', 'initials': 'H', 'lastname': 'Naka'}, {'affiliation': 'Department of Integrated Biosciences, Graduate School of Frontier Sciences, The University of Tokyo, 277-8562, Chiba, Japan. Electronic address: gakyo@edu.k.u-tokyo.ac.jp.', 'firstname': 'Masataka G', 'initials': 'MG', 'lastname': 'Suzuki'}]",,Copyright © 2024 The Authors. Published by Elsevier Ltd.. All rights reserved.,10.1016/j.ibmb.2024.104219,Insect biochemistry and molecular biology,,,<Element 'PubmedArticle' at 0x714e7feefe20>
39571299,Exploring environmental modifiers of LRRK2-associated Parkinson's disease penetrance: An exposomics and metagenomics pilot study on household dust.,2024-11-22,"Bisphenol S, Exposomics, Indoor environment, Leucine-rich repeat kinase 2 (LRRK2), Metagenomics, Parkinson’s disease","Pathogenic variants in the Leucine-rich repeat kinase 2 (LRRK2) gene are a primary monogenic cause of Parkinson's disease (PD). However, the likelihood of developing PD with inherited LRRK2 pathogenic variants differs (a phenomenon known as ""reduced penetrance""), with factors including age and geographic region, highlighting a potential role for lifestyle and environmental factors in disease onset. To investigate this, household dust samples from four different groups of individuals were analyzed using metabolomics/exposomics and metagenomics approaches: PD+/LRRK2+ (PD patients with pathogenic LRRK2 variants; n = 11), PD-/LRRK2+ (individuals with pathogenic LRRK2 variants but without PD diagnosis; n = 8), iPD (PD of unknown cause; n = 11), and a matched, healthy control group (n = 11). The dust was complemented with metabolomics and lipidomics of matched serum samples, where available. A total of 1,003 chemicals and 163 metagenomic operational taxonomic units (mOTUs) were identified in the dust samples, of which ninety chemicals and ten mOTUs were statistically significant (ANOVA p-value < 0.05). Reduced levels of 2-benzothiazolesulfonic acid (BThSO","[{'affiliation': 'Luxembourg Centre for Systems Biomedicine (LCSB), University of Luxembourg, L-4367 Belvaux, Luxembourg. Electronic address: begona.talavera@uni.lu.', 'firstname': 'Begoña', 'initials': 'B', 'lastname': 'Talavera Andújar'}, {'affiliation': 'Luxembourg Centre for Systems Biomedicine (LCSB), University of Luxembourg, L-4367 Belvaux, Luxembourg.', 'firstname': 'Sandro L', 'initials': 'SL', 'lastname': 'Pereira'}, {'affiliation': 'Luxembourg Centre for Systems Biomedicine (LCSB), University of Luxembourg, L-4367 Belvaux, Luxembourg; UK Centre for Ecology and Hydrology, Wallingford, Oxfordshire, United Kingdom.', 'firstname': 'Susheel Bhanu', 'initials': 'SB', 'lastname': 'Busi'}, {'affiliation': 'Institute of Neurogenetics, University of Lübeck, Lübeck, Germany.', 'firstname': 'Tatiana', 'initials': 'T', 'lastname': 'Usnich'}, {'affiliation': 'Institute of Neurogenetics, University of Lübeck, Lübeck, Germany; Department of Neurology, University of Lübeck, Lübeck, Germany.', 'firstname': 'Max', 'initials': 'M', 'lastname': 'Borsche'}, {'affiliation': 'School of Medicine, Department of Neurology, Koc University, Istanbul, Turkey.', 'firstname': 'Sibel', 'initials': 'S', 'lastname': 'Ertan'}, {'affiliation': 'CENTOGENE GmbH, Rostock, Germany.', 'firstname': 'Peter', 'initials': 'P', 'lastname': 'Bauer'}, {'affiliation': 'CENTOGENE GmbH, Rostock, Germany.', 'firstname': 'Arndt', 'initials': 'A', 'lastname': 'Rolfs'}, {'affiliation': 'Luxembourg Centre for Systems Biomedicine (LCSB), University of Luxembourg, L-4367 Belvaux, Luxembourg.', 'firstname': 'Soraya', 'initials': 'S', 'lastname': 'Hezzaz'}, {'affiliation': 'Luxembourg Centre for Systems Biomedicine (LCSB), University of Luxembourg, L-4367 Belvaux, Luxembourg.', 'firstname': 'Jenny', 'initials': 'J', 'lastname': 'Ghelfi'}, {'affiliation': 'Institute of Neurogenetics, University of Lübeck, Lübeck, Germany; Department of Neurology, University of Lübeck, Lübeck, Germany.', 'firstname': 'Norbert', 'initials': 'N', 'lastname': 'Brüggemann'}, {'affiliation': 'Luxembourg Centre for Systems Biomedicine (LCSB), University of Luxembourg, L-4367 Belvaux, Luxembourg.', 'firstname': 'Paul', 'initials': 'P', 'lastname': 'Antony'}, {'affiliation': 'Luxembourg Centre for Systems Biomedicine (LCSB), University of Luxembourg, L-4367 Belvaux, Luxembourg; Department of Life Sciences and Medicine, Faculty of Science, Technology and Medicine, University of Luxembourg, L-4362 Esch-sur-Alzette, Luxembourg.', 'firstname': 'Paul', 'initials': 'P', 'lastname': 'Wilmes'}, {'affiliation': 'Institute of Neurogenetics, University of Lübeck, Lübeck, Germany.', 'firstname': 'Christine', 'initials': 'C', 'lastname': 'Klein'}, {'affiliation': 'Luxembourg Centre for Systems Biomedicine (LCSB), University of Luxembourg, L-4367 Belvaux, Luxembourg.', 'firstname': 'Anne', 'initials': 'A', 'lastname': 'Grünewald'}, {'affiliation': 'Luxembourg Centre for Systems Biomedicine (LCSB), University of Luxembourg, L-4367 Belvaux, Luxembourg. Electronic address: emma.schymanski@uni.lu.', 'firstname': 'Emma L', 'initials': 'EL', 'lastname': 'Schymanski'}]",,Copyright © 2024 The Author(s). Published by Elsevier Ltd.. All rights reserved.,10.1016/j.envint.2024.109151,Environment international,,,<Element 'PubmedArticle' at 0x714e7fefefc0>
39552364,Xylan-based near-infrared fluorescent probes for monitoring viscosity abnormalities in living cells and zebrafish.,2024-11-18,,"Viscosity is a crucial indicator of the flow state of proteins, lipids, and polysaccharides in the cell microenvironment and plays a vital role in maintaining normal cellular activities. Abnormal viscosity in any part of the cell constituents can lead to various diseases in the organism. For instance, abnormal mitochondrial viscosity can lead to diseases, such as diabetes and Parkinson's disease. Therefore, real-time monitoring of changes in mitochondrial viscosity in both pathological and physiological environments is relevant. This study describes a water-soluble xylan-based near-infrared fluorescence probe that can detect changes in cellular viscosity. The designed mitochondria-targeting near-infrared fluorophores were introduced into modified xylan to form a viscosity-sensing fluorescent probe (NI-XylV). The fluorescence intensity of NI-XylV at 590 and 670 nm gradually increases with an increase in viscosity caused by environmental changes, enabling the sensitive detection of viscosity changes in mitochondria within living cells. NI-XylV exhibits good photostability, biocompatibility, excellent mitochondrial targeting, and broad application prospects as a bio-based fluorescence probe.","[{'affiliation': 'State Key Laboratory of Biobased Material and Green Papermaking, Key Laboratory of Pulp & Paper Science and Technology of Shandong Province/Ministry of Education, Qilu University of Technology, Shandong Academy of Sciences, Jinan, 250353, China. kfgwsj1566@163.com.', 'firstname': 'Shen', 'initials': 'S', 'lastname': 'Li'}, {'affiliation': 'State Key Laboratory of Biobased Material and Green Papermaking, Key Laboratory of Pulp & Paper Science and Technology of Shandong Province/Ministry of Education, Qilu University of Technology, Shandong Academy of Sciences, Jinan, 250353, China. kfgwsj1566@163.com.', 'firstname': 'Wenchan', 'initials': 'W', 'lastname': 'Dong'}, {'affiliation': 'State Key Laboratory of Biobased Material and Green Papermaking, Key Laboratory of Pulp & Paper Science and Technology of Shandong Province/Ministry of Education, Qilu University of Technology, Shandong Academy of Sciences, Jinan, 250353, China. kfgwsj1566@163.com.', 'firstname': 'HongKun', 'initials': 'H', 'lastname': 'Yang'}, {'affiliation': 'Shandong Institute of Geophysical and Geochemical Exploration, Jinan 250109, China.', 'firstname': 'Pengfei', 'initials': 'P', 'lastname': 'Sun'}, {'affiliation': 'State Key Laboratory of Biobased Material and Green Papermaking, Key Laboratory of Pulp & Paper Science and Technology of Shandong Province/Ministry of Education, Qilu University of Technology, Shandong Academy of Sciences, Jinan, 250353, China. kfgwsj1566@163.com.', 'firstname': 'Jinlan', 'initials': 'J', 'lastname': 'Luo'}, {'affiliation': 'State Key Laboratory of Biobased Material and Green Papermaking, Key Laboratory of Pulp & Paper Science and Technology of Shandong Province/Ministry of Education, Qilu University of Technology, Shandong Academy of Sciences, Jinan, 250353, China. kfgwsj1566@163.com.', 'firstname': 'Fangong', 'initials': 'F', 'lastname': 'Kong'}, {'affiliation': 'State Key Laboratory of Biobased Material and Green Papermaking, Key Laboratory of Pulp & Paper Science and Technology of Shandong Province/Ministry of Education, Qilu University of Technology, Shandong Academy of Sciences, Jinan, 250353, China. kfgwsj1566@163.com.', 'firstname': 'Keyin', 'initials': 'K', 'lastname': 'Liu'}]",,,10.1039/d4ay01860e,Analytical methods : advancing methods and applications,,,<Element 'PubmedArticle' at 0x714e7ff01a80>
39546524,PATIENT WITH PARKINSON'S DISEASE AND DEPRESSIVE SYMPTOMS ASSOCIATED WITH IMPULSE CONTROL DISORDER.,2024-11-15,,,"[{'affiliation': 'Department of Psychiatry, School of Medicine, University of Occupational and Environmental Health, Fukuoka, Japan.', 'firstname': 'Kanae', 'initials': 'K', 'lastname': 'Migita'}, {'affiliation': 'Department of Psychiatry, School of Medicine, University of Occupational and Environmental Health, Fukuoka, Japan.', 'firstname': 'Naomichi', 'initials': 'N', 'lastname': 'Okamoto'}, {'affiliation': 'Department of Psychiatry, School of Medicine, University of Occupational and Environmental Health, Fukuoka, Japan.', 'firstname': 'Atsuko', 'initials': 'A', 'lastname': 'Ikenouchi'}, {'affiliation': 'Department of Psychiatry, School of Medicine, University of Occupational and Environmental Health, Fukuoka, Japan.', 'firstname': 'Reoto', 'initials': 'R', 'lastname': 'Kijima'}, {'affiliation': 'Department of Neurology, School of Medicine, Occupational and Environmental Health, Fukuoka, Japan.', 'firstname': 'Tomoyo', 'initials': 'T', 'lastname': 'Hashimoto'}, {'affiliation': 'Department of Neurology, School of Medicine, Occupational and Environmental Health, Fukuoka, Japan.', 'firstname': 'Hiroaki', 'initials': 'H', 'lastname': 'Adachi'}, {'affiliation': 'Department of Psychiatry, School of Medicine, University of Occupational and Environmental Health, Fukuoka, Japan.', 'firstname': 'Reiji', 'initials': 'R', 'lastname': 'Yoshimura'}]",,,10.24869/psyd.2024.135,Psychiatria Danubina,,,<Element 'PubmedArticle' at 0x714e7ff1a8e0>
"39518995
8917744
12809640
19836391
6268176
12813057
19374450
12792654
17187079
22145077
28923368
33446243
23225227
21831682
38843618
23034917
36130205
22355802
28288128
18018486
23266198
25429104
29676907
33238058
25600808
30236283
18662789
31920308
34986741
30808805
27001828
8636113
7613473
31010158
18351591
26631602
28594549
18462685
21462277
24162852
38886530
16211538
15264259
17212484
34395534
8744570
8108382",Investigating the Impact of the Parkinson's-Associated GBA1 E326K Mutation on β-Glucocerebrosidase Dimerization and Interactome Dynamics Through an In Silico Approach.,2024-11-13,"GCase dimer structure, Gaucher disease, LIMP-2, Sap C, molecular dynamics simulation, pH effect, α-Syn",Heterozygous mutations or genetic variants in the ,"[{'affiliation': 'Department of Biology, University of Rome Tor Vergata, Via della Ricerca Scientifica 1, 00133 Rome, Italy.\nPhD Program in Materials for Health, Environment and Energy, University of Rome Tor Vergata, Via della Ricerca Scientifica 1, 00133 Rome, Italy.', 'firstname': 'Davide', 'initials': 'D', 'lastname': 'Pietrafesa'}, {'affiliation': 'Cellular Reprogramming Unit, Fondazione IRCCS Casa Sollievo della Sofferenza, Viale dei Cappuccini 1, 71013 San Giovanni Rotondo, Italy.', 'firstname': 'Alessia', 'initials': 'A', 'lastname': 'Casamassa'}, {'affiliation': 'Division of Biotechnologies, Department for Sustainability, Italian National Agency for New Technologies, Energy and Sustainable Economic Development (ENEA), Via Anguillarese 301, 00123 Rome, Italy.', 'firstname': 'Barbara', 'initials': 'B', 'lastname': 'Benassi'}, {'affiliation': 'Division of Biotechnologies, Department for Sustainability, Italian National Agency for New Technologies, Energy and Sustainable Economic Development (ENEA), Via Anguillarese 301, 00123 Rome, Italy.', 'firstname': 'Massimo', 'initials': 'M', 'lastname': 'Santoro'}, {'affiliation': 'Unit of Neurology, Neurophysiology, Neurobiology and Psychiatry, Department of Medicine, University Campus Biomedico, Via Alvaro del Portillo 200, 00128 Rome, Italy.\nFondazione Policlinico Universitario Campus Biomedico, Via Alvaro del Portillo 200, 00128 Rome, Italy.', 'firstname': 'Massimo', 'initials': 'M', 'lastname': 'Marano'}, {'affiliation': 'Division of Biotechnologies, Department for Sustainability, Italian National Agency for New Technologies, Energy and Sustainable Economic Development (ENEA), Via Anguillarese 301, 00123 Rome, Italy.', 'firstname': 'Claudia', 'initials': 'C', 'lastname': 'Consales'}, {'affiliation': ""Cellular Reprogramming Unit, Fondazione IRCCS Casa Sollievo della Sofferenza, Viale dei Cappuccini 1, 71013 San Giovanni Rotondo, Italy.\nDepartmental Faculty of Medicine, UniCamillus, Saint Camillus International University of Health Sciences, Via di Sant'Alessandro 8, 00131 Rome, Italy."", 'firstname': 'Jessica', 'initials': 'J', 'lastname': 'Rosati'}, {'affiliation': 'Division of Biotechnologies, Department for Sustainability, Italian National Agency for New Technologies, Energy and Sustainable Economic Development (ENEA), Via Anguillarese 301, 00123 Rome, Italy.', 'firstname': 'Caterina', 'initials': 'C', 'lastname': 'Arcangeli'}]",,,"10.3390/ijms252111443
10.1093/qjmed/89.9.691
10.1016/S1096-7192(03)00071-4
10.1016/j.febslet.2009.10.021
10.1016/0005-2760(81)90134-X
10.1074/jbc.M302752200
10.1021/bi9002265
10.1038/sj.embor.embor873
10.1038/nchembio850
10.4061/2011/973231
10.1016/j.expneurol.2017.09.010
10.1186/s40035-020-00226-x
10.1002/mds.25248
10.1016/j.ymgme.2011.07.002
10.1016/j.parkreldis.2024.107023
10.1002/ana.23614
10.1093/hmg/ddac233
10.1101/cshperspect.a009399
10.1038/nn.4529
10.1111/j.1440-1789.2007.00803.x
10.1016/j.ymgme.2012.11.010
10.1074/jbc.M114.610584
10.1021/jacs.7b13003
10.1002/anie.202013890
10.1016/j.bbrc.2015.01.024
10.1016/j.neuron.2018.08.011
10.1016/j.jsb.2008.06.013
10.2147/IJN.S225793
10.1080/07391102.2021.2023642
10.1073/pnas.1818411116
10.1073/pnas.1514005113
10.1074/jbc.271.12.6874
10.1002/pro.5560040415
10.3390/cells8040364
10.1002/jcc.20945
10.1002/jcc.540040211
10.1021/acs.jctc.5b00935
10.1021/acs.jcim.7b00190
10.1016/j.str.2008.02.016
10.1002/pro.630
10.1038/nature12684
10.1038/s41596-024-01011-0
10.1002/jcc.20291
10.1016/j.softx.2015.06.001
10.1002/jcc.20090
10.1063/1.445869
10.1006/hmat.1996.2146
10.1063/1.2408420
10.1063/1.328693
10.1002/(SICI)1096-987X(199709)18:12<1463::AID-JCC4>3.0.CO;2-H
10.1063/1.470117
10.1002/(SICI)1521-3773(19990115)38:1/2<236::AID-ANIE236>3.0.CO;2-M
10.3389/fmolb.2021.729513
10.1016/0263-7855(96)00018-5
10.1002/prot.340170408",International journal of molecular sciences,,,<Element 'PubmedArticle' at 0x714e7ff889a0>
"39500895
30287051
6067254
25976432
4272516
9278044
9600990
31701892
31518392
35246670
32006615
37157885
17203472
18471886
23936437
24948809
28823928
30094805
23413261
31477726
33200461
36350188
28466840
27096360
14978070
31075861
34589845
23536230
26342895
33746005
11259077
29854828
37598092
28636593
31928877
24280216
17360063
9547254
21245015
38302446
27358579
25766679
31419995
32355963
34716339
32799878
23739956
35253782
19104149
34408150
22182688
20517933
31165254
18945890
18425107
32973221
31900358
31796095
35314321
2123119
23884810
36278237
37517520
37701569",Systemic inflammation accelerates neurodegeneration in a rat model of Parkinson's disease overexpressing human alpha synuclein.,2024-11-06,,"Increasing efforts have been made to elucidate how genetic and environmental factors interact in Parkinson's disease (PD). In the present study, we assessed the development of symptoms on a genetic PD rat model that overexpresses human α-synuclein (Snca","[{'affiliation': ""Department of Experimental Neuroscience, Santa Lucia Foundation IRCCS, Rome, Italy. mariangela.massarocenere@gmail.com.\nDepartment of Systems Medicine, University of Rome Tor Vergata, Rome, Italy. mariangela.massarocenere@gmail.com.\nAligning Science Across Parkinson's (ASAP) Collaborative Research Network, Chevy Chase, MD, USA. mariangela.massarocenere@gmail.com."", 'firstname': 'Mariangela', 'initials': 'M', 'lastname': 'Massaro Cenere'}, {'affiliation': 'Department of Systems Medicine, University of Rome Tor Vergata, Rome, Italy.\nLaboratory of Resolution of Neuroinflammation, Santa Lucia Foundation IRCCS, Rome, Italy.', 'firstname': 'Marta', 'initials': 'M', 'lastname': 'Tiberi'}, {'affiliation': 'Laboratory of Neuroanatomy, Santa Lucia Foundation IRCCS, Rome, Italy.', 'firstname': 'Emanuela', 'initials': 'E', 'lastname': 'Paldino'}, {'affiliation': ""Department of Experimental Neuroscience, Santa Lucia Foundation IRCCS, Rome, Italy.\nAligning Science Across Parkinson's (ASAP) Collaborative Research Network, Chevy Chase, MD, USA."", 'firstname': 'Sebastian Luca', 'initials': 'SL', 'lastname': ""D'Addario""}, {'affiliation': 'Department of Experimental Neuroscience, Santa Lucia Foundation IRCCS, Rome, Italy.', 'firstname': 'Mauro', 'initials': 'M', 'lastname': 'Federici'}, {'affiliation': ""Department of Experimental Neuroscience, Santa Lucia Foundation IRCCS, Rome, Italy.\nDepartment of Systems Medicine, University of Rome Tor Vergata, Rome, Italy.\nAligning Science Across Parkinson's (ASAP) Collaborative Research Network, Chevy Chase, MD, USA."", 'firstname': 'Cecilia', 'initials': 'C', 'lastname': 'Giacomet'}, {'affiliation': 'Department of Experimental Neuroscience, Santa Lucia Foundation IRCCS, Rome, Italy.\nDepartment of Psychology, Sapienza University of Rome, Rome, Italy.', 'firstname': 'Debora', 'initials': 'D', 'lastname': 'Cutuli'}, {'affiliation': 'Laboratory of Resolution of Neuroinflammation, Santa Lucia Foundation IRCCS, Rome, Italy.\nPhD program in Immunology, Molecular Medicine and Applied biotechnologies, University of Rome Tor Vergata, 00133, Rome, Italy.', 'firstname': 'Alessandro', 'initials': 'A', 'lastname': 'Matteocci'}, {'affiliation': ""Department of Experimental Neuroscience, Santa Lucia Foundation IRCCS, Rome, Italy.\nDepartment of Systems Medicine, University of Rome Tor Vergata, Rome, Italy.\nAligning Science Across Parkinson's (ASAP) Collaborative Research Network, Chevy Chase, MD, USA."", 'firstname': 'Francesca', 'initials': 'F', 'lastname': 'Cossa'}, {'affiliation': ""Department of Experimental Neuroscience, Santa Lucia Foundation IRCCS, Rome, Italy.\nDepartment of Systems Medicine, University of Rome Tor Vergata, Rome, Italy.\nAligning Science Across Parkinson's (ASAP) Collaborative Research Network, Chevy Chase, MD, USA."", 'firstname': 'Beatrice', 'initials': 'B', 'lastname': 'Zarrilli'}, {'affiliation': 'Institute of Medical Genetics and Applied Genomics, University of Tübingen, Tübingen, Germany.', 'firstname': 'Nicolas', 'initials': 'N', 'lastname': 'Casadei'}, {'affiliation': ""Department of Experimental Neuroscience, Santa Lucia Foundation IRCCS, Rome, Italy.\nDepartment of Systems Medicine, University of Rome Tor Vergata, Rome, Italy.\nAligning Science Across Parkinson's (ASAP) Collaborative Research Network, Chevy Chase, MD, USA."", 'firstname': 'Ada', 'initials': 'A', 'lastname': 'Ledonne'}, {'affiliation': 'Department of Experimental Neuroscience, Santa Lucia Foundation IRCCS, Rome, Italy.', 'firstname': 'Laura', 'initials': 'L', 'lastname': 'Petrosini'}, {'affiliation': ""Department of Experimental Neuroscience, Santa Lucia Foundation IRCCS, Rome, Italy.\nAligning Science Across Parkinson's (ASAP) Collaborative Research Network, Chevy Chase, MD, USA."", 'firstname': 'Nicola', 'initials': 'N', 'lastname': 'Berretta'}, {'affiliation': 'Laboratory of Neuroanatomy, Santa Lucia Foundation IRCCS, Rome, Italy.', 'firstname': 'Francesca Romana', 'initials': 'FR', 'lastname': 'Fusco'}, {'affiliation': 'Laboratory of Resolution of Neuroinflammation, Santa Lucia Foundation IRCCS, Rome, Italy.\nInstitute of Translational Pharmacology, National Research Council, Rome, Italy.', 'firstname': 'Valerio', 'initials': 'V', 'lastname': 'Chiurchiù'}, {'affiliation': ""Department of Experimental Neuroscience, Santa Lucia Foundation IRCCS, Rome, Italy. mercurin@med.uniroma2.it.\nDepartment of Systems Medicine, University of Rome Tor Vergata, Rome, Italy. mercurin@med.uniroma2.it.\nAligning Science Across Parkinson's (ASAP) Collaborative Research Network, Chevy Chase, MD, USA. mercurin@med.uniroma2.it."", 'firstname': 'Nicola B', 'initials': 'NB', 'lastname': 'Mercuri'}]",,© 2024. The Author(s).,10.1038/s41531-024-00824-w,NPJ Parkinson's disease,,,<Element 'PubmedArticle' at 0x714e7ff91850>
"39479888
24795588
24639489
20107431
23178810
26642092
33125868
19400725
21411670
15935475
11709484
16841074
31171839
9221971
25528435
6408674
15528409
24467454
31690946
19576575
34634423
33335808
31170424
38321294
17467309
33215609
23637737
31940660
9658025
9054347
23708143
26222983
30693792
20554874
20484653
31254972
29467419
37881585
32610039",Optogenetic activation of mesencephalic projections to the nucleus accumbens shell impairs probabilistic reversal learning by disrupting learning from negative reinforcement.,2024-10-31,"cognitive flexibility, dopamine, negative feedback, optogenetics, striatum","Cognitive flexibility, the capacity to adapt behaviour to changes in the environment, is impaired in a range of brain disorders, including schizophrenia and Parkinson's disease. Putative neural substrates of cognitive flexibility include mesencephalic pathways to the ventral striatum (VS) and dorsomedial striatum (DMS), hypothesized to encode learning signals needed to maximize rewarded outcomes during decision-making. However, it is unclear whether mesencephalic projections to the ventral and dorsal striatum are distinct in their contribution to flexible reward-related learning. Here, rats acquired a two-choice spatial probabilistic reversal learning (PRL) task, reinforced on an 80%|20% basis (correct|incorrect responses) that assessed the flexibility of behaviour to repeated reversals of response-outcome contingencies. We report that optogenetic stimulation of projections from the ventral tegmental area (VTA) to the nucleus accumbens shell (NAcS) in the VS significantly impaired reversal learning when optical stimulation was temporally aligned with negative feedback (i.e., reward omission). VTA → NAcS stimulation during other phases of the behavioural task was without significant effect. Optogenetic stimulation of projection neurons from the substantia nigra (SN) to the DMS, aligned either with reward receipt or omission or prior to making a choice, had no significant effect on reversal learning. These findings are consistent with the notion that increased activity in the VTA → NAcS pathway disrupts behavioural flexibility by impairing learning from negative reinforcement.","[{'affiliation': 'Department of Psychology, University of Cambridge, Cambridge, UK.', 'firstname': 'Katharina', 'initials': 'K', 'lastname': 'Zühlsdorff'}, {'affiliation': 'Department of Psychology, University of Cambridge, Cambridge, UK.', 'firstname': 'Júlia', 'initials': 'J', 'lastname': 'Sala-Bayo'}, {'affiliation': 'Boehringer Ingelheim Pharma GmbH & Co. KG, Div. Research Germany, Biberach an der Riß, Germany.', 'firstname': 'Sammy', 'initials': 'S', 'lastname': 'Piller'}, {'affiliation': 'Department of Psychology, University of Cambridge, Cambridge, UK.', 'firstname': 'Peter', 'initials': 'P', 'lastname': 'Zhukovsky'}, {'affiliation': 'Boehringer Ingelheim Pharma GmbH & Co. KG, Div. Research Germany, Biberach an der Riß, Germany.', 'firstname': 'Thorsten', 'initials': 'T', 'lastname': 'Lamla'}, {'affiliation': 'Boehringer Ingelheim Pharma GmbH & Co. KG, Div. Research Germany, Biberach an der Riß, Germany.', 'firstname': 'Wiebke', 'initials': 'W', 'lastname': 'Nissen'}, {'affiliation': 'Boehringer Ingelheim Pharma GmbH & Co. KG, Div. Research Germany, Biberach an der Riß, Germany.', 'firstname': 'Moritz', 'initials': 'M', 'lastname': 'von Heimendahl'}, {'affiliation': 'Boehringer Ingelheim Pharma GmbH & Co. KG, Div. Research Germany, Biberach an der Riß, Germany.', 'firstname': 'Serena', 'initials': 'S', 'lastname': 'Deiana'}, {'affiliation': 'Boehringer Ingelheim Pharma GmbH & Co. KG, Div. Research Germany, Biberach an der Riß, Germany.', 'firstname': 'Janet R', 'initials': 'JR', 'lastname': 'Nicholson'}, {'affiliation': 'Department of Psychology, University of Cambridge, Cambridge, UK.', 'firstname': 'Trevor W', 'initials': 'TW', 'lastname': 'Robbins'}, {'affiliation': 'Department of Psychology, University of Cambridge, Cambridge, UK.', 'firstname': 'Johan', 'initials': 'J', 'lastname': 'Alsiö'}, {'affiliation': 'Department of Psychology, University of Cambridge, Cambridge, UK.\nDepartment of Psychiatry, Herchel Smith Building for Brain & Mind Sciences, University of Cambridge, Cambridge, UK.', 'firstname': 'Jeffrey W', 'initials': 'JW', 'lastname': 'Dalley'}]",,© 2024 The Author(s). European Journal of Neuroscience published by Federation of European Neuroscience Societies and John Wiley & Sons Ltd.,"10.1111/ejn.16584
10.3389/fnbeh.2014.00139
10.1101/lm.034199.113
10.1038/npp.2009.233
10.18637/JSS.V067.I01
10.1038/nature11657
10.1038/nn.4191
10.1016/j.cub.2020.09.075
10.1146/annurev.neuro.31.060407.125618
10.1523/JNEUROSCI.5066-10.2011
10.1016/J.NEUBIOREV.2005.03.024
10.1093/cercor/11.12.1136
10.1038/sj.npp.1301153
10.1038/s41583-019-0189-2
10.1136/jnnp.63.1.74
10.1016/J.BANDC.2014.11.006
10.1007/bf00427498
10.1126/science.1102941
10.1111/bph.12603
10.1093/cercor/bhz172
10.1016/j.biopsych.2009.05.016
10.1016/J.NEUROSCIENCE.2021.09.026
10.7717/peerj.10387
10.1016/j.neuint.2019.104482
10.1038/S41593-023-01566-3
10.1201/b10776-18
10.1016/j.nlm.2007.03.003
10.7554/elife.58544
10.1371/journal.pone.0059600
10.1038/s41386-020-0612-4
10.1152/JN.1998.80.1.1
10.1126/science.275.5306.1593
10.1038/nn.3413
10.1089/hgtb.2015.051
10.1089/hgtb.2018.228
10.1523/JNEUROSCI.1754-10.2010
10.1523/JNEUROSCI.0265-10.2010
10.1038/s41386-019-0454-0
10.1038/s41467-018-03087-1
10.1016/J.BPSGOS.2022.08.005
10.1016/j.neuron.2020.06.011",The European journal of neuroscience,,,<Element 'PubmedArticle' at 0x714e7ff217b0>
"39474287
31231779
28191900
29216471
32938931
36808192
34691568
37563153
25416398
19922288
30429546
12124622
27306913
25075028
27164116
36745349
37149409
37598759
23746838
31379458
30853581
32397599
31144030
12958363
18282106
17675890
24244197
18059160
28576866
22078881
19360127
31766103
27583642
32530444
28272406
32105850
29457783
18381800
12450799
23352664
25896323
22482728
15708444
19812672
36409033
16389312
23040073
23534459
18358814
16370116
35883169
34654476
25542313
30030364
26942670
29287956
31776996
30502498
32061929",Dimethylsulfoniopropionate (DMSP) Increases Longevity and Mitochondrial Function in ,2024-10-30,,"Dimethylsulfoniopropionate (DMSP) is a compound synthesized by marine phytoplankton that contributes to the oceanic sulfur cycle. Interestingly, DMSP has also been found in algal species and several terrestrial plants, forming part of the global sulfur cycle. However, compared to its role in the marine environment, the impact of DMSP on terrestrial ecosystems remains relatively unexplored. In this study, DMSP was shown to promote longevity and prevent age-associated functional decline in ","[{'affiliation': 'Laboratory of Chemical Biology, Changchun Institute of Applied Chemistry, Chinese Academy of Sciences, Changchun 130022, China.', 'firstname': 'Hongyuan', 'initials': 'H', 'lastname': 'Li'}, {'affiliation': 'The Key Laboratory of Molecular Epigenetics of the Ministry of Education, Northeast Normal University, Changchun 130024, China.', 'firstname': 'Peng', 'initials': 'P', 'lastname': 'Ji'}, {'affiliation': 'Laboratory of Chemical Biology, Changchun Institute of Applied Chemistry, Chinese Academy of Sciences, Changchun 130022, China.', 'firstname': 'Yue', 'initials': 'Y', 'lastname': 'Cao'}, {'affiliation': 'Department of Geriatrics, The First Hospital of Jilin University, Changchun 130021, China.', 'firstname': 'Zhitao', 'initials': 'Z', 'lastname': 'Cui'}, {'affiliation': 'Laboratory of Chemical Biology, Changchun Institute of Applied Chemistry, Chinese Academy of Sciences, Changchun 130022, China.\nSchool of Applied Chemistry and Engineering, University of Science and Technology of China, Hefei 230026, China.', 'firstname': 'Jingwei', 'initials': 'J', 'lastname': 'Gao'}, {'affiliation': 'Laboratory of Chemical Biology, Changchun Institute of Applied Chemistry, Chinese Academy of Sciences, Changchun 130022, China.', 'firstname': 'Hongshuang', 'initials': 'H', 'lastname': 'Wang'}, {'affiliation': 'Laboratory of Chemical Biology, Changchun Institute of Applied Chemistry, Chinese Academy of Sciences, Changchun 130022, China.', 'firstname': 'Cong', 'initials': 'C', 'lastname': 'Lin'}, {'affiliation': 'Laboratory of Chemical Biology, Changchun Institute of Applied Chemistry, Chinese Academy of Sciences, Changchun 130022, China.', 'firstname': 'Yibo', 'initials': 'Y', 'lastname': 'Wang'}, {'affiliation': 'Laboratory of Chemical Biology, Changchun Institute of Applied Chemistry, Chinese Academy of Sciences, Changchun 130022, China.\nSchool of Applied Chemistry and Engineering, University of Science and Technology of China, Hefei 230026, China.\nBeijing National Laboratory for Molecular Sciences, Beijing 100190, China.', 'firstname': 'Xiaohui', 'initials': 'X', 'lastname': 'Wang'}]",,"© 2024 The Authors. Co-published by Research Center for Eco-Environmental Sciences, Chinese Academy of Sciences, and American Chemical Society.","10.1021/envhealth.3c00208
10.1007/s11427-018-9524-y
10.1038/nmicrobiol.2017.9
10.1016/j.scitotenv.2017.11.359
10.1038/s41467-020-18434-4
10.1111/1462-2920.16355
10.1093/nsr/nwaa140
10.1038/s41467-023-40586-2
10.1007/978-94-017-9269-1_11
10.1086/644625
10.1038/s41586-018-0675-0
10.1038/nature00851
10.1007/s10886-016-0713-z
10.3390/md14050089
10.1007/s11356-023-25675-5
10.1016/j.semcdb.2023.04.006
10.1016/j.arr.2023.102036
10.1016/j.cell.2013.05.039
10.11613/BM.2019.030501
10.1016/j.bbapap.2019.03.001
10.3390/ijms21093369
10.1007/s00439-019-02031-7
10.1126/science.1087782
10.1371/journal.pgen.0040024
10.4161/auto.4776
10.1371/journal.pgen.1003941
10.4161/auto.5269
10.1534/genetics.117.202747
10.1016/j.cell.2011.10.017
10.1371/journal.pgen.1000450
10.1016/j.biopha.2019.109668
10.1038/nprot.2016.106
10.1039/D0FO00694G
10.1038/srep43601
10.1016/j.arr.2020.101036
10.1172/JCI95145
10.1895/wormbook.1.137.1
10.1128/AEM.68.12.5804-5815.2002
10.1016/j.celrep.2012.12.018
10.1038/nature14300
10.1016/j.cmet.2012.02.013
10.1016/j.neurobiolaging.2004.06.011
10.1038/nature08466
10.1080/15548627.2022.2128019
10.1602/neurorx.2.3.484
10.1016/j.cmet.2012.09.007
10.1111/acel.12076
10.1016/j.cell.2008.01.030
10.1201/9780824751999.ch5
10.1186/s40168-022-01304-0
10.1186/s40168-021-01153-3
10.1016/j.cell.2014.11.048
10.1042/EBC20170104
10.1016/j.molcel.2016.01.028
10.1016/j.tcm.2017.11.008
10.1007/978-981-15-0602-4_19
10.1016/j.arr.2018.11.006
10.1016/j.jmb.2020.01.037","Environment & health (Washington, D.C.)",,,<Element 'PubmedArticle' at 0x714e7ffadb20>
"39457889
32535469
36548822
36232984
21568706
19952363
22118086
15211354
23807045
22314808
26222444
28725021
31564251
31677838
12624257
25977294
26267216
31608376
16373484
16921378
29030127
28643865
32858892
26308447
25536934
25396408
33553829
26776755
27372594
32073015
29853528
32777999
26854194
27582688
25915427
26871295
32375447
25550801",Association Between Dairy Production System and Milk Functionality Based on Analysis of miRNAs in Exosomes from Milk.,2024-10-26,"cow milk, dairy production systems, extracellular vesicles, miRNA, milk bioactive potential","Dairy farming practices significantly affect the nutritional and functional properties of milk. This study compares miRNAs in milk exosomes from extensive and intensive dairy systems and explores their potential implications for human consumers. Extensive systems are believed to produce milk of higher quality with better animal welfare compared to intensive systems. Milk samples from eight extensive and nine intensive dairy farms were analysed. Milk-derived extracellular vesicles were isolated through sequential ultracentrifugation and characterised through Dynamic Light Scattering and Nanosight to determine the size and the concentration of the extracellular vesicles, in addition to immunoblotting to ensure the presence of exosome-specific proteins in their membrane. miRNA levels were quantified using RT-qPCR, and metabolic pathways associated with miRNAs showing significant differences between farm groups were analysed. EVs from extensive farms had higher concentrations. Notably, ","[{'affiliation': ""Department of Animal Nutrition, Servicio Regional de Investigación y Desarrollo Agroalimentario (SERIDA), 33300 Villaviciosa, Spain.\nDairy Research & Innovation Centre, Scotland's Rural College (SRUC), Barony, Parkgate, Dumfries DG1 3NE, UK."", 'firstname': 'Loubna', 'initials': 'L', 'lastname': 'Abou El Qassim'}, {'affiliation': 'Pediatric Department, Hadassah Medical Center, Jerusalem 91120, Israel.', 'firstname': 'Regina', 'initials': 'R', 'lastname': 'Golan-Gerstl'}, {'affiliation': 'Pediatric Department, Hadassah Medical Center, Jerusalem 91120, Israel.', 'firstname': 'Shimon', 'initials': 'S', 'lastname': 'Reif'}, {'affiliation': 'Department of Animal Nutrition, Servicio Regional de Investigación y Desarrollo Agroalimentario (SERIDA), 33300 Villaviciosa, Spain.\nDepartment of Functional Biology, University of Oviedo, 33006 Oviedo, Spain.', 'firstname': 'Luis J', 'initials': 'LJ', 'lastname': 'Royo'}]",,,"10.3390/ani14202960
10.1016/j.scitotenv.2020.139994
10.3390/vetsci9120661
10.3390/ijms231911681
10.1146/annurev.nutr.012809.104648
10.1158/1940-6207.CAPR-09-0034
10.3168/jds.2011-4329
10.1038/nrg1379
10.1016/j.als.2016.11.007
10.1007/s10059-013-0154-2
10.1007/s13238-012-2003-z
10.1139/cjpp-2014-0392
10.1038/s41598-017-06288-8
10.1186/s12967-019-2072-3
10.3168/jds.2019-16880
10.1126/science.1080372
10.1093/nar/gkv403
10.7554/eLife.05005
10.1093/database/baz099
10.1261/rna.2239606
10.1038/nsmb1138
10.1016/j.repbio.2017.09.007
10.1002/mnfr.201700009
10.3390/nu12092589
10.1016/j.jff.2019.03.047
10.1371/journal.pone.0136475
10.3402/jev.v3.26913
10.3402/jev.v3.25011
10.1016/j.bioactmat.2021.01.009
10.1111/cpr.12233
10.3168/jds.2016-11060
10.1039/C9FO03097B
10.1194/jlr.R083915
10.1080/15592294.2020.1805677
10.1038/srep20680
10.3389/fnmol.2016.00069
10.18632/oncotarget.3802
10.18632/oncotarget.7262",Animals : an open access journal from MDPI,,,<Element 'PubmedArticle' at 0x714e8165e4d0>
"39448632
30003140
32665974
35332791
37903644
30606679
30391837
31770719
38457975
25978701
33091388
24886318
34218186
38383041
36936557
36521347
35043999
15204759
24344990
37128335
37927256
33672290
26110197
31272018
31851499
32808786
31688554
18682488
38524247",The effect of air pollution on hospitalizations with Parkinson's disease among medicare beneficiaries nationwide.,2024-10-25,,We examined the effect of annual exposure to fine particulate matter (PM,"[{'affiliation': 'Department of Environmental Health, Harvard T.H. Chan School of Public Health, Boston, MA, USA. vwang@hsph.harvard.edu.', 'firstname': 'Veronica A', 'initials': 'VA', 'lastname': 'Wang'}, {'affiliation': 'Department of Environmental Health, Harvard T.H. Chan School of Public Health, Boston, MA, USA.', 'firstname': 'Scott', 'initials': 'S', 'lastname': 'Delaney'}, {'affiliation': ""Division of Pulmonary Medicine, Boston Children's Hospital, Boston, MA, USA."", 'firstname': 'Lauren E', 'initials': 'LE', 'lastname': 'Flynn'}, {'affiliation': 'Barrow Neurological Institute, Phoenix, AZ, USA.\nFaculty of Health Sciences, University of the Witwatersrand, Johannesburg, South Africa.', 'firstname': 'Brad A', 'initials': 'BA', 'lastname': 'Racette'}, {'affiliation': 'Department of Environmental Health Sciences, Mailman School of Public Health, Columbia University, New York, NY, USA.', 'firstname': 'Gary W', 'initials': 'GW', 'lastname': 'Miller'}, {'affiliation': 'Department of Biostatistics, Harvard T.H. Chan School of Public Health, Boston, MA, USA.\nDepartment of Data Science, Dana Farber Cancer Institute, Boston, MA, USA.', 'firstname': 'Danielle', 'initials': 'D', 'lastname': 'Braun'}, {'affiliation': 'Department of Environmental Health, Harvard T.H. Chan School of Public Health, Boston, MA, USA.', 'firstname': 'Antonella', 'initials': 'A', 'lastname': 'Zanobetti'}, {'affiliation': 'Department of Biostatistics, Harvard T.H. Chan School of Public Health, Boston, MA, USA.', 'firstname': 'Daniel', 'initials': 'D', 'lastname': 'Mork'}]",,© 2024. The Author(s).,10.1038/s41531-024-00815-x,NPJ Parkinson's disease,,,<Element 'PubmedArticle' at 0x714e8166b150>
39428248,[Research progress on Pb-induced neurotoxicity through glial cells].,2024-10-21,,"Lead is one of the most important occupational hazards in China, and occupational exposure is the leading cause of lead poisoning. Lead can be absorbed by the body through air, food, drinking water and skin, and accumulate in multiple organs in the body, posing health risks to humans, especially to lead workers. Many previous studies have shown that lead can affect the function of glial cells such as microglia, astrocytes and oligodendrocytes, resulting in irreversible neurological damage. This article provides an overview of the neurotoxic mechanism induced by lead through glial cells, elucidates that lead can induce neurodegenerative diseases such as Alzheimer's disease, Parkinson's disease, and amyotrophic lateral sclerosis, and reviews the relationship between lead and glial cells, in order to provide reference for further research on the neurotoxic mechanism of lead on glial cells.
铅是我国最主要的职业性有害因素之一，职业性铅中毒是铅中毒最主要的原因。铅可通过空气、食物、饮用水、皮肤等进入人体，在体内的多个器官蓄积，给人体造成健康风险，尤其是铅作业工人。既往许多研究表明铅可影响小胶质细胞、星形胶质细胞以及少突胶质细胞等胶质细胞的功能，产生不可逆转的神经损伤。本文概述铅通过胶质细胞诱导的神经毒性机制，阐述铅可诱导阿尔茨海默病、帕金森病和肌萎缩侧索硬化等神经退行性疾病，并对铅和胶质细胞的关系进行综述，为进一步研究铅对胶质细胞的神经毒性机制提供参考。.","[{'affiliation': 'Department of Occupational Medicine and Environmental Toxicology, School of Public Health, Nantong University, Nantong 226000, China Nantong Key Laboratory of Environmental Toxicology, Nantong 226000, China.', 'firstname': 'N', 'initials': 'N', 'lastname': 'Luo'}, {'affiliation': 'Department of Occupational Medicine and Environmental Toxicology, School of Public Health, Nantong University, Nantong 226000, China Nantong Key Laboratory of Environmental Toxicology, Nantong 226000, China.', 'firstname': 'J', 'initials': 'J', 'lastname': 'Wang'}, {'affiliation': 'Department of Occupational Medicine and Environmental Toxicology, School of Public Health, Nantong University, Nantong 226000, China Nantong Key Laboratory of Environmental Toxicology, Nantong 226000, China.', 'firstname': 'Z Y', 'initials': 'ZY', 'lastname': 'Zhang'}, {'affiliation': 'Department of Occupational Medicine and Environmental Toxicology, School of Public Health, Nantong University, Nantong 226000, China Nantong Key Laboratory of Environmental Toxicology, Nantong 226000, China.', 'firstname': 'X Y', 'initials': 'XY', 'lastname': 'Zhao'}, {'affiliation': 'Nantong Key Laboratory of Environmental Toxicology, Nantong 226000, China Department of Pharmacy, Affiliated Hospital of Nantong University, Nantong 226000, China.', 'firstname': 'R R', 'initials': 'RR', 'lastname': 'Huang'}, {'affiliation': 'Department of Occupational Medicine and Environmental Toxicology, School of Public Health, Nantong University, Nantong 226000, China Nantong Key Laboratory of Environmental Toxicology, Nantong 226000, China.', 'firstname': 'Q Y', 'initials': 'QY', 'lastname': 'Wu'}]",,,10.3760/cma.j.cn112150-20240513-00382,Zhonghua yu fang yi xue za zhi [Chinese journal of preventive medicine],,,<Element 'PubmedArticle' at 0x714e81682340>
39413523,MC-LR disrupts dopamine synthesis in the substantia nigra of midbrain by enhancing the chaperone-mediated autophagy pathway through direct binding to ERK2.,2024-10-17,"Chaperone-mediated autophagy, Dopamine, Extracellular signal-regulated kinase 2, Microcystin-LR, Neurotoxicity","Microcystins are environmental toxins produced by freshwater cyanobacteria. Microcystin-LR (MC-LR) is one of the most abundant and harmful isomers. MC-LR poses a serious threat to human health. MC-LR could penetrate the blood-brain barrier of mice and accumulate in the substantia nigra (SN) of the midbrain, leading to a reduction in dopamine levels and Parkinson's disease (PD)-like motor dysfunction in mice. The reduction in dopamine levels is a key factor contributing to movement disorders in humans with PD. Dopamine is synthesized in the dopaminergic neurons of the SN by the actions of tyrosine hydroxylase (TH) and dihydroxyphenylalanine decarboxylase (DDC). In this study, we found that MC-LR could enter dopaminergic neurons in the SN and directly bound to extracellular signal-regulated kinase 2 (ERK2), enhancing ERK2 stability. ERK2 further enhanced the transcriptional activity of Heat Shock Protein Family A Member 8 (HSPA8) and promoted the expression of Heat shock cognate 71 kDa protein (HSC70), which in turn amplified the chaperone-mediated autophagy (CMA) pathway and accelerated the degradation of TH and DDC. This affected the dopamine synthesis process, resulting in a significant reduction in dopamine levels. The study is the first to reveal that ERK2 was a direct target of MC-LR, and further enhanced CMA affecting dopamine synthesis, which has important theoretical and practical significance for environmental safety management.","[{'affiliation': 'State Key Laboratory of Analytical Chemistry for Life Science, Division of Anatomy and Histo-embryology, Medical School, Nanjing University, Nanjing, Jiangsu 210093, China; Jiangsu Key Laboratory of Molecular Medicine, Nanjing University, Nanjing, Jiangsu 210093, China. Electronic address: 502022350041@smail.nju.edu.cn.', 'firstname': 'Huifang', 'initials': 'H', 'lastname': 'Wu'}, {'affiliation': 'State Key Laboratory of Analytical Chemistry for Life Science, Division of Anatomy and Histo-embryology, Medical School, Nanjing University, Nanjing, Jiangsu 210093, China; Jiangsu Key Laboratory of Molecular Medicine, Nanjing University, Nanjing, Jiangsu 210093, China. Electronic address: ymh__66@163.com.', 'firstname': 'Minghao', 'initials': 'M', 'lastname': 'Yan'}, {'affiliation': 'State Key Laboratory of Analytical Chemistry for Life Science, Division of Anatomy and Histo-embryology, Medical School, Nanjing University, Nanjing, Jiangsu 210093, China; Jiangsu Key Laboratory of Molecular Medicine, Nanjing University, Nanjing, Jiangsu 210093, China. Electronic address: wtongdeyouxiang@163.com.', 'firstname': 'Tong', 'initials': 'T', 'lastname': 'Wu'}, {'affiliation': 'State Key Laboratory of Analytical Chemistry for Life Science, Division of Anatomy and Histo-embryology, Medical School, Nanjing University, Nanjing, Jiangsu 210093, China; Jiangsu Key Laboratory of Molecular Medicine, Nanjing University, Nanjing, Jiangsu 210093, China. Electronic address: hanxd@nju.edu.cn.', 'firstname': 'Xiaodong', 'initials': 'X', 'lastname': 'Han'}]",,Copyright © 2024 Elsevier B.V. All rights reserved.,10.1016/j.jhazmat.2024.136181,Journal of hazardous materials,,,<Element 'PubmedArticle' at 0x714e816a54e0>
39412059,Differentially heterogeneous hydration environment of the familial mutants of α-synuclein.,2024-10-16,,"The behavior of hydration water around familial Parkinson's disease linked mutants of α-synuclein may be linked to the early-onset of Parkinson's disease. For the first time, this study compares the local structure and dynamics of hydration water around different segments of some of the natural mutants of α-synuclein, i.e., E46K, G51D, A30P, and A53E, with that of the wild-type protein through explicit water MD simulations. The results show that the C-terminal segments of the fast aggregating mutants such as E46K and A30P are less exposed to water, while those of the slow aggregating ones such as A53E and G51D are more exposed to water relative to that of the wild-type protein. In addition, the water molecules are found to be more ordered around the C-terminal segment of the A53E and G51D mutants as compared to the wild-type protein. This is due to an increase in the overall charge of α-syn upon A53E and G51D mutations. The translational and rotational motions of water molecules in the hydration shell of the C-terminal segment of A53E and G51D mutants are found to be faster relative to that of the wild-type protein. This study validates the differential hydration environment around the C-terminal segment for the causative and protective mutants of α-synuclein.","[{'affiliation': 'Department of Chemistry, NSUT, Dwarka, Delhi 110078, India.', 'firstname': 'Leena', 'initials': 'L', 'lastname': 'Aggarwal'}, {'affiliation': 'Department of Chemistry, University of Delhi, Delhi 110007, India.', 'firstname': 'Sayan', 'initials': 'S', 'lastname': 'Karmakar'}, {'affiliation': 'Department of Chemistry, University of Delhi, Delhi 110007, India.', 'firstname': 'Parbati', 'initials': 'P', 'lastname': 'Biswas'}]",,© 2024 Author(s). Published under an exclusive license by AIP Publishing.,10.1063/5.0230853,The Journal of chemical physics,,,<Element 'PubmedArticle' at 0x714e816b8fe0>
39383074,Wearable-Enabled Algorithms for the Estimation of Parkinson's Symptoms Evaluated in a Continuous Home Monitoring Setting Using Inertial Sensors.,2024-10-09,,"Motor symptoms such as tremor and bradykinesia can develop concurrently in Parkinson's disease; thus, the ideal home monitoring system should be capable of tracking symptoms continuously despite background noise from daily activities. The goal of this study is to demonstrate the feasibility of detecting symptom episodes in a free-living scenario, providing a higher level of interpretability to aid AI-powered decision-making. Machine learning models trained on wearable sensor data from scripted activities performed by participants in the lab and clinician ratings of the video recordings of these tasks identified tremor, bradykinesia, and dyskinesia in the supervised lab environment with a balanced accuracy of 83%, 75%, and 81%, respectively, when compared to the clinician ratings. The performance of the same models when evaluated on data from subjects performing unscripted activities unsupervised in their own homes achieved a balanced accuracy of 63%, 63%, and 67%, respectively, in comparison to self-assessment patient diaries, further highlighting their limitations. The ankle-worn sensor was found to be advantageous for the detection of dyskinesias but did not show an added benefit for tremor and bradykinesia detection here.","[{'affiliation': None, 'firstname': 'Colum', 'initials': 'C', 'lastname': 'Crowe'}, {'affiliation': None, 'firstname': 'Marco', 'initials': 'M', 'lastname': 'Sica'}, {'affiliation': None, 'firstname': 'Lorna', 'initials': 'L', 'lastname': 'Kenny'}, {'affiliation': None, 'firstname': 'Brendan', 'initials': 'B', 'lastname': ""O'Flynn""}, {'affiliation': None, 'firstname': 'David', 'initials': 'D', 'lastname': 'Scott Mueller'}, {'affiliation': None, 'firstname': 'Suzanne', 'initials': 'S', 'lastname': 'Timmons'}, {'affiliation': None, 'firstname': 'John', 'initials': 'J', 'lastname': 'Barton'}, {'affiliation': None, 'firstname': 'Salvatore', 'initials': 'S', 'lastname': 'Tedesco'}]",,,10.1109/TNSRE.2024.3477003,IEEE transactions on neural systems and rehabilitation engineering : a publication of the IEEE Engineering in Medicine and Biology Society,,,<Element 'PubmedArticle' at 0x714e816bb830>
"39365995
34426843
31988733
35946154
30966896
32674072
25065922
16339320
23962925
12882342
1997563
19962715
15314271
33712580
29166127
32699395
27323951
8921986
24993696
35165420
35142846
29441358
37817598
29141944
27832764
23258410
38360878
33444690
31182815
33592503
31602545
23469040
38373743
22140523
29180486
24454736
31465999
30804542
34842304
27934903
17156084
25070662
25615820
38453577
36812912
36440480
32405028
33649605
32117225
22709528
16319873
16195424
32640245
37661999
34790193
37172565
37291105
36599840
34937938
26056887
16481444
25954196
32690619
30291149
33714390
19854255
25769437
21748533
23966690
1326507
38791427
26692325
29195421
19263055
19672604
35037031
34393089
9822902
9714576
34735823
36997281
7556513
29242823
9106994
18621102
38528231
23108498
34267388
32129461
1625240
19746857
36173894
35203298
38075074
24551052
30779895
29228367
24495098
24677448
23689830
14678847
25771746
18505374
21062298
30936730
18160803
27240251
38095113
33097606
33161099
27734845
37588061
35672092
34680571
20948188
2358657
9482235
23839777
821976
36018284
31913466
15377684
33432193
30642996
33010533
8380529
5806610
37963761
32568068
24309299
23136434
23627706
23539189
12784028
7523983
6085697
9600228
8047295
32298231
17465978
7847664
14522243
25489296
3627350
23060904
20413859
7941970
10408601
29782955
32423230
22541439
31407772
17051202
27377723
30122531
16147522
26116988
24772070
31275119
30109490
30225888
35188589
28206685
23234639
27455894
29026531
26967265
27595997
17727575
28484615
31404443
23193293
36069117",Bats as instructive animal models for studying longevity and aging.,2024-10-04,"Chiroptera, hearing, immunity, lifespan, neural system, reproductive physiology, skeletal system","Bats (order Chiroptera) are emerging as instructive animal models for aging studies. Unlike some common laboratory species, they meet a central criterion for aging studies: they live for a long time in the wild or in captivity, for 20, 30, and even >40 years. Healthy aging (i.e., healthspan) in bats has drawn attention to their potential to improve the lives of aging humans due to bat imperviousness to viral infections, apparent low rate of tumorigenesis, and unique ability to repair DNA. At the same time, bat longevity also permits the accumulation of age-associated systemic pathologies that can be examined in detail and manipulated, especially in captive animals. Research has uncovered additional and critical advantages of bats. In multiple ways, bats are better analogs to humans than are rodents. In this review, we highlight eight diverse areas of bat research with relevance to aging: genome sequencing, telomeres, and DNA repair; immunity and inflammation; hearing; menstruation and menopause; skeletal system and fragility; neurobiology and neurodegeneration; stem cells; and senescence and mortality. These examples demonstrate the broad relevance of the bat as an animal model and point to directions that are particularly important for human aging studies.","[{'affiliation': 'Department of Anatomy and Neurobiology, Northeast Ohio Medical University, Rootstown, Ohio, USA.', 'firstname': 'Lisa Noelle', 'initials': 'LN', 'lastname': 'Cooper'}, {'affiliation': 'Department of Anatomy and Neurobiology, Northeast Ohio Medical University, Rootstown, Ohio, USA.', 'firstname': 'Mohammad Y', 'initials': 'MY', 'lastname': 'Ansari'}, {'affiliation': 'Department of Psychological and Brain Sciences, Johns Hopkins University, Baltimore, Maryland, USA.', 'firstname': 'Grace', 'initials': 'G', 'lastname': 'Capshaw'}, {'affiliation': 'Department of Anatomy and Neurobiology, Northeast Ohio Medical University, Rootstown, Ohio, USA.', 'firstname': 'Alex', 'initials': 'A', 'lastname': 'Galazyuk'}, {'affiliation': 'Department of Otolaryngology - HNS, Johns Hopkins University School of Medicine, Baltimore, Maryland, USA.', 'firstname': 'Amanda M', 'initials': 'AM', 'lastname': 'Lauer'}, {'affiliation': 'Department of Psychological and Brain Sciences, Johns Hopkins University, Baltimore, Maryland, USA.', 'firstname': 'Cynthia F', 'initials': 'CF', 'lastname': 'Moss'}, {'affiliation': 'Department of Ecology and Evolutionary Biology, Department of Molecular, Cellular, and Developmental Biology, University of California Los Angeles, Los Angeles, California, USA.', 'firstname': 'Karen E', 'initials': 'KE', 'lastname': 'Sears'}, {'affiliation': 'Department of Physiology & Pharmacology, SUNY Downstate Health Sciences University, Brooklyn, New York, USA.', 'firstname': 'Mark', 'initials': 'M', 'lastname': 'Stewart'}, {'affiliation': 'School of Biology and Environmental Science, Science Centre East, University College Dublin, Dublin, Ireland.', 'firstname': 'Emma C', 'initials': 'EC', 'lastname': 'Teeling'}, {'affiliation': 'Department of Biology, University of Maryland at College Park, College Park, Maryland, USA.', 'firstname': 'Gerald S', 'initials': 'GS', 'lastname': 'Wilkinson'}, {'affiliation': 'Department of Biology, Whitman College, Walla Walla, Washington, USA.', 'firstname': 'Rachel C', 'initials': 'RC', 'lastname': 'Wilson'}, {'affiliation': ""Black Family Stem Cell Institute, Huffington Center for Cell-based Research in Parkinson's Disease, Department of Cell, Developmental and Regenerative Biology, Icahn School of Medicine at Mount Sinai, New York, New York, USA."", 'firstname': 'Thomas P', 'initials': 'TP', 'lastname': 'Zwaka'}, {'affiliation': 'Department of Physiology & Pharmacology, SUNY Downstate Health Sciences University, Brooklyn, New York, USA.', 'firstname': 'Rena', 'initials': 'R', 'lastname': 'Orman'}]",,© 2024 The Author(s). Annals of the New York Academy of Sciences published by Wiley Periodicals LLC on behalf of The New York Academy of Sciences.,10.1111/nyas.15233,Annals of the New York Academy of Sciences,,,<Element 'PubmedArticle' at 0x714e816e2bb0>
"39352420
20739934
23957595
17315184
30923326
35287115
24575737
32232060
34388977
36054272
35157716
31122774
27677188
26010195
29651421
31206136
35839605
32675145
34438920
34200793
32766296
28866850
16484712
36569156
28463120
34099088
30447019
21432882
27872229
36186554
34624799
21282130
29209603
31041379
36522332",From small to tall: breed-varied household pet dogs can be trained to detect Parkinson's Disease.,2024-10-01,"Canine olfaction, Dogs smell Parkinson’s, Dogs sniff Parkinson’s, Medical detection canine, Parkinson’s Alert Dogs, Parkinson’s Disease","Parkinson's Disease (PD) is a clinically diagnosed disease that carries a reported misdiagnosis rate of 10-20%. Recent scientific discoveries have provided evidence of volatile organic compounds in sebum that are unique to patients with PD. The primary objective of this study was to determine if companion dogs could be trained to distinguish between sebum samples provided by PD-positive patients and PD-negative human controls. This was a randomized, handler-blind, controlled study. Twenty-three canines of varying breeds, ages, and environmental backgrounds were included. The study period encompassed 200 total working days from 2021 to 2022. Factors investigated included donor gender and levodopa drug affectivity, as well as canine breed, age, and duration of training time. The findings in this study were compiled from data collected during the final two years of a seven-year research program. For this two-year reporting period, when averaged as a group, the 23 dogs were 89% sensitive and 87% specific to olfactory distinction between PD-positive and PD-negative human donor samples. Ten of the twenty-three dogs averaged 90% or higher in both sensitivity and specificity. In 161 separate trials, a dog was presented with both novel PD-positive and PD-negative samples. For these novel exposures, the dogs collectively averaged 86% sensitivity and 89% specificity. PD medication was also investigated and was found to have no discernible impact on canine sensitivity or specificity results. Study findings support the application of companion dogs, trained with force-free, reward-based methodologies, for the detection of PD-positive and PD-negative samples under controlled conditions.","[{'affiliation': ""PADs for Parkinson's, 689 Airport Center Road #425, Friday Harbor, WA, 98250, USA."", 'firstname': 'Lisa', 'initials': 'L', 'lastname': 'Holt'}, {'affiliation': ""PADs for Parkinson's, 689 Airport Center Road #425, Friday Harbor, WA, 98250, USA. sam.johnston.PADs@gmail.com."", 'firstname': 'Samuel V', 'initials': 'SV', 'lastname': 'Johnston'}]",,© 2024. The Author(s).,10.1007/s10071-024-01902-5,Animal cognition,,,<Element 'PubmedArticle' at 0x714e7fa51df0>
"39332904
31892343
29079522
20585247
25632051
24114802
30549014
37898663
30177480
19022861
32014825
35731045
23297653
17354756
24474739
37462840
17943122
31768069
33986301
36653562
24518929
8729170
32081278
23715323
31038176
30297969
31883270
27643430
37120594
29872216
21920712
16862161
17701901
32341063
32529219
37325194
37400639
12689998
22796579
25826379
39292644
32149610
29686387
8159262
25725623
22607825
31821322
34213007
26809821
34493870
20660864
35389779
32895727
37000449
29335400",Genetics-driven risk predictions leveraging the Mendelian randomization framework.,2024-09-28,,"Accurate predictive models of future disease onset are crucial for effective preventive healthcare, yet longitudinal data sets linking early risk factors to subsequent health outcomes are limited. To overcome this challenge, we introduce a novel framework, ","[{'affiliation': 'Institute of AI for Health, Helmholtz Zentrum München-German Research Center for Environmental Health, 85764 Neuherberg, Germany.\nHelmholtz Pioneer Campus, Helmholtz Zentrum München-German Research Center for Environmental Health, 85764 Neuherberg, Germany.', 'firstname': 'Daniel', 'initials': 'D', 'lastname': 'Sens'}, {'affiliation': 'Institute of AI for Health, Helmholtz Zentrum München-German Research Center for Environmental Health, 85764 Neuherberg, Germany.\nHelmholtz Pioneer Campus, Helmholtz Zentrum München-German Research Center for Environmental Health, 85764 Neuherberg, Germany.\nFriedrich-Alexander-Universität Erlangen-Nürnberg, 91054 Erlangen, Germany.', 'firstname': 'Liubov', 'initials': 'L', 'lastname': 'Shilova'}, {'affiliation': 'Institute of AI for Health, Helmholtz Zentrum München-German Research Center for Environmental Health, 85764 Neuherberg, Germany.\nSchool of Computation, Information and Technology, Technical University of Munich, 85748 Garching, Germany.', 'firstname': 'Ludwig', 'initials': 'L', 'lastname': 'Gräf'}, {'affiliation': 'Institute of AI for Health, Helmholtz Zentrum München-German Research Center for Environmental Health, 85764 Neuherberg, Germany.\nSchool of Management, Technical University of Munich, 80333 Munich, Germany.', 'firstname': 'Maria', 'initials': 'M', 'lastname': 'Grebenshchikova'}, {'affiliation': 'Institute of AI for Health, Helmholtz Zentrum München-German Research Center for Environmental Health, 85764 Neuherberg, Germany.\nFriedrich-Alexander-Universität Erlangen-Nürnberg, 91054 Erlangen, Germany.', 'firstname': 'Bjoern M', 'initials': 'BM', 'lastname': 'Eskofier'}, {'affiliation': 'Institute of AI for Health, Helmholtz Zentrum München-German Research Center for Environmental Health, 85764 Neuherberg, Germany; francescopaolo.casale@helmholtz-munich.de.\nHelmholtz Pioneer Campus, Helmholtz Zentrum München-German Research Center for Environmental Health, 85764 Neuherberg, Germany.\nSchool of Computation, Information and Technology, Technical University of Munich, 85748 Garching, Germany.', 'firstname': 'Francesco Paolo', 'initials': 'FP', 'lastname': 'Casale'}]",,© 2024 Sens et al.; Published by Cold Spring Harbor Laboratory Press.,"10.1101/gr.279252.124
10.1186/s13073-019-0691-1
10.1016/j.neuroimage.2017.10.034
10.1080/01621459.1996.10476902
10.1097/MED.0b013e32833c5c48
10.1093/aje/kwu283
10.1002/gepi.21758
10.1002/cphy.c170040
10.1038/s41467-023-42614-7
10.1016/S2468-2667(18)30158-0
10.1093/brain/awn278
10.1016/j.jhealeco.2020.102300
10.7554/eLife.71862
10.1146/annurev-publhealth-031811-124606
10.1007/11866763_8
10.1093/eurheartj/eht571
10.1007/s13300-023-01445-x
10.1038/nature06258
10.1038/s41588-019-0530-8
10.1038/s41572-021-00269-y
10.1038/s41586-022-05473-8
10.1093/ije/dyt268
10.2337/diacare.19.4.390
10.1016/j.jacc.2019.12.031
10.1038/ng.2653
10.1093/brain/awz113
10.1038/s41588-018-0241-6
10.1111/biom.13214
10.1038/nn.4393
10.1038/s41746-023-00822-x
10.1038/s41576-018-0020-3
10.1016/j.pscychresns.2011.06.014
10.1038/ng1847
10.1086/519795
10.1101/cshperspect.a038984
10.1093/ije/dyaa101
10.1038/s43586-021-00092-5
10.1038/s41591-023-02440-2
10.1093/ije/dyg070
10.1161/ATVBAHA.111.241463
10.1371/journal.pmed.1001779
10.1371/journal.pone.0307270
10.7554/eLife.52155
10.1038/s41588-018-0099-7
10.1016/0197-4580(94)90143-0
10.1007/s00125-015-3525-8
10.1016/S0140-6736(12)60312-2
10.1371/journal.pmed.1002982
10.1111/biom.13524
10.1007/s00103-015-2305-4
10.1038/s41588-021-00921-z
10.1212/WNL.0b013e3181ea1597
10.1126/science.abf3041
10.1007/s00125-020-05253-x
10.1214/18-STS692
10.1001/jamanetworkopen.2023.6185
10.1038/s41467-017-02317-2",Genome research,,,<Element 'PubmedArticle' at 0x714e7f9f90d0>
39278096,Better understanding fall risk: AI-based computer vision for contextual gait assessment.,2024-09-16,"Computer vision, Eye tracking, Inertial measurement units, Wearables","Contemporary research to better understand free-living fall risk assessment in Parkinson's disease (PD) often relies on the use of wearable inertial-based measurement units (IMUs) to quantify useful temporal and spatial gait characteristics (e.g., step time, step length). Although use of IMUs is useful to understand some intrinsic PD fall-risk factors, their use alone is limited as they do not provide information on extrinsic factors (e.g., obstacles). Here, we update on the use of ergonomic wearable video-based eye-tracking glasses coupled with AI-based computer vision methodologies to provide information efficiently and ethically in free-living home-based environments to better understand IMU-based data in a small group of people with PD. The use of video and AI within PD research can be seen as an evolutionary step to improve methods to understand fall risk more comprehensively.","[{'affiliation': 'Department Computer and Information Sciences, Northumbria University, Newcastle Upon Tyne, UK.', 'firstname': 'Jason', 'initials': 'J', 'lastname': 'Moore'}, {'affiliation': 'Department of Nursing and Midwifery, Northumbria University, Newcastle Upon Tyne, UK.', 'firstname': 'Peter', 'initials': 'P', 'lastname': 'McMeekin'}, {'affiliation': 'Department of Sport, Exercise and Rehabilitation, Northumbria University, Newcastle Upon Tyne, UK.', 'firstname': 'Samuel', 'initials': 'S', 'lastname': 'Stuart'}, {'affiliation': 'Department of Sport, Exercise and Rehabilitation, Northumbria University, Newcastle Upon Tyne, UK.', 'firstname': 'Rosie', 'initials': 'R', 'lastname': 'Morris'}, {'affiliation': 'Department Computer and Information Sciences, Northumbria University, Newcastle Upon Tyne, UK.', 'firstname': 'Yunus', 'initials': 'Y', 'lastname': 'Celik'}, {'affiliation': 'Northumbria Healthcare NHS Foundation Trust, North Tyneside, UK.', 'firstname': 'Richard', 'initials': 'R', 'lastname': 'Walker'}, {'affiliation': 'Cumbria, Northumberland Tyne and Wear NHS Foundation Trust, Wolfson Research Centre, Campus for Ageing and Vitality, Newcastle upon Tyne, UK.', 'firstname': 'Victoria', 'initials': 'V', 'lastname': 'Hetherington'}, {'affiliation': 'Department Computer and Information Sciences, Northumbria University, Newcastle Upon Tyne, UK. Electronic address: alan.godfrey@northumbria.ac.uk.', 'firstname': 'Alan', 'initials': 'A', 'lastname': 'Godfrey'}]",,Copyright © 2024 The Author(s). Published by Elsevier B.V. All rights reserved.,10.1016/j.maturitas.2024.108116,Maturitas,,,<Element 'PubmedArticle' at 0x714e7fa358a0>
"39275396
27401947
24686731
18764954
17046261
27452964
37545259
38151859
38083123
18668623
33019633
28388939
28858808
26737447
32429331
31779108
35797101
36088898
29843253
30967832
26253901
34207198
37069193
24379043
37112339
37666560
23604069
37069465
1564476
26914432",Innovative Detection and Segmentation of Mobility Activities in Patients Living with Parkinson's Disease Using a Single Ankle-Positioned Smartwatch.,2024-09-14,"activities of daily living, automatic detection, inertial sensors, movement disorders","The automatic detection of activities of daily living (ADL) is necessary to improve long-term home-based monitoring of Parkinson's disease (PD) symptoms. While most body-worn sensor algorithms for ADL detection were developed using laboratory research systems covering full-body kinematics, it is now crucial to achieve ADL detection using a single body-worn sensor that remains commercially available and affordable for ecological use.
to detect and segment Walking, Turning, Sitting-down, and Standing-up activities of patients with PD using a Smartwatch positioned at the ankle.
Twenty-two patients living with PD performed a Timed Up and Go (TUG) task three times before engaging in cleaning ADL in a simulated free-living environment during a 3 min trial. Accelerations and angular velocities of the right or left ankle were recorded in three dimensions using a Smartwatch. The TUG task was used to develop detection algorithms for Walking, Turning, Sitting-down, and Standing-up, while the 3 min trial in the free-living environment was used to test and validate these algorithms. Sensitivity, specificity, and F-scores were calculated based on a manual segmentation of ADL.
Sensitivity, specificity, and F-scores were 96.5%, 94.7%, and 96.0% for Walking; 90.0%, 93.6%, and 91.7% for Turning; 57.5%, 70.5%, and 52.3% for Sitting-down; and 57.5%, 72.9%, and 54.1% for Standing-up. The median of time difference between the manual and automatic segmentation was 1.31 s for Walking, 0.71 s for Turning, 2.75 s for Sitting-down, and 2.35 s for Standing-up.
The results of this study demonstrate that segmenting ADL to characterize the mobility of people with PD based on a single Smartwatch can be comparable to manual segmentation while requiring significantly less time. While Walking and Turning were well detected, Sitting-down and Standing-up will require further investigation to develop better algorithms. Nonetheless, these achievements increase the odds of success in implementing wearable technologies for PD monitoring in ecological environments.","[{'affiliation': 'Institut de Recherche Robert-Sauvé en Santé et en Sécurité du Travail (IRSST), 505 Boul. de Maisonneuve O, Montréal, QC H3A 3C2, Canada.', 'firstname': 'Etienne', 'initials': 'E', 'lastname': 'Goubault'}, {'affiliation': ""Département des Sciences de l'Activité Physique, Université du Québec à Montréal, Montréal, QC H2X 1Y4, Canada.\nCentre de Recherche de l'Institut Universitaire de Gériatrie de Montréal, Montréal, QC H3W 1W6, Canada."", 'firstname': 'Christian', 'initials': 'C', 'lastname': 'Duval'}, {'affiliation': ""Centre de Recherche sur le Vieillissement, CIUSSS de l'Estrie-CHUS, Sherbrooke, QC J1H 4C4, Canada."", 'firstname': 'Camille', 'initials': 'C', 'lastname': 'Martin'}, {'affiliation': ""Centre de Recherche sur le Vieillissement, CIUSSS de l'Estrie-CHUS, Sherbrooke, QC J1H 4C4, Canada.\nDépartement de Génie Électrique et de Génie Informatique, Université de Sherbrooke, Sherbrooke, QC J1K 2R1, Canada."", 'firstname': 'Karina', 'initials': 'K', 'lastname': 'Lebel'}]","The results of this study demonstrate that segmenting ADL to characterize the mobility of people with PD based on a single Smartwatch can be comparable to manual segmentation while requiring significantly less time. While Walking and Turning were well detected, Sitting-down and Standing-up will require further investigation to develop better algorithms. Nonetheless, these achievements increase the odds of success in implementing wearable technologies for PD monitoring in ecological environments.",,"10.3390/s24175486
10.1111/jnc.13691
10.3390/s140406229
10.1186/1743-0003-5-20
10.1016/j.gaitpost.2006.09.011
10.1002/mds.26718
10.3233/JPD-230044
10.1002/mds.29689
10.1002/mds.21934
10.1109/ACCESS.2022.3162844
10.3390/s20195625
10.1186/s12984-017-0241-2
10.1109/TNSRE.2017.2745418
10.1109/EMBC.2015.7319547
10.3390/s20102826
10.3390/s19235169
10.2196/36370
10.1016/j.gaitpost.2022.08.017
10.3233/JPD-181312
10.3389/fneur.2019.00256
10.1007/s00702-015-1439-8
10.3390/s21124188
10.1038/s41531-023-00497-x
10.21105/joss.01778
10.3390/s140100356
10.3390/s23084000
10.1136/bmjopen-2023-073388
10.1249/MSS.0b013e31829736d6
10.1007/s11517-023-02826-x
10.1136/jnnp.55.3.181
10.1088/0967-3334/37/3/442","Sensors (Basel, Switzerland)","Twenty-two patients living with PD performed a Timed Up and Go (TUG) task three times before engaging in cleaning ADL in a simulated free-living environment during a 3 min trial. Accelerations and angular velocities of the right or left ankle were recorded in three dimensions using a Smartwatch. The TUG task was used to develop detection algorithms for Walking, Turning, Sitting-down, and Standing-up, while the 3 min trial in the free-living environment was used to test and validate these algorithms. Sensitivity, specificity, and F-scores were calculated based on a manual segmentation of ADL.","Sensitivity, specificity, and F-scores were 96.5%, 94.7%, and 96.0% for Walking; 90.0%, 93.6%, and 91.7% for Turning; 57.5%, 70.5%, and 52.3% for Sitting-down; and 57.5%, 72.9%, and 54.1% for Standing-up. The median of time difference between the manual and automatic segmentation was 1.31 s for Walking, 0.71 s for Turning, 2.75 s for Sitting-down, and 2.35 s for Standing-up.",<Element 'PubmedArticle' at 0x714e7fa2cd60>
"39258138
28150045
32576618
23663200
33925154
33704443
32471089
28523556
33504893
29628907
6067254
11846609
16713924
12971891
24075790
33900517
23711791
21777615
26699403
33947435
20399732
29651049
28222515",Gene Expression Levels Related to Histone Acetylation are Altered in Parkinson Disease Patients.,2024-09-11,"Epigenetics, Parkinson’s disease, histone deacetylases, histone regulation, neurodegenerative","Parkinson's Disease (PD) is a neurodegenerative disorder distinguished from other neurodegenerative disorders by the loss of dopaminergic neurons in the substantia nigra region of the brain, and is the most common neurodegenerative disorder, along with Alzheimer's Disease. PD is characterized by the presence of Lewy bodies when evaluated pathologically. Recent studies showed that the incidence of PH development as a result of genetic mutations alone is very low among all PD cases, and that environmental effects contribute significantly to the disease progression. The molecular mechanisms of diseases are associated with the maintenance of gene and protein expressions as a result of epigenetic regulations. The role of these regulations in the development and pathogenesis of neurodegenerative diseases is still not clearly understood.
In our study, we examined the expression levels of H3C1, H3C12, HDAC4, HDAC5, ANKRD11, ANKRD12, ITM2B and GABBR1, which are genes involved in epigenetic processes in patients with idiopathic PD. Seventy five patients diagnosed with idiopathic PD and 50 healthy controls were included in the study. Peripheral Blood Mononuclear Cell (PBMC) was obtained from whole blood taken from the patient and control groups, and then total RNA was isolated from PBMC.
According to the comparison of the patient and control groups, the expression of H3C1, H3C12, ITM2B was high, and the expression of ANKRD11, HDAC4, HDAC5 and GABBR1 was low (p<0.05).
As conclusion, we propose that histone regulation is one of the epigenetic mechanisms related to the presence of PD.","[{'affiliation': 'Department of Molecular Medicine, Aziz Sancar Institute of Experimental Medicine, Istanbul University, Çapa, Istanbul, Turkey.', 'firstname': 'Servet', 'initials': 'S', 'lastname': 'Tunoğlu'}, {'affiliation': 'Department of Neuroscience, Aziz Sancar Institute of Experimental Medicine, Istanbul University, Istanbul, Turkey.', 'firstname': 'Beyzanur', 'initials': 'B', 'lastname': 'Yalçın'}, {'affiliation': 'Division of Medical Techniques and Services, Vocational School of Health Services, Demiroglu Science University, Istanbul, Turkey.', 'firstname': 'Ezgi Nurdan Yenilmez', 'initials': 'ENY', 'lastname': 'Tunoğlu'}, {'affiliation': 'Department of Neuroscience, Aziz Sancar Institute of Experimental Medicine, Istanbul University, Istanbul, Turkey.', 'firstname': 'Zerrin', 'initials': 'Z', 'lastname': 'Karaaslan'}, {'affiliation': 'Istanbul University, Istanbul Faculty of Medicine, Department of Neurology, Behavioral Neurology and Movement Disorders Unit, Istanbul, Turkey.', 'firstname': 'Başar', 'initials': 'B', 'lastname': 'Bilgiç'}, {'affiliation': 'Istanbul University, Istanbul Faculty of Medicine, Department of Neurology, Behavioral Neurology and Movement Disorders Unit, Istanbul, Turkey.', 'firstname': 'Haşmet Ayhan', 'initials': 'HA', 'lastname': 'Hanağası'}, {'affiliation': 'Department of Neuroscience, Aziz Sancar Institute of Experimental Medicine, Istanbul University, Istanbul, Turkey.', 'firstname': 'Erdem', 'initials': 'E', 'lastname': 'Tüzün'}, {'affiliation': 'Department of Neuroscience, Aziz Sancar Institute of Experimental Medicine, Istanbul University, Istanbul, Turkey.', 'firstname': 'Cem İsmail', 'initials': 'Cİ', 'lastname': 'Küçükali'}]","As conclusion, we propose that histone regulation is one of the epigenetic mechanisms related to the presence of PD.",Copyright: © 2024 Turkish Neuropsychiatric Society.,10.29399/npa.28700,Noro psikiyatri arsivi,,"According to the comparison of the patient and control groups, the expression of H3C1, H3C12, ITM2B was high, and the expression of ANKRD11, HDAC4, HDAC5 and GABBR1 was low (p<0.05).",<Element 'PubmedArticle' at 0x714e7fa79760>
"39256279
18344392
16488379
35270944
35248197
28126631
18280503
36566627
15619464
34046005
29853835
25265632
26874552
31046995
27686705
25261003",Cognitive activity analysis of Parkinson's patients using artificial intelligence techniques.,2024-09-11,"Cognition, Hand drawing, Machine learning, Parkinson’s disease, Principal component analysis","The development of modern Artificial Intelligence (AI) based models for the early diagnosis of Parkinson's disease (PD) has been gaining deep attention by researchers recently. In particular, the use of different types of datasets (voice, hand movements, gait, etc.) increases the variety of up-to-date models. Movement disorders and tremors are also among the most prominent symptoms of PD. The usage of drawings in the detection of PD can be a crucial decision-support approach that doctors can benefit from.
A dataset was created by asking 40 PD and 40 Healthy Controls (HC) to draw spirals with and without templates using a special tablet. The patient-healthy distinction was achieved by classifying drawings of individuals using Support Vector Machine (SVM), Random Forest (RF), and Naive Bayes (NB) algorithms. Prior to classification, the data were normalized by applying the min-max normalization method. Moreover, Leave-One-Subject-Out (LOSO) Cross-Validation (CV) approach was utilized to eliminate possible overfitting scenarios. To further improve the performances of classifiers, Principal Component Analysis (PCA) dimension reduction technique were also applied to the raw data and the results were compared accordingly.
The highest accuracy among machine learning based classifiers was obtained as 90% with SVM classifier using non-template drawings with PCA application.
The model can be used as a pre-evaluation system in the clinic as a non-invasive method that also minimizes environmental and educational level differences by using simple hand gestures such as hand drawing, writing numbers, words, and syllables. As a result of our study, preliminary preparation has been made so that hand drawing analysis can be used as an auxiliary system that can save time for health professionals. We plan to work on more comprehensive data in the future.","[{'affiliation': 'Department of Computational Sciences, Trakya University, Edirne, 22030, Turkey. bahardemir@trakya.edu.tr.', 'firstname': 'Bahar', 'initials': 'B', 'lastname': 'Demir'}, {'affiliation': 'Department of Computational Sciences, Trakya University, Edirne, 22030, Turkey.\nDepartment of Biomedical Device Technology, Trakya University, Edirne, 22030, Turkey.', 'firstname': 'Sinem', 'initials': 'S', 'lastname': 'Ayna Altuntaş'}, {'affiliation': 'Department of Computational Sciences, Trakya University, Edirne, 22030, Turkey.\nDepartment of Biomedical Device Technology, Trakya University, Edirne, 22030, Turkey.', 'firstname': 'İlke', 'initials': 'İ', 'lastname': 'Kurt'}, {'affiliation': 'Department of Electrical and Electronics Engineering, Trakya University, Edirne, 22030, Turkey.', 'firstname': 'Sezer', 'initials': 'S', 'lastname': 'Ulukaya'}, {'affiliation': 'Department of Electrical and Electronics Engineering, Trakya University, Edirne, 22030, Turkey.', 'firstname': 'Oğuzhan', 'initials': 'O', 'lastname': 'Erdem'}, {'affiliation': 'Department of Neurology, Yalova University Faculty of Medicine, Yalova, 77200, Turkey. sibel.guler@yalova.edu.tr.', 'firstname': 'Sibel', 'initials': 'S', 'lastname': 'Güler'}, {'affiliation': 'Department of Otorhinolaryngology, Head and Neck Surgery, Koç University School of Medicine, İstanbul, 34010, Turkey.', 'firstname': 'Cem', 'initials': 'C', 'lastname': 'Uzun'}]","The model can be used as a pre-evaluation system in the clinic as a non-invasive method that also minimizes environmental and educational level differences by using simple hand gestures such as hand drawing, writing numbers, words, and syllables. As a result of our study, preliminary preparation has been made so that hand drawing analysis can be used as an auxiliary system that can save time for health professionals. We plan to work on more comprehensive data in the future.",© 2024. Fondazione Società Italiana di Neurologia.,"10.1007/s10072-024-07734-y
10.1136/jnnp.2007.131045
10.1002/mds.26424
10.1016/S1474-4422(06)70373-8
10.3390/s22051799
10.1136/jnnp.2008.157370
10.1016/bs.pbr.2022.01.008
10.1016/j.compbiomed.2017.01.004
10.1016/j.patrec.2018.05.013
10.1016/j.jpsychires.2008.01.006
10.1007/s40846-016-0143-y
10.1016/j.compbiomed.2022.106418
10.1016/j.parkreldis.2004.08.005
10.3389/fneur.2021.665112
10.1016/j.patrec.2019.04.003
10.1016/j.humov.2018.06.006
10.3390/info9100247
10.1007/s11042-022-13759-2
10.1109/ACCESS.2019.2932037
10.1016/j.bbe.2021.12.007
10.1155/2018/7613282
10.1109/TNSRE.2014.2359997
10.1016/j.artmed.2016.01.004
10.1016/j.measen.2021.100047
10.1016/j.bspc.2016.08.003
10.1016/j.cmpb.2019.03.005
10.1109/JBHI.2017.2762008
10.1016/j.cmpb.2016.08.005
10.1016/j.cmpb.2014.08.007
10.1007/s40860-021-00141-6",Neurological sciences : official journal of the Italian Neurological Society and of the Italian Society of Clinical Neurophysiology,,The highest accuracy among machine learning based classifiers was obtained as 90% with SVM classifier using non-template drawings with PCA application.,<Element 'PubmedArticle' at 0x714e7fa6af70>
"39248182
15285979
20833240
1770174
26601965
19234455
21483429
27177020
12850214
21893167
19174491
32805389
37945739
22771335
18624927
21921276
8771358
7769088
14718388
27649645
16197509
19560279
15565110
32133575
11435608
16613897
8421494
1659874
38103231
37977215
37487708
33840130
26687620
16971540
18662293
36873102
30459541
31914623
11738548
17021021
17250652
18513320
23899562
9517856
23160045
22306868
18483179
36824265
32581713
22664354
10807665
25227506
32528419
17151169
35427951
16020456
18295201
18398010
10998111
37058223
38037568
3037584
10481183
15891777
9626555
30578574
29428549
16713924
32244957
30610352
9723618
10725918
3374615
11089542
12805318
37971192
12832507
10639135
31784962
22915117
34242811
35733193
25806005
17481592
27445981
10891595
19109927
37717739
23345100
578192
10825501
24113652
12727214
11278753
21930780
35090576
27466197
34902209
3742595
16487146
25063329
34548498
37721286
36906227
17628337
24342991
16943563
33361406
21357682
1977084
37331704
21808001
32835581
2305396
9263193
26711253
21436038
8252607
14596810
11197528
38759664
3191531
2867473
37985263
20484633
11027914
29772231
16776597
38341231
15265775
2170594
29653606
18347336
12186888
29875162
1374954
22153720
23886619
23953592
33296841
16033944
11017168
17689856
1497922
37979034
26111720
15790729
12730237
8622574
22509272
23774011
32151695
22971526
28107679
16855130
37056149
22292820
30126083
8510182
7920594
8848486
33025573
19822520
29421159
17466428
11818174
10195112
18922945
27909802
37398599
19305644
23932490
7620309
26404710
19234457
10453354
12074902
24603007
10830308
29890290
31726042
19927149
19141312
12610654
25088714
23916759
8358712
2387261
14630699
9121734
23575838
16503919
9257941
5699052
1301388
16597735
11897693
18289522
20052403
26061727
25269685
22827748
21438774
35296811
37945740
23906001
21149445
10488132
11606764
9464923
18547242
27629598
24845182
18675469
23254191
25564339
24064060
11982671
17961025
6317184
38468708
25063186
28743955
20647348
27459932
27177728
25187977
19724063
9183567
16610357
37449602
16762839
36751801
2998738
15834420
20368707
24126929
18979677
15987954
12606580
10737694
12559837
21467220
3527687
12650700
12482863
15488991
35316661
37941106
8026389
23671328
11797055
12526994
17290797
1645620
16567641
31753135
25228100
23836535
12472898
16946006
22331913
25459896
24931768
8624717
6843116
19469025
19589863
30683115
24937701
29162310
22649234
26121746
24040816
27034847
9079630
37779209
36691038
33782379
39073326
14699442
12000743
26888924
28396564
25462901
15591061
22090159
33986954
34343631
20956301
30311144
18292778
11274359
24348341
19666502
26250598
30717249
37001697
37449593
38051905
34564830
21613472
15872096
10360139",Glucocorticoid receptor signaling in the brain and its involvement in cognitive function.,2024-09-09,,"The hypothalamic-pituitary-adrenal axis regulates the secretion of glucocorticoids in response to environmental challenges. In the brain, a nuclear receptor transcription factor, the glucocorticoid receptor, is an important component of the hypothalamic-pituitary-adrenal axis's negative feedback loop and plays a key role in regulating cognitive equilibrium and neuroplasticity. The glucocorticoid receptor influences cognitive processes, including glutamate neurotransmission, calcium signaling, and the activation of brain-derived neurotrophic factor-mediated pathways, through a combination of genomic and non-genomic mechanisms. Protein interactions within the central nervous system can alter the expression and activity of the glucocorticoid receptor, thereby affecting the hypothalamic-pituitary-adrenal axis and stress-related cognitive functions. An appropriate level of glucocorticoid receptor expression can improve cognitive function, while excessive glucocorticoid receptors or long-term exposure to glucocorticoids may lead to cognitive impairment. Patients with cognitive impairment-associated diseases, such as Alzheimer's disease, aging, depression, Parkinson's disease, Huntington's disease, stroke, and addiction, often present with dysregulation of the hypothalamic-pituitary-adrenal axis and glucocorticoid receptor expression. This review provides a comprehensive overview of the functions of the glucocorticoid receptor in the hypothalamic-pituitary-adrenal axis and cognitive activities. It emphasizes that appropriate glucocorticoid receptor signaling facilitates learning and memory, while its dysregulation can lead to cognitive impairment. This provides clues about how glucocorticoid receptor signaling can be targeted to overcome cognitive disability-related disorders.","[{'affiliation': 'Brain Science and Advanced Technology Institute, Hubei Province Key Laboratory of Occupational Hazard Identification and Control, School of Medicine, Wuhan University of Science and Technology, Wuhan, Hubei Province, China.', 'firstname': 'Chonglin', 'initials': 'C', 'lastname': 'Su'}, {'affiliation': None, 'firstname': 'Taiqi', 'initials': 'T', 'lastname': 'Huang'}, {'affiliation': None, 'firstname': 'Meiyu', 'initials': 'M', 'lastname': 'Zhang'}, {'affiliation': None, 'firstname': 'Yanyu', 'initials': 'Y', 'lastname': 'Zhang'}, {'affiliation': None, 'firstname': 'Yan', 'initials': 'Y', 'lastname': 'Zeng'}, {'affiliation': None, 'firstname': 'Xingxing', 'initials': 'X', 'lastname': 'Chen'}]",,Copyright © 2025 Copyright: © 2025 Neural Regeneration Research.,10.4103/NRR.NRR-D-24-00355,Neural regeneration research,,,<Element 'PubmedArticle' at 0x714e7fa83600>
"39204204
31727015
2892477
32283491
21626386
19209006
26372624
10192215
19204152
25451278
21878363
672458
19494773
818342
29119634
30363919
29734370
6448916
26089169
12477
37513860
10707923
11998548
16940966
37895971",Comprehensive Analysis of Drug-Induced Parkinson-like Events.,2024-08-31,"Japanese Adverse Drug Event Report database, Parkinson-like events, hierarchical clustering, principal component analysis, spontaneous reporting system, volcano plot","Specific drugs are well known to have the capacity to induce Parkinson-like symptoms. Parkinson-like events are side effects that may persist for an extended period even after drug administration is discontinued. Although these events can be triggered by various drugs, the mechanisms underlying their diverse symptoms remain largely unclear. To investigate this, we used the Japanese Adverse Drug Event Reporting Database, which is maintained by the Pharmaceuticals and Medical Devices Agency, to analyze the risk factors associated with Parkinson-like events along with the associated drug trends and characteristics. Our findings indicate that similar to Parkinson's disease, age-related differences affect the onset of these reported events, with older individuals being more susceptible. Hierarchical clustering and principal component analysis revealed that the mechanisms triggering these Parkinson-like events are consistent across reports, suggesting a common underlying cause. However, even with a consistent mechanism, the side effects can vary depending on the site of action. These insights underline the importance of the swift identification of the drugs suspected of causing these events and the implementation of measures to reduce their side effects.","[{'affiliation': 'Department of Medical Molecular Informatics, Meiji Pharmaceutical University, 2-522-1 Noshio, Kiyose 204-8588, Japan.\nDepartment of Kampo Medicine, Yokohama University of Pharmacy, Yokohama 245-0066, Japan.', 'firstname': 'Mami', 'initials': 'M', 'lastname': 'Kikegawa'}, {'affiliation': 'Environmental Health and Prevention Research Unit, Department of Health Science, Graduate School of Pharmaceutical Sciences, Yokohama University of Pharmacy, Yokohama 245-0066, Japan.', 'firstname': 'Hideko', 'initials': 'H', 'lastname': 'Sone'}, {'affiliation': 'Department of Medical Molecular Informatics, Meiji Pharmaceutical University, 2-522-1 Noshio, Kiyose 204-8588, Japan.', 'firstname': 'Yoshihiro', 'initials': 'Y', 'lastname': 'Uesawa'}]",,,"10.3390/ph17081099
10.1186/s12888-019-2318-x
10.1001/archpsyc.1988.01800250087012
10.1016/j.parkreldis.2020.03.031
10.1007/s10654-011-9581-6
10.1159/000201565
10.1016/j.parkreldis.2015.08.029
10.1016/S0197-4580(98)00091-8
10.1001/archneurol.2008.561
10.1016/j.neuroscience.2014.10.050
10.1016/j.pneurobio.2011.08.004
10.1016/0024-3205(78)90575-1
10.1097/WCO.0b013e32832d9d67
10.1016/0022-510X(76)90100-3
10.1002/mds.27224
10.1002/mdc3.12147
10.1371/journal.pone.0197201
10.1007/978-3-7091-8582-7_25
10.1002/syn.21834
10.1007/BF00692778
10.3820/jjpe.19.51
10.3390/ph16070948
10.1093/oxfordjournals.aje.a010240
10.1002/pds.668
10.1038/sj.tpj.6500412
10.3390/ph16101500","Pharmaceuticals (Basel, Switzerland)",,,<Element 'PubmedArticle' at 0x714e8031d580>
"39196271
30198894
20064386
24108358
31695184
32015135
24817693
24460028
33357446
16756495
29872003
31841731
15572765
36513068
36180728
36357403
32042086
22261725
29969391
31815671
23827677
28193500
33798940
30237470
38408488
1463722
8513491
21203426
17540728
33649211
10507030
30190461
30065316
31588918
33972418
33548114
36526727
35125105
34452994
21460457
28916413
31295458
36982264
32069013
26061766
15264254
9811807
27830791
14314221
26278980
11459061
34534463
32038040
29072706
32461689
34588692
12127750
35454165
31797870
32203130
34716315
36871760
29978862
37898614
32356200
36108674
36847833
14755719
36794997
32457390
32737160
35690099
30713699
32148853",On the pH-dependence of α-synuclein amyloid polymorphism and the role of secondary nucleation in seed-based amyloid propagation.,2024-08-28,"E. coli, Parkinson's disease, amyloid, human, molecular biophysics, polymorphism, structural biology, α-synuclein","The aggregation of the protein α-synuclein is closely associated with several neurodegenerative disorders and as such the structures of the amyloid fibril aggregates have high scientific and medical significance. However, there are dozens of unique atomic-resolution structures of these aggregates, and such a highly polymorphic nature of the α-synuclein fibrils hampers efforts in disease-relevant in vitro studies on α-synuclein amyloid aggregation. In order to better understand the factors that affect polymorph selection, we studied the structures of α-synuclein fibrils in vitro as a function of pH and buffer using cryo-EM helical reconstruction. We find that in the physiological range of pH 5.8-7.4, a pH-dependent selection between Type 1, 2, and 3 polymorphs occurs. Our results indicate that even in the presence of seeds, the polymorph selection during aggregation is highly dependent on the buffer conditions, attributed to the non-polymorph-specific nature of secondary nucleation. We also uncovered two new polymorphs that occur at pH 7.0 in phosphate-buffered saline. The first is a monofilament Type 1 fibril that highly resembles the structure of the juvenile-onset synucleinopathy polymorph found in patient-derived material. The second is a new Type 5 polymorph that resembles a polymorph that has been recently reported in a study that used diseased tissues to seed aggregation. Taken together, our results highlight the shallow amyloid energy hypersurface that can be altered by subtle changes in the environment, including the pH which is shown to play a major role in polymorph selection and in many cases appears to be the determining factor in seeded aggregation. The results also suggest the possibility of producing disease-relevant structure in vitro.","[{'affiliation': 'Institute of Molecular Physical Science, Zürich, Switzerland.', 'firstname': 'Lukas', 'initials': 'L', 'lastname': 'Frey'}, {'affiliation': 'Institute of Molecular Physical Science, Zürich, Switzerland.', 'firstname': 'Dhiman', 'initials': 'D', 'lastname': 'Ghosh'}, {'affiliation': 'Scientific Center for Optical and Electron Microscopy, Zürich, Switzerland.', 'firstname': 'Bilal M', 'initials': 'BM', 'lastname': 'Qureshi'}, {'affiliation': 'Institute of Molecular Physical Science, Zürich, Switzerland.', 'firstname': 'David', 'initials': 'D', 'lastname': 'Rhyner'}, {'affiliation': 'Robert P. Apkarian Integrated Electron Microscopy Core, Emory University, Atlanta, United States.', 'firstname': 'Ricardo', 'initials': 'R', 'lastname': 'Guerrero-Ferreira'}, {'affiliation': 'Institute of Molecular Physical Science, Zürich, Switzerland.', 'firstname': 'Aditya', 'initials': 'A', 'lastname': 'Pokharna'}, {'affiliation': 'Institute of Molecular Physical Science, Zürich, Switzerland.', 'firstname': 'Witek', 'initials': 'W', 'lastname': 'Kwiatkowski'}, {'affiliation': 'Institute of Molecular Systems Biology, ETH Zürich, Zurich, Switzerland.', 'firstname': 'Tetiana', 'initials': 'T', 'lastname': 'Serdiuk'}, {'affiliation': 'Institute of Molecular Systems Biology, ETH Zürich, Zurich, Switzerland.', 'firstname': 'Paola', 'initials': 'P', 'lastname': 'Picotti'}, {'affiliation': 'Institute of Molecular Physical Science, Zürich, Switzerland.', 'firstname': 'Roland', 'initials': 'R', 'lastname': 'Riek'}, {'affiliation': 'Institute of Molecular Physical Science, Zürich, Switzerland.', 'firstname': 'Jason', 'initials': 'J', 'lastname': 'Greenwald'}]",,"© 2023, Frey, Ghosh, Qureshi et al.","10.7554/eLife.93562
10.1107/S2059798318009324
10.1016/j.neuron.2009.12.016
10.1038/ncomms3575
10.1038/s41594-019-0322-y
10.1073/pnas.1917914117
10.1073/pnas.1315346111
10.1101/2021.07.08.451588
10.1021/ja412105t
10.1016/j.cell.2020.12.021
10.1146/annurev.biochem.75.101304.123901
10.1107/S2059798318002425
10.1016/j.sbi.2019.10.006
10.1107/S0907444904019158
10.1016/j.str.2022.11.013
10.1101/2021.07.09.451731
10.1038/s41467-022-34552-7
10.1038/d41586-020-00131-3
10.1074/mcp.O111.016717
10.7554/eLife.36402
10.7554/eLife.48907
10.1016/j.cell.2013.05.057
10.1016/j.jsb.2017.02.003
10.1101/2020.12.31.424989
10.1038/s41580-018-0060-8
10.1101/2023.05.16.541002
10.1021/bi00164a008
10.1016/0092-8674(93)90635-4
10.1371/journal.pone.0015801
10.1073/pnas.0610659104
10.1073/pnas.2012171118
10.1016/s0076-6879(99)09020-5
10.1038/s41422-018-0075-x
10.1107/S2059798319011471
10.1073/pnas.2012435118
10.1002/2211-5463.13110
10.1038/s41596-022-00771-x
10.1186/s40035-022-00283-4
10.1073/pnas.2023487118
10.1107/S0907444911007281
10.1016/j.tibs.2017.08.001
10.1016/j.jmb.2019.07.001
10.3390/ijms24065191
10.1021/acschemneuro.9b00594
10.1038/nature14547
10.1002/jcc.20084
10.1073/pnas.95.23.13363
10.1038/nature20416
10.1093/ajcp/44.1.59
10.1016/j.jsb.2015.08.008
10.1038/35081095
10.1016/j.cell.2021.08.013
10.1107/S2059798319016577
10.1038/nprot.2017.100
10.1038/s41586-020-2317-6
10.1038/s41586-021-03911-7
10.1016/s0166-2236(02)02195-1
10.3390/biom12040576
10.1038/s41467-019-13564-w
10.1038/s41422-020-0299-4
10.1038/s41467-021-26433-2
10.1016/j.jbc.2023.104566
10.1039/c8cc02204f
10.1038/s41467-023-42705-5
10.1007/s00401-020-02157-3
10.1038/s41586-022-05319-3
10.1007/s00401-023-02550-8
10.1002/ana.10795
10.1021/jacs.2c10854
10.1038/s41467-020-16386-3
10.1073/pnas.1922741117
10.1016/j.jmb.2022.167680
10.1107/S205225251801463X
10.1107/S2052252520000081",eLife,,,<Element 'PubmedArticle' at 0x714e803a2340>
"39188788
15525722
38301270
11821392
31254394
31031582
8713166
16847063
38100855
20500090
35468903
20923645
37686080
11274346
10511443
36099961
30187305
32038126
32038126
24502382
19481095
24108358
24973356
38306948
28421037
20798282
12787676
36859484
24172715
21387008
33636481
36939875
18440504
11744721
16794039
5334614
37755270
9545270
38756798
21296890
18245082
38347286
29034233
16260631
27904575
25969421
30527540
31909184
24727096
37421475
36982988
38710950
15282274
34893541
35551349
25643172
35183702
19501082
27417116
7646890
27737778
27658420
23933657
25448159
17901539
22216284
9648883
30745863
33587036
33587036
29510692
10464279
30102440
35471463
31761523
25904081
34350173
16959795
23804563
21746851
21798244
33550528
19185013
31888770
35184896
28495859
37488848
37108299
32523507
38665673
34076426
33568632
34248606
3411354
17253773
27445146
18614564
18499418
34680054
28224980
31382686
20923663
30028312
35351864
34115198
19101068
35149960
21489994
31701892
23588557
27069549
37098633
19286695
14743362
38256059
24816432
33373501
20696318
30665447
29054882
24183692
15033366
29743672
17158794
33868013
24920625
26119565
36614219
36008429
32230947
28698628
22723400
23804577
36646701
28066161
29878075
28400134
26352473
37723164
17805871
17376974
38467937
29483518
35699874
22619228
34151859
38167307
32461689
2235991
31235907
32025029
36567199
22004764
36792008
20890676
9726379
32789002
27808254
36672131
2027013
28502045
26358191
22344896
34572546
20392839
27697925
35170728
38543244
23407718
27018801
8248242
28331029
34686591
25840008
32681494
29953872
38203300
23184946
38167744
30690664
29513680
21399908
18086530
26873872
31367008
36108674
34997690
35931109
30089790
31057362
26372964
12621030",Lipids and α-Synuclein: adding further variables to the equation.,2024-08-27,"DLB, MSA, Parkinson’s disease, alpha-Synuclein, lipid metabolism, membrane lipids","Aggregation of alpha-Synuclein (αSyn) has been connected to several neurodegenerative diseases, such as Parkinson's disease (PD), dementia with Lewy Bodies (DLB), and multiple system atrophy (MSA), that are collected under the umbrella term ","[{'affiliation': 'The Autophagy Lab, Institute of Pathobiochemistry, University Medical Center of the Johannes Gutenberg University Mainz, Mainz, Germany.', 'firstname': 'Jana', 'initials': 'J', 'lastname': 'Schepers'}, {'affiliation': 'The Autophagy Lab, Institute of Pathobiochemistry, University Medical Center of the Johannes Gutenberg University Mainz, Mainz, Germany.', 'firstname': 'Timo', 'initials': 'T', 'lastname': 'Löser'}, {'affiliation': 'The Autophagy Lab, Institute of Pathobiochemistry, University Medical Center of the Johannes Gutenberg University Mainz, Mainz, Germany.', 'firstname': 'Christian', 'initials': 'C', 'lastname': 'Behl'}]",,"Copyright © 2024 Schepers, Löser and Behl.","10.3389/fmolb.2024.1455817
10.1056/NEJMoa033277
10.1093/brain/awae028
10.1074/jbc.M110414200
10.1111/jnc.14808
10.3389/fnins.2019.00328
10.1002/ca.980080612
10.1074/jbc.M600933200
10.1016/j.bpc.2023.107143
10.1146/annurev.cellbio.042308.113313
10.1038/s41531-022-00313-y
10.1016/j.bpj.2010.06.035
10.3390/ijms241713270
10.1152/physrev.2001.81.2.871
10.1097/00001756-199909090-00019
10.1016/j.jmb.2022.167825
10.1007/s12031-018-1167-2
10.3389/fnins.2019.01399
10.3389/fnins.2019.01399
10.1186/2051-5960-2-15
10.1016/j.jmb.2009.05.066
10.1038/ncomms3575
10.1093/hmg/ddu334
10.1016/j.conb.2024.102841
10.3389/fendo.2017.00060
10.1126/science.1195227
10.1016/s0022-2836(03)00520-5
10.1038/s41419-023-05672-9
10.1179/1743132813y.0000000277
10.1371/journal.pone.0017299
10.1016/j.parkreldis.2021.02.007
10.1007/s00401-023-02555-3
10.1016/j.yexcr.2008.03.012
10.1074/jbc.M108414200
10.1126/science.1129462
10.1056/nejm196702162760703
10.3390/metabo13090990
10.1074/jbc.273.16.9443
10.1039/d3sc05661a
10.1074/jbc.C110.212589
10.1074/jbc.M710012200
10.1007/s12035-024-04008-8
10.3389/fcell.2017.00090
10.1128/mcb.25.22.10190-10201.2005
10.4103/1735-1995.181989
10.1016/j.plipres.2015.04.003
10.1016/j.molcel.2018.11.028
10.1038/s41531-019-0103-7
10.1016/j.nbd.2014.03.021
10.1007/s00401-023-02601-0
10.3390/ijms24065914
10.1038/s41591-024-02931-w
10.1523/JNEUROSCI.1594-04.2004
10.1073/pnas.2108489118
10.1093/brain/awac176
10.1038/nchembio.1750
10.1016/j.nbd.2022.105663
10.1016/j.ydbio.2009.05.578
10.1002/bies.201670913
10.1016/0896-6273(95)90040-3
10.1016/j.ijbiomac.2016.10.021
10.1093/brain/aww230
10.3233/JPD-2011-11067
10.1016/j.expneurol.2014.10.010
10.1007/s12031-007-0060-1
10.1371/journal.pone.0029460
10.1046/j.1471-4159.1998.71010338.x
10.3389/fnins.2019.00028
10.7554/eLife.61951
10.7554/eLife.61951
10.1186/s12916-018-1016-8
10.1074/jbc.274.36.25481
10.1002/chem.201803933
10.1007/s00401-022-02421-8
10.1016/j.ymgme.2019.10.006
10.1016/s0140-6736(14)61393-3
10.3389/fcell.2021.663431
10.1093/hmg/ddl243
10.1002/humu.22372
10.1083/jcb.201010117
10.1016/j.bbrc.2011.07.028
10.1007/s12017-021-08644-4
10.1002/mds.22459
10.1186/s13195-019-0558-0
10.1016/j.tins.2022.01.002
10.1042/BCJ20170200
10.4103/1673-5374.375316
10.3390/ijms24087137
10.3389/fnins.2020.00498
10.1021/jacsau.3c00579
10.1021/acschemneuro.1c00006
10.1038/s41467-021-21027-4
10.3389/fnagi.2021.690293
10.1523/jneurosci.08-08-02804.1988
10.1021/bi061749a
10.1523/JNEUROSCI.0628-16.2016
10.1074/mcp.M800116-MCP200
10.1016/j.plefa.2008.04.001
10.3390/biom11101419
10.1038/srep42942
10.3390/ijms20153810
10.1016/j.bpj.2010.07.056
10.4103/1673-5374.235013
10.1038/s41398-022-01881-6
10.1007/s00401-021-02329-9
10.1016/j.bpc.2008.11.003
10.1007/s11357-022-00527-1
10.1074/jbc.M110.213538
10.1016/S1474-4422(19)30320-5
10.1001/jamaneurol.2013.1925
10.1002/ana.26670
10.1093/brain/awp044
10.1002/mds.10633
10.3390/ijms25020986
10.1007/s10048-014-0406-0
10.1002/acn3.51280
10.1186/s13024-019-0306-8
10.1523/JNEUROSCI.0964-17.2017
10.1016/j.bbabio.2013.10.006
10.1016/j.jmb.2004.02.014
10.1038/s41586-018-0104-4
10.1073/pnas.0609795104
10.3389/fphys.2021.645646
10.1523/JNEUROSCI.5456-13.2014
10.1016/j.bbamem.2015.06.021
10.3390/ijms24010778
10.1038/s41572-022-00382-6
10.3390/cells9040812
10.1038/s41598-017-05334-9
10.1126/science.1222951
10.1002/humu.22373
10.1038/s41531-023-00444-w
10.3389/fnins.2016.00570
10.1093/brain/awy146
10.1016/j.nbd.2017.04.004
10.1038/nature15368
10.1038/s41467-023-39843-1
10.1007/BF02531202
10.1523/JNEUROSCI.4999-06.2007
10.1007/s00401-024-02706-0
10.1038/s41467-018-03241-9
10.1007/s13273-019-0012-1
10.1007/s12035-022-02897-1
10.1242/jcs.053850
10.3233/JPD-212684
10.1186/s40478-023-01699-3
10.1038/s41586-020-2317-6
10.1002/prot.340080202
10.1038/s41593-019-0423-2
10.1038/s41586-020-1984-7
10.1016/j.tins.2022.11.007
10.1016/j.febslet.2011.10.006
10.1016/j.jmb.2023.168011
10.1007/s12031-010-9455-5
10.1016/s0304-3940(98)00504-7
10.12688/f1000research.25634.1
10.1038/srep36328
10.3390/brainsci13010150
10.1111/j.1471-4159.1991.tb03466.x
10.1007/s12035-017-0535-1
10.1002/cne.23901
10.1002/cm.21019
10.3390/biom11091333
10.1091/mbc.e09-09-0801
10.1083/jcb.201601004
10.1093/brain/awac061
10.3390/pharmaceutics16030350
10.1001/jamaneurol.2013.600
10.1038/nsmb.3194
10.1073/pnas.90.23.11282
10.15252/embj.201695773
10.1073/pnas.2025347118
10.1146/annurev-neuro-071714-033828
10.1007/s11427-020-1756-9
10.1016/j.neuron.2018.06.005
10.3390/ijms25010131
10.1074/jbc.M112.418871
10.1038/s41531-023-00614-w
10.1007/s00401-019-01959-4
10.1371/journal.pone.0191815
10.1007/s11064-011-0437-y
10.1016/j.nbd.2007.10.005
10.1016/j.ejmech.2016.01.044
10.1038/s41582-019-0228-7
10.1038/s41586-022-05319-3
10.1111/febs.16344
10.1016/j.jmb.2022.167775
10.1038/s41380-018-0200-8
10.3389/fnins.2019.00381
10.1073/pnas.1510011112
10.1074/jbc.M210136200",Frontiers in molecular biosciences,,,<Element 'PubmedArticle' at 0x714e8039abb0>
"39143178
32887946
33093662
25476529
31221587
28891262
28259623
33557896
35411052
34911958
35723531
32559359
31388474
25136443
25218180
27067514
29807988
25977477
26500826
31730192
32011700
33885785
28742071
22388286
33462508
30470746
20211023
35495109
33275853
29959318
27887642
34562305
34606606
32522236
27071849
34969981
25516281
31032519
31768033
26229116
31498131
28706687
31507546
32690973
30718868
30718869
32791135
34996385
34389734
34012926
33657381
36376318
32844199
28449715
35206916
30572101
34128785
33692356
33606979
31942051",Metagenome-assembled microbial genomes from Parkinson's disease fecal samples.,2024-08-15,"Ruminococcus bromii, Metagenome, Microdiversity, Parkinson’s disease","The human gut microbiome composition has been linked to Parkinson's disease (PD). However, knowledge of the gut microbiota on the genome level is still limited. Here we performed deep metagenomic sequencing and binning to build metagenome-assembled genomes (MAGs) from 136 human fecal microbiomes (68 PD samples and 68 control samples). We constructed 952 non-redundant high-quality MAGs and compared them between PD and control groups. Among these MAGs, there were 22 different genomes of Collinsella and Prevotella, indicating high variability of those genera in the human gut environment. Microdiversity analysis indicated that Ruminococcus bromii was statistically significantly (p < 0.002) more diverse on the strain level in the control samples compared to the PD samples. In addition, by clustering all genes and performing presence-absence analysis between groups, we identified several control-specific (p < 0.05) related genes, such as speF and Fe-S oxidoreductase. We also report detailed annotation of MAGs, including Clusters of Orthologous Genes (COG), Cas operon type, antiviral gene, prophage, and secondary metabolites biosynthetic gene clusters, which can be useful for providing a reference for future studies.","[{'affiliation': 'Institute of Biotechnology, University of Helsinki, Helsinki, Finland. ilhan.duru@helsinki.fi.', 'firstname': 'Ilhan Cem', 'initials': 'IC', 'lastname': 'Duru'}, {'affiliation': 'Institute of Biotechnology, University of Helsinki, Helsinki, Finland.', 'firstname': 'Alexandre', 'initials': 'A', 'lastname': 'Lecomte'}, {'affiliation': 'Institute of Biotechnology, University of Helsinki, Helsinki, Finland.', 'firstname': 'Tânia Keiko', 'initials': 'TK', 'lastname': 'Shishido'}, {'affiliation': 'Institute of Biotechnology, University of Helsinki, Helsinki, Finland.', 'firstname': 'Pia', 'initials': 'P', 'lastname': 'Laine'}, {'affiliation': 'Institute of Biotechnology, University of Helsinki, Helsinki, Finland.', 'firstname': 'Joni', 'initials': 'J', 'lastname': 'Suppula'}, {'affiliation': 'Institute of Biotechnology, University of Helsinki, Helsinki, Finland.', 'firstname': 'Lars', 'initials': 'L', 'lastname': 'Paulin'}, {'affiliation': 'Department of Neurology, Helsinki University Hospital and Clinicum, University of Helsinki, Helsinki, Finland.', 'firstname': 'Filip', 'initials': 'F', 'lastname': 'Scheperjans'}, {'affiliation': 'Institute of Biotechnology, University of Helsinki, Helsinki, Finland. pedro.pereira@helsinki.fi.\nDepartment of Neurology, Helsinki University Hospital and Clinicum, University of Helsinki, Helsinki, Finland. pedro.pereira@helsinki.fi.', 'firstname': 'Pedro A B', 'initials': 'PAB', 'lastname': 'Pereira'}, {'affiliation': 'Institute of Biotechnology, University of Helsinki, Helsinki, Finland.', 'firstname': 'Petri', 'initials': 'P', 'lastname': 'Auvinen'}]",,© 2024. The Author(s).,"10.1038/s41598-024-69742-4
10.1038/s41579-020-0433-9
10.1038/s41579-020-00460-0
10.1002/mds.26069
10.1016/j.ebiom.2019.05.064
10.1111/ene.13398
10.1016/j.parkreldis.2017.02.026
10.1186/s13024-021-00427-6
10.1038/s41531-022-00300-3
10.1038/s41531-021-00260-0
10.1002/mds.29128
10.14806/ej.17.1.200
10.1002/cpbi.102
10.7717/peerj.7359
10.1186/2049-2618-2-26
10.1038/nmeth.3103
10.1038/srep24175
10.1038/s41564-018-0171-1
10.1101/gr.186072.114
10.7717/peerj.1319
10.1093/molbev/msaa015
10.1093/nar/gkab301
10.1038/ismej.2017.126
10.1038/nmeth.1923
10.1038/s41587-020-00797-0
10.1038/s41467-018-07240-8
10.1186/1471-2105-11-119
10.1016/j.csbj.2022.03.042
10.1089/crispr.2020.0059
10.1038/s41467-018-04964-5
10.1186/s13059-016-1108-8
10.1002/pro.4193
10.1093/nar/gkab883
10.1186/s40168-020-00867-0
10.1038/ncomms11257
10.1038/s41564-021-01020-9
10.1186/s13059-014-0550-8
10.1093/nar/gkz310
10.1038/s41589-019-0400-9
10.1126/science.aac4812
10.3233/JPD-191711
10.1039/C5SC00101C
10.3389/fmicb.2019.01902
10.1038/s41587-020-0603-3
10.1038/s41587-018-0008-8
10.1038/s41587-018-0009-7
10.1016/j.cca.2020.08.005
10.1186/s12883-021-02544-7
10.3389/fcimb.2021.652617
10.1016/j.celrep.2021.108807
10.1038/s41467-022-34667-x
10.1093/brain/awaa201
10.1186/s13073-017-0428-y
10.1016/j.neulet.2018.12.021
10.1038/s41531-021-00156-z
10.1016/j.cell.2021.01.029
10.1038/s41586-019-1894-8",Scientific reports,,,<Element 'PubmedArticle' at 0x714e8198e700>
39138839,Teleassessment using five times sit-to-stand test in older adults with and without Parkinson's disease: Guidelines and barriers.,2024-08-14,"Parkinson's disease, eHealth, five times sit‐to‐stand, remote, telehealth, telerehabilitation","Assessing lower limb strength, balance, and fall risk are crucial components of rehabilitation, especially for the older adult population. With the growing interest in telehealth, teleassessment has been investigated as an alternative when in-person assessments are not possible. The Five Times Sit-to-Stand test (5TSTS) provides a quick measure of balance during chair transfers, muscle power, endurance, and the hability to change and maintain body position, and is highly recommended by guidelines. However, the literature is unclear about the viability and safety of teleassessment using the 5TSTS in older adults with and without Parkinson's disease (PD). This study aimed to evaluate the reliability of teleassessment using the 5TSTS and to determine its feasibility and safety for older adults with and without PD.
This cross-sectional study included older adults with and without PD who were evaluated remotely through a videoconference platform. To ensure effective and comprehensive instructions for the test, we developed a guideline called OMPEPE (an acronym for: Objective; Materials; Position-Start; Execution; Position-End; Environment). We assessed the 5TSTS intra- and inter-rater reliability by comparing scores obtained from the same examiner and from different examiners, respectively. Participants and examiners completed online surveys to provide information about feasibility and safety.
Twelve older adults with PD and 17 older adults without PD were included in this study (mean ages 69.0 and 67.6 years, respectively). Based on the participants' perspectives and the absence of adverse effects, teleassessment using the 5TSTS is feasible and safe for older adults with and without PD. Excellent intra- and inter-rater reliability (intraclass correlation coefficient >0.90) was found for all measurements of the 5TSTS.
This study demonstrated the feasibility, safety, and reliability of teleassessment using the 5TSTS. The guidelines developed may help health professionals minimize barriers and safely conduct an online assessment that includes a physical test such as the 5TSTS in older adults with or without PD. In addition to addressing technological barriers, the OMPEPE guideline might ensure the optimal execution of evaluations.
Teleassessment using the 5TSTS for older adults with and without PD is feasible and safe. Both synchronous (i.e., live) and asynchronous (i.e., recorded) online 5TSTS tests demonstrate excellent intra- and inter-rate reliability.","[{'affiliation': 'Rehabilitation Sciences Graduate Program Universidade Federal de Ciências da Saúde de Porto Alegre (UFCSPA), Porto Alegre, Rio Grande do Sul, Brazil.\nMovement Analysis and Rehabilitation Laboratory, Universidade Federal de Ciências da Saúde de Porto Alegre (UFCSPA), Porto Alegre, Rio Grande do Sul, Brazil.', 'firstname': 'Caroline Santos', 'initials': 'CS', 'lastname': 'Figueiredo'}, {'affiliation': 'Movement Analysis and Rehabilitation Laboratory, Universidade Federal de Ciências da Saúde de Porto Alegre (UFCSPA), Porto Alegre, Rio Grande do Sul, Brazil.\nHealth Sciences Graduate Program, Universidade Federal de Ciências da Saúde de Porto Alegre (UFCSPA), Porto Alegre, Rio Grande do Sul, Brazil.', 'firstname': 'Camila', 'initials': 'C', 'lastname': 'Pinto'}, {'affiliation': 'Movement Analysis and Rehabilitation Laboratory, Universidade Federal de Ciências da Saúde de Porto Alegre (UFCSPA), Porto Alegre, Rio Grande do Sul, Brazil.', 'firstname': 'Isabela Possebon', 'initials': 'IP', 'lastname': 'Bevilacqua'}, {'affiliation': 'Movement Analysis and Rehabilitation Laboratory, Universidade Federal de Ciências da Saúde de Porto Alegre (UFCSPA), Porto Alegre, Rio Grande do Sul, Brazil.', 'firstname': 'Ivan Lima', 'initials': 'IL', 'lastname': 'Cortez'}, {'affiliation': 'Movement Analysis and Rehabilitation Laboratory, Universidade Federal de Ciências da Saúde de Porto Alegre (UFCSPA), Porto Alegre, Rio Grande do Sul, Brazil.', 'firstname': 'Francisca', 'initials': 'F', 'lastname': 'Pereira'}, {'affiliation': 'Rehabilitation Sciences Graduate Program Universidade Federal de Ciências da Saúde de Porto Alegre (UFCSPA), Porto Alegre, Rio Grande do Sul, Brazil.\nMovement Analysis and Rehabilitation Laboratory, Universidade Federal de Ciências da Saúde de Porto Alegre (UFCSPA), Porto Alegre, Rio Grande do Sul, Brazil.', 'firstname': 'Alexandre Severo', 'initials': 'AS', 'lastname': 'do Pinho'}, {'affiliation': 'Rehabilitation Sciences Graduate Program Universidade Federal de Ciências da Saúde de Porto Alegre (UFCSPA), Porto Alegre, Rio Grande do Sul, Brazil.\nMovement Analysis and Rehabilitation Laboratory, Universidade Federal de Ciências da Saúde de Porto Alegre (UFCSPA), Porto Alegre, Rio Grande do Sul, Brazil.\nHealth Sciences Graduate Program, Universidade Federal de Ciências da Saúde de Porto Alegre (UFCSPA), Porto Alegre, Rio Grande do Sul, Brazil.', 'firstname': 'Aline Souza', 'initials': 'AS', 'lastname': 'Pagnussat'}]","Teleassessment using the 5TSTS for older adults with and without PD is feasible and safe. Both synchronous (i.e., live) and asynchronous (i.e., recorded) online 5TSTS tests demonstrate excellent intra- and inter-rate reliability.",© 2024 John Wiley & Sons Ltd.,10.1002/pri.2114,Physiotherapy research international : the journal for researchers and clinicians in physical therapy,,"Twelve older adults with PD and 17 older adults without PD were included in this study (mean ages 69.0 and 67.6 years, respectively). Based on the participants' perspectives and the absence of adverse effects, teleassessment using the 5TSTS is feasible and safe for older adults with and without PD. Excellent intra- and inter-rater reliability (intraclass correlation coefficient >0.90) was found for all measurements of the 5TSTS.",<Element 'PubmedArticle' at 0x714e8199c860>
"39114279
36625807
25189402
19234401
27123458
33238400
25284177
24063620
34935590
20423563
28223908
37363147
21984201
35606054
35486193
31369952
9593755
22391306
9651401
14625346
35037687
3717426
12363198
32318573
22926922
35175416
34046850
31852009
31664451
36170224
31906400
24163279
18445737
23462933
21401949
19834287
12706549
15987694
16174805
22966478
21427056
20195903
16874769
25189402
25883837
32460093
22554242
23224412
23396248
26812817
22197952
25407376
1275638
35629374
35628394
35356729
26883814
34556849",Hypothesis: 2 Major Environmental and Pharmaceutical Factors-Acetaminophen Exposure and Gastrointestinal Overgrowth of Clostridia Bacteria Induced By Ingestion of Glyphosate-Contaminated Foods-Dysregulate the Developmental Protein Sonic Hedgehog and Are Major Causes of Autism.,2024-08-08,,"Epidemiological studies have found 2 significant factors associated with the increased incidence of autism spectrum disorder (ASD): the increased use of acetaminophen in the 1970s when this drug largely replaced the use of aspirin for many patients because of a fear of Reye syndrome, and the agricultural use in the 1990s of the herbicide glyphosate on crops that were genetically modified (GM) to tolerate glyphosate. The incidence of autism in the United States, where acetaminophen is widely available, is more than 1000 times greater than in Cuba, where acetaminophen is available only by prescription. Metabolites of both glyphosate and acetaminophen likely alter the function of the developmental protein sonic hedgehog (SHH). Glyphosate likely affects SHH indirectly by decreasing the beneficial flora of the gastrointestinal tract and increasing pathogenic Clostridia bacteria, which are resistant to glyphosate. The marked increase of certain Clostridia species caused by glyphosate results in Clostridia production of large amounts of 3-(3-hydroxyphenyl)-3-hydroxypropionate (HPHPA) and 4-cresol (","[{'affiliation': 'Research Chemist, Mosaic Diagnostics, Overland Park, KS, USA.', 'firstname': 'William', 'initials': 'W', 'lastname': 'Shaw'}]",,Copyright © 2024 InnoVision Professional Media Inc.,,"Integrative medicine (Encinitas, Calif.)",,,<Element 'PubmedArticle' at 0x714e81997060>
"39113688
23367028
19993269
12171104
27084833
21693054
17021893",Proximal auditory AR rehabilitation: system integration and wellness applications-from hearing support up toward vestibular rehabilitation.,2024-08-08,"Parkinson’s disease, auditory AR, extrapyramidal tract, proximity, vestibular rehabilitation","We present a new rehabilitation system based on novel principles, which consists of an auditory augmented reality (AR) headset we originated. The auditory AR headset, which does not cover both ears, allows users to hear both Real and Virtual environmental sounds at the same time. It can also be used in combination with Hearing Aids. We have studied a system to support hearing-impaired people and conducted a test evaluation. The system was able to provide convenience akin to ""reading glasses for sound"" to those who had mild hearing disabilities. Furthermore, by combining the system with surrounding speakers, a completely novel virtual auditory illusion was created in which the sound image jumps into the ear and runs away. We name this ""proximal auditory AR (PAAR)"" system. This system directly affects the unconscious level of reflexes for maintaining a standing position and can generate very subtle body motion disturbance. Using this system, we can modulate the standing posture and observe the autonomic nerve system's ability to subliminally compensate for the disturbance, using a stabilometer that measures body sways by center of pressure (COP). We observed a significant difference in the declination of COP only when using the PAAR, which is combined with array speakers and the auditory AR headphone, compared using a conventional closed-type and a bone-conduction headphone. By analyzing such big data of physical movement through machine learning, we expect to realize new systems for diagnosis, rehabilitation, function maintenance, and fall prevention.","[{'affiliation': 'Graduate School of Interdisciplinary Information Studies, The University of Tokyo, Tokyo, Japan.', 'firstname': 'Jinyoung', 'initials': 'J', 'lastname': 'Lee'}, {'affiliation': 'Faculty of Health and Wellness Sciences, Hiroshima International University, Hiroshima, Japan.', 'firstname': 'Shigekazu', 'initials': 'S', 'lastname': 'Ishihara'}, {'affiliation': 'Faculty of Health and Wellness Sciences, Hiroshima International University, Hiroshima, Japan.', 'firstname': 'Keiko', 'initials': 'K', 'lastname': 'Ishihara'}, {'affiliation': 'Graduate School of Interdisciplinary Information Studies, The University of Tokyo, Tokyo, Japan.', 'firstname': 'Ken', 'initials': 'K', 'lastname': 'Ito'}]",,"© 2024 Lee, Ishihara, Ishihara and Ito.","10.3389/fresc.2024.1288945
10.1109/EMBC.2012.6347094
10.1007/978-1-4615-0713-0_17
10.1093/jmt/thw003
10.1186/1743-0003-8-35
10.1007/s00221-006-0709-y",Frontiers in rehabilitation sciences,,,<Element 'PubmedArticle' at 0x714e819aa6b0>
39103189,"Efficient application of Pyrosin B for nano-gram level assay of antiparkinsonian medication, rasagiline: Evaluation of tablets and content uniformity.",2024-08-06,"ParkintreatR tablets (1 mg), Pyrosin B, antiparkinsonian medicament, content uniformity, rasagiline","Rasagiline (RAS) is a medication for Parkinson's disease that increases dopamine levels in the brain by inhibiting monoamine oxidase, helping to alleviate symptoms. The proposed study aims to develop an efficient, feasible, and sensitive method for RAS assay, utilizing Pyrosin B dye, a convenient fluorescent ligand. Combining the RAS analyte with Pyrosin B ligand in a mildly acidic buffered solution rapidly quenches the native fluorescence of the ligand. This quenching results from the formation of a specific ion-dipole association complex between the lone pair-bearing atoms of the ligand and the protonated amine moiety of RAS, highlighting their interactive chemistry under these conditions. The degree of this interaction demonstrated superior sensitivity compared with reported alternatives, exhibiting a linear range of 50.0 to 1000.0 ng/mL. The method is characterized by a limit of detection (LOD) of 16.0 ng/mL and a limit of quantification (LOQ) of 48.0 ng/mL. By optimizing the RAS-Pyrosin B system, the variable parameters were finely tuned, ensuring the assay method's reliability. The method's accuracy, precision, selectivity, and robustness were validated according to International Council for Harmonization (ICH) guidelines, enabling precise and efficient analysis of RAS in the nanogram range. This method streamlines the analysis procedure and reduces environmental impact, making it a promising approach for the quality control of Parkintreat","[{'affiliation': 'Department of Pharmaceutical Analytical Chemistry, Faculty of Pharmacy, Al-Azhar University, Assiut Branch, Assiut, Egypt.', 'firstname': 'Ahmed A', 'initials': 'AA', 'lastname': 'Abu-Hassan'}, {'affiliation': 'Department of Pharmaceutics, College of Pharmacy, King Saud University, Riyadh, Saudi Arabia.', 'firstname': 'Wael A', 'initials': 'WA', 'lastname': 'Mahdi'}, {'affiliation': 'Department of Pharmaceutics, College of Pharmacy, King Saud University, Riyadh, Saudi Arabia.', 'firstname': 'Sultan', 'initials': 'S', 'lastname': 'Alshehri'}, {'affiliation': 'Department of Pharmaceutical Chemistry, College of Pharmacy, Shaqra University, Shaqra, Saudi Arabia.\nDepartment of Pharmaceutical Analytical Chemistry, Faculty of Pharmacy, South Valley University, Qena, Egypt.', 'firstname': 'Mohamed A', 'initials': 'MA', 'lastname': 'El Hamd'}]",,© 2024 John Wiley & Sons Ltd.,10.1002/bio.4853,Luminescence : the journal of biological and chemical luminescence,,,<Element 'PubmedArticle' at 0x714e819bdf80>
"39087984
33968988
16303137
26851279
28225081
33555894
33307683
25400522
27320918
25855634
31634364
32004090
28109332
17848524
29364893
16740119
36513655
24010708
22399315
36682493
20858207
34242594
27819658
18446219
25288112
21071423
35795820
6667333
7108955
24825614
31756104
18597478
37018196
32029630
0
37114769
21500218
35865903
35787838
37735186
18665616
35501484
31914313
28126719
32514159
33934416
29735687
36481455
33827920
34431665
28935776
33782607
37645312
35377637
25352545
36115020
11152691
11943202
18573080
16211538
9623998
33356290
37043540
36083825
23395796",Modulation of α-synuclein aggregation amid diverse environmental perturbation.,2024-08-01,"LLPS, coarse-grained MD simulation, crowding, human, molecular biophysics, salt, structural biology","Intrinsically disordered protein α-synuclein (αS) is implicated in Parkinson's disease due to its aberrant aggregation propensity. In a bid to identify the traits of its aggregation, here we computationally simulate the multi-chain association process of αS in aqueous as well as under diverse environmental perturbations. In particular, the aggregation of αS in aqueous and varied environmental condition led to marked concentration differences within protein aggregates, resembling liquid-liquid phase separation (LLPS). Both saline and crowded settings enhanced the LLPS propensity. However, the surface tension of αS droplet responds differently to crowders (entropy-driven) and salt (enthalpy-driven). Conformational analysis reveals that the IDP chains would adopt extended conformations within aggregates and would maintain mutually perpendicular orientations to minimize inter-chain electrostatic repulsions. The droplet stability is found to stem from a diminished intra-chain interactions in the C-terminal regions of αS, fostering inter-chain residue-residue interactions. Intriguingly, a graph theory analysis identifies ","[{'affiliation': 'Tata Institute of Fundamental Research, Hyderabad, India.', 'firstname': 'Abdul', 'initials': 'A', 'lastname': 'Wasim'}, {'affiliation': 'Tata Institute of Fundamental Research, Hyderabad, India.', 'firstname': 'Sneha', 'initials': 'S', 'lastname': 'Menon'}, {'affiliation': 'Tata Institute of Fundamental Research, Hyderabad, India.', 'firstname': 'Jagannath', 'initials': 'J', 'lastname': 'Mondal'}]",,"© 2024, Wasim et al.","10.7554/eLife.95180
10.1016/j.softx.2015.06.001
10.1021/j100089a018
10.3389/fmolb.2021.654333
10.1016/j.jmb.2005.10.071
10.1074/jbc.R115.695056
10.1038/nrm.2017.7
10.1021/acs.jpclett.0c03404
10.1007/s100510050067
10.1021/acs.jctc.0c01064
10.1021/ct500569b
10.1016/j.celrep.2016.05.076
10.1073/pnas.1421204112
10.1371/journal.pcbi.1007028
10.1146/annurev-biophys-121219-081629
10.1016/bs.ircmb.2016.08.010
10.1073/pnas.0702766104
10.1371/journal.pcbi.1005941
10.1515/BC.2006.064
10.1038/s41467-022-35370-7
10.1016/j.str.2013.08.001
10.1007/978-1-4614-0659-4_1
10.25080/Majora-629e541a-00e
10.1016/j.jbc.2023.102926
10.2174/092986611794578332
10.1016/j.bpj.2021.06.032
10.1038/nmeth.4067
10.1371/journal.pone.0002051
10.1109/MCSE.2007.55
10.1146/annurev-cellbio-100913-013325
10.1093/nar/gkq1105
10.1038/s43588-021-00155-3
10.1002/bip.360221211
10.1016/0022-2836(82)90515-0
10.1093/bioinformatics/btu310
10.1021/acs.jctc.9b00932
10.1021/ac800616u
10.1016/j.bpj.2022.11.1247
10.1073/pnas.2212516120
10.1126/science.aaw8653
10.1101/2022.10.20.513005
10.1021/acs.jpcb.3c00982
10.1002/jcc.21787
10.1039/d2sc02013k
10.1016/j.jmb.2022.167713
10.1038/s41467-023-41586-y
10.1021/bi8008399
10.1038/s41557-022-00934-z
10.1021/acs.jctc.9b00251
10.1073/pnas.1620159114
10.1038/s41557-020-0465-9
10.1002/pro.4094
10.5486/PMD.1959.6.3-4.12
10.1073/pnas.1800690115
10.1016/j.bbapap.2022.140885
10.1073/pnas.2019053118
10.1021/acs.biochem.1c00434
10.1002/j.1538-7305.1948.tb01338.x
10.1126/science.aaf4382
10.1016/j.bpj.2020.11.445
10.1038/s41592-021-01098-3
10.12688/openreseurope.14967.2
10.1021/acs.jctc.1c01042
10.1093/nar/gku1028
10.1002/anie.202205726
10.1074/jbc.M010907200
10.1016/s0014-5793(02)02446-8
10.1146/annurev.biophys.37.032807.125924
10.1002/jcc.20291
10.1038/30918
10.1021/acs.jpclett.0c02567
10.1021/acs.jctc.2c01273
10.1021/acs.jcim.2c00974
10.1016/j.febslet.2013.01.064",eLife,,,<Element 'PubmedArticle' at 0x714e81a1b330>
"39070644
22892372
27818248
23857047
30584159
24050700
31521533
21636976
27346641
31341302
36717624
32967067
36061205
22869198
23150265
28769760
30072060
27358065
27120258
30983962
37626097
23400093
25411882
22106369
24845851
24653733
21203455
22037496
22961382
24594098
28847947
23434322
32020534
25538551
20371518
31403079
23907097
20445061
32151270
33523105
32650713
35454993
35995800
30948140
35661211
32807949
36151217
31552098
36964604
34152198
22539555
27153596
25619230
23183883
27522082
28035024
24478339
28961746
29469594
23426267
35873672
24994026
30200313
34991667
38092916
27374120
27322403
19237447
21149340
36370105
28096185
15455214
30958317
31521533
23211418
22563501
26703368
26528954
31120186
23804577
23804563
36739293
36792618
38995845
23690026
38306948
30065071
33737866
30203060
32357266
35246670
38744709
37115318
38652714","Parkinson's disease-associated shifts between DNA methylation and DNA hydroxymethylation in human brain in PD-related genes, including PARK19 (DNAJC6) and PTPRN2 (IA-2β).",2024-07-29,"DNA methylation, DNAJC6, Epigenetics, Epigenomics, PTPRN2, Parkinson disease","The majority of Parkinson's disease (PD) cases are due to a complex interaction between aging, genetics, and environmental factors; epigenetic mechanisms are thought to act as important mediators of these risk factors. While multiple studies to date have explored the role of DNA modifications in PD, few focus on 5-hydroxymethylcytosine (5hmC). Because 5hmC occurs at its highest levels in the brain and is thought to be particularly important in the central nervous system, particularly in the response to neurotoxicants, it is important to explore the potential role of 5hmC in PD. This study expands on our previously published epigenome-wide association study (EWAS) performed on DNA isolated from neuron-enriched nuclei from human postmortem parietal cortex from the Banner Sun Health Research Institute Brain Bank. The study aimed to identify paired changes in 5hmC and 5mC in PD in enriched neuronal nuclei isolated from PD post-mortem parietal cortex and age- and sex-matched controls. We performed oxidative bisulfite (oxBS) conversion and paired it with our previously published bisulfite (BS)-based EWAS on the same samples to identify cytosines with significant shifts between these two related epigenetic marks. Interaction differentially modified cytosines (iDMCs) were identified using our recently published mixed-effects model for co-analyzing β
We identified 1,030 iDMCs with paired changes in 5mC and 5hmC (FDR < 0.05) that map to 695 genes, including 
These data potentially link epigenetic regulation of the ","[{'affiliation': 'Rutgers University.', 'firstname': 'Juliana I', 'initials': 'JI', 'lastname': 'Choza'}, {'affiliation': 'Rutgers University.', 'firstname': 'Mahek', 'initials': 'M', 'lastname': 'Virani'}, {'affiliation': 'Michigan State University.', 'firstname': 'Nathan C', 'initials': 'NC', 'lastname': 'Kuhn'}, {'affiliation': 'Van Andel Research Institute.', 'firstname': 'Marie', 'initials': 'M', 'lastname': 'Adams'}, {'affiliation': 'Michigan State University.', 'firstname': 'Joseph', 'initials': 'J', 'lastname': 'Kochmanski'}, {'affiliation': 'Rutgers University.', 'firstname': 'Alison I', 'initials': 'AI', 'lastname': 'Bernstein'}]",,,"10.21203/rs.3.rs-4572401/v1
10.1093/HMG/DDS335
10.1016/j.mcp.2016.11.001
10.1038/nrneurol.2013.132
10.3233/JPD-181474
10.1146/ANNUREV-PHARMTOX-011613-135937
10.1016/S1474-4422(19)30287-X
10.4161/epi.6.7.16209
10.1038/nrg.2016.59
10.1038/s41586-019-1411-0
10.1038/S41576-022-00569-3
10.1073/pnas.2016710117
10.3389/FGENE.2022.971298
10.1038/nm.2828
10.1007/978-94-007-4525-4_22
10.3389/fnmol.2017.00225
10.1016/bs.pmbts.2018.04.008
10.1007/s00401-016-1590-9
10.1111/jnc.13646
10.3389/fnins.2019.00277
10.1038/s41531-023-00568-z
10.1038/nrg3354
10.1038/nchem.2064
10.1101/gr.126417.111
10.1016/j.expneurol.2014.05.008
10.3389/fgene.2014.00046
10.1371/journal.pone.0015367
10.1038/nn.2959
10.1038/NSMB.2372
10.1186/gb-2014-15-3-r49
10.1073/pnas.1708044114
10.1016/j.cell.2013.02.004
10.1007/s40572-020-00268-3
10.3389/fnins.2014.00397
10.1093/nar/gkq223
10.1212/NXG.0000000000000342
10.4161/epi.25865
10.1523/JNEUROSCI.6119-09.2010
10.1186/s13059-020-01960-1
10.1001/jamaneurol.2020.5257
10.1186/s12868-020-00582-4
10.3390/life12040502
10.1038/s41467-022-32619-z
10.1016/J.NEUROBIOLAGING.2019.02.025
10.1093/hmg/ddac122
10.1038/s41593-020-0690-y
10.1038/s41531-022-00355-2
10.3389/fgene.2019.00801
10.1186/S13148-023-01461-5
10.1289/EHP8507
10.1126/science.1220671
10.1093/bioinformatics/btw158
10.1111/NEUP.12189
10.1038/nrneurol.2012.242
10.1093/BIOINFORMATICS/BTW527
10.1093/bioinformatics/btw691
10.1093/BIOINFORMATICS/BTU049
10.1093/bioinformatics/btx513
10.2217/EPI-2017-0105
10.4161/epi.23924
10.1016/J.XGEN.2022.100144
10.1186/1471-2105-15-232
10.1111/J.1467-9876.2005.00510.X
10.3390/ht7030023
10.1186/s13059-021-02572-z
10.1038/s41586-023-06812-z
10.1093/database/baw100
10.1002/cpbi.5
10.1093/bioinformatics/btp101
10.1093/bioinformatics/btq675
10.1093/nar/gkac1000
10.1093/hmg/ddw412
10.1007/s00702-004-0212-1
10.3233/JPD-181549
10.1016/S1474-4422(19)30287-X.
10.1016/j.parkreldis.2012.11.006
10.1371/journal.pone.0036458
10.1002/ana.24591
10.1002/ana.24553
10.1111/febs.14936
10.1002/humu.22373
10.1002/humu.22372
10.1038/s41531-023-00459-3
10.1038/s41531-023-00465-5
10.1101/2024.04.26.590998
10.1007/s11910-013-0362-3
10.1016/j.conb.2024.102841
10.15252/embj.201898960
10.3389/fncel.2021.626128
10.1093/toxsci/kfy219
10.1002/mds.28075
10.1038/s41577-022-00684-6
10.1007/s00204-024-03768-5
10.1007/s00439-023-02565-x
10.1371/journal.pbio.3002559",Research square,,"We identified 1,030 iDMCs with paired changes in 5mC and 5hmC (FDR < 0.05) that map to 695 genes, including ",<Element 'PubmedArticle' at 0x714e80459da0>
39067264,Unveiling the ototoxic effects of paraquat on zebrafish larva.,2024-07-28,"Hair cells, Lateral line system, Neuromasts, Ototoxicity, Paraquat, Zebrafish","Paraquat is a widely utilized herbicide in agricultural fields posing a significant impact on human health and the environment due to its potent oxidant properties. Rampant paraquat usage leads to serious health hazards to farmers and the ecosystem, particularly the water bodies. Paraquat exposure can damage dopaminergic neurons causing Parkinson's disease in humans and other animal models. Extensive research has been done regarding the mode of action, pathophysiology and molecular mechanisms of paraquat-induced Parkinson's disease. Meanwhile, the ototoxic effect of paraquat remains poorly understood. Potential ototoxins can cause sensorineural hearing loss, one of the most common sensory disabilities in humans. In this study, we investigated the harmful effects of paraquat on neuromast hair cells in zebrafish larvae, a powerful model organism for auditory research. We treated sub-lethal concentrations (125 μM to 1000 μM) of paraquat to 3 and 4 dpf zebrafish larvae to investigate its ototoxic effects via rheotaxis behavioral assay, neuromast staining and scanning electron microscopy. The behavioral assay findings showed a drastic decline in the rheotaxis behavior in all the concentrations of paraquat-treated larvae. Furthermore, DASPEI neuromast vital staining displayed a dose-dependent reduction in the neuromast hair cells as we increased the paraquat concentration. The scanning electron microscope data revealed the significant shortening of kinociliary length, a decrease in stereociliary density and changes in semilunar peridermal cell morphology signifying the damaging effects of paraquat at the cellular level. Collectively, the behavioral, anatomical and morphological studies highlight the potential ototoxic effects of paraquat on zebrafish neuromast hair cells, further signifying its potential role in causing hearing loss in humans.","[{'affiliation': 'Zebrafish Genetics Laboratory, Department of Genetic Engineering, SRM Institute of Science and Technology, Kattankulathur 603203, India.', 'firstname': 'M S Ananthakrishna', 'initials': 'MSA', 'lastname': 'Tantry'}, {'affiliation': 'Zebrafish Genetics Laboratory, Department of Genetic Engineering, SRM Institute of Science and Technology, Kattankulathur 603203, India. Electronic address: kirankus@srmist.edu.in.', 'firstname': 'Kirankumar', 'initials': 'K', 'lastname': 'Santhakumar'}]",,Copyright © 2024 Elsevier B.V. All rights reserved.,10.1016/j.aquatox.2024.107030,"Aquatic toxicology (Amsterdam, Netherlands)",,,<Element 'PubmedArticle' at 0x714e80438fe0>
"39050892
27514452
36499506
22188454
27412734
26935478
32252301
33007212
30579705
30287051
30584159
15302203
26868456
38191130
27873462
35118714
30368497
36453406
35357035
25218423
28778750
28399655
36372278
18060039
37675119
35151421
27207919
35367221
21445033
19549006
38598572
21234411
34209978
36180720
27773844
32674367
38307325
25108167
20156986
33187730
32007473
34125534
27373679
35287475
37898351
28655544
29775624
20359499
25007740
29204450
30052036
19913097
25926349
22188447
25364880
29223528
38156294
15561913
25446762
24981511
30951392
36465181
37878309",Type 2 diabetes microenvironment promotes the development of Parkinson's disease by activating microglial cell inflammation.,2024-07-26,"Parkinson’s disease, cGAS-STING, inflammation, mitochondria, type 2 diabetes","Parkinson's disease (PD) is the second most common neurodegenerative disease in the world, and type 2 diabetes (T2DM) and PD are influenced by common genetic and environmental factors. Mitochondrial dysfunction and inflammation are common pathogenic mechanisms of both diseases. However, the close association between PD and T2DM and the specific relationship between them are not yet clear. This study aimed to reveal the specific connection between the two diseases by establishing a mouse model of comorbid PD and T2DM, as well as a Bv2 cell model.
C57BL/6 mouse were used to construct a model of PD with T2DM using streptozotocin and rotenone, while Bv2 cells were used to simulate the microenvironment of PD and T2DM using rotenone and palmitate. Behavioral tests were conducted to assess any differences in motor and cognitive functions in mouse. Immunohistochemistry was used to analyze the number of dopaminergic neurons in the substantia nigra region of mouse. Western blotting was used to detect the expression levels of TH, P-NFκB, NFκB, Cyclic GMP-AMP synthase (cGAS), and Stimulator of interferon genes (STING) proteins in the substantia nigra region of mouse and Bv2 cells. qRT-PCR was used to analyze the expression levels of IL1β, IL6, and TNF-α. Seahorse technology was used to assess mitochondrial function in Bv2 cells.
T2DM exacerbated the motor and cognitive symptoms in mouse with PD. This effect may be mediated by disrupting mitochondrial function in microglial cells, leading to damaged mtDNA leakage into the cytoplasm, subsequently activating the cGAS-STING pathway and downstream P-NFκB/NFκB proteins, triggering an inflammatory response in microglial cells. Microglial cells release inflammatory factors such as IL1β, IL6, and TNF-α, exacerbating neuronal damage caused by PD.
Our study results suggest that T2DM may exacerbate the progression of PD by damaging mitochondrial function, and activating microglial cell inflammation. The detrimental effects on Parkinson's disease may be achieved through the activating of the cGAS-STING protein pathway.","[{'affiliation': 'Department of Neurology, Qilu Hospital, Shandong University, Jinan, China.', 'firstname': 'Bohan', 'initials': 'B', 'lastname': 'Zhang'}, {'affiliation': 'Department of Neurology, Qilu Hospital, Shandong University, Jinan, China.', 'firstname': 'Chengyuan', 'initials': 'C', 'lastname': 'Song'}, {'affiliation': 'Department of Neurology, Qilu Hospital, Shandong University, Jinan, China.', 'firstname': 'Xiao', 'initials': 'X', 'lastname': 'Tang'}, {'affiliation': 'Department of Neurology, Qilu Hospital, Shandong University, Jinan, China.', 'firstname': 'Min', 'initials': 'M', 'lastname': 'Tian'}, {'affiliation': 'Department of Neurology, Qilu Hospital, Shandong University, Jinan, China.', 'firstname': 'Yuqian', 'initials': 'Y', 'lastname': 'Liu'}, {'affiliation': 'Department of Neurology, Qilu Hospital, Shandong University, Jinan, China.', 'firstname': 'Zhuoran', 'initials': 'Z', 'lastname': 'Yan'}, {'affiliation': 'Department of Neurology, Qilu Hospital, Shandong University, Jinan, China.', 'firstname': 'Ruonan', 'initials': 'R', 'lastname': 'Duan'}, {'affiliation': 'Department of Neurology, Qilu Hospital, Shandong University, Jinan, China.', 'firstname': 'Yiming', 'initials': 'Y', 'lastname': 'Liu'}]","Our study results suggest that T2DM may exacerbate the progression of PD by damaging mitochondrial function, and activating microglial cell inflammation. The detrimental effects on Parkinson's disease may be achieved through the activating of the cGAS-STING protein pathway.","Copyright © 2024 Zhang, Song, Tang, Tian, Liu, Yan, Duan and Liu.","10.3389/fcell.2024.1422746
10.1016/j.bbrc.2016.08.043
10.3390/ijms232315182
10.2174/138161211798764924
10.1002/cncy.21762
10.3892/mmr.2016.4948
10.3390/ijms21072464
10.1016/S2468-2667(20)30190-0
10.1016/j.nbd.2018.12.012
10.1016/S1474-4422(18)30295-3
10.3233/JPD-181474
10.1016/j.mam.2004.03.001
10.1016/j.neuro.2016.02.002
10.1021/acs.chemrestox.3c00339
10.1111/cns.12655
10.1111/fcp.12767
10.1159/000492972
10.4103/1673-5374.358621
10.1096/fj.202101988R
10.1007/s10495-014-1021-0
10.1007/978-1-0716-2780-8
10.1016/j.tox.2017.07.015
10.1146/annurev-biochem-061516-044813
10.1016/j.phrs.2022.106550
10.1016/j.cnr.2006.09.006
10.3389/fimmu.2023.1199751
10.1016/j.mrgentox.2021.503437
10.1093/ijnp/pyw047
10.1016/j.neubiorev.2022.104642
10.3791/2376
10.1111/j.1471-4159.2009.06189.x
10.1056/NEJMoa2312323
10.4061/2011/617472
10.3390/ijms22137030
10.1038/s41598-022-20665-y
10.1016/j.vascn.2016.10.007
10.3390/cells9071687
10.1016/j.metabol.2024.155813
10.1016/j.neuroscience.2014.07.046
10.1210/er.2009-0027
10.1016/j.tins.2020.10.008
10.1016/j.ab.2020.113608
10.1021/acschemneuro.1c00085
10.1016/j.biocel.2016.06.015
10.1146/annurev-biochem-040320-101629
10.1016/j.bbr.2023.114730
10.1016/j.tox.2017.06.012
10.1016/j.neuro.2018.05.002
10.1016/j.jneumeth.2010.03.026
10.1016/j.cytogfr.2014.06.006
10.1155/2017/1673081
10.1021/acsnano.7b07643
10.1016/j.nbd.2009.11.004
10.1016/j.nbd.2015.04.008
10.2174/138161211798764915
10.3109/00207454.2014.982795
10.1016/j.neuropharm.2017.11.048
10.1002/mco2.462
10.2337/diabetes.53.suppl_3.s215
10.1016/j.bbr.2014.11.002
10.1093/nar/gku569
10.1080/15548627.2019.1603547
10.14336/AD.2022.0316
10.1001/jamanetworkopen.2023.39723",Frontiers in cell and developmental biology,,"T2DM exacerbated the motor and cognitive symptoms in mouse with PD. This effect may be mediated by disrupting mitochondrial function in microglial cells, leading to damaged mtDNA leakage into the cytoplasm, subsequently activating the cGAS-STING pathway and downstream P-NFκB/NFκB proteins, triggering an inflammatory response in microglial cells. Microglial cells release inflammatory factors such as IL1β, IL6, and TNF-α, exacerbating neuronal damage caused by PD.",<Element 'PubmedArticle' at 0x714e8043bd30>
"39019779
36303163
35743087
36558520
34203776
34444999
30753131
38432867
38432867
36432462
35966101
36406749
35204119
36004400
35596883
36569198
35299696
35278043
28783713
36396898
31341063
33633246
29233686
35145486
36771270
34836554
31425383
32845171
34764887
35215463
36457073
24336217
35377222
35799284
34179053
35336852
34025029
31053143
27924137
35834007
36014798
29166320
30999699
32624568
33494210
26453501
32898618
34680972
35269818
28285189
34822374",Exercise perspective: Benefits and mechanisms of gut microbiota on the body.,2024-07-18,"dysbiosis, ecological balance, exercise, gut microbiota, metabolites","Gut microbiota refers to the vast and diverse community of microorganisms residing in the intestines. Factors such as genetics, environmental influences (e.g., exercise, diet), and early life experiences (e.g., infant feeding methods) can all affect the ecological balance of gut microbiota within the body. Dysbiosis of the gut microbiota is associated with extra-intestinal diseases such as Parkinson's syndrome, osteoporosis, and autoimmune diseases, suggesting that disturbances in gut microbiota may be one of the causes of these diseases. Exercise benefits various diseases, with gut microbiota playing a role in regulating the nervous, musculoskeletal, and immune systems. Gut microbiota can impact the body's health status through the gut-brain axis, gut-muscle axis, and immune pathways. Moderate-intensity aerobic exercise can increase the quantity of gut microbiota and change microbial abundance, although short-term exercise does not significantly affect the alpha diversity of the microbiota. Resistance exercise also does not have a significant regulatory effect on gut microbiota.
肠道菌群是指寄居在肠道内数量庞大、种类繁多的微生物群。遗传、环境因素(如运动、饮食)和早期生活(如婴儿期的喂养方式)等均可影响肠道菌群在机体内的生态平衡。肠道生态失调与肠外疾病(如帕金森综合征、骨质疏松、自身免疫性疾病等)相关，故肠道菌群的紊乱可能是这些疾病发病的原因之一。运动对多种疾病有益处，肠道菌群参与神经系统、运动系统、免疫系统的调控。肠道菌群可以通过肠-脑轴、肠-肌轴、免疫等途径影响机体的健康状态；中等强度的有氧运动可以增加肠道菌群的数量，改变菌群丰度，但短期运动对菌群的α多样性无明显影响，抗阻运动对于肠道菌群亦无明显的调控作用。.
Gut microbiota refers to the vast and diverse community of microorganisms residing in the intestines. Factors such as genetics, environmental influences (e.g., exercise, diet), and early life experiences (e.g., infant feeding methods) can all affect the ecological balance of gut microbiota within the body. Dysbiosis of the gut microbiota is associated with extra-intestinal diseases such as Parkinson’s syndrome, osteoporosis, and autoimmune diseases, suggesting that disturbances in gut microbiota may be one of the causes of these diseases. Exercise benefits various diseases, with gut microbiota playing a role in regulating the nervous, musculoskeletal, and immune systems. Gut microbiota can impact the body’s health status through the gut-brain axis, gut-muscle axis, and immune pathways. Moderate-intensity aerobic exercise can increase the quantity of gut microbiota and change microbial abundance, although short-term exercise does not significantly affect the alpha diversity of the microbiota. Resistance exercise also does not have a significant regulatory effect on gut microbiota.","[{'affiliation': 'School of Sports Medicine and Rehabilitation, Beijing Sport University, Beijing 100084, China. gx18835547074@163.com.', 'firstname': 'Xin', 'initials': 'X', 'lastname': 'Gao'}, {'affiliation': 'School of Sports Medicine and Rehabilitation, Beijing Sport University, Beijing 100084, China. zhpzh17@hotmail.com.', 'firstname': 'Peizhen', 'initials': 'P', 'lastname': 'Zhang'}]",,,"10.11817/j.issn.1672-7347.2024.230550
10.1186/s12967-022-03700-4
10.3390/ijms23126643
10.3390/nu14245361
10.3390/nu13062045
10.3390/nu13082839
10.11817/j.issn.1672-7347.2023.230187
10.11817/j.issn.1672-7347.2023.230187
10.3390/nu14224774
10.3389/fendo.2022.927170
10.3389/fncel.2022.1007166
10.3390/antiox11020236
10.1080/19490976.2022.2111952
10.1007/s40279-022-01696-x
10.3389/fcimb.2022.1072341
10.3389/fnbeh.2022.828258
10.1002/jcsm.12964
10.18632/aging.101262
10.1007/s40279-022-01785-x
10.1126/scitranslmed.aan5662
10.1038/s41598-021-84031-0
10.1016/j.dld.2017.11.016
10.3389/fendo.2021.833544
10.3390/nu15030563
10.1186/s40168-021-01181-z
10.1249/MSS.0000000000002112
10.1152/ajpgi.00232.2020
10.3389/fphys.2021.770455
10.3390/nu14040813
10.1080/19490976.2022.2150502
10.1038/nature12820
10.1128/spectrum.00420-22
10.1186/s13102-022-00513-2
10.3389/fnut.2021.637010
10.3390/biology11030479
10.3164/jcbn.20-131
10.1186/s12970-019-0290-y
10.1186/s12970-016-0155-6
10.1007/s00203-022-03111-5
10.3390/nu14163293
10.1249/MSS.0000000000001495
10.3390/nu11040868
10.1038/s12276-020-0459-0
10.3390/sports9020014
10.1016/j.bone.2015.02.008
10.1016/j.exger.2020.111077
10.3390/genes12101577
10.3390/ijms23052679
10.1016/j.redox.2017.02.015
10.3390/metabo11110716",Zhong nan da xue xue bao. Yi xue ban = Journal of Central South University. Medical sciences,,,<Element 'PubmedArticle' at 0x714e8048cb80>
38972217,Experimental and computational assessment of Antiparkinson Medication effects on meiofauna: Case study of Benserazide and Trihexyphenidyl.,2024-07-08,"Benserazide, Computational analyses, Meiobenthic nematodes, Taxon/functional traits, Trihexyphenidyl","Two concentrations (6.25 and 1.25 mg/L) were used for two Parkinson's disease medications, Benserazide, and Trihexyphenidyl, to test their effects on the meiobenthic nematofauna. It is predicted that these highly hydrosoluble drugs will end up in marine environments. The results showed that both medications when added alone, induced (i) important changes in the numbers and (ii) taxonomic composition. The impact of Benserazide and Trihexyphenidyl was also reflected in the (iii) functional traits of nematofauna, with the most affected categories following exposure being the trophic group 1B, the clavate tails, the circular amphids, the c-p2 life history, and the body length of 1-2 mm. These results were supported by the molecular interactions of the studied drugs with both GLD-3 and SDP proteins of Caenorhabditis elegans. (iv) The mixtures of both drugs did not show any changes in the nematode communities, suggesting that no synergistic or antagonistic interactions exist between them.","[{'affiliation': 'LR01ES14 Laboratory of Environment Biomonitoring, Coastal Ecology and Ecotoxicology Unit, Faculty of Sciences of Bizerte, University of Carthage, Zarzouna 7021, Tunisia.', 'firstname': 'Sahar', 'initials': 'S', 'lastname': 'Ishak'}, {'affiliation': 'LR01ES14 Laboratory of Environment Biomonitoring, Coastal Ecology and Ecotoxicology Unit, Faculty of Sciences of Bizerte, University of Carthage, Zarzouna 7021, Tunisia; Biology Department, Higher Institute of Biotechnology of Beja, University of Jendouba, 9000, BP: 382, Tunisia.', 'firstname': 'Mohamed', 'initials': 'M', 'lastname': 'Allouche'}, {'affiliation': 'Biology Department, College of Science, Imam Mohammad Ibn Saud Islamic University (IMSIU), Riyadh 11623, Saudi Arabia. Electronic address: 440028651@sm.imamu.edu.sa.', 'firstname': 'Ghadah S', 'initials': 'GS', 'lastname': 'Alotaibi'}, {'affiliation': 'Biology Department, College of Science, Imam Mohammad Ibn Saud Islamic University (IMSIU), Riyadh 11623, Saudi Arabia. Electronic address: 440025284@sm.imamu.edu.sa.', 'firstname': 'Nada S', 'initials': 'NS', 'lastname': 'Alwthery'}, {'affiliation': 'Biology Department, College of Science, Imam Mohammad Ibn Saud Islamic University (IMSIU), Riyadh 11623, Saudi Arabia. Electronic address: 441021987@sm.imaum.edu.sa.', 'firstname': 'Raghad A', 'initials': 'RA', 'lastname': 'Al-Subaie'}, {'affiliation': 'Department of Biology, College of Science, Princess Nourah bint Abdulrahman University, P.O. Box 84428, Riyadh 11671, Saudi Arabia. Electronic address: nialhoshani@pnu.edu.sa.', 'firstname': 'Nawal', 'initials': 'N', 'lastname': 'Al-Hoshani'}, {'affiliation': 'Department of Environmental Engineering and Management, Faculty of Chemical Engineering and Environmental Protection, ""Gheorghe Asachi"" Technical University of Iasi, Iasi, Romania. Electronic address: oana.plavan@tuaisi.ro.', 'firstname': 'Oana-Alexandra', 'initials': 'OA', 'lastname': 'Plavan'}, {'affiliation': 'Department of Medical Biology, Medicine Faculty, Nigde Omer Halisdemir University, Nigde, Turkey. Electronic address: zselamoglu@ohu.edu.tr.', 'firstname': 'Zeliha', 'initials': 'Z', 'lastname': 'Selamoglu'}, {'affiliation': 'Food Processing Programme Technical Science Vocational School Mersin University, TR-33343 Yenisehir, Mersin, Turkey. Electronic address: sadinozdemir@mersin.edu.tr.', 'firstname': 'Sadin', 'initials': 'S', 'lastname': 'Özdemir'}, {'affiliation': 'Department of Biology, Faculty of Biology, ""Alexandru Ioan Cuza"" University, Bvd. Carol I, No. 20A, 700505, Iasi, Romania. Electronic address: gabriel.plavan@uaic.ro.', 'firstname': 'Gabriel', 'initials': 'G', 'lastname': 'Plavan'}, {'affiliation': ""Department of Biology, Laboratory of General Biology, College of Science, University of Ha'il, Ha'il 81451, Saudi Arabia; Section of Histology-Cytology & Cytogenetics, Faculty of Medicine of Tunis, University of Tunis El Manar, 1007 La Rabta-Tunis, Tunisia. Electronic address: riadh.badraoui@fmt.utm.tn."", 'firstname': 'Riadh', 'initials': 'R', 'lastname': 'Badraoui'}, {'affiliation': 'Biology Department, College of Science, Imam Mohammad Ibn Saud Islamic University (IMSIU), Riyadh 11623, Saudi Arabia. Electronic address: harudayni@imamu.edu.sa.', 'firstname': 'Hassan A', 'initials': 'HA', 'lastname': 'Rudayni'}, {'affiliation': 'Biology Department, College of Science, Imam Mohammad Ibn Saud Islamic University (IMSIU), Riyadh 11623, Saudi Arabia. Electronic address: faboufahja@imamu.edu.sa.', 'firstname': 'Fehmi', 'initials': 'F', 'lastname': 'Boufahja'}]",,Copyright © 2024. Published by Elsevier Ltd.,10.1016/j.marpolbul.2024.116668,Marine pollution bulletin,,,<Element 'PubmedArticle' at 0x714e800ec8b0>
38964951,Hope vs. Hype II: It is time to offer pre-symptomatic genetic testing for GBA and LRRK2 variants.,2024-07-05,"Disease modification, Genetic counseling, Genetic testing, Genetics, Neuroethics, Neurogenetics, Parkinson disease, Predictive testing",,"[{'affiliation': ""Neurology, University of Minnesota, Struthers Parkinson's Center, 6701 Country Club Drive, Golden Valley, MN, United States. Electronic address: martha.nance@parknicollet.com."", 'firstname': 'Martha', 'initials': 'M', 'lastname': 'Nance'}, {'affiliation': 'Neurology, Geisel School of Medicine at Dartmouth, 18 Old Etna Road, Hanover, NH, 03756, United States. Electronic address: Oliver.Phillips@Dartmouth.edu.', 'firstname': 'Oliver', 'initials': 'O', 'lastname': 'Phillips'}, {'affiliation': 'Neurology, Perelman School of Medicine at the University of Pennsylvania, Philadelphia, PA, United States. Electronic address: thomas.tropea@pennmedicine.upenn.edu.', 'firstname': 'Thomas F', 'initials': 'TF', 'lastname': 'Tropea'}]",,,10.1016/j.parkreldis.2024.107041,Parkinsonism & related disorders,,,<Element 'PubmedArticle' at 0x714e800e8b30>
"38962715
23183883
23254192
20619503
19538146
21841800
23765500
7857654
26808899
18799783
18443314
16783378
16881616
19747490
27298346
15615727
25643172
27671749
17176082
30830317
21035178
22122470
23455438
12208858
18393763
28356571
15282274
37883437
23823878
12885775
24899312
20703363
23063533
16968951
30065316
21387008
18570303
18202189
28108534
9545270
21646378
27054615
16339436
32514159
38951706",Lysophosphatidylcholine binds α-synuclein and prevents its pathological aggregation.,2024-07-04,"Parkinson's disease, lysophosphatidylcholine, aggregation, α-synuclein","Accumulation of aggregated α-synuclein (α-syn) in Lewy bodies is the pathological hallmark of Parkinson's disease (PD). Genetic mutations in lipid metabolism are causative for a subset of patients with Parkinsonism. The role of α-syn's lipid interactions in its function and aggregation is recognized, yet the specific lipids involved and how lipid metabolism issues trigger α-syn aggregation and neurodegeneration remain unclear. Here, we found that α-syn shows a preference for binding to lysophospholipids (LPLs), particularly targeting lysophosphatidylcholine (LPC) without relying on electrostatic interactions. LPC is capable of maintaining α-syn in a compact conformation, significantly reducing its propensity to aggregate both ","[{'affiliation': 'Interdisciplinary Research Center on Biology and Chemistry, Shanghai Institute of Organic Chemistry, Chinese Academy of Sciences, Shanghai 201210, China.\nUniversity of Chinese Academy of Sciences, Beijing 100049, China.', 'firstname': 'Chunyu', 'initials': 'C', 'lastname': 'Zhao'}, {'affiliation': 'Interdisciplinary Research Center on Biology and Chemistry, Shanghai Institute of Organic Chemistry, Chinese Academy of Sciences, Shanghai 201210, China.\nUniversity of Chinese Academy of Sciences, Beijing 100049, China.', 'firstname': 'Jia', 'initials': 'J', 'lastname': 'Tu'}, {'affiliation': 'Interdisciplinary Research Center on Biology and Chemistry, Shanghai Institute of Organic Chemistry, Chinese Academy of Sciences, Shanghai 201210, China.\nUniversity of Chinese Academy of Sciences, Beijing 100049, China.', 'firstname': 'Chuchu', 'initials': 'C', 'lastname': 'Wang'}, {'affiliation': 'Interdisciplinary Research Center on Biology and Chemistry, Shanghai Institute of Organic Chemistry, Chinese Academy of Sciences, Shanghai 201210, China.', 'firstname': 'Wenbin', 'initials': 'W', 'lastname': 'Liu'}, {'affiliation': 'Interdisciplinary Research Center on Biology and Chemistry, Shanghai Institute of Organic Chemistry, Chinese Academy of Sciences, Shanghai 201210, China.\nUniversity of Chinese Academy of Sciences, Beijing 100049, China.', 'firstname': 'Jinge', 'initials': 'J', 'lastname': 'Gu'}, {'affiliation': 'Interdisciplinary Research Center on Biology and Chemistry, Shanghai Institute of Organic Chemistry, Chinese Academy of Sciences, Shanghai 201210, China.', 'firstname': 'Yandong', 'initials': 'Y', 'lastname': 'Yin'}, {'affiliation': 'Interdisciplinary Research Center on Biology and Chemistry, Shanghai Institute of Organic Chemistry, Chinese Academy of Sciences, Shanghai 201210, China.', 'firstname': 'Shengnan', 'initials': 'S', 'lastname': 'Zhang'}, {'affiliation': 'Bio-X Institutes, Key Laboratory for the Genetics of Developmental and Neuropsychiatric Disorders, Ministry of Education, Shanghai Jiao Tong University, Shanghai 200030, China.\nZhangjiang Institute for Advanced Study, Shanghai Jiao Tong University, Shanghai 200040, China.', 'firstname': 'Dan', 'initials': 'D', 'lastname': 'Li'}, {'affiliation': 'Department of Cancer Biology, University of Cincinnati College of Medicine, Cincinnati, OH 45267, USA.', 'firstname': 'Jiajie', 'initials': 'J', 'lastname': 'Diao'}, {'affiliation': 'Interdisciplinary Research Center on Biology and Chemistry, Shanghai Institute of Organic Chemistry, Chinese Academy of Sciences, Shanghai 201210, China.', 'firstname': 'Zheng-Jiang', 'initials': 'ZJ', 'lastname': 'Zhu'}, {'affiliation': 'Interdisciplinary Research Center on Biology and Chemistry, Shanghai Institute of Organic Chemistry, Chinese Academy of Sciences, Shanghai 201210, China.', 'firstname': 'Cong', 'initials': 'C', 'lastname': 'Liu'}]",,© The Author(s) 2024. Published by Oxford University Press on behalf of China Science Publishing & Media Ltd.,"10.1093/nsr/nwae182
10.1038/nrneurol.2012.242
10.1038/nrn3406
10.1016/j.neurobiolaging.2010.05.009
10.2174/138920309789351921
10.1038/nature10324
10.1038/nature12125
10.1016/0896-6273(95)90302-X
10.1038/nature16531
10.1212/01.wnl.0000327094.67726.28
10.1212/01.wnl.0000310986.48286.8e
10.1038/ng1826
10.1021/ja063122l
10.1016/j.jmb.2009.09.008
10.1073/pnas.1601899113
10.1074/jbc.M411805200
10.1038/nchembio.1750
10.1038/srep33928
10.1021/bi061743l
10.1007/s11306-017-1304-x
10.1016/j.cell.2010.09.048
10.1021/bi201313s
10.1038/nbt.2489
10.1172/JCI0216390
10.1134/S0006297908030073
10.1038/nrm.2017.16
10.1523/JNEUROSCI.1594-04.2004
10.1073/pnas.2310174120
10.1021/cn400066t
10.1074/jbc.M305326200
10.1038/nature13419
10.1038/nchem.247
10.1016/j.bbapap.2012.10.002
10.1124/pr.58.3.7
10.1371/journal.pone.0017299
10.1002/ana.21415
10.2353/ajpath.2008.070823
10.1101/cshperspect.a024091
10.1074/jbc.273.16.9443
10.1101/cshperspect.a004747
10.1016/j.neuron.2016.02.033
10.1126/science.1122439
10.1038/s41557-020-0465-9",National science review,,,<Element 'PubmedArticle' at 0x714e800eba10>
38958636,Pesticides and the Gut Microbiota: Implications for Parkinson's Disease.,2024-07-03,,"Parkinson's disease (PD) affects more people worldwide than just aging alone can explain. This is likely due to environmental influences, genetic makeup, and changes in daily habits. The disease develops in a complex way, with movement problems caused by Lewy bodies and the loss of dopamine-producing neurons. Some research suggests Lewy bodies might start in the gut, hinting at a connection between these structures and gut health in PD patients. These patients often have different gut bacteria and metabolites. Pesticides are known to increase the risk of PD, with evidence showing they harm more than just dopamine neurons. Long-term exposure to pesticides in food might affect the gut barrier, gut bacteria, and the blood-brain barrier, but the exact link is still unknown. This review looks at how pesticides and gut bacteria separately influence PD development and progression, highlighting the harmful effects of pesticides and changes in gut bacteria. We have examined the interaction between pesticides and gut bacteria in PD patients, summarizing how pesticides cause imbalances in gut bacteria, the resulting changes, and their overall effects on the PD prognosis.","[{'affiliation': 'Assistant Professor in Zoology, Maulana Azad College, Kolkata 700013, India.', 'firstname': 'Nabanita', 'initials': 'N', 'lastname': 'Ghosh'}, {'affiliation': 'Assistant Professor in Zoology, Jhargram Raj College, Jhargram 721507 India.', 'firstname': 'Krishnendu', 'initials': 'K', 'lastname': 'Sinha'}, {'affiliation': 'Professor, Division of Molecular Medicine, Bose Institute, Kolkata 700054 India.', 'firstname': 'Parames C', 'initials': 'PC', 'lastname': 'Sil'}]",,,10.1021/acs.chemrestox.4c00057,Chemical research in toxicology,,,<Element 'PubmedArticle' at 0x714e800d6480>
"38948151
30936569
26319759
25582445
28392298
30637270
21824834
25540305
24449169
18420482
35441231",Variable frequency deep brain stimulation of subthalamic nucleus to improve freezing of gait in Parkinson's disease.,2024-07-01,,,"[{'affiliation': 'National Engineering Laboratory for Neuromodulation, Tsinghua University, China.', 'firstname': 'Fumin', 'initials': 'F', 'lastname': 'Jia'}, {'affiliation': 'University of Florida Center for Movement Disorders and Neurorestoration, USA.', 'firstname': 'Aparna', 'initials': 'A', 'lastname': 'Wagle Shukla'}, {'affiliation': 'University of Florida Center for Movement Disorders and Neurorestoration, USA.', 'firstname': 'Wei', 'initials': 'W', 'lastname': 'Hu'}, {'affiliation': 'Tsinghua University Yuquan Hospital, China.', 'firstname': 'Yu', 'initials': 'Y', 'lastname': 'Ma'}, {'affiliation': 'Beijing Tiantan Hospital, Capital Medical University, China.', 'firstname': 'Jianguo', 'initials': 'J', 'lastname': 'Zhang'}, {'affiliation': 'University of Florida Center for Movement Disorders and Neurorestoration, USA.', 'firstname': 'Leonardo', 'initials': 'L', 'lastname': 'Almeida'}, {'affiliation': 'School of Medicine, Vanderbilt University, USA.', 'firstname': 'Chris', 'initials': 'C', 'lastname': 'Kao'}, {'affiliation': 'Peking Union Medical College Hospital, China.', 'firstname': 'Yi', 'initials': 'Y', 'lastname': 'Guo'}, {'affiliation': 'ZhuJiang Hospital of Southern Medical University, China.', 'firstname': 'Shizhong', 'initials': 'S', 'lastname': 'Zhang'}, {'affiliation': 'The General Hospital of Shenyang Military, China.', 'firstname': 'Yingqun', 'initials': 'Y', 'lastname': 'Tao'}, {'affiliation': 'Chinese PLA General Hospital, China.', 'firstname': 'Zhipei', 'initials': 'Z', 'lastname': 'Ling'}, {'affiliation': 'Chinese PLA General Hospital, China.', 'firstname': 'Xin', 'initials': 'X', 'lastname': 'Xu'}, {'affiliation': 'Xiangya Hospital Central South University, China.', 'firstname': 'Zhiquan', 'initials': 'Z', 'lastname': 'Yang'}, {'affiliation': 'Beijing Neurosurgical Institute, Capital Medical University, China.', 'firstname': 'Fan-Gang', 'initials': 'FG', 'lastname': 'Meng'}, {'affiliation': 'Peking Union Medical College Hospital, China.', 'firstname': 'Xinhua', 'initials': 'X', 'lastname': 'Wan'}, {'affiliation': 'Athinoula A. Martinos Center for Biomedical Imaging, Harvard Medical School, USA.', 'firstname': 'Hesheng', 'initials': 'H', 'lastname': 'Liu'}, {'affiliation': 'School of Medicine, Vanderbilt University, USA.', 'firstname': 'Peter E', 'initials': 'PE', 'lastname': 'Konard'}, {'affiliation': 'National Engineering Laboratory for Neuromodulation, Tsinghua University, China.\nPrecision Medicine & Healthcare Research Center, Tsinghua-Berkeley Shenzhen Institute, China.\nMan-Machine-Environment Engineering Institute, School of Aerospace Engineering, Tsinghua University, China.\nCenter of Epilepsy, Beijing Institute for Brain Disorders, China.', 'firstname': 'Luming', 'initials': 'L', 'lastname': 'Li'}]",,,"10.1093/nsr/nwae187
10.1038/s41582-019-0166-4
10.1016/j.neucli.2015.07.001
10.1038/nrneurol.2014.252
10.1016/j.parkreldis.2017.03.015
10.1002/mdc3.12658
10.1016/j.brs.2011.07.001
10.1212/WNL.0000000000001184
10.1002/mds.25810
10.1212/01.wnl.0000303972.16279.46
10.1093/brain/awac121",National science review,,,<Element 'PubmedArticle' at 0x714e80148950>
"38928960
34764294
36522332
29109210
35937052
17117170
30973763
31682885
24976103
32580285
35855623
38078234
37342268
24887522
28405582
30204275
34785096
22968493
20711476
19174390
24511886
23371418
25942579
24088212
17958475
25630707
26488151
17576247
37385740",Use of Antivibration Technology to Reduce Demands for In-Home Nursing Care and Support in Rural Settings for Persons with Essential Tremors: A Qualitative Study.,2024-06-27,"Parkinson’s disease, aging, aging in place, gerontechnology, homecare, independent living, interRAI","With the increased integration of technologies in the healthcare sector, it is important to understand the benefits emerging technologies may play to reduce demands on the health care system. The Steadiwear antivibration glove shows promise for enhancing the independence in functional abilities for persons with essential tremors and for alleviating the need for support from the health care system. The objective of this study was to examine Registered Nurses' (RN) perceptions of the potential for the Steadiwear antivibration glove to reduce the need for in-person support from community healthcare workers.
Eleven RNs, experienced in providing care in rural communities, participated in a semi-structured interview sharing their perspectives towards use of the Steadiwear antivibration glove in community practice settings. Thematic analysis guided by Braun and Clarke was undertaken.
Nurses described the value of this technology to reduce client needs for support for activities of daily living (e.g., dressing, feeding) and independent activities of daily living (e.g., banking, transportation).
Enhanced access to this technology may reduce the need for nursing and personal care support from the health system. Therefore the Steadiwear antivibration glove also shows potential to delay and/or prevent the need for more intensive support and mitigate the need for transition to a long-term care facility.","[{'affiliation': 'School of Health Sciences, University of Northern British Columbia, Prince George, BC V2N 4Z9, Canada.', 'firstname': 'Fatemeh', 'initials': 'F', 'lastname': 'Mohammadnejad'}, {'affiliation': 'School of Nursing, University of Northern British Columbia, Prince George, BC V2N 4Z9, Canada.', 'firstname': 'Shannon', 'initials': 'S', 'lastname': 'Freeman'}, {'affiliation': 'School of Health Sciences, University of Northern British Columbia, Prince George, BC V2N 4Z9, Canada.', 'firstname': 'Tammy', 'initials': 'T', 'lastname': 'Klassen-Ross'}, {'affiliation': 'School of Social Work, University of Northern British Columbia, Prince George, BC V2N4Z9, Canada.', 'firstname': 'Dawn', 'initials': 'D', 'lastname': 'Hemingway'}, {'affiliation': 'School of Nursing, University of Northern British Columbia, Prince George, BC V2N 4Z9, Canada.', 'firstname': 'Davina', 'initials': 'D', 'lastname': 'Banner'}]",,,"10.3390/ijerph21060714
10.1038/s41572-021-00314-w
10.1038/s41531-022-00410-y
10.1503/cmaj.170128
10.3389/fneur.2022.891446
10.1080/09638288.2019.1574915
10.1016/j.neubiorev.2019.10.021
10.1002/mds.25945
10.3390/geriatrics5020039
10.1177/08404704221108314
10.3389/fpsyg.2023.1287486
10.1177/20556683231180189
10.1097/JAC.0000000000000043
10.3389/fpubh.2017.00060
10.1111/jonm.12716
10.1016/j.socscimed.2021.114523
10.1191/1478088706qp063oa
10.1007/s10508-012-0016-6
10.1371/journal.pmed.1000319
10.1377/hlthaff.28.2.w282
10.1007/s11606-013-2337-0
10.1089/tmj.2014.0210
10.1111/jrh.12015
10.22605/RRH814
10.3402/gha.v8.25756
10.1089/tmj.2015.0079
10.1111/j.1365-2834.2007.00645.x
10.1136/bmjopen-2022-071203",International journal of environmental research and public health,,"Nurses described the value of this technology to reduce client needs for support for activities of daily living (e.g., dressing, feeding) and independent activities of daily living (e.g., banking, transportation).",<Element 'PubmedArticle' at 0x714e8012e2f0>
"38926332
12777365
33136137
30253417
32665974
17261678
34950630
21514890
27314757
18931011
30363363
29907329
5336886
23043967
33462205
0
33157419
36616780
35808293
37030855
31946583
15844264
35844289
31849818
32033879
33038047
36086086
30634462",Continuous mobile measurement of camptocormia angle using four accelerometers.,2024-06-27,"Accelerometer, Camptocormia, Home assessment, IMU, Malleolus method, Parkinson’s disease, Perpendicular method, Wearable","Camptocormia, a severe flexion deformity of the spine, presents challenges in monitoring its progression outside laboratory settings. This study introduces a customized method utilizing four inertial measurement unit (IMU) sensors for continuous recording of the camptocormia angle (CA), incorporating both the consensual malleolus and perpendicular assessment methods. The setup is wearable and mobile and allows measurements outside the laboratory environment. The practicality for measuring CA across various activities is evaluated for both the malleolus and perpendicular method in a mimicked Parkinson disease posture. Multiple activities are performed by a healthy volunteer. Measurements are compared against a camera-based reference system. Results show an overall root mean squared error (RMSE) of 4.13° for the malleolus method and 2.71° for the perpendicular method. Furthermore, patient-specific calibration during the standing still with forward lean activity significantly reduced the RMSE to 2.45° and 1.68° respectively. This study presents a novel approach to continuous CA monitoring outside the laboratory setting. The proposed system is suitable as a tool for monitoring the progression of camptocormia and for the first time implements the malleolus method with IMU. It holds promise for effectively monitoring camptocormia at home.","[{'affiliation': 'Chair of Networked Electronic Systems, Kiel University, Kiel, Germany. kanb@tf.uni-kiel.de.', 'firstname': 'K', 'initials': 'K', 'lastname': 'Naderi Beni'}, {'affiliation': 'Neurological Clinic, UKSH, Kiel, Germany.', 'firstname': 'K', 'initials': 'K', 'lastname': 'Knutzen'}, {'affiliation': 'Institute of Physiology, UKSH, Kiel, Germany.', 'firstname': 'J P', 'initials': 'JP', 'lastname': 'Kuhtz-Buschbeck'}, {'affiliation': 'Neurological Clinic, UKSH, Kiel, Germany.', 'firstname': 'N G', 'initials': 'NG', 'lastname': 'Margraf'}, {'affiliation': 'Chair of Networked Electronic Systems, Kiel University, Kiel, Germany.', 'firstname': 'R', 'initials': 'R', 'lastname': 'Rieger'}]",,© 2024. The Author(s).,10.1007/s11517-024-03149-1,Medical & biological engineering & computing,,,<Element 'PubmedArticle' at 0x714e801224d0>
"38912395
21626386
12777365
19568887
19716187
21034221
36516478
31770719
35262433
37086879
34042992
31964412
24183105
20708214
19455173
28257128
28343738
19483199
25428630
32609766
29778684
22963366
24076757
27809494
28244744
16961926
21285243
26773394
34388675
15527881
21561831
15804941
35043999
31103844
27614945
19017692
34497091
30978359
31227656
29538344","Traffic-related air pollution, road traffic noise, and Parkinson's disease: Evaluations in two Dutch cohort studies.",2024-06-24,,"Environmental factors such as air pollution have been associated with Parkinson's disease (PD), but findings have been inconsistent. We investigated the association between exposure to several air pollutants, road traffic noise, and PD risk in two Dutch cohorts.
Data from 50,087 participants from two Dutch population-based cohort studies, European Prospective Investigation into Cancer and Nutrition in the Netherlands and Arbeid, Milieu en Gezondheid Onderzoek were analyzed. In these cohorts, 235 PD cases were ascertained based on a previously validated algorithm combining self-reported information (diagnosis, medication, and symptoms) and registry data. We assigned the following traffic-related exposures to residential addresses at baseline: NO
Both single- and two-pollutant models indicated associations between exposure to NO
Our findings suggest that NO","[{'affiliation': 'Institute for Risk Assessment Sciences, Utrecht University, Utrecht, the Netherlands.', 'firstname': 'Jara', 'initials': 'J', 'lastname': 'Lomme'}, {'affiliation': 'Institute for Risk Assessment Sciences, Utrecht University, Utrecht, the Netherlands.', 'firstname': 'Marije', 'initials': 'M', 'lastname': 'Reedijk'}, {'affiliation': 'Institute for Risk Assessment Sciences, Utrecht University, Utrecht, the Netherlands.', 'firstname': 'Susan', 'initials': 'S', 'lastname': 'Peters'}, {'affiliation': 'Institute for Risk Assessment Sciences, Utrecht University, Utrecht, the Netherlands.\nJulius Centre for Health Sciences and Primary Care, University Medical Centre Utrecht, Utrecht, The Netherlands.', 'firstname': 'George S', 'initials': 'GS', 'lastname': 'Downward'}, {'affiliation': 'Institute for Risk Assessment Sciences, Utrecht University, Utrecht, the Netherlands.', 'firstname': 'Magdalini', 'initials': 'M', 'lastname': 'Stefanopoulou'}, {'affiliation': 'Institute for Risk Assessment Sciences, Utrecht University, Utrecht, the Netherlands.\nJulius Centre for Health Sciences and Primary Care, University Medical Centre Utrecht, Utrecht, The Netherlands.', 'firstname': 'Roel', 'initials': 'R', 'lastname': 'Vermeulen'}, {'affiliation': 'Institute for Risk Assessment Sciences, Utrecht University, Utrecht, the Netherlands.', 'firstname': 'Anke', 'initials': 'A', 'lastname': 'Huss'}]",,"Copyright © 2023 The Authors. Published by Wolters Kluwer Health, Inc. on behalf of The Environmental Epidemiology. All rights reserved.",10.1097/EE9.0000000000000272,"Environmental epidemiology (Philadelphia, Pa.)",,Both single- and two-pollutant models indicated associations between exposure to NO,<Element 'PubmedArticle' at 0x714e8015d3a0>
38901726,Emamectin benzoate-induced toxicity affects intestinal epithelial integrity involving apoptosis.,2024-06-21,"Apoptosis, Caco-2 cell, Emamectin benzoate, Intestinal epithelial barrier, RNA-Seq","The frequency presence of emamectin benzoate in agricultural production highlights the need for studying their toxicity against human intestinal epithelial barrier (IEB). Herein, we combined a Caco-2 cell model with transcriptome analysis to assess the intestinal toxicity of emamectin benzoate and its disease-causing potential. Results showed that the half maximal inhibitory concentration (IC","[{'affiliation': 'School of Resource & Environment, Anhui Agricultural University, Hefei, Anhui Province, 230036, China; Key Laboratory of Agri-products Quality and Biosafety (Anhui Agricultural University), Ministry of Education, Hefei, Anhui Province, 230036, China. Electronic address: yxy20216662081@163.com.', 'firstname': 'Xingyu', 'initials': 'X', 'lastname': 'Yue'}, {'affiliation': 'School of Resource & Environment, Anhui Agricultural University, Hefei, Anhui Province, 230036, China; Key Laboratory of Agri-products Quality and Biosafety (Anhui Agricultural University), Ministry of Education, Hefei, Anhui Province, 230036, China. Electronic address: linfx1999@163.com.', 'firstname': 'Fengxiang', 'initials': 'F', 'lastname': 'Lin'}, {'affiliation': 'School of Plant Protection, Anhui Agricultural University, Hefei, Anhui Province, 230036, China; Key Laboratory of Agri-products Quality and Biosafety (Anhui Agricultural University), Ministry of Education, Hefei, Anhui Province, 230036, China. Electronic address: 3545035530@qq.com.', 'firstname': 'Shuyan', 'initials': 'S', 'lastname': 'Gui'}, {'affiliation': 'School of Resource & Environment, Anhui Agricultural University, Hefei, Anhui Province, 230036, China; Key Laboratory of Agri-products Quality and Biosafety (Anhui Agricultural University), Ministry of Education, Hefei, Anhui Province, 230036, China. Electronic address: 17355185007@163.com.', 'firstname': 'Sai', 'initials': 'S', 'lastname': 'Zhang'}, {'affiliation': 'School of Resource & Environment, Anhui Agricultural University, Hefei, Anhui Province, 230036, China; Key Laboratory of Agri-products Quality and Biosafety (Anhui Agricultural University), Ministry of Education, Hefei, Anhui Province, 230036, China. Electronic address: wu1399069772@163.com.', 'firstname': 'Zongbin', 'initials': 'Z', 'lastname': 'Wu'}, {'affiliation': 'School of Plant Protection, Anhui Agricultural University, Hefei, Anhui Province, 230036, China; Key Laboratory of Agri-products Quality and Biosafety (Anhui Agricultural University), Ministry of Education, Hefei, Anhui Province, 230036, China. Electronic address: xyx173925725@163.com.', 'firstname': 'Yuxin', 'initials': 'Y', 'lastname': 'Xiang'}, {'affiliation': 'School of Plant Protection, Anhui Agricultural University, Hefei, Anhui Province, 230036, China; Key Laboratory of Agri-products Quality and Biosafety (Anhui Agricultural University), Ministry of Education, Hefei, Anhui Province, 230036, China. Electronic address: China.ahauxtx@163.com.', 'firstname': 'Tianxiang', 'initials': 'T', 'lastname': 'Xiao'}, {'affiliation': 'School of Plant Protection, Anhui Agricultural University, Hefei, Anhui Province, 230036, China; Key Laboratory of Agri-products Quality and Biosafety (Anhui Agricultural University), Ministry of Education, Hefei, Anhui Province, 230036, China. Electronic address: xiaojj@ahau.edu.cn.', 'firstname': 'Jinjing', 'initials': 'J', 'lastname': 'Xiao'}, {'affiliation': 'School of Plant Protection, Anhui Agricultural University, Hefei, Anhui Province, 230036, China; Key Laboratory of Agri-products Quality and Biosafety (Anhui Agricultural University), Ministry of Education, Hefei, Anhui Province, 230036, China. Electronic address: haiquncao@163.com.', 'firstname': 'Haiqun', 'initials': 'H', 'lastname': 'Cao'}, {'affiliation': 'School of Resource & Environment, Anhui Agricultural University, Hefei, Anhui Province, 230036, China; Key Laboratory of Agri-products Quality and Biosafety (Anhui Agricultural University), Ministry of Education, Hefei, Anhui Province, 230036, China. Electronic address: syh@ahau.edu.cn.', 'firstname': 'Yanhong', 'initials': 'Y', 'lastname': 'Shi'}]",,Copyright © 2024 Elsevier Ltd. All rights reserved.,10.1016/j.fct.2024.114827,Food and chemical toxicology : an international journal published for the British Industrial Biological Research Association,,,<Element 'PubmedArticle' at 0x714e80170a40>
"38899873
38116736
30999745
36527982
38800728
37071750
38047768
34923391
38346112
35377613
37057966
30142878
28280572
28510454
37810704
19367903
37243621
38580324
34533023
38149104
27228180
37220418
37856157
33170708
37114769
34557567",Thioflavin T─a Reporter of Microviscosity in Protein Aggregation Process: The Study Case of α-Synuclein.,2024-06-20,,"Thioflavin T (ThT) informed microviscosity changes can be used to monitor protein aggregation. Steady-state, time-resolved and lasing spectroscopy were used to detect transient states in α-synuclein - a protein associated with Parkinson's disease. The major focus was on the nucleation phase, where conventional ThT fluorescence assay lacks appropriate sensitivity to detect early stage oligomers. Instead, lasing spectroscopy and lasing threshold parameters, in particular, were sensitive to detecting protein oligomers. Through lasing spectroscopy, a change in microviscosity correlating with the stages of protein aggregation was observed at two wavelengths 405 and 440 nm. The two wavelengths are associated with free dye molecules and β-sheet bound ThT molecules. This provides a perspective on elucidating the early formed protein aggregation, a critical aspect in understanding the pathogenesis of neurodegenerative diseases. The insights from the presented study shows the potential of using lasing spectroscopy as a sensitive tool in studying protein aggregation dynamics.","[{'affiliation': 'Faculty of Construction and Environmental Engineering, Warsaw University of Life Sciences, 02-776 Warsaw, Poland.', 'firstname': 'Konstantin', 'initials': 'K', 'lastname': 'Rusakov'}, {'affiliation': 'University of Oxford, Jenner Institute, Nuffield Department of Medicine, OX3 7DQ Oxford, U.K.', 'firstname': 'Aadil', 'initials': 'A', 'lastname': 'El-Turabi'}, {'affiliation': 'DANDRITE, Department of Biomedicine, Aarhus University, 8000 Aarhus, Denmark.', 'firstname': 'Lasse', 'initials': 'L', 'lastname': 'Reimer'}, {'affiliation': 'DANDRITE, Department of Biomedicine, Aarhus University, 8000 Aarhus, Denmark.', 'firstname': 'Poul Henning', 'initials': 'PH', 'lastname': 'Jensen'}, {'affiliation': 'Institute of Experimental Physics, Faculty of Physics, University of Warsaw, Pasteura 5, 02-093 Warsaw, Poland.', 'firstname': 'Piotr', 'initials': 'P', 'lastname': 'Hanczyc'}]",,,"10.1021/acs.jpclett.4c00699
10.1039/D3CS00518F
10.1021/acs.analchem.9b01221
10.1016/j.nbd.2022.105966
10.1021/acsphyschemau.3c00065
10.1021/acs.accounts.3c00045
10.1021/acs.jpclett.3c02543
10.1016/j.bpc.2021.106736
10.1021/acs.jpclett.3c03084
10.1021/acssensors.1c02749
10.1021/acschemneuro.3c00052
10.3390/ijms19092486
10.1002/anbr.202200161
10.1098/rsos.160696
10.1021/acs.langmuir.7b00221
10.1038/s42254-023-00598-9
10.1021/acsomega.3c06428
10.1021/jp805822c
10.1021/acs.langmuir.3c00401
10.1021/acs.jpclett.3c03421
10.1021/acsnano.1c05266
10.1021/acsaom.3c00264
10.1021/acsphotonics.5b00458
10.1371/journal.pone.0156314
10.1021/acs.jpclett.3c00823
10.1002/ange.202311233
10.1021/acs.molpharmaceut.0c00552
10.1016/j.jct.2010.03.022
10.1021/acs.jpcb.3c00982
10.1021/acsphotonics.1c00082",The journal of physical chemistry letters,,,<Element 'PubmedArticle' at 0x714e80198720>
38896413,Environmental presence and toxicological outcomes of the herbicide pendimethalin in teleost fish.,2024-06-19,"Agrochemical, Aquatic toxicology, Herbicide, Risk assessment","Herbicides are often detected in aquatic ecosystems due to residential and agricultural applications and can harm aquatic organisms once deposited into water systems. Pendimethalin is part of the dinitroaniline chemical family and is applied to crops like corn, legumes, potatoes, and soybeans. The potential toxicity of pendimethalin to aquatic species is understudied compared to other widely studied herbicides, like atrazine and glyphosate. The objectives of this review were to (1) collate information on sub-lethal responses to pendimethalin exposure in fish, (2) evaluate how exposure studies relate to environmental concentrations, and (3) identify putative bioindicators for exposure studies. Overall, studies reporting pendimethalin in water systems worldwide indicate a range of 100-300 ng/L, but levels have been reported as high as ~15 µg/g in sediment. In teleost fish, studies demonstrate developmental toxicity, immunotoxicity, and behavioral disruptions. The strongest evidence for pendimethalin-induced toxicity involves oxidative stress, although studies often test toxicity at higher concentrations than environmentally relevant levels. Using the Comparative Toxicogenomics Database, pathway analysis reveals linkages to neurotoxicity and mechanisms of neurodegeneration like ""Ubiquitin Dependent Protein Degradation"", ""Microtubule Cytoskeleton"", ""Protein Oxidation and Aggregation in Aging"", and ""Parkinson's Disease"". Other prominent pathways included those related to mTOR signaling and reproduction. Thus, two potential mechanisms underlying pendimethalin-induced toxicity in fish include the neural and reproductive systems. This review synthesizes current data regarding environmental fate and ecotoxicology of pendimethalin in teleost fish and points to some putative physiological and molecular responses that may be beneficial for assessing toxicity of the herbicide in future investigations.","[{'affiliation': 'Center for Environmental and Human Toxicology, Department of Physiological Sciences, College of Veterinary Medicine, University of Florida, Gainesville, FL, 32611, USA.', 'firstname': 'Emma', 'initials': 'E', 'lastname': 'Ivantsova'}, {'affiliation': 'Center for Environmental and Human Toxicology, Department of Physiological Sciences, College of Veterinary Medicine, University of Florida, Gainesville, FL, 32611, USA. cmartyn@ufl.edu.\nUF Genetics Institute, Interdisciplinary Program in Biomedical Sciences Neuroscience, University of Florida, Gainesville, FL, USA. cmartyn@ufl.edu.', 'firstname': 'Christopher J', 'initials': 'CJ', 'lastname': 'Martyniuk'}]",,"© 2024. The Author(s), under exclusive licence to Springer Science+Business Media, LLC, part of Springer Nature.","10.1007/s10646-024-02767-7
10.1002/tox.22156
10.1016/S1360-1385(99)01378-3
10.1016/j.chemosphere.2004.11.048
10.1016/j.marpolbul.2010.03.018
10.3389/fpls.2021.634018
10.1016/j.ecoenv.2013.09.024
10.1016/j.scitotenv.2012.02.055
10.1016/j.aquatox.2018.07.002
10.1016/j.ecoenv.2012.01.018
10.1093/nar/gkac833
10.1080/13102818.2009.10818421
10.1016/j.aquatox.2019.105282
10.1002/tox.21919
10.1080/03067310903582309
10.1016/j.etap.2020.103324
10.1080/01480545.2020.1774603
10.1016/j.jsbmb.2011.03.015
10.1016/j.envpol.2020.114666
10.1016/j.chemosphere.2022.136431
10.1016/j.etap.2022.103873
10.3389/fevo.2020.00086
10.1016/j.yrtph.2019.104419
10.1016/j.ecoenv.2021.112514
10.1016/j.scitotenv.2022.154414
10.1091/mbc.e03-07-0530
10.1016/j.chemosphere.2020.128619
10.1016/j.cbpc.2020.108949
10.1016/j.ygcen.2013.03.032
10.1016/j.jhazmat.2021.125153
10.1017/S0890037X00038811
10.1007/s12640-022-00534-2
10.1016/j.ecolind.2015.06.008
10.1016/j.ecolind.2015.11.044
10.1016/j.scitotenv.2014.02.084
10.1080/10937404.2016.1222320
10.1016/j.ntt.2021.107051
10.1016/j.chemosphere.2019.124435
10.1016/j.fsi.2023.108772
10.1038/srep08554","Ecotoxicology (London, England)",,,<Element 'PubmedArticle' at 0x714e801ac2c0>
"38894948
16713924
27751556
27105081
35997724
22789904
26000813
16996211
24482148
21731633
32969141
22410446
20488911
25639598
30938893
35276584
27471847
28370314
36788159
15660968
23884037
35753792
14585769
25621434
38041399
9431328
16224307
36870877
28693043
29912013
20629142
29145202
22820685
35629248
18401018
32670190
32430016
35268403
20424337
35321928
12666098
36315128
37146098",Statin use and risk of Parkinson's disease among older adults in Japan: a nested case-control study using the Longevity Improvement and Fair Evidence study.,2024-06-19,"Japanese older adults, Parkinson’s disease, longevity improvement and fair evidence study, statin","The association between statin use and the risk of Parkinson's disease remains inconclusive, particularly in Japan's super-ageing society. This study aimed to investigate the potential association between statin use and the risk of Parkinson's disease among Japanese participants aged ≥65 years. We used data from the Longevity Improvement and Fair Evidence Study, which included medical and long-term care claim data from April 2014 to December 2020 across 17 municipalities. Using a nested case-control design, we matched one case to five controls based on age, sex, municipality and cohort entry year. A conditional logistic regression model was used to estimate the odds ratios with 95% confidence intervals. Among the 56 186 participants (9397 cases and 46 789 controls), 53.6% were women. The inverse association between statin use and Parkinson's disease risk was significant after adjusting for multiple variables (odds ratio: 0.61; 95% confidence interval: 0.56-0.66). Compared with non-users, the dose analysis revealed varying odds ratios: 1.30 (1.12-1.52) for 1-30 total standard daily doses, 0.77 (0.64-0.92) for 31-90 total standard daily doses, 0.62 (0.52-0.75) for 91-180 total standard daily doses and 0.30 (0.25-0.35) for >180 total standard daily doses. Statin use among older Japanese adults was associated with a decreased risk of Parkinson's disease. Notably, lower cumulative statin doses were associated with an elevated risk of Parkinson's disease, whereas higher cumulative doses exhibited protective effects against Parkinson's disease development.","[{'affiliation': 'Division of Environmental Medicine and Population Sciences, Department of Social Medicine, Graduate School of Medicine, Osaka University, Suita, 565-0871, Osaka, Japan.', 'firstname': 'Sanyu', 'initials': 'S', 'lastname': 'Ge'}, {'affiliation': 'Division of Environmental Medicine and Population Sciences, Department of Social Medicine, Graduate School of Medicine, Osaka University, Suita, 565-0871, Osaka, Japan.', 'firstname': 'Ling', 'initials': 'L', 'lastname': 'Zha'}, {'affiliation': 'Department of Neurology, Graduate School of Medicine, Osaka University, Suita, Osaka, 565-0871, Japan.', 'firstname': 'Yasuyoshi', 'initials': 'Y', 'lastname': 'Kimura'}, {'affiliation': 'Division of Environmental Medicine and Population Sciences, Department of Social Medicine, Graduate School of Medicine, Osaka University, Suita, 565-0871, Osaka, Japan.', 'firstname': 'Yoshimitsu', 'initials': 'Y', 'lastname': 'Shimomura'}, {'affiliation': 'Division of Environmental Medicine and Population Sciences, Department of Social Medicine, Graduate School of Medicine, Osaka University, Suita, 565-0871, Osaka, Japan.', 'firstname': 'Masayo', 'initials': 'M', 'lastname': 'Komatsu'}, {'affiliation': 'Department of Neurology, Graduate School of Medicine, Osaka University, Suita, Osaka, 565-0871, Japan.', 'firstname': 'Yasufumi', 'initials': 'Y', 'lastname': 'Gon'}, {'affiliation': 'Biomedical Statistics, Department of Integrated Medicine, Graduate School of Medicine, Osaka University, Suita, Osaka, 565-0871, Japan.', 'firstname': 'Sho', 'initials': 'S', 'lastname': 'Komukai'}, {'affiliation': 'Department of Health Care Administration and Management, Kyushu University Graduate School of Medical Sciences, Fukuoka, 812-0054, Japan.', 'firstname': 'Fumiko', 'initials': 'F', 'lastname': 'Murata'}, {'affiliation': 'Department of Health Care Administration and Management, Kyushu University Graduate School of Medical Sciences, Fukuoka, 812-0054, Japan.', 'firstname': 'Megumi', 'initials': 'M', 'lastname': 'Maeda'}, {'affiliation': ""Department of Food Science, Faculty of Home Economics, Otsuma Women's University, Tokyo, 102-8357, Japan."", 'firstname': 'Kosuke', 'initials': 'K', 'lastname': 'Kiyohara'}, {'affiliation': 'Division of Environmental Medicine and Population Sciences, Department of Social Medicine, Graduate School of Medicine, Osaka University, Suita, 565-0871, Osaka, Japan.', 'firstname': 'Tomotaka', 'initials': 'T', 'lastname': 'Sobue'}, {'affiliation': 'Division of Environmental Medicine and Population Sciences, Department of Social Medicine, Graduate School of Medicine, Osaka University, Suita, 565-0871, Osaka, Japan.', 'firstname': 'Tetsuhisa', 'initials': 'T', 'lastname': 'Kitamura'}, {'affiliation': 'Department of Health Care Administration and Management, Kyushu University Graduate School of Medical Sciences, Fukuoka, 812-0054, Japan.', 'firstname': 'Haruhisa', 'initials': 'H', 'lastname': 'Fukuda'}]",,© The Author(s) 2024. Published by Oxford University Press on behalf of the Guarantors of Brain.,"10.1093/braincomms/fcae195
10.1097/EDE.0000000000000864",Brain communications,,,<Element 'PubmedArticle' at 0x714e7fadbe70>
"38890480
38017114
35000606
31038176
16275833
32539075
35013056
11456310
7191066
17712848
38167894",Association of accelerometer-measured physical activity and incident Parkinson's disease: insights and future research directions.,2024-06-19,,,"[{'affiliation': 'Institute of Pain Medicine and Special Environmental Medicine, Nantong University, Nantong, China. lhchen@ntu.edu.cn.\nDepartment of Nutrition and Food Hygiene, School of Public Health, Nantong University, Nantong, China. lhchen@ntu.edu.cn.', 'firstname': 'Li-Hua', 'initials': 'LH', 'lastname': 'Chen'}, {'affiliation': 'Institute of Pain Medicine and Special Environmental Medicine, Nantong University, Nantong, China. tongliu@ntu.edu.cn.\nDepartment of Nutrition and Food Hygiene, School of Public Health, Nantong University, Nantong, China. tongliu@ntu.edu.cn.', 'firstname': 'Tong', 'initials': 'T', 'lastname': 'Liu'}]",,,"10.1038/s41746-024-01154-0
10.1038/s41746-023-00969-7
10.1186/s13024-021-00504-w
10.1093/brain/awz113
10.1212/01.wnl.0000183056.89590.0d
10.1001/jamaneurol.2020.1623
10.1097/GME.0000000000001918
10.1002/ana.1052
10.1212/WNL.30.8.839
10.1002/mds.21706
10.1038/s41531-023-00623-9",NPJ digital medicine,,,<Element 'PubmedArticle' at 0x714e7fadc450>
"38887056
33361591
33009291
33392129
33852547
32165138
34119010
33069327
31686637
31127781
35189880
35043999
28731859
30606679
25294559
28886605
31103844
28809934
31786292
33999109
31894453
30391837
25951420
37903644
36516478
37086879
37858688
31118821
26904358
34950630
30287051
30124852
35364040
27285422
26151951
27614945
32006765
21955814
18550243
22436577
29498263",Association Between Exposure to Particulate Matter and the Incidence of Parkinson's Disease: A Nationwide Cohort Study in Taiwan.,2024-06-18,"Air pollution, Neurological disease, Parkinson’s disease","Emerging evidence suggests that air pollution exposure may increase the risk of Parkinson's disease (PD). We aimed to investigate the association between exposure to fine particulate matter (PM2.5) and the risk of incident PD nationwide.
We utilized data from the Taiwan National Health Insurance Research Database, which is spatiotemporally linked with air quality data from the Taiwan Environmental Protection Administration website. The study population consisted of participants who were followed from the index date (January 1, 2005) until the occurrence of PD or the end of the study period (December 31, 2017). Participants who were diagnosed with PD before the index date were excluded. To evaluate the association between exposure to PM2.5 and incident PD risk, we employed Cox regression to estimate the hazard ratio and 95% confidence interval (CI).
A total of 454,583 participants were included, with a mean (standard deviation) age of 63.1 (9.9) years and a male proportion of 50%. Over a mean follow-up period of 11.1 (3.6) years, 4% of the participants (n = 18,862) developed PD. We observed a significant positive association between PM2.5 exposure and the risk of PD, with a hazard ratio of 1.22 (95% CI, 1.20-1.23) per interquartile range increase in exposure (10.17 μg/m3) when adjusting for both SO2 and NO2.
We provide further evidence of an association between PM2.5 exposure and the risk of PD. These findings underscore the urgent need for public health policies aimed at reducing ambient air pollution and its potential impact on PD.","[{'affiliation': 'Department of Neurology, Neurological Institute, Taichung Veterans General Hospital, Taichung, Taiwan.\nDepartment of Neurology, Kuang Tien General Hospital, Taichung, Taiwan.', 'firstname': 'Ting-Bin', 'initials': 'TB', 'lastname': 'Chen'}, {'affiliation': 'Department of Psychiatry, Beitou Branch, Tri-Service General Hospital, National Defense Medical Center, Taipei, Taiwan.', 'firstname': 'Chih-Sung', 'initials': 'CS', 'lastname': 'Liang'}, {'affiliation': 'Center for Traditional Medicine, Taipei Veterans General Hospital, Taipei, Taiwan.\nCollege of Medicine, National Yang Ming Chiao Tung University, Taipei, Taiwan.\nInstitute of Traditional Medicine, National Yang Ming Chiao Tung University, Taipei, Taiwan.', 'firstname': 'Ching-Mao', 'initials': 'CM', 'lastname': 'Chang'}, {'affiliation': 'Department of Healthcare Administration, Asia University, Taichung, Taiwan.', 'firstname': 'Cheng-Chia', 'initials': 'CC', 'lastname': 'Yang'}, {'affiliation': 'Department of Bioenvironmental Systems Engineering, National Taiwan University, Taipei, Taiwan.', 'firstname': 'Hwa-Lung', 'initials': 'HL', 'lastname': 'Yu'}, {'affiliation': 'Department of Safety, Health, and Environmental Engineering, Hung Kuang University, Taichung, Taiwan.', 'firstname': 'Yuh-Shen', 'initials': 'YS', 'lastname': 'Wu'}, {'affiliation': 'Department of Safety, Health, and Environmental Engineering, Hung Kuang University, Taichung, Taiwan.', 'firstname': 'Winn-Jung', 'initials': 'WJ', 'lastname': 'Huang'}, {'affiliation': 'Department of Medical Research, Kuang Tien General Hospital, Taichung, Taiwan.\nManagement Office for Health Data, China Medical University Hospital, Taichung, Taiwan.', 'firstname': 'I-Ju', 'initials': 'IJ', 'lastname': 'Tsai'}, {'affiliation': 'Department of Medical Research, Kuang Tien General Hospital, Taichung, Taiwan.\nDivision of Endocrinology and Metabolism, Department of Internal Medicine, Kuang Tien General Hospital, Taichung, Taiwan.\nDepartment of Nutrition and Institute of Biomedical Nutrition, Hung Kuang University, Taichung, Taiwan.', 'firstname': 'Yuan-Horng', 'initials': 'YH', 'lastname': 'Yan'}, {'affiliation': 'Department of Exercise and Health Promotion, College of Kinesiology and Health, Chinese Culture University, Taipei, Taiwan.\nDepartment of Neurology, Chang Bing Show Chwan Memorial Hospital, Changhua, Taiwan.', 'firstname': 'Cheng-Yu', 'initials': 'CY', 'lastname': 'Wei'}, {'affiliation': 'Department of Neurology, Kuang Tien General Hospital, Taichung, Taiwan.\nDepartment of Safety, Health, and Environmental Engineering, Hung Kuang University, Taichung, Taiwan.\nDepartment of Nutrition and Institute of Biomedical Nutrition, Hung Kuang University, Taichung, Taiwan.\nPh.D. Program in Translational Medicine, National Chung Hsing University, Taichung, Taiwan.', 'firstname': 'Chun-Pai', 'initials': 'CP', 'lastname': 'Yang'}]",We provide further evidence of an association between PM2.5 exposure and the risk of PD. These findings underscore the urgent need for public health policies aimed at reducing ambient air pollution and its potential impact on PD.,,10.14802/jmd.24003,Journal of movement disorders,,"A total of 454,583 participants were included, with a mean (standard deviation) age of 63.1 (9.9) years and a male proportion of 50%. Over a mean follow-up period of 11.1 (3.6) years, 4% of the participants (n = 18,862) developed PD. We observed a significant positive association between PM2.5 exposure and the risk of PD, with a hazard ratio of 1.22 (95% CI, 1.20-1.23) per interquartile range increase in exposure (10.17 μg/m3) when adjusting for both SO2 and NO2.",<Element 'PubmedArticle' at 0x714e7fadfe20>
"38886960
35022030
25260700
18612538
29982692
26739246
32210357
32111216
34425375
29602279
30835997
34315538
31983283
32813147
32616674
34309973
19013830
38526281
24050700
27523294
23817550
21802444
29558384
32061929
30991027
33611339
32106857
11060023
35176940
25266986
29063289
31732870
25815627
34779644
11846609
30566373
33041062
26728553
9617786
25537852
16238467
34023900
29662355
31768921
38051903
28523556
35173685
30996080
34311872
28332488
34954437
33741917
19910308
33926120
35646549
34095121
35453019
32531268
23291452
34512171
17764787
34288397
33894193
32881676
26046440
24284625
31451060
36454451
27120258
26813776
36199425
36209975
28831020
37119043
35032318
23680459
30591559
32276589
26896799",Salsolinol as an RNA m6A methylation inducer mediates dopaminergic neuronal death by regulating YAP1 and autophagy.,2024-06-18,,"JOURNAL/nrgr/04.03/01300535-202503000-00032/figure1/v/2024-06-17T092413Z/r/image-tiff Salsolinol (1-methyl-6,7-dihydroxy-1,2,3,4-tetrahydroisoquinoline, Sal) is a catechol isoquinoline that causes neurotoxicity and shares structural similarity with 1-methyl-4-phenyl-1,2,3,6-tetrahydropyridine, an environmental toxin that causes Parkinson's disease. However, the mechanism by which Sal mediates dopaminergic neuronal death remains unclear. In this study, we found that Sal significantly enhanced the global level of N6-methyladenosine (m6A) RNA methylation in PC12 cells, mainly by inducing the downregulation of the expression of m6A demethylases fat mass and obesity-associated protein (FTO) and alkB homolog 5 (ALKBH5). RNA sequencing analysis showed that Sal downregulated the Hippo signaling pathway. The m6A reader YTH domain-containing family protein 2 (YTHDF2) promoted the degradation of m6A-containing Yes-associated protein 1 (YAP1) mRNA, which is a downstream key effector in the Hippo signaling pathway. Additionally, downregulation of YAP1 promoted autophagy, indicating that the mutual regulation between YAP1 and autophagy can lead to neurotoxicity. These findings reveal the role of Sal on m6A RNA methylation and suggest that Sal may act as an RNA methylation inducer mediating dopaminergic neuronal death through YAP1 and autophagy. Our results provide greater insights into the neurotoxic effects of catechol isoquinolines compared with other studies and may be a reference for assessing the involvement of RNA methylation in the pathogenesis of Parkinson's disease.","[{'affiliation': 'Beijing International Science and Technology Cooperation Base for Antiviral Drugs, College of Chemistry and Life, Beijing University of Technology, Beijing, China.', 'firstname': 'Jianan', 'initials': 'J', 'lastname': 'Wang'}, {'affiliation': 'Department of Rehabilitation, Beijing Rehabilitation Hospital, Capital Medical University, Beijing, China.', 'firstname': 'Yuanyuan', 'initials': 'Y', 'lastname': 'Ran'}, {'affiliation': 'Beijing International Science and Technology Cooperation Base for Antiviral Drugs, College of Chemistry and Life, Beijing University of Technology, Beijing, China.', 'firstname': 'Zihan', 'initials': 'Z', 'lastname': 'Li'}, {'affiliation': 'Beijing International Science and Technology Cooperation Base for Antiviral Drugs, College of Chemistry and Life, Beijing University of Technology, Beijing, China.', 'firstname': 'Tianyuan', 'initials': 'T', 'lastname': 'Zhao'}, {'affiliation': 'Beijing International Science and Technology Cooperation Base for Antiviral Drugs, College of Chemistry and Life, Beijing University of Technology, Beijing, China.', 'firstname': 'Fangfang', 'initials': 'F', 'lastname': 'Zhang'}, {'affiliation': 'Beijing International Science and Technology Cooperation Base for Antiviral Drugs, College of Chemistry and Life, Beijing University of Technology, Beijing, China.', 'firstname': 'Juan', 'initials': 'J', 'lastname': 'Wang'}, {'affiliation': 'Department of Rehabilitation, Beijing Rehabilitation Hospital, Capital Medical University, Beijing, China.', 'firstname': 'Zongjian', 'initials': 'Z', 'lastname': 'Liu'}, {'affiliation': 'Beijing International Science and Technology Cooperation Base for Antiviral Drugs, College of Chemistry and Life, Beijing University of Technology, Beijing, China.', 'firstname': 'Xuechai', 'initials': 'X', 'lastname': 'Chen'}]",,Copyright © 2025 Copyright: © 2025 Neural Regeneration Research.,10.4103/NRR.NRR-D-23-01592,Neural regeneration research,,,<Element 'PubmedArticle' at 0x714e7fb3cc20>
"38886949
27904950
27373843
31138996
16982866
24462864
26010461
29150520
28258168
31392516
31097622
32535761
28255166",Transient receptor potential channels and calcium dysregulation: a pathogenic duo in Parkinson's disease.,2024-06-18,,,"[{'affiliation': 'Griffith Institute for Drug Discovery, Griffith University, Nathan, Brisbane, QLD, Australia (Saeed I, Ma L).', 'firstname': 'Iqira', 'initials': 'I', 'lastname': 'Saeed'}, {'affiliation': 'Griffith Institute for Drug Discovery, Griffith University, Nathan, Brisbane, QLD, Australia (Saeed I, Ma L).\nSchool of Environment and Science, Griffith University Nathan, Brisbane, QLD, Australia (Ma L).', 'firstname': 'Linlin', 'initials': 'L', 'lastname': 'Ma'}]",,,10.4103/NRR.NRR-D-24-00172,Neural regeneration research,,,<Element 'PubmedArticle' at 0x714e7fb6c540>
"38882238
25824869
8213836
34440333
35581032
11928505
9748698
37693313
31975163
17052657
15761122
36617647
34446935
36195638
37543680
27014873
28912584
32908899
34236893
33850148
19134182
34712594
27643475
34883500",Digenic Analysis Finds Highly Interactive Genetic Variants Underlying Polygenic Traits.,2024-06-17,,"We briefly review our recently published approach to mining digenic genotype patterns, which consist of two genotypes each originating in a different DNA variant. We do this for a genetic case-control study by evaluating all possible pairs of genotypes, distributing the workload over numerous CPUs (threads) in a high-performance computing environment and apply our methods to two known datasets, age-related macular degeneration (AMD) and Parkinson Disease (PD). Based on a list of (e.g., 100,000) genotype pairs with largest genotype pair frequency differences between cases and controls, we determine the number ","[{'affiliation': 'Columbia University, New York.', 'firstname': 'Gao', 'initials': 'G', 'lastname': 'Wang'}, {'affiliation': 'Rockefeller University, New York.', 'firstname': 'Jurg', 'initials': 'J', 'lastname': 'Ott'}]",,,"10.18103/mra.v11i10.4604
10.1038/nrg3908
10.1038/s43586-021-00056-9
10.3390/genes12081160
10.1016/j.tig.2022.04.009
10.1159/000022816
10.3389/fgene.2023.1222517
10.1007/978-1-0716-0199-0_3
10.1016/S1474-4422(06)70578-6
10.1126/science.1109557
10.5808/gi.22074
10.1038/s41593-021-00908-3
10.1038/s41380-022-01801-6
10.1038/s41467-023-40330-w
10.1371/journal.pone.0150669
10.1038/s41598-017-11064-9
10.1155/2020/5610658
10.1146/annurev-neuro-100720-034518
10.1038/s41531-021-00180-z
10.1186/1471-2105-10-13
10.1016/j.toxrep.2021.10.008
10.1016/j.jpsychires.2016.09.011
10.1159/000512657",Medical research archives,,,<Element 'PubmedArticle' at 0x714e7fb6fa10>
"38866856
30003140
30287051
18693062
25170676
31610405
29325612
27090875
26271532
30154511
30515290
32094335
33350601
34316671
35647913
33002231
35235000","Fox Insight at 5 years - a cohort of 54,000 participants contributing longitudinal patient-reported outcome, genetic, and microbiome data relating to Parkinson's disease.",2024-06-13,,"Fox Insight is an online, longitudinal study of over 54,000 people with and without Parkinson's disease, facilitating discovery, validation, and reproducibility in Parkinson's disease research. The study administers routine longitudinal assessments, one-time questionnaires on an array of topics such as environmental exposure or COVID-19, plus genetic and microbiome data collection. Researchers can explore and download patient-reported outcomes data and Parkinson's disease related genetic variants upon completing a Data Use Agreement. The full genetic data set, including approximately 650,000 single nucleotide polymorphisms for over 10,000 participants, and the microbiome data set for over 650 participants, can be requested with a heightened level of access. Since the first Fox Insight data descriptor was published in 2020, the data captured has been extended significantly, so this paper supersedes the previous one. Since then, the number of participants has increased by more than 20,000; an additional 1,747,729 surveys were completed; 130 gigabytes of genetic data were released; responses from 16 new one-time surveys were collected; and, data from one additional sub-study was made available.","[{'affiliation': ""The Michael J. Fox Foundation for Parkinson's Research, New York, USA. jgottesman@michaeljfox.org."", 'firstname': 'Joshua', 'initials': 'J', 'lastname': 'Gottesman'}, {'affiliation': ""The Michael J. Fox Foundation for Parkinson's Research, New York, USA."", 'firstname': 'Yasir', 'initials': 'Y', 'lastname': 'Karim'}, {'affiliation': None, 'firstname': 'Jodie', 'initials': 'J', 'lastname': 'Forbes'}, {'affiliation': ""The Michael J. Fox Foundation for Parkinson's Research, New York, USA."", 'firstname': 'Leslie', 'initials': 'L', 'lastname': 'Kirsch'}, {'affiliation': '23andMe, Inc., Sunnyvale, USA.', 'firstname': 'Keaton', 'initials': 'K', 'lastname': 'Stagman'}, {'affiliation': 'University of California, San Francisco, USA.', 'firstname': 'Monica', 'initials': 'M', 'lastname': 'Korell'}, {'affiliation': 'University of California, San Francisco, USA.', 'firstname': 'Caroline', 'initials': 'C', 'lastname': 'Tanner'}]",,© 2024. The Author(s).,"10.1038/s41597-024-03407-9
10.1038/s41531-018-0058-0
10.1016/S1474-4422(18)30295-3
10.1016/j.parkreldis.2008.06.005
10.3233/JPD-140432
10.1016/j.jpsychires.2019.09.012
10.1016/B978-0-444-63233-3.00014-2
10.1111/jnc.13593
10.1016/S1474-4422(15)00178-7
10.25549/bxya-6133
10.1155/2018/3719578
10.1038/s41597-020-0401-2
10.1002/acn3.51236
10.1242/dmm.049376
10.1002/mds.28312
10.1007/s00415-022-11041-x",Scientific data,,,<Element 'PubmedArticle' at 0x714e7fb75990>
"38854101
8895469
15680455
15451225
15451224
31701892
34992268
35005630
30824768
28097204
31016231
33502028
24786080
31521533
34617105
30837320
31864390
21641266
19756366
21738687
22342962
22302802
28202666
25401981
29263232
20921534
28649611
24479685
21552986
35895835
34087985
28426964
36716346
26824392
28602351
31375314
33097708
31018141
31257031
11823794
35347144
38092815
36327895
35551349
31235907
31959936
33004513
29760073
33057020
23190742
25926623
34555357
37422510
27753528
17360686
17977053
10854251
19795505
34862814
19945904
8360656
24695404
23104886
21816040
19505943
27884101
25605792
16199517
31525460
31340985
35031484",,2024-06-10,,"The G2019S mutation in the leucine-rich repeat kinase 2 (LRRK2) gene is a major risk factor for the development of Parkinson's disease (PD). LRRK2, although ubiquitously expressed, is highly abundant in cells of the innate immune system. Given the importance of central and peripheral immune cells in the development of PD, we sought to investigate the consequences of the G2019S mutation on microglial and monocyte transcriptome and function. We have generated large-scale transcriptomic profiles of isogenic human induced microglial cells (iMGLs) and patient derived monocytes carrying the G2019S mutation under baseline culture conditions and following exposure to the proinflammatory factors IFNγ and LPS. We demonstrate that the G2019S mutation exerts a profound impact on the transcriptomic profile of these myeloid cells, and describe corresponding functional differences in iMGLs. The G2019S mutation led to an upregulation in lipid metabolism and phagolysosomal pathway genes in untreated and LPS/IFNγ stimulated iMGLs, which was accompanied by an increased phagocytic capacity of myelin debris. We also identified dysregulation of cell cycle genes, with a downregulation of the E2F4 regulon. Transcriptomic characterization of human-derived monocytes carrying the G2019S mutation confirmed alteration in lipid metabolism associated genes. Altogether, these findings reveal the influence of G2019S on the dysregulation of the myeloid cell transcriptome under proinflammatory conditions.","[{'affiliation': ""Nash Family Department of Neuroscience & Friedman Brain Institute, Icahn School of Medicine at Mount Sinai, New York, NY, United States of America.\nRonald M. Loeb Center for Alzheimer's Disease, Icahn School of Medicine at Mount Sinai, New York, NY, United States of America.\nDepartment of Genetics and Genomic Sciences & Icahn Genomics Institute, Icahn School of Medicine at Mount Sinai, New York, NY, United States of America.\nEstelle and Daniel Maggin Department of Neurology, Icahn School of Medicine at Mount Sinai, New York, NY, United States of America.\nInstituto Universitario de Investigacion en Neuroquimica, Departamento de Bioquimica y Biologia Molecular, Facultad de Medicina, Universidad Complutense, Madrid, Spain.\nCentro de Investigacion Biomedica en Red de Enfermedades Neurodegenerativas (CIBERNED), Instituto de Salud Carlos III, Madrid, Spain.\nInstituto Ramon y Cajal de Investigacion Sanitaria (IRYCIS), Madrid, Spain."", 'firstname': 'Elisa', 'initials': 'E', 'lastname': 'Navarro'}, {'affiliation': ""Nash Family Department of Neuroscience & Friedman Brain Institute, Icahn School of Medicine at Mount Sinai, New York, NY, United States of America.\nRonald M. Loeb Center for Alzheimer's Disease, Icahn School of Medicine at Mount Sinai, New York, NY, United States of America.\nDepartment of Genetics and Genomic Sciences & Icahn Genomics Institute, Icahn School of Medicine at Mount Sinai, New York, NY, United States of America."", 'firstname': 'Anastasia G', 'initials': 'AG', 'lastname': 'Efthymiou'}, {'affiliation': ""Nash Family Department of Neuroscience & Friedman Brain Institute, Icahn School of Medicine at Mount Sinai, New York, NY, United States of America.\nRonald M. Loeb Center for Alzheimer's Disease, Icahn School of Medicine at Mount Sinai, New York, NY, United States of America.\nDepartment of Genetics and Genomic Sciences & Icahn Genomics Institute, Icahn School of Medicine at Mount Sinai, New York, NY, United States of America.\nEstelle and Daniel Maggin Department of Neurology, Icahn School of Medicine at Mount Sinai, New York, NY, United States of America."", 'firstname': 'Madison', 'initials': 'M', 'lastname': 'Parks'}, {'affiliation': ""The Marlene and Paolo Fresco Institute for Parkinson's Disease and Movement Disorders, New York University Langone Health, New York, NY, USA."", 'firstname': 'Giulietta M', 'initials': 'GM', 'lastname': 'Riboldi'}, {'affiliation': ""Nash Family Department of Neuroscience & Friedman Brain Institute, Icahn School of Medicine at Mount Sinai, New York, NY, United States of America.\nRonald M. Loeb Center for Alzheimer's Disease, Icahn School of Medicine at Mount Sinai, New York, NY, United States of America.\nDepartment of Genetics and Genomic Sciences & Icahn Genomics Institute, Icahn School of Medicine at Mount Sinai, New York, NY, United States of America.\nEstelle and Daniel Maggin Department of Neurology, Icahn School of Medicine at Mount Sinai, New York, NY, United States of America.\nRush Alzheimer's Disease Center, Rush University Medical Center; Chicago, IL, 60612, USA.\nDepartment of Neurological Sciences, Rush University Medical Center; Chicago, IL, 60612, USA."", 'firstname': 'Ricardo A', 'initials': 'RA', 'lastname': 'Vialle'}, {'affiliation': ""Nash Family Department of Neuroscience & Friedman Brain Institute, Icahn School of Medicine at Mount Sinai, New York, NY, United States of America.\nRonald M. Loeb Center for Alzheimer's Disease, Icahn School of Medicine at Mount Sinai, New York, NY, United States of America.\nDepartment of Genetics and Genomic Sciences & Icahn Genomics Institute, Icahn School of Medicine at Mount Sinai, New York, NY, United States of America.\nEstelle and Daniel Maggin Department of Neurology, Icahn School of Medicine at Mount Sinai, New York, NY, United States of America."", 'firstname': 'Evan', 'initials': 'E', 'lastname': 'Udine'}, {'affiliation': ""Nash Family Department of Neuroscience & Friedman Brain Institute, Icahn School of Medicine at Mount Sinai, New York, NY, United States of America.\nRonald M. Loeb Center for Alzheimer's Disease, Icahn School of Medicine at Mount Sinai, New York, NY, United States of America.\nDepartment of Genetics and Genomic Sciences & Icahn Genomics Institute, Icahn School of Medicine at Mount Sinai, New York, NY, United States of America.\nEstelle and Daniel Maggin Department of Neurology, Icahn School of Medicine at Mount Sinai, New York, NY, United States of America."", 'firstname': 'Benjamin Z', 'initials': 'BZ', 'lastname': 'Muller'}, {'affiliation': ""Nash Family Department of Neuroscience & Friedman Brain Institute, Icahn School of Medicine at Mount Sinai, New York, NY, United States of America.\nRonald M. Loeb Center for Alzheimer's Disease, Icahn School of Medicine at Mount Sinai, New York, NY, United States of America.\nDepartment of Genetics and Genomic Sciences & Icahn Genomics Institute, Icahn School of Medicine at Mount Sinai, New York, NY, United States of America.\nEstelle and Daniel Maggin Department of Neurology, Icahn School of Medicine at Mount Sinai, New York, NY, United States of America."", 'firstname': 'Jack', 'initials': 'J', 'lastname': 'Humphrey'}, {'affiliation': ""Nash Family Department of Neuroscience & Friedman Brain Institute, Icahn School of Medicine at Mount Sinai, New York, NY, United States of America.\nRonald M. Loeb Center for Alzheimer's Disease, Icahn School of Medicine at Mount Sinai, New York, NY, United States of America.\nDepartment of Genetics and Genomic Sciences & Icahn Genomics Institute, Icahn School of Medicine at Mount Sinai, New York, NY, United States of America.\nEstelle and Daniel Maggin Department of Neurology, Icahn School of Medicine at Mount Sinai, New York, NY, United States of America."", 'firstname': 'Amanda', 'initials': 'A', 'lastname': 'Allan'}, {'affiliation': ""Nash Family Department of Neuroscience & Friedman Brain Institute, Icahn School of Medicine at Mount Sinai, New York, NY, United States of America.\nRonald M. Loeb Center for Alzheimer's Disease, Icahn School of Medicine at Mount Sinai, New York, NY, United States of America.\nDepartment of Genetics and Genomic Sciences & Icahn Genomics Institute, Icahn School of Medicine at Mount Sinai, New York, NY, United States of America.\nEstelle and Daniel Maggin Department of Neurology, Icahn School of Medicine at Mount Sinai, New York, NY, United States of America."", 'firstname': 'Charlie Charalambos', 'initials': 'CC', 'lastname': 'Argyrou'}, {'affiliation': ""Nash Family Department of Neuroscience & Friedman Brain Institute, Icahn School of Medicine at Mount Sinai, New York, NY, United States of America.\nRonald M. Loeb Center for Alzheimer's Disease, Icahn School of Medicine at Mount Sinai, New York, NY, United States of America.\nDepartment of Genetics and Genomic Sciences & Icahn Genomics Institute, Icahn School of Medicine at Mount Sinai, New York, NY, United States of America.\nEstelle and Daniel Maggin Department of Neurology, Icahn School of Medicine at Mount Sinai, New York, NY, United States of America.\nRush Alzheimer's Disease Center, Rush University Medical Center; Chicago, IL, 60612, USA.\nDepartment of Neurological Sciences, Rush University Medical Center; Chicago, IL, 60612, USA."", 'firstname': 'Katia de Paiva', 'initials': 'KP', 'lastname': 'Lopes'}, {'affiliation': ""Nash Family Department of Neuroscience & Friedman Brain Institute, Icahn School of Medicine at Mount Sinai, New York, NY, United States of America.\nRonald M. Loeb Center for Alzheimer's Disease, Icahn School of Medicine at Mount Sinai, New York, NY, United States of America.\nDepartment of Genetics and Genomic Sciences & Icahn Genomics Institute, Icahn School of Medicine at Mount Sinai, New York, NY, United States of America."", 'firstname': 'Alexandra', 'initials': 'A', 'lastname': 'Münch'}, {'affiliation': 'Estelle and Daniel Maggin Department of Neurology, Icahn School of Medicine at Mount Sinai, New York, NY, United States of America.\nDepartment of Neurology, Mount Sinai Beth Israel, Icahn School of Medicine at Mount Sinai, New York, NY, USA.', 'firstname': 'Deborah', 'initials': 'D', 'lastname': 'Raymond'}, {'affiliation': 'Estelle and Daniel Maggin Department of Neurology, Icahn School of Medicine at Mount Sinai, New York, NY, United States of America.\nDepartment of Neurology, Mount Sinai Beth Israel, Icahn School of Medicine at Mount Sinai, New York, NY, USA.', 'firstname': 'Rivka', 'initials': 'R', 'lastname': 'Sachdev'}, {'affiliation': 'Estelle and Daniel Maggin Department of Neurology, Icahn School of Medicine at Mount Sinai, New York, NY, United States of America.\nDepartment of Neurology, Mount Sinai Beth Israel, Icahn School of Medicine at Mount Sinai, New York, NY, USA.', 'firstname': 'Vicki L', 'initials': 'VL', 'lastname': 'Shanker'}, {'affiliation': 'Estelle and Daniel Maggin Department of Neurology, Icahn School of Medicine at Mount Sinai, New York, NY, United States of America.\nDepartment of Neurology, Mount Sinai Beth Israel, Icahn School of Medicine at Mount Sinai, New York, NY, USA.', 'firstname': 'Joan', 'initials': 'J', 'lastname': 'Miravite'}, {'affiliation': 'Estelle and Daniel Maggin Department of Neurology, Icahn School of Medicine at Mount Sinai, New York, NY, United States of America.\nDepartment of Neurology, Mount Sinai Beth Israel, Icahn School of Medicine at Mount Sinai, New York, NY, USA.', 'firstname': 'Viktoryia', 'initials': 'V', 'lastname': 'Katsnelson'}, {'affiliation': 'Estelle and Daniel Maggin Department of Neurology, Icahn School of Medicine at Mount Sinai, New York, NY, United States of America.\nDepartment of Neurology, Mount Sinai Beth Israel, Icahn School of Medicine at Mount Sinai, New York, NY, USA.', 'firstname': 'Katherine', 'initials': 'K', 'lastname': 'Leaver'}, {'affiliation': ""The Marlene and Paolo Fresco Institute for Parkinson's Disease and Movement Disorders, New York University Langone Health, New York, NY, USA."", 'firstname': 'Steve', 'initials': 'S', 'lastname': 'Frucht'}, {'affiliation': 'Estelle and Daniel Maggin Department of Neurology, Icahn School of Medicine at Mount Sinai, New York, NY, United States of America.\nDepartment of Neurology, Mount Sinai Beth Israel, Icahn School of Medicine at Mount Sinai, New York, NY, USA.', 'firstname': 'Susan B', 'initials': 'SB', 'lastname': 'Bressman'}, {'affiliation': ""Nash Family Department of Neuroscience & Friedman Brain Institute, Icahn School of Medicine at Mount Sinai, New York, NY, United States of America.\nRonald M. Loeb Center for Alzheimer's Disease, Icahn School of Medicine at Mount Sinai, New York, NY, United States of America.\nDepartment of Genetics and Genomic Sciences & Icahn Genomics Institute, Icahn School of Medicine at Mount Sinai, New York, NY, United States of America."", 'firstname': 'Edoardo', 'initials': 'E', 'lastname': 'Marcora'}, {'affiliation': 'Estelle and Daniel Maggin Department of Neurology, Icahn School of Medicine at Mount Sinai, New York, NY, United States of America.\nDepartment of Neurology, Mount Sinai Beth Israel, Icahn School of Medicine at Mount Sinai, New York, NY, USA.', 'firstname': 'Rachel', 'initials': 'R', 'lastname': 'Saunders-Pullman'}, {'affiliation': ""Nash Family Department of Neuroscience & Friedman Brain Institute, Icahn School of Medicine at Mount Sinai, New York, NY, United States of America.\nRonald M. Loeb Center for Alzheimer's Disease, Icahn School of Medicine at Mount Sinai, New York, NY, United States of America.\nDepartment of Genetics and Genomic Sciences & Icahn Genomics Institute, Icahn School of Medicine at Mount Sinai, New York, NY, United States of America.\nEstelle and Daniel Maggin Department of Neurology, Icahn School of Medicine at Mount Sinai, New York, NY, United States of America."", 'firstname': 'Alison', 'initials': 'A', 'lastname': 'Goate'}, {'affiliation': ""Nash Family Department of Neuroscience & Friedman Brain Institute, Icahn School of Medicine at Mount Sinai, New York, NY, United States of America.\nRonald M. Loeb Center for Alzheimer's Disease, Icahn School of Medicine at Mount Sinai, New York, NY, United States of America.\nDepartment of Genetics and Genomic Sciences & Icahn Genomics Institute, Icahn School of Medicine at Mount Sinai, New York, NY, United States of America.\nEstelle and Daniel Maggin Department of Neurology, Icahn School of Medicine at Mount Sinai, New York, NY, United States of America."", 'firstname': 'Towfique', 'initials': 'T', 'lastname': 'Raj'}]",,,"10.1101/2024.05.27.594821
10.1002/acn3.369
10.1038/s41531-019-0076-6
10.1016/j.parkreldis.2010.11.008
10.1007/s00702-009-0303-0
10.1016/j.neuroscience.2012.02.001
10.1111/jnc.12668
10.1007/s00702-011-0653-2
10.1016/j.scr.2021.102354
10.1016/j.neuron.2017.03.042
10.7554/elife.12813
10.1016/j.cell.2017.05.018
10.1101/040170",bioRxiv : the preprint server for biology,,,<Element 'PubmedArticle' at 0x714e7fb6be70>
"38845217
26526723
27405257
29144970
31751468
37721293
37963912
31106001
31154015
29171881
30835997
30659266
32967524
32354178
4372599
34813026
34480159
35572575
22575960
34262022
31340148
28869609
30048615
37068770
23359686
31228940
32184705
30032148
32169943
36357692
25413091
23817550
32847866
36495001
38595287
36203024
22002720
34453888
32484110
37905873
28106076
37495067
29501742
28398475
29855337
34225746
38595290
35444649
37812019
38051886
37721294
37068987
37273154
36989722
35386591
29855379
33041062
15496862
34093133
29601945
29950670
31548708
22608085
29573145
26778955
27376769
19061483
36550542
37471224
37966628
31585077
35819730
34954437
32371107
37385994
9649628
34066949
31934860
33926120
33402207
30401835
33199649
30730976
25815135
26987258
36587923
34288397
28205605
37094938
29879109
37535403
31156435
37167725
30031372
29335608
33165191
29346752
27335407
31740818
33428246
31597593
30514900
35716070
31901304
35304325
36881554
34681673
28965759
36009052
29186567
31992337
36209975
16379581
37282488
36764294
36307396
30718435
35545370
30297870
34593014
34142067
30843071
33999206
29986165","The complex roles of m 6 A modifications in neural stem cell proliferation, differentiation, and self-renewal and implications for memory and neurodegenerative diseases.",2024-06-07,,"N6-methyladenosine (m 6 A), the most prevalent and conserved RNA modification in eukaryotic cells, profoundly influences virtually all aspects of mRNA metabolism. mRNA plays crucial roles in neural stem cell genesis and neural regeneration, where it is highly concentrated and actively involved in these processes. Changes in m 6 A modification levels and the expression levels of related enzymatic proteins can lead to neurological dysfunction and contribute to the development of neurological diseases. Furthermore, the proliferation and differentiation of neural stem cells, as well as nerve regeneration, are intimately linked to memory function and neurodegenerative diseases. This paper presents a comprehensive review of the roles of m 6 A in neural stem cell proliferation, differentiation, and self-renewal, as well as its implications in memory and neurodegenerative diseases. m 6 A has demonstrated divergent effects on the proliferation and differentiation of neural stem cells. These observed contradictions may arise from the time-specific nature of m 6 A and its differential impact on neural stem cells across various stages of development. Similarly, the diverse effects of m 6 A on distinct types of memory could be attributed to the involvement of specific brain regions in memory formation and recall. Inconsistencies in m 6 A levels across different models of neurodegenerative disease, particularly Alzheimer's disease and Parkinson's disease, suggest that these disparities are linked to variations in the affected brain regions. Notably, the opposing changes in m 6 A levels observed in Parkinson's disease models exposed to manganese compared to normal Parkinson's disease models further underscore the complexity of m 6 A's role in neurodegenerative processes. The roles of m 6 A in neural stem cell proliferation, differentiation, and self-renewal, and its implications in memory and neurodegenerative diseases, appear contradictory. These inconsistencies may be attributed to the time-specific nature of m 6 A and its varying effects on distinct brain regions and in different environments.","[{'affiliation': 'Department of Biochemistry and Molecular Biology, College of Basic Medical Sciences, Harbin Medical University, Harbin, Heilongjiang Province, China.\nCollege of Basic Medical Sciences, Harbin Medical University, Harbin, Heilongjiang Province, China.', 'firstname': 'Yanxi', 'initials': 'Y', 'lastname': 'Li'}, {'affiliation': 'Department of Biochemistry and Molecular Biology, College of Basic Medical Sciences, Harbin Medical University, Harbin, Heilongjiang Province, China.\nCollege of Basic Medical Sciences, Harbin Medical University, Harbin, Heilongjiang Province, China.', 'firstname': 'Jing', 'initials': 'J', 'lastname': 'Xue'}, {'affiliation': 'Department of Biochemistry and Molecular Biology, College of Basic Medical Sciences, Harbin Medical University, Harbin, Heilongjiang Province, China.\nCollege of Basic Medical Sciences, Harbin Medical University, Harbin, Heilongjiang Province, China.', 'firstname': 'Yuejia', 'initials': 'Y', 'lastname': 'Ma'}, {'affiliation': 'Department of Biochemistry and Molecular Biology, College of Basic Medical Sciences, Harbin Medical University, Harbin, Heilongjiang Province, China.\nCollege of Basic Medical Sciences, Harbin Medical University, Harbin, Heilongjiang Province, China.', 'firstname': 'Ke', 'initials': 'K', 'lastname': 'Ye'}, {'affiliation': 'Department of Biochemistry and Molecular Biology, College of Basic Medical Sciences, Harbin Medical University, Harbin, Heilongjiang Province, China.\nCollege of Basic Medical Sciences, Harbin Medical University, Harbin, Heilongjiang Province, China.', 'firstname': 'Xue', 'initials': 'X', 'lastname': 'Zhao'}, {'affiliation': 'Department of Biochemistry and Molecular Biology, College of Basic Medical Sciences, Harbin Medical University, Harbin, Heilongjiang Province, China.\nCollege of Basic Medical Sciences, Harbin Medical University, Harbin, Heilongjiang Province, China.', 'firstname': 'Fangliang', 'initials': 'F', 'lastname': 'Ge'}, {'affiliation': 'Department of Biochemistry and Molecular Biology, College of Basic Medical Sciences, Harbin Medical University, Harbin, Heilongjiang Province, China.\nCollege of Basic Medical Sciences, Harbin Medical University, Harbin, Heilongjiang Province, China.', 'firstname': 'Feifei', 'initials': 'F', 'lastname': 'Zheng'}, {'affiliation': 'Department of Biochemistry and Molecular Biology, College of Basic Medical Sciences, Harbin Medical University, Harbin, Heilongjiang Province, China.\nCollege of Basic Medical Sciences, Harbin Medical University, Harbin, Heilongjiang Province, China.', 'firstname': 'Lulu', 'initials': 'L', 'lastname': 'Liu'}, {'affiliation': 'Department of Biochemistry and Molecular Biology, College of Basic Medical Sciences, Harbin Medical University, Harbin, Heilongjiang Province, China.\nCollege of Basic Medical Sciences, Harbin Medical University, Harbin, Heilongjiang Province, China.\nBasic Medical Institute, Heilongjiang Academy of Medical Sciences, Harbin, Heilongjiang Province, China.\nKey Laboratory of Heilongjiang Province for Genetically Modified Animals, Harbin Medical University, Harbin, Heilongjiang Province, China.\nTranslational Medicine Research and Cooperation Center of Northern China, Heilongjiang Academy of Medical Sciences, Harbin, Heilongjiang Province, China.', 'firstname': 'Xu', 'initials': 'X', 'lastname': 'Gao'}, {'affiliation': 'Department of Biochemistry and Molecular Biology, College of Basic Medical Sciences, Harbin Medical University, Harbin, Heilongjiang Province, China.\nCollege of Basic Medical Sciences, Harbin Medical University, Harbin, Heilongjiang Province, China.\nTranslational Medicine Research and Cooperation Center of Northern China, Heilongjiang Academy of Medical Sciences, Harbin, Heilongjiang Province, China.', 'firstname': 'Dayong', 'initials': 'D', 'lastname': 'Wang'}, {'affiliation': 'Dongzhimen Hospital, Beijing University of Chinese Medicine, Beijing, China.', 'firstname': 'Qing', 'initials': 'Q', 'lastname': 'Xia'}]",,Copyright © 2025 Copyright: © 2025 Neural Regeneration Research.,10.4103/NRR.NRR-D-23-01872,Neural regeneration research,,,<Element 'PubmedArticle' at 0x714e7f8c95d0>
"38835931
22355802
37183455
27080380
23648364
32352027
21721555
9197268
14593171
18519635
32662105
16678092
15377232
29539270
31069800
32061929
26545340
33507490
32025811
20026187
11213255
19482877
32732287
9407124
35179861
36627343
37919046
30399582
32636341
31951944
26531677
32991971
30664918
33762957
32758647
31089038
25857808
26539235
16441352
24696550
21184229
30736587
30736623
27428960
12297632
9789328
15917886
21720955
8953245
11960739
20190788
32297991
30385502
24409201
24973551
25606691
10567343
22902562
11520910
18566453
18715677
22518139
22242963
33432241
18929623
18835072
10934254
28686269
21873619
21426424
21132385
19754138
31220347
22404471
20739935
15466467
35490179
11113617
17593875
28771510
30877431
32379419
22426402
36764943
15333840
25609609
30853581
31254394
30308173
28168622
35534717
24502982",A Plant Model of ,2024-06-05,"Artemisia annua, Lobelia cardinalis, Polygonum multiflorum, Salvia miltiorrhiza, iron homeostasis, proteostasis, synucleinopathy models, α-synuclein","Synucleinopathies, typified by Parkinson's disease (PD), entail the accumulation of ","[{'affiliation': 'Department of Plant and Soil Sciences, Martin-Gatton College of Agriculture Food and Environment, Kentucky Tobacco Research & Development Center, University of Kentucky, Lexington, KY 40546, USA.', 'firstname': 'Jasmina', 'initials': 'J', 'lastname': 'Kurepa'}, {'affiliation': 'Naprogenix, Inc., UK-AsTeCC, 145 Graham Avenue, Lexington, KY 40506, USA.', 'firstname': 'Kristen A', 'initials': 'KA', 'lastname': 'Bruce'}, {'affiliation': 'Brain Restoration Center, University of Kentucky, Lexington, KY 40536, USA.\nDepartment of Neurosurgery, University of Kentucky, Lexington, KY 40536, USA.\nDepartment of Neuroscience, University of Kentucky, Lexington, KY 40536, USA.\nDepartment of Neurology, University of Kentucky, Lexington, KY 40536, USA.', 'firstname': 'Greg A', 'initials': 'GA', 'lastname': 'Gerhardt'}, {'affiliation': 'Department of Plant and Soil Sciences, Martin-Gatton College of Agriculture Food and Environment, Kentucky Tobacco Research & Development Center, University of Kentucky, Lexington, KY 40546, USA.', 'firstname': 'Jan A', 'initials': 'JA', 'lastname': 'Smalle'}]",,,10.3390/applbiosci3020016,Applied biosciences,,,<Element 'PubmedArticle' at 0x714e7f8e6980>
38821163,17-β-estradiol potentiates the neurotrophic and neuroprotective effects mediated by the dopamine D3/acetylcholine nicotinic receptor heteromer in dopaminergic neurons.,2024-06-01,"Allosteric modulation, GPCR heteromer, Gender pharmacology, Neuroactive steroids, Parkinson's disease, α-synuclein","Dopaminergic neurons express a heteromer composed of the dopamine D3 receptor and the α4β2 nicotinic acetylcholine receptor, the D3R-nAChR heteromer, activated by both nicotine and dopamine D2 and D3 receptors agonists, such as quinpirole, and crucial for dopaminergic neuron homeostasis. We now report that D3R-nAChR heteromer activity is potentiated by 17-β-estradiol which acts as a positive allosteric modulator by binding a specific domain on the α4 subunit of the nicotinic receptor protomer. In mouse dopaminergic neurons, in fact, 17-β-estradiol significantly increased the ability of nicotine and quinpirole in promoting neuron dendritic remodeling and in protecting neurons against the accumulation of α-synuclein induced by deprivation of glucose, with a mechanism that does not involve the classical estrogen receptors. The potentiation induced by 17-β-estradiol required the D3R-nAChR heteromer since either nicotinic receptor or dopamine D3 receptor antagonists and interfering TAT-peptides, but not the estrogen receptor antagonist fulvestrant, specifically prevented 17-β-estradiol effects. Evidence of estrogens neuroprotection, mainly mediated by genomic mechanisms, have been provided, which is in line with epidemiological data reporting that females are less likely to develop Parkinson's Disease than males. Therefore, potentiation of D3R-nAChR heteromer activity may represent a further mechanism by which 17-β-estradiol reduces dopaminergic neuron vulnerability.","[{'affiliation': 'Department of Molecular and Translational Medicine, University of Brescia, Viale Europa 11, 25123 Brescia, Italy.', 'firstname': 'Giulia', 'initials': 'G', 'lastname': 'Sbrini'}, {'affiliation': 'Department of Molecular and Translational Medicine, University of Brescia, Viale Europa 11, 25123 Brescia, Italy.', 'firstname': 'Veronica', 'initials': 'V', 'lastname': 'Mutti'}, {'affiliation': 'Department of Molecular and Translational Medicine, University of Brescia, Viale Europa 11, 25123 Brescia, Italy.', 'firstname': 'Federica', 'initials': 'F', 'lastname': 'Bono'}, {'affiliation': 'Department of Molecular and Translational Medicine, University of Brescia, Viale Europa 11, 25123 Brescia, Italy.', 'firstname': 'Zaira', 'initials': 'Z', 'lastname': 'Tomasoni'}, {'affiliation': 'Department of Molecular and Translational Medicine, University of Brescia, Viale Europa 11, 25123 Brescia, Italy.', 'firstname': 'Dounia', 'initials': 'D', 'lastname': 'Fadel'}, {'affiliation': 'Department of Molecular and Translational Medicine, University of Brescia, Viale Europa 11, 25123 Brescia, Italy.', 'firstname': 'Cristina', 'initials': 'C', 'lastname': 'Missale'}, {'affiliation': 'Department of Molecular and Translational Medicine, University of Brescia, Viale Europa 11, 25123 Brescia, Italy. Electronic address: chiara.fiorentini@unibs.it.', 'firstname': 'Chiara', 'initials': 'C', 'lastname': 'Fiorentini'}]",,Copyright © 2024 The Authors. Published by Elsevier B.V. All rights reserved.,10.1016/j.ejphar.2024.176678,European journal of pharmacology,,,<Element 'PubmedArticle' at 0x714e7f93c9a0>
"38820057
30572625
30941072
26214260
36320721
34780560
30504699
32949546
34973396
31259264
35537236
34210995
30819706
34373540
34856949
35342803
30264539
27053267
27512050
29189108
27029582
30129475
35166974
30696320
33940247
7633241
36710704
27575654
33462663
32420012
15152723
36780367
36748979
16856469
35494919",Employer representatives' experiences of supporting employees with cognitive impairments in a digital work environment.,2024-05-31,"COVID-19, Parkinson disease, human resources, managers, multiple sclerosis, stroke, sustainable work, vocational rehabilitation","Digital work poses cognitive demands on all employees, but the impact is greater for employees with cognitive impairments. Digitalization also has significant implications for employer representatives as they are responsible for the work environment. However, knowledge is scarce concerning employer representatives' perspectives on identifying needs and support for employees with cognitive impairments working in a digital work environment.
To describe employer representatives' experiences of work environment management with focus on employees with cognitive impairments working in a digital environment.
Focus group methodology was used. Six employer representatives with work environment responsibilities participated.
One overall theme ""Mastering the interconnected processes in a transformative digital work environment"" as well as three themes ""Facilitating good digital work conditions"", ""Identifying needs and difficulties in work tasks among employees' with cognitive impairments"" and ""Pursuing knowledge and collaborations to support employees with cognitive impairments"" with subthemes were identified. The themes describe employer representatives' challenges and efforts to identify fluctuating needs in employees with cognitive impairments and, also, to organize and reduce cognitive demands in the work environment to support them.
Managing the challenges of an evolving digital work environment and matching individual work ability of employees with cognitive impairments in relation to cognitive demands is an ongoing process. The participants valued cooperation with employees with cognitive impairments but lacked support from expertise. The need to develop and implement a functioning support system for vocational rehabilitation to ensure a sustainable work in digital work environments is indicated.","[{'affiliation': 'Department of Health, Education and Technology, Division of Health, Medicine and Rehabilitation, Luleå University of Technology, Luleå, Sweden.', 'firstname': 'Monika', 'initials': 'M', 'lastname': 'Lindberg'}, {'affiliation': 'Department of Health, Education and Technology, Division of Health, Medicine and Rehabilitation, Luleå University of Technology, Luleå, Sweden.', 'firstname': 'Maria', 'initials': 'M', 'lastname': 'Larsson-Lund'}, {'affiliation': 'Department of Social Sciences, Technology and Arts, Division of Humans and Technology, Luleå University of Technology, Luleå, Sweden.', 'firstname': 'Anna', 'initials': 'A', 'lastname': 'Berg Jansson'}, {'affiliation': 'Department of Health, Education and Technology, Division of Health, Medicine and Rehabilitation, Luleå University of Technology, Luleå, Sweden.', 'firstname': 'Maria', 'initials': 'M', 'lastname': 'Ranner'}]",,,10.3233/WOR-230690,"Work (Reading, Mass.)",,"One overall theme ""Mastering the interconnected processes in a transformative digital work environment"" as well as three themes ""Facilitating good digital work conditions"", ""Identifying needs and difficulties in work tasks among employees' with cognitive impairments"" and ""Pursuing knowledge and collaborations to support employees with cognitive impairments"" with subthemes were identified. The themes describe employer representatives' challenges and efforts to identify fluctuating needs in employees with cognitive impairments and, also, to organize and reduce cognitive demands in the work environment to support them.",<Element 'PubmedArticle' at 0x714e7f974680>
"38785554
30923321
30637094
23584393
31311206
36671802
36970289
33335921
23249271
30822540
26584596
32864900
31247906
19432795
17787032
31275533
34783650
35053301
36714629
30518529
28176047
22162969
30890566
33921831
34211166
27090095
26269668
37868345
15133062
29021788
30477908
28155997
33672304
21559394
26764595
28266612
2787292
36058998
31138987
35779817
19210574
25392266
32669127
29467611
36386584
15066001
29673577
25555217
31846737
36760508
35719046
38489352
35102266
38370053
29425935
38137351
10565505
30926749
21876150
15639451
33936013
33139656
29903615
10935181
19845286
29190117
22612585
27458085
17890341
17514494
11456189
37018970
24583088
29311119
29018189
28192102
27814521
25866195
25296989
32056091
27725146
28814485
36923936
27067014
27491067
28744268
12490958
28612842
33653893
34589759
26772151
28903781
37255721
34043886
37781094
36104437
30646475
18814846
37002253
27634977
38608623
30306539
33126696
21537355
36509102
33857347
33255332
28687495
35693784
27852870
31136600
32321532
35029057
32276029
37884972
37596052
37365161
33117258
35432276
36839844
35207483
37713549
28683149
19150053
26711676
30165139
21915101
36442997
30555228
30666112
25596340
32963948
30785308
31317441
35561870
31669214
31464035
31854064
35341901
31092033
31849615
28163224
30846699
30489062
31858807
12937002
31738965
34382768
34385599
33358963
36277506
30683120",The Emerging Role of Human Gut Bacteria Extracellular Vesicles in Mental Disorders and Developing New Pharmaceuticals.,2024-05-24,"extracellular vesicles, gut–brain axis, intestinal microbiota, mental disorders","In recent years, further evidence has emerged regarding the involvement of extracellular vesicles in various human physiopathological conditions such as Alzheimer's disease, Parkinson's disease, irritable bowel syndrome, and mental disorders. The biogenesis and cargo of such vesicles may reveal their impact on human health nd disease and set the underpinnings for the development of novel chemical compounds and pharmaceuticals. In this review, we examine the link between bacteria-derived exosomes in the gastrointestinal tract and mental disorders, such as depression and anxiety disorders. Crucially, we focus on whether changes in the gut environment affect the human mental state or the other way around. Furthermore, the possibility of handling bacteria-derived exosomes as vectors of chemicals to treat such conditions is examined.","[{'affiliation': 'Genetics Laboratory, Department of Biotechnology, Agricultural University of Athens, Iera Odos 75, 11855 Athens, Greece.', 'firstname': 'Effrosyni', 'initials': 'E', 'lastname': 'Louka'}, {'affiliation': 'Genetics Laboratory, Department of Biotechnology, Agricultural University of Athens, Iera Odos 75, 11855 Athens, Greece.', 'firstname': 'Vassiliki Lila', 'initials': 'VL', 'lastname': 'Koumandou'}]",,,"10.3390/cimb46050286
10.1038/s41398-019-0459-9
10.1080/20013078.2018.1535750
10.1038/nrd3978
10.3390/cells8070727
10.3390/biology12010110
10.3389/fpsyt.2023.1138110
10.15698/mic2020.12.737
10.1042/CS20120309
10.1016/j.bbapap.2019.02.005
10.1016/j.transci.2015.10.013
10.1111/1751-7915.13657
10.3390/cancers11070891
10.1111/j.1365-2958.2009.06731.x
10.1002/pmic.200700196
10.1080/20013078.2019.1632099
10.7554/eLife.70725
10.3390/cells11020186
10.3389/fbioe.2022.1100892
10.1136/gutjnl-2018-317726
10.3389/fphys.2011.00094
10.1124/pr.118.015768
10.3390/ijms22084235
10.1038/s41565-021-00931-2
10.1186/s12916-016-0604-8
10.3748/wjg.v21.i29.8787
10.3389/fcimb.2023.1282431
10.1113/jphysiol.2004.063388
10.3389/fmicb.2017.01896
10.1016/j.tim.2018.10.011
10.1002/bies.201600200
10.3390/ijms22042213
10.1371/journal.pone.0019293
10.1016/j.chom.2015.12.005
10.1038/srep43859
10.1128/iai.57.8.2559-2562.1989
10.1186/s41232-022-00224-8
10.5607/en.2019.28.2.158
10.1016/j.phrs.2022.106332
10.1111/j.1582-4934.2009.00686.x
10.1096/fj.14-259721
10.1186/s40168-020-00881-2
10.3389/fnins.2018.00049
10.2147/JIR.S384949
10.1111/j.1743-3150.2004.00471.x
10.1016/j.molmet.2018.03.016
10.1016/j.jadr.2023.100607
10.1172/JCI78361
10.1016/j.nbd.2019.104714
10.3389/fmicb.2023.1118529
10.5056/jnm22008
10.1126/sciimmunol.adj4775
10.1038/s41598-022-05756-0
10.1002/fsn3.3826
10.1016/j.compbiolchem.2018.01.010
10.24875/RMN.20000050
10.3390/biomedicines11123128
10.1001/archpsyc.56.11.1043
10.1523/JNEUROSCI.2092-18.2019
10.1073/pnas.1102999108
10.1016/j.jchromb.2004.10.046
10.3389/fmicb.2021.656895
10.3390/nu12113369
10.1016/j.brainres.2018.03.015
10.1134/S0003683809050068
10.1007/s00217-004-0988-0
10.3136/fstr.18.795
10.1080/10408398.2017.1399860
10.1111/j.1365-2672.2012.05344.x
10.1111/nmo.12904
10.1016/j.fm.2005.01.002
10.1128/AEM.01064-07
10.1007/s00726-007-0544-x
10.4315/0362-028X-64.7.1035
10.1016/j.redox.2023.102690
10.1053/j.gastro.2014.02.037
10.1136/bmj.j5145
10.1038/s41467-017-00900-1
10.1053/j.gastro.2016.12.048
10.1016/j.cell.2016.10.027
10.1016/j.bbi.2015.04.004
10.1007/s00401-014-1343-6
10.1007/s10620-020-06133-5
10.1053/j.gastro.2016.09.049
10.1136/gutjnl-2017-314759
10.7150/ijbs.79666
10.1038/mp.2016.44
10.1016/j.jpsychires.2016.07.019
10.3389/fmicb.2017.01274
10.1038/nature01321
10.1038/mi.2017.49
10.1128/mBio.02706-20
10.1016/j.bbih.2021.100248
10.1016/j.bbi.2015.12.012
10.1186/s40478-017-0470-4
10.3389/fneur.2023.1149618
10.1002/2211-5463.13204
10.3389/fnmol.2023.1227655
10.1038/s41380-022-01737-x
10.5056/jnm18087
10.1016/j.bbi.2008.09.002
10.1038/s41598-023-31730-5
10.1093/nutrit/nuw023
10.1016/j.mib.2024.102473
10.1111/acps.12966
10.3390/biomedicines8110457
10.1038/nrneurol.2011.60
10.1016/S2666-7568(22)00242-2
10.1002/adbi.202000540
10.3390/ijms21238899
10.1016/j.jconrel.2017.07.001
10.3389/fimmu.2022.840550
10.3945/jn.116.238949
10.1371/journal.pone.0217394
10.1186/s12974-020-01787-4
10.1002/jev2.12185
10.1016/j.bbi.2020.04.014
10.1186/s40337-023-00917-6
10.1523/JNEUROSCI.0724-23.2023
10.1038/s41398-023-02514-2
10.3389/fneur.2020.557928
10.3389/fmicb.2022.864720
10.3390/pharmaceutics15020522
10.3390/life12020196
10.1002/wps.21120
10.1371/journal.pone.0180025
10.1016/j.biopsych.2008.11.029
10.1038/nri.2015.5
10.1016/j.jconrel.2018.08.035
10.1038/mt.2011.164
10.1002/adhm.202202751
10.2147/IJN.S179380
10.2147/IJN.S191313
10.1016/j.nano.2014.11.009
10.1016/j.apsb.2020.02.002
10.1080/10717544.2018.1513609
10.1007/s40199-019-00280-5
10.1016/j.jconrel.2022.05.012
10.1016/j.ijpharm.2019.118786
10.1111/cas.14181
10.1002/ange.201913700
10.1016/j.jconrel.2022.03.036
10.1177/0003489419836226
10.3389/fncel.2019.00530
10.1016/j.ijpharm.2017.02.005
10.1038/s41467-019-09034-y
10.1021/acsinfecdis.8b00212
10.1021/acs.nanolett.9b02182
10.1016/j.bej.2022.108722
10.1128/AAC.47.9.2962-2965.2003
10.1016/j.jconrel.2019.11.017
10.1021/acsnano.1c05613
10.1038/s41380-021-01255-2
10.1016/j.pnpbp.2020.110229
10.1080/14686996.2022.2133342
10.1186/s12951-018-0437-z",Current issues in molecular biology,,,<Element 'PubmedArticle' at 0x714e7f9ac7c0>
"38785524
34687754
37379878
33450591
33130380
35790998
37948868
35835713
34875488
33395930
37597731
34935363
33007212
14767487
18200662
35203499
23332724
34814947
18040800
29562936
34836554
30026389
31079293
31440136
29936690
31184127
33051190
27521479
35783147
35550135
37717443
37820799
38036092
28436478
29051531
31445309
34767048
24861948
27999802
38179971
33838439
35429760
30448747
30690359
37734602
38286276
31809927
31310986
35017590
37866144
36089169
38340564
37440474
35160391
34740508
31139862
29136530
30641374
29145085
30104017
29803096
33207500
30861380
35398082
37657408
33049312
36821708
33298447
32197203
37194262
29510365
31794801
34758624
33077192
34656620
34074061
35150991
35605862
31797534
34015635
29304465
37769922
37832687
37813027
38220018
36303360
35367073
36668766
37569681
36251724
34627918
35302003
37981148
34862106
36188270
35526298
36711285
36141864
30962497
35257813
35483261
37354929
38157817
37976362
28226226
37670159
36113630
26608623
25447235
32733633
29455029
24744712
34186424
38228001
32097859
35564678
37532047",Mind over Microplastics: Exploring Microplastic-Induced Gut Disruption and Gut-Brain-Axis Consequences.,2024-05-24,"brain, gut, microbiome, microplastics, neurodegeneration","As environmental plastic waste degrades, it creates an abundance of diverse microplastic particles. Consequently, microplastics contaminate drinking water and many staple food products, meaning the oral ingestion of microplastics is an important exposure route for the human population. Microplastics have long been considered inert, however their ability to promote microbial dysbiosis as well as gut inflammation and dysfunction suggests they are more noxious than first thought. More alarmingly, there is evidence for microplastics permeating from the gut throughout the body, with adverse effects on the immune and nervous systems. Coupled with the now-accepted role of the gut-brain axis in neurodegeneration, these findings support the hypothesis that this ubiquitous environmental pollutant is contributing to the rising incidence of neurodegenerative diseases, like Alzheimer's disease and Parkinson's disease. This comprehensive narrative review explores the consequences of oral microplastic exposure on the gut-brain-axis by considering current evidence for gastrointestinal uptake and disruption, immune activation, translocation throughout the body, and neurological effects. As microplastics are now a permanent feature of the global environment, understanding their effects on the gut, brain, and whole body will facilitate critical further research and inform policy changes aimed at reducing any adverse consequences.","[{'affiliation': 'School of Health Sciences, University of Notre Dame Australia, Fremantle, WA 6160, Australia.', 'firstname': 'Charlotte E', 'initials': 'CE', 'lastname': 'Sofield'}, {'affiliation': 'School of Health Sciences, University of Notre Dame Australia, Fremantle, WA 6160, Australia.\nInstitute for Health Research, University of Notre Dame Australia, Fremantle, WA 6160, Australia.', 'firstname': 'Ryan S', 'initials': 'RS', 'lastname': 'Anderton'}, {'affiliation': 'School of Health Sciences, University of Notre Dame Australia, Fremantle, WA 6160, Australia.', 'firstname': 'Anastazja M', 'initials': 'AM', 'lastname': 'Gorecki'}]",,,"10.3390/cimb46050256
10.1016/j.envres.2021.112232
10.1016/j.envpol.2023.122078
10.1016/j.scitotenv.2020.144481
10.1016/j.jhazmat.2020.124004
10.1186/s13643-022-02010-6
10.1016/j.envint.2023.108225
10.1016/j.ebiom.2022.104147
10.1016/j.aquatox.2021.106048
10.1016/j.envint.2020.106274
10.1016/j.envpol.2023.122406
10.1021/acs.est.1c03924
10.1016/s2468-2667(20)30190-0
10.1038/labinvest.3700050
10.3748/wjg.14.401
10.3390/biomedicines10020289
10.1016/j.mib.2012.12.002
10.1186/s40035-021-00271-0
10.1007/s11481-006-9025-3
10.1186/s40168-018-0439-y
10.1186/s40168-021-01181-z
10.1136/postgradmedj-2017-135424
10.1007/s12017-019-08539-5
10.3389/fnins.2019.00839
10.1007/s12035-018-1188-4
10.1021/acs.est.9b01517
10.1136/gutjnl-2020-321747
10.1053/j.gastro.2016.07.044
10.3389/fnagi.2022.903455
10.1016/j.envpol.2022.119449
10.1016/j.jhazmat.2023.132503
10.1016/j.scitotenv.2023.167403
10.1016/j.envpol.2023.122909
10.1038/srep46687
10.1038/s41598-017-13601-y
10.1016/j.watres.2019.114979
10.1007/s00248-021-01919-0
10.1111/1574-6976.12075
10.1155/2016/5828959
10.1128/mbio.03144-23
10.1016/j.envpol.2021.117039
10.1016/j.jhazmat.2022.128874
10.1016/j.chemosphere.2018.11.070
10.1016/j.scitotenv.2019.01.245
10.1016/j.scitotenv.2023.167215
10.1016/j.scitotenv.2024.170518
10.1016/j.chemosphere.2019.125492
10.1016/j.chemosphere.2019.07.065
10.1038/s41598-021-04489-w
10.1016/j.jhazmat.2023.132800
10.1016/j.toxlet.2022.09.002
10.1016/j.jhazmat.2024.133714
10.1021/acs.est.2c07179
10.3390/polym14030402
10.1016/j.jhazmat.2021.127629
10.1007/s00204-019-02478-7
10.1016/j.scitotenv.2017.11.103
10.1002/macp.202100454
10.1016/j.chemosphere.2019.01.056
10.1016/j.watres.2017.11.011
10.1016/j.scitotenv.2018.08.102
10.1016/j.watres.2018.05.027
10.1016/j.scitotenv.2020.142242
10.1016/j.watres.2019.02.054
10.1016/j.envres.2022.113230
10.1016/j.envint.2023.108172
10.1016/j.tiv.2020.105021
10.1289/ehp11072
10.1126/sciadv.abd1211
10.1016/j.jhazmat.2020.122515
10.1021/acs.est.3c01877
10.1016/j.envpol.2018.02.050
10.1016/j.fct.2019.111010
10.1021/acs.est.1c05796
10.1016/j.chemosphere.2020.128624
10.1016/j.chemosphere.2021.132579
10.3390/ijms22115558
10.1016/j.jhazmat.2022.128431
10.1016/j.scitotenv.2022.156089
10.1002/tox.22885
10.1016/j.ecoenv.2021.112340
10.1016/j.envpol.2017.12.088
10.1016/j.chemosphere.2023.140301
10.1016/j.scitotenv.2023.167760
10.1016/j.jhazmat.2023.132640
10.1016/j.scitotenv.2024.170004
10.1016/j.jhazmat.2022.130138
10.1016/j.envint.2022.107199
10.3390/toxics11010040
10.3390/ijms241512308
10.1289/EHP10255
10.1016/j.scitotenv.2021.150817
10.1016/j.chemosphere.2022.134261
10.1016/j.scitotenv.2023.168586
10.1016/j.jhazmat.2021.127871
10.1021/acsomega.2c03453
10.1016/j.envint.2022.107273
10.1016/j.heliyon.2023.e13070
10.3390/ijerph191811593
10.1038/s41598-019-42286-8
10.1016/j.fct.2022.112904
10.1016/j.jhazmat.2022.128884
10.1016/j.envres.2023.116411
10.1016/j.jhazmat.2023.133289
10.1126/sciadv.adi8716
10.1146/annurev-immunol-051116-052358
10.1007/s12035-023-03625-z
10.1016/j.cbi.2022.110180
10.1186/s12974-015-0434-1
10.1039/C8EN00412A
10.1016/j.inffus.2020.10.006
10.1016/j.nbd.2014.10.019
10.1155/2020/2591248
10.1016/j.neurobiolaging.2018.01.009
10.3389/fnhum.2014.00067
10.1016/j.jhazmat.2021.126482
10.1016/j.jhazmat.2024.133518
10.1016/j.jhazmat.2020.122346
10.3390/ijerph19095283
10.1016/j.scitotenv.2023.165922",Current issues in molecular biology,,,<Element 'PubmedArticle' at 0x714e81530c70>
38768687,Exploring the complex interplay between Parkinson's disease and BAG proteins.,2024-05-21,"Bcl-2-associated athanogene, Chaperones, Parkinson’s disease","Parkinsons disease (PD) is a chronic fast growing neurodegenerative disorder of Central Nervous System (CNS) characterized by progressive loss of dopaminergic neurons in the substantia nigra pars compacta (SNpc) and formation of Lewy bodies (LBs) which causes dopamine deficiency within basal ganglia leading to motor and non-motor manifestation. According to reports, many factors are responsible for pathogenesis of PD which includes environmental factors, genetic factors, and aging factors. Whereas death of dopaminergic neurons is also caused by oxidative stress, neuroinflammation, and autophagy disorder. Molecular chaperones/co-chaperones are proteins that binds to an unstable conformer of another protein and stabilizes it. Chaperones prevent incorrect interaction between non-native polypeptides which increases the yield but not the rate of reaction. The Bcl-2-associated athanogene (BAG) is a multifunctional group of proteins belonging to BAG family of co-chaperones. Recent studies demonstrates that chaperones interact with PD-related proteins. Co-chaperones like BAG family proteins regulate the function of chaperones. Molecular chaperones regulate the mitochondrial functions by interacting with the PD-related proteins associated with it. This review studies the contribution of chaperones and PD-related proteins in pathogenesis of PD aiming to provide an alternate molecular target for preventing the disease progression.","[{'affiliation': 'School of Pharmaceutical Sciences, Lovely Professional University,\xa0Jalandhar-Delhi G.T Road,\xa0Phagwara,\xa0Punjab,\xa0India.', 'firstname': 'Yash', 'initials': 'Y', 'lastname': 'Wardhan'}, {'affiliation': 'School of Pharmaceutical Sciences, Lovely Professional University,\xa0Jalandhar-Delhi G.T Road,\xa0Phagwara,\xa0Punjab,\xa0India.', 'firstname': 'Sukriti', 'initials': 'S', 'lastname': 'Vishwas'}, {'affiliation': 'School of Pharmaceutical Sciences, Lovely Professional University,\xa0Jalandhar-Delhi G.T Road,\xa0Phagwara,\xa0Punjab,\xa0India.', 'firstname': 'Arumugam', 'initials': 'A', 'lastname': 'Porselvi'}, {'affiliation': 'School of Pharmaceutical Sciences, Lovely Professional University,\xa0Jalandhar-Delhi G.T Road,\xa0Phagwara,\xa0Punjab,\xa0India; Faculty of Health, Australian Research Centre in Complementary & Integrative Medicine, University of Technology Sydney,\xa0Ultimo,\xa0NSW 2007,\xa0Australia.', 'firstname': 'Sachin Kumar', 'initials': 'SK', 'lastname': 'Singh'}, {'affiliation': 'School of Pharmaceutical Sciences, Lovely Professional University,\xa0Jalandhar-Delhi G.T Road,\xa0Phagwara,\xa0Punjab,\xa0India; College of Pharmacy, Gachon Institute of Pharmaceutical Science, Gachon University, Incheon, South Korea.', 'firstname': 'Violina', 'initials': 'V', 'lastname': 'Kakoty'}]",,Copyright © 2024 Elsevier B.V. All rights reserved.,10.1016/j.bbr.2024.115054,Behavioural brain research,,,<Element 'PubmedArticle' at 0x714e81598f90>
38767381,Isolation of Mitochondria for Mitochondrial Supercomplex Analysis from Small Tissue and Cell Culture Samples.,2024-05-20,,"Over the last decades, the evidence accumulated about the existence of respiratory supercomplexes (SCs) has changed our understanding of the mitochondrial electron transport chain organization, giving rise to the proposal of the ""plasticity model."" This model postulates the coexistence of different proportions of SCs and complexes depending on the tissue or the cellular metabolic status. The dynamic nature of the assembly in SCs would allow cells to optimize the use of available fuels and the efficiency of electron transfer, minimizing reactive oxygen species generation and favoring the ability of cells to adapt to environmental changes. More recently, abnormalities in SC assembly have been reported in different diseases such as neurodegenerative disorders (Alzheimer's and Parkinson's disease), Barth Syndrome, Leigh syndrome, or cancer. The role of SC assembly alterations in disease progression still needs to be confirmed. Nevertheless, the availability of enough amounts of samples to determine the SC assembly status is often a challenge. This happens with biopsy or tissue samples that are small or have to be divided for multiple analyses, with cell cultures that have slow growth or come from microfluidic devices, with some primary cultures or rare cells, or when the effect of particular costly treatments has to be analyzed (with nanoparticles, very expensive compounds, etc.). In these cases, an efficient and easy-to-apply method is required. This paper presents a method adapted to obtain enriched mitochondrial fractions from small amounts of cells or tissues to analyze the structure and function of mitochondrial SCs by native electrophoresis followed by in-gel activity assays or western blot.","[{'affiliation': 'Department of Biochemistry, University of Zaragoza; Institute for Biocomputation and Physics of Complex Systems, University of Zaragoza; raquelml@unizar.es.', 'firstname': 'Raquel', 'initials': 'R', 'lastname': 'Moreno-Loshuertos'}, {'affiliation': 'Department of Biochemistry, University of Zaragoza; Institute for Biocomputation and Physics of Complex Systems, University of Zaragoza.', 'firstname': 'Patricio', 'initials': 'P', 'lastname': 'Fernández-Silva'}]",,,10.3791/66771,Journal of visualized experiments : JoVE,,,<Element 'PubmedArticle' at 0x714e8158c540>
"38746441
36201109
27346641
35761385
23690026
30203060
26015536
33649502
37040456
32864568
28889823
19237447
37980685
37391113
37607008
38306948
33674612
22776331
22309908
28369316
31282427
19729209
28645171
15751039
25926357
31333644
24126627
24904277
11253381
17082464
30287051
30584159
26526610
12777365
30722785
21636976
24561809
35595184
28417442
22627180
37088155
28670681
32422283
24607323
38578904
24050700
17098842
17291500
25635586
35939362
20971919
15233518
30684217
11250811
28974386
38571321
26790531
22892372
33860438
32020534
28087834
30859219
30423142
27049787
21493656
22955616
35412637
27818248
36088343
25446677
31713622
30003140
28980159
21402100
8841090
8597060
28685157
25972926
24277482
25199790
20110278
28870203
16809432
36061205
23343917
27330081
22040917
21149340
30065071
36906620
20877431
37209532
35876266
36325489
25352553
27924014
23857047
37626097
29041956
37370147
36522332
20090375
29456630
32665974
38092916",Developmental origins of Parkinson's disease risk: perinatal exposure to the organochlorine pesticide dieldrin leads to sex-specific DNA modifications in critical neurodevelopmental pathways in the mouse midbrain.,2024-05-15,"DNA methylation, Parkinson’s disease, dieldrin, epigenetics, pesticides","Epidemiological studies show that exposure to the organochlorine pesticide dieldrin is associated with increased risk of Parkinson's disease (PD). Animal studies support a link between developmental dieldrin exposure and increased neuronal susceptibility in the α-synuclein preformed fibril (α-syn PFF) and MPTP models in adult male C57BL/6 mice. In a previous study, we showed that developmental dieldrin exposure was associated with sex-specific changes in DNA modifications within genes related to dopaminergic neuron development and maintenance at 12 weeks of age. Here, we used capture hybridization-sequencing with custom baits to interrogate DNA modifications across the entire genetic loci of the previously identified genes at multiple time points - birth, 6 weeks, 12 weeks, and 36 weeks old. We identified largely sex-specific dieldrin-induced changes in DNA modifications at each time point that annotated to pathways important for neurodevelopment, potentially related to critical steps in early neurodevelopment, dopaminergic neuron differentiation, synaptogenesis, synaptic plasticity, and glial-neuron interactions. Despite large numbers of age-specific DNA modifications, longitudinal analysis identified a small number of DMCs with dieldrin-induced deflection of epigenetic aging. The sex-specificity of these results adds to evidence that sex-specific responses to PD-related exposures may underly sex-specific differences in disease. Overall, these data support the idea that developmental dieldrin exposure leads to changes in epigenetic patterns that persist after the exposure period and disrupt critical neurodevelopmental pathways, thereby impacting risk of late life diseases, including PD.","[{'affiliation': 'Department of Translational Neuroscience, College of Human Medicine, Michigan State University, Grand Rapids, MI.', 'firstname': 'Joseph', 'initials': 'J', 'lastname': 'Kochmanski'}, {'affiliation': 'Department of Pharmacology and Toxicology, Ernest Mario School of Pharmacy, Rutgers University, Piscataway, NJ.', 'firstname': 'Mahek', 'initials': 'M', 'lastname': 'Virani'}, {'affiliation': 'Department of Translational Neuroscience, College of Human Medicine, Michigan State University, Grand Rapids, MI.', 'firstname': 'Nathan C', 'initials': 'NC', 'lastname': 'Kuhn'}, {'affiliation': 'Department of Translational Neuroscience, College of Human Medicine, Michigan State University, Grand Rapids, MI.', 'firstname': 'Sierra L', 'initials': 'SL', 'lastname': 'Boyd'}, {'affiliation': 'Genomics Core, Van Andel Research Institute, Grand Rapids, MI.', 'firstname': 'Katelyn', 'initials': 'K', 'lastname': 'Becker'}, {'affiliation': 'Genomics Core, Van Andel Research Institute, Grand Rapids, MI.', 'firstname': 'Marie', 'initials': 'M', 'lastname': 'Adams'}, {'affiliation': 'Department of Pharmacology and Toxicology, Ernest Mario School of Pharmacy, Rutgers University, Piscataway, NJ.\nEnvironmental and Occupational Health Sciences Institute, Ernest Mario School of Pharmacy, Rutgers University, Piscataway, NJ.\nDepartment of Translational Neuroscience, College of Human Medicine, Michigan State University, Grand Rapids, MI.', 'firstname': 'Alison I', 'initials': 'AI', 'lastname': 'Bernstein'}]",,,10.1101/2024.04.26.590998,bioRxiv : the preprint server for biology,,,<Element 'PubmedArticle' at 0x714e8158e200>
"38684891
32738937
27751556
31978357
36449413
30258237
12672864
30820047
22892372
27105432
29056410
36543276
21233055
36773580
16103423
30691095
28704700
37193692
24473795
30597605
20350979
31200706
28777965
22083847
34316670
25943788
32075885
30391837
34558969
26849365
33068581
35259385
36370798
29536388
27216159
24847438
24924672
32804134
36878369
22595191
11836138
34445117
35870501
35605864
32884840
33778899
36965813
19928180
32513186
35302003
31753762
35715821
34728237
28959659
24495583
34628512
25288670
22079442
28286310
37018009
34004450
29370177
32123170
32636213
37156292
31828981
35994799
33752746
27770710
33128528
29287180
32712378
28541558
33927623
35946953
33993958
30704714
34225147
25522657
36087732
35033616
33823232
26582458
21216261
34203397
12399141
25797475
34655688
35595013
31706766
30886413
27842887",Assessing the contribution of the chemical exposome to neurodegenerative disease.,2024-04-30,,"Over the past few decades, numerous environmental chemicals from solvents to pesticides have been suggested to be involved in the development and progression of neurodegenerative diseases. Most of the evidence has accumulated from occupational or cohort studies in humans or laboratory research in animal models, with a range of chemicals being implicated. What has been missing is a systematic approach analogous to genome-wide association studies, which have identified dozens of genes involved in Alzheimer's disease, Parkinson's disease and other neurodegenerative diseases. Fortunately, it is now possible to study hundreds to thousands of chemical features under the exposome framework. This Perspective explores how advances in mass spectrometry make it possible to generate exposomic data to complement genomic data and thereby better understand neurodegenerative diseases.","[{'affiliation': 'University of Bordeaux, Inserm, Bordeaux Population Health Research Center, UMR 1219, Bordeaux, France.\nUniv Rennes, Inserm, EHESP, Irset (Institut de Recherche en Santé, Environnement et Travail) - UMR_S 1085, Rennes, France.', 'firstname': 'S', 'initials': 'S', 'lastname': 'Lefèvre-Arbogast'}, {'affiliation': 'Univ Rennes, Inserm, EHESP, Irset (Institut de Recherche en Santé, Environnement et Travail) - UMR_S 1085, Rennes, France.', 'firstname': 'J', 'initials': 'J', 'lastname': 'Chaker'}, {'affiliation': 'Univ Rennes, Inserm, EHESP, Irset (Institut de Recherche en Santé, Environnement et Travail) - UMR_S 1085, Rennes, France.', 'firstname': 'F', 'initials': 'F', 'lastname': 'Mercier'}, {'affiliation': 'Université Paris Cité, T3S, INSERM UMR-S 1124, Paris, France.', 'firstname': 'R', 'initials': 'R', 'lastname': 'Barouki'}, {'affiliation': 'Université Paris Cité, T3S, INSERM UMR-S 1124, Paris, France.', 'firstname': 'X', 'initials': 'X', 'lastname': 'Coumoul'}, {'affiliation': 'Department of Environmental Health Sciences, Columbia University Mailman School of Public Health, New York, NY, USA.', 'firstname': 'G W', 'initials': 'GW', 'lastname': 'Miller'}, {'affiliation': 'Univ Rennes, Inserm, EHESP, Irset (Institut de Recherche en Santé, Environnement et Travail) - UMR_S 1085, Rennes, France.', 'firstname': 'A', 'initials': 'A', 'lastname': 'David'}, {'affiliation': 'University of Bordeaux, Inserm, Bordeaux Population Health Research Center, UMR 1219, Bordeaux, France. cecilia.samieri@u-bordeaux.fr.', 'firstname': 'C', 'initials': 'C', 'lastname': 'Samieri'}]",,"© 2024. Springer Nature America, Inc.",10.1038/s41593-024-01627-1,Nature neuroscience,,,<Element 'PubmedArticle' at 0x714e8161a7f0>
"38684085
20972641
23038241
36463714
20833863
24461576
34619613
17895436
32153420
29556188
14687391
34529773
36647245
18050177
26407605
24117303
24655124
31275650
29099924
24731095
23965310
28152168
1202204
10404378
8185520
17406468
7814786
24886670
25326130
27747944
3535411
2095860
17826454
8126356
1991946
7154893
11955509
29739456
14654202",Gait Features in Different Environments Contributing to Participation in Outdoor Activities in Old Age (GaitAge): Protocol for an Observational Cross-Sectional Study.,2024-04-29,"GaitAge, activities, activity, ageing, aging, analysis of walk, assessment, assessments, biomechanic, biomechanics, elder, elderly, environment, free living, gait, geriatric, geriatrics, gerontology, health disparities, health disparity, interview, interviews, kinematics, movement analysis, observational cross-sectional study, older adult, older adults, older people, older person, outdoor, physical test, physical tests, posture, spatiotemporal, walking","The ability to walk is a key issue for independent old age. Optimizing older peoples' opportunities for an autonomous and active life and reducing health disparities requires a better understanding of how to support independent mobility in older people. With increasing age, changes in gait parameters such as step length and cadence are common and have been shown to increase the risk of mobility decline. However, gait assessments are typically based on laboratory measures, even though walking in a laboratory environment may be significantly different from walking in outdoor environments.
This project will study alterations in biomechanical features of gait by comparing walking on a treadmill in a laboratory, level outdoor, and hilly outdoor environments. In addition, we will study the possible contribution of changes in gait between these environments to outdoor mobility among older people.
Participants of the study were recruited through senior organizations of Central Finland and the University of the Third Age, Jyväskylä. Inclusion criteria were community-dwelling, aged 70 years and older, able to walk at least 1 km without assistive devices, able to communicate, and living in central Finland. Exclusion criteria were the use of mobility devices, severe sensory deficit (vision and hearing), memory impairment (Mini-Mental State Examination ≤23), and neurological conditions (eg, stroke, Parkinson disease, and multiple sclerosis). The study protocol included 2 research visits. First, indoor measurements were conducted, including interviews (participation, health, and demographics), physical performance tests (short physical performance battery and Timed Up and Go), and motion analysis on a treadmill in the laboratory (3D Vicon and next-generation inertial measurement units [NGIMUs]). Second, outdoor walking tests were conducted, including walking on level (sports track) and hilly (uphill and downhill) terrain, while movement was monitored via NGIMUs, pressure insoles, heart rate, and video data.
A total of 40 people (n=26, 65% women; mean age 76.3, SD 5.45 years) met the inclusion criteria and took part in the study. Data collection took place between May and September 2022. The first result is expected to be published in the spring of 2024.
This multidisciplinary study will provide new scientific knowledge about how gait biomechanics are altered in varied environments, and how this influences opportunities to participate in outdoor activities for older people.
RR1-10.2196/52898.","[{'affiliation': 'Faculty of Sport and Health Sciences, Gerontology Research Center, University of Jyväskylä, Jyväskylä, Finland.\nThe Wellbeing Services County of Central Finland, Jyväskylä, Finland.\nInstitute of Rehabilitation, JAMK University of Applied Sciences, Jyväskylä, Finland.', 'firstname': 'Merja', 'initials': 'M', 'lastname': 'Rantakokko'}, {'affiliation': 'Institute of Rehabilitation, JAMK University of Applied Sciences, Jyväskylä, Finland.', 'firstname': 'Emmi', 'initials': 'E', 'lastname': 'Matikainen-Tervola'}, {'affiliation': 'Institute of Rehabilitation, JAMK University of Applied Sciences, Jyväskylä, Finland.', 'firstname': 'Eeva', 'initials': 'E', 'lastname': 'Aartolahti'}, {'affiliation': 'Institute of Rehabilitation, JAMK University of Applied Sciences, Jyväskylä, Finland.', 'firstname': 'Sanna', 'initials': 'S', 'lastname': 'Sihvonen'}, {'affiliation': 'Institute of Rehabilitation, JAMK University of Applied Sciences, Jyväskylä, Finland.', 'firstname': 'Julija', 'initials': 'J', 'lastname': 'Chichaeva'}, {'affiliation': 'Faculty of Sport and Health Sciences, Neuromuscular Research Centre, University of Jyväskylä, Jyväskylä, Finland.', 'firstname': 'Taija', 'initials': 'T', 'lastname': 'Finni'}, {'affiliation': 'Faculty of Sport and Health Sciences, Neuromuscular Research Centre, University of Jyväskylä, Jyväskylä, Finland.\nSchool of Sport and Exercise, University of Gloucestershire, Gloucester, United Kingdom.', 'firstname': 'Neil', 'initials': 'N', 'lastname': 'Cronin'}]",,"©Merja Rantakokko, Emmi Matikainen-Tervola, Eeva Aartolahti, Sanna Sihvonen, Julija Chichaeva, Taija Finni, Neil Cronin. Originally published in JMIR Research Protocols (https://www.researchprotocols.org), 29.04.2024.","10.2196/52898
10.1007/s11606-010-1543-2
10.1097/JES.0b013e3182556f1e
10.1016/j.gaitpost.2022.11.009
10.1093/ageing/afq113
10.1016/j.jbiomech.2013.12.024
10.1016/j.gaitpost.2021.09.197
10.1093/gerona/62.9.983
10.3389/fphys.2020.00090
10.3389/fnagi.2018.00044
10.1046/j.1532-5415.2003.51512.x
10.1093/gerona/glab268
10.1002/gps.5875
10.1002/gps.5875
10.1002/art.23083
10.1002/art.23083
10.1007/s11136-015-1137-x
10.1111/jgs.12473
10.1111/jgs.12473
10.1111/jgs.12763
10.1155/2019/3923574
10.1155/2019/3923574
10.1093/gerona/glx217
10.1111/jgs.12787
10.1177/0898264313497507
10.1111/jgs.14738
10.1016/0022-3956(75)90026-6
10.1016/s0886-3350(99)00082-6
10.1001/archopht.1994.01090170074026
10.1038/nprot.2006.390
10.1177/014662167700100306
10.1093/gerona/50a.1.m28
10.1186/1756-0500-7-323
10.1186/1756-0500-7-323
10.1177/0898264314555328
10.1111/sms.12782
10.1111/j.0954-6820.1986.tb08956.x
10.1007/BF03323916
10.1016/j.apmr.2007.06.016
10.1093/geronj/49.2.m85
10.1111/j.1532-5415.1991.tb01616.x
10.1016/s0021-9290(02)00008-8
10.1186/s12938-018-0488-2
10.1186/s12938-018-0488-2
10.1016/s0966-6362(97)00021-0
10.1016/s0966-6362(02)00190-x",JMIR research protocols,,"A total of 40 people (n=26, 65% women; mean age 76.3, SD 5.45 years) met the inclusion criteria and took part in the study. Data collection took place between May and September 2022. The first result is expected to be published in the spring of 2024.",<Element 'PubmedArticle' at 0x714e7f7ec5e0>
38679353,Association between increased and decreased gut microbiota abundance and Parkinson's disease: A systematic review and subgroup meta-analysis.,2024-04-29,"Differential abundance, Gut microbiota, Gut microbiota dysbiosis, Meta-analysis, Microbiome composition, Parkinson's disease","The objective of the study was to systematically investigate the association between gut microbiota (GM) abundance and Parkinson's disease (PD).
PubMed, Medline, Cochrane Library and other literature datebase platforms were searched for eligible studies in the English-language from conception to March 1, 2024. Studies evaluating the association between GM and PD were included. The results of the included studies were analyzed using a random effects model with calculation of the mean difference (MD) with the 95 % confidence interval to quantify the incidence of differences in abundance of various bacterial families in PD patients. Continuous models were used to analyze the extracted data.
A total of 14 studies with 1045 PD cases and 821 healthy controls were included for data extraction and meta-analysis. All the included studies exhibited reasonable quality. The included studies reported the data on the ratios of 10 families of GM. Of these 10 microbiota families, Bifidobacteriaceae, Ruminococcaceae, Rikenellaceae, Lactobacillaceae, Verrucomicrobiaceae and Christensenellaceae were found to have increased ratios according to the pooled ratios, while Prevotellaceae, Lachnospiraceae, Erysipelotrichaceae and Faecalibacterium were decreased in PD cases.
Patients in the PD cohort exhibited distinctive microbiota compositions compared to healthy individuals, with unique differential patterns in gut microbiome abundance at the phylum, family, and genus levels that may be associated wtih PD pathogenesis.","[{'affiliation': 'Department of Neurology, Jinqiu Hospital of Liaoning Province, Shenyang 110016, China.', 'firstname': 'Fusheng', 'initials': 'F', 'lastname': 'Bai'}, {'affiliation': 'Department of Neurology, Jinqiu Hospital of Liaoning Province, Shenyang 110016, China.', 'firstname': 'Lin', 'initials': 'L', 'lastname': 'You'}, {'affiliation': 'Department of Neurology, Jinqiu Hospital of Liaoning Province, Shenyang 110016, China.', 'firstname': 'Hongyan', 'initials': 'H', 'lastname': 'Lei'}, {'affiliation': 'Key Lab of Environmental Pollution and Microecology of Liaoning Province, Shenyang Medical College, Shenyang 110034, China. Electronic address: lixinming@symc.edu.cn.', 'firstname': 'Xinming', 'initials': 'X', 'lastname': 'Li'}]","Patients in the PD cohort exhibited distinctive microbiota compositions compared to healthy individuals, with unique differential patterns in gut microbiome abundance at the phylum, family, and genus levels that may be associated wtih PD pathogenesis.",Copyright © 2024 The Authors. Published by Elsevier Inc. All rights reserved.,10.1016/j.exger.2024.112444,Experimental gerontology,,"A total of 14 studies with 1045 PD cases and 821 healthy controls were included for data extraction and meta-analysis. All the included studies exhibited reasonable quality. The included studies reported the data on the ratios of 10 families of GM. Of these 10 microbiota families, Bifidobacteriaceae, Ruminococcaceae, Rikenellaceae, Lactobacillaceae, Verrucomicrobiaceae and Christensenellaceae were found to have increased ratios according to the pooled ratios, while Prevotellaceae, Lachnospiraceae, Erysipelotrichaceae and Faecalibacterium were decreased in PD cases.",<Element 'PubmedArticle' at 0x714e7f7df290>
"38676114
16512912
10996295
20868880
17430801
7760264
25993628
11378426
12297257
15886135
15519595
24556672
22438763
18951800
36366187
37074102
37447755
8035350
16740390
17161602
3350949
19889543
18672241
26002604
26341531
10200382
9817683
19761306
20541939
37856442",Ubiquitous Gait Analysis through Footstep-Induced Floor Vibrations.,2024-04-27,"gait analysis, spatiotemporal parameter, structural vibration","Quantitative analysis of human gait is critical for the early discovery, progressive tracking, and rehabilitation of neurological and musculoskeletal disorders, such as Parkinson's disease, stroke, and cerebral palsy. Gait analysis typically involves estimating gait characteristics, such as spatiotemporal gait parameters and gait health indicators (e.g., step time, length, symmetry, and balance). Traditional methods of gait analysis involve the use of cameras, wearables, and force plates but are limited in operational requirements when applied in daily life, such as direct line-of-sight, carrying devices, and dense deployment. This paper introduces a novel approach for gait analysis by passively sensing floor vibrations generated by human footsteps using vibration sensors mounted on the floor surface. Our approach is low-cost, non-intrusive, and perceived as privacy-friendly, making it suitable for continuous gait health monitoring in daily life. Our algorithm estimates various gait parameters that are used as standard metrics in medical practices, including ","[{'affiliation': 'Department of Civil and Environmental Engineering, Stanford University, Stanford, CA 94305, USA.', 'firstname': 'Yiwen', 'initials': 'Y', 'lastname': 'Dong'}, {'affiliation': 'Department of Civil and Environmental Engineering, Stanford University, Stanford, CA 94305, USA.', 'firstname': 'Hae Young', 'initials': 'HY', 'lastname': 'Noh'}]",,,"10.3390/s24082496
10.1016/B978-0-443-10009-3.50005-9
10.1186/1743-0003-3-4
10.1016/S0966-6362(00)00070-9
10.1016/j.ocl.2010.06.009
10.3138/1457-2411-V402-62L1
10.1590/bjpt-rbf.2014.0085
10.1016/S0966-6362(01)00100-X
10.1016/S0966-6362(02)00004-8
10.1016/j.gaitpost.2004.07.008
10.1016/j.jbiomech.2004.02.047
10.1155/2016/5036857
10.3390/s140203362
10.3390/s120202255
10.1016/j.gaitpost.2008.07.011
10.3390/s22218486
10.1021/acsnano.2c12612
10.3390/s23135905
10.1016/j.iot.2022.100541
10.1061/(ASCE)EM.1943-7889.0001719
10.1260/135101006778605370
10.1190/1.1441700
10.1016/j.gaitpost.2006.04.013
10.1016/j.ymssp.2018.04.026
10.1016/j.gaitpost.2006.10.011
10.1097/01241398-198803000-00007
10.1109/TSA.2005.860851
10.1016/j.ymssp.2007.06.001
10.1016/j.gaitpost.2009.10.002
10.1061/(ASCE)EM.1943-7889.0001889
10.1016/j.jbiomech.2008.06.024
10.1016/0966-6362(95)01052-1
10.1016/j.gaitpost.2015.05.002
10.1016/j.gaitpost.2015.05.020
10.1016/S0966-6362(97)00043-X
10.1164/ajrccm.158.5.9710086
10.1167/9.6.15
10.1016/j.gaitpost.2010.05.012
10.1371/journal.pcbi.1011462
10.1016/j.proeng.2012.06.199
10.1109/TII.2016.2585643
10.1190/tle32101206.1","Sensors (Basel, Switzerland)",,,<Element 'PubmedArticle' at 0x714e7f7c9fd0>
"38673425
28931491
34950630
37612539
33848468
25904081
18787880
20123553
29321141
24953743
15728289
26439945
34951063
27274396
32566123
35113386
34997759
27583249
28408811
28749970
29486000
32695306
32987321
32917125
23559410
25774137
30809175
22166406
26974430
29989487
27340683
31367394
24047204
34963139
24447597
24508154
30149464
30501424
3604997
1986902
0
29727035",An Exploration of People Living with Parkinson's Experience of Cardio-Drumming; Parkinson's Beats: A Qualitative Phenomenological Study.,2024-04-27,"Parkinson’s disease, drumming exercises, empowerment, eye-hand coordination, flow experience, healthy ageing, mental health, multi-disciplinary, music, physical activity","Research has shown that physical activity has a range of benefits for people living with Parkinson's (PLwP), improving muscle strength, balance, flexibility, and walking, as well as non-motor symptoms such as mood. Parkinson's Beats is a form of cardio-drumming, specifically adapted for PLwP, and requires no previous experience nor skills. Nineteen PLwP (aged between 55 and 80) took part in the regular Parkinson's Beats sessions in-person or online. Focus group discussions took place after twelve weeks to understand the impacts of Parkinson's Beats. Through the framework analysis, six themes and fifteen subthemes were generated. Participants reported a range of benefits of cardio-drumming, including improved fitness and movement, positive mood, the flow experience, and enhanced social wellbeing. A few barriers to participation were also reported. Future research is justified, and best practice guidelines are needed to inform healthcare professionals, PLwP and their care givers.","[{'affiliation': 'School of Psychology, College of Health, Psychology and Social Care, University of Derby, Derby DE22 1GB, UK.', 'firstname': 'J Yoon', 'initials': 'JY', 'lastname': 'Irons'}, {'affiliation': ""Parkinson's Scotland Office, 1/14 King James VI Business Centre, Friarton Road, Perth PH2 8DY, UK."", 'firstname': 'Alison', 'initials': 'A', 'lastname': 'Williams'}, {'affiliation': ""Parkinson's Scotland Office, 1/14 King James VI Business Centre, Friarton Road, Perth PH2 8DY, UK."", 'firstname': 'Jo', 'initials': 'J', 'lastname': 'Holland'}, {'affiliation': 'School of Health Sciences, Robert Gordon University, Garthdee Road, Aberdeen AB10 7QG, UK.', 'firstname': 'Julie', 'initials': 'J', 'lastname': 'Jones'}]",,,"10.3390/ijerph21040514
10.1016/S1474-4422(17)30299-5
10.3389/fpubh.2021.776847
10.1007/s00415-023-11939-0
10.1016/S0140-6736(21)00218-X
10.1016/S0140-6736(14)61393-3
10.1007/s00415-008-5006-1
10.1016/S1353-8020(09)70831-4
10.1136/jnnp-2017-316437
10.1016/j.parkreldis.2014.06.001
10.1212/01.WNL.0000151960.28687.93
10.1016/j.parkreldis.2015.09.030
10.1002/ana.26291
10.1186/s13102-016-0042-0
10.1155/2020/9748091
10.1007/s40279-022-01650-x
10.1111/ane.13579
10.3389/fmed.2016.00035
10.2147/CIA.S131903
10.1371/journal.pone.0181515
10.1371/journal.pone.0193113
10.1155/2020/3257623
10.1016/j.smrv.2020.101384
10.1177/1545968320952799
10.1055/s-0033-1337905
10.1080/18125980.2020.1794945
10.3389/fpsyg.2014.01185
10.3389/fpsyg.2019.00244
10.1016/S1353-8020(11)70036-0
10.1371/journal.pone.0151136
10.1080/17482631.2018.1484219
10.1002/mdc3.12269
10.1002/nop2.275
10.1186/1471-2288-13-117
10.1093/ptj/pzab302
10.1016/j.neuroscience.2014.01.019
10.1016/j.neuroscience.2014.01.041
10.3233/JPD-181383
10.1080/09593985.2018.1551455
10.1017/CBO9780511621956.002
10.1016/j.jcgg.2016.01.001
10.1007/BF00919275
10.1177/014572179101700108
10.12966/hc.02.01.2014
10.1111/nyas.13685
10.1177/1525822X05279903",International journal of environmental research and public health,,,<Element 'PubmedArticle' at 0x714e7f7c7790>
"38654737
36008154
30907948
17229744
28890341
25043443
30871253
29263221
32903360
29323122
16809215
16780887
36944760
30154990
22608701
21221956
23114676
37086934
37699779
32322385
37465959
38872812
31679951
35082741
33216658
28113199
32452815
20848370
35754777
24680722
38539250
26461498
32517076
28340371
30631302
30901621
28736600
33545491
32079351
36433353
37838588
27163397
33540389
18580295
16289922
20512484
17055177
28659862
39432841
30975519
25319020
30143726",Gait-modifying effects of augmented-reality cueing in people with Parkinson's disease.,2024-04-24,"Augmented Reality, HoloLens 2, Magic Leap 2, Mixed Reality, Parkinson’s disease, gait parameters, visual cueing","External cueing can improve gait in people with Parkinson's disease (PD), but there is a need for wearable, personalized and flexible cueing techniques that can exploit the power of action-relevant visual cues. Augmented Reality (AR) involving headsets or glasses represents a promising technology in those regards. This study examines the gait-modifying effects of real-world and AR cueing in people with PD.
21 people with PD performed walking tasks augmented with either real-world or AR cues, imposing changes in gait speed, step length, crossing step length, and step height. Two different AR headsets, differing in AR field of view (AR-FOV) size, were used to evaluate potential AR-FOV-size effects on the gait-modifying effects of AR cues as well as on the head orientation required for interacting with them.
Participants modified their gait speed, step length, and crossing step length significantly to changes in both real-world and AR cues, with step lengths also being statistically equivalent to those imposed. Due to technical issues, step-height modulation could not be analyzed. AR-FOV size had no significant effect on gait modifications, although small differences in head orientation were observed when interacting with nearby objects between AR headsets.
People with PD can modify their gait to AR cues as effectively as to real-world cues with state-of-the-art AR headsets, for which AR-FOV size is no longer a limiting factor. Future studies are warranted to explore the merit of a library of cue modalities and individually-tailored AR cueing for facilitating gait in real-world environments.","[{'affiliation': 'Department of Human Movement Sciences, Faculty of Behavioural and Movement Sciences, Vrije Universiteit Amsterdam, Amsterdam Movement Sciences, Amsterdam, Netherlands.', 'firstname': 'Eva M', 'initials': 'EM', 'lastname': 'Hoogendoorn'}, {'affiliation': 'Department of Human Movement Sciences, Faculty of Behavioural and Movement Sciences, Vrije Universiteit Amsterdam, Amsterdam Movement Sciences, Amsterdam, Netherlands.', 'firstname': 'Daphne J', 'initials': 'DJ', 'lastname': 'Geerse'}, {'affiliation': 'Department of Human Movement Sciences, Faculty of Behavioural and Movement Sciences, Vrije Universiteit Amsterdam, Amsterdam Movement Sciences, Amsterdam, Netherlands.', 'firstname': 'Annejet T', 'initials': 'AT', 'lastname': 'van Dam'}, {'affiliation': 'Department of Human Movement Sciences, Faculty of Behavioural and Movement Sciences, Vrije Universiteit Amsterdam, Amsterdam Movement Sciences, Amsterdam, Netherlands.', 'firstname': 'John F', 'initials': 'JF', 'lastname': 'Stins'}, {'affiliation': 'Department of Human Movement Sciences, Faculty of Behavioural and Movement Sciences, Vrije Universiteit Amsterdam, Amsterdam Movement Sciences, Amsterdam, Netherlands.', 'firstname': 'Melvyn', 'initials': 'M', 'lastname': 'Roerdink'}]","People with PD can modify their gait to AR cues as effectively as to real-world cues with state-of-the-art AR headsets, for which AR-FOV size is no longer a limiting factor. Future studies are warranted to explore the merit of a library of cue modalities and individually-tailored AR cueing for facilitating gait in real-world environments.","Copyright © 2024 Hoogendoorn, Geerse, van Dam, Stins, and Roerdink.","10.3389/fneur.2024.1379243
10.1212/wnl.0000000000201159
10.1001/jamaneurol.2019.0033
10.1136/jnnp.200X.097923
10.1016/j.rehab.2017.08.002
10.1016/j.clineuro.2014.06.026
10.3390/s19061277
10.1212/wnl.0000000000004795
10.3389/fneur.2020.00838
10.1038/s41598-017-16232-5
10.1080/09638280500386569
10.1016/j.jns.2006.05.034
10.1007/s00415-023-11663-9
10.1155/2018/4684925
10.1016/j.gaitpost.2012.03.032
10.1007/s00221-010-2531-9
10.1097/NRL.0b013e31826a99d1
10.1016/j.neubiorev.2023.105189
10.1016/j.parkreldis.2023.105834
10.1155/2020/4104712
10.1177/15459683231184190
10.5281/zenodo.10425197
10.1016/j.dhjo.2019.100848
10.3389/fneur.2021.628388
10.1080/17483107.2020.1849433
10.1109/TBME.2017.2655344
10.3389/frvir.2021.654656
10.2196/17804
10.1682/JRRD.2009.10.0165
10.3389/fnhum.2022.868074
10.1016/j.neuropsychologia.2014.03.009
10.21203/rs.3.rs-3035368/v1
10.1371/journal.pone.0139913
10.3390/s20113216
10.1016/j.gaitpost.2017.02.021
10.3389/fneur.2018.01096
10.1016/j.gaitpost.2019.02.013
10.1177/1948550617697177
10.1016/j.gaitpost.2021.01.004
10.3390/s20041095
10.3390/s22228756
10.1016/j.gaitpost.2023.10.008
10.1016/j.neuropsychologia.2016.04.034
10.1088/1741-2552/abe356
10.1097/JES.0b013e31817bff72
10.1016/j.gaitpost.2005.10.002
10.1007/s00221-010-2300-9
10.1016/j.neuroscience.2006.09.006
10.3389/fneur.2017.00279
10.5281/zenodo.10704611
10.1016/S1474-4422(19)30044-4
10.1007/s00415-014-7524-3
10.1038/s41598-018-31156-4",Frontiers in neurology,,"Participants modified their gait speed, step length, and crossing step length significantly to changes in both real-world and AR cues, with step lengths also being statistically equivalent to those imposed. Due to technical issues, step-height modulation could not be analyzed. AR-FOV size had no significant effect on gait modifications, although small differences in head orientation were observed when interacting with nearby objects between AR headsets.",<Element 'PubmedArticle' at 0x714e7f86eac0>
"38635186
20297871
28803412
18398010
19272514
20500090
25246573
20798282
23638301
27075649
25855634
22632969
16303137
30287222
26042229
20858207
30190461
29969391
31118888
28671142
27298346
30271927
11060312
8248242
32892498
33945282
35904551
35580189
35510803
35930674
35840040
35736671
33219714
32302547
6870819
18216768
31031582
32937123
37890776
37676231
38033106
28633138
18594952
19805173
24625974
27354413
22833372
22547697
31900358
30735627
34276683
36272517
23223242
28515429
22711829
32786263
29622626
30314966
19951367
21617040
19556463
25720963
25386181
19302047
19023660
32484988
19441883
31275302
23974218
23560845
2153029
20930067
19038344
28931761
32161594
28197391
36111888
36705524
37040500",Macrophages and Natural Killers Degrade α-Synuclein Aggregates.,2024-04-18,"amyloids, cholesterol, macrophages, natural killers, phospholipids, α-synuclein","Amyloid oligomers and fibrils are protein aggregates that exert a high cell toxicity. Efficient degradation of these protein aggregates can minimize the spread and progression of neurodegeneration. In this study, we investigate the properties of natural killer (NK) cells and macrophages in the degradation of α-synuclein (α-Syn) aggregates grown in a lipid-free environment and in the presence of phosphatidylserine and cholesterol (PS/Cho), which are lipids that are directly associated with the onset and progression of Parkinson's disease. We found that both types of α-Syn aggregates were endocytosed by neurons, which caused strong damage to cell endosomes. Our results also indicated that PS/Cho vesicles drastically increased the toxicity of α-Syn fibrils formed in their presence compared to the toxicity of α-Syn aggregates grown in a lipid-free environment. Both NK cells and macrophages were able to degrade α-Syn and α-Syn/Cho monomers, oligomers, and fibrils. Quantitative analysis of protein degradation showed that macrophages demonstrated substantially more efficient internalization and degradation of amyloid aggregates in comparison to NK cells. We also found that amyloid aggregates induced the proliferation of macrophages and NK cells and significantly changed the expression of their cytokines and chemokines.","[{'affiliation': 'Department of Biochemistry and Biophysics, Texas A&M University, College Station, Texas 77843, United States.', 'firstname': 'Mikhail', 'initials': 'M', 'lastname': 'Matveyenka'}, {'affiliation': 'Department of Biochemistry and Biophysics, Texas A&M University, College Station, Texas 77843, United States.', 'firstname': 'Kiryl', 'initials': 'K', 'lastname': 'Zhaliazka'}, {'affiliation': 'Department of Biochemistry and Biophysics, Texas A&M University, College Station, Texas 77843, United States.\nDepartment of Biomedical Engineering, Texas A&M University, College Station, Texas 77843, United States.', 'firstname': 'Dmitry', 'initials': 'D', 'lastname': 'Kurouski'}]",,,"10.1021/acs.molpharmaceut.4c00160
10.1007/s00401-017-1755-1
10.1093/bmb/ldn013
10.1016/j.mcna.2008.09.002
10.1146/annurev.cellbio.042308.113313
10.1073/pnas.1416598111
10.1126/science.1195227
10.7554/eLife.00592
10.1038/srep24526
10.1073/pnas.1421204112
10.1016/j.cell.2012.03.037
10.1016/j.jmb.2005.10.071
10.1016/j.bbapap.2018.09.012
10.1039/C5AN00342C
10.2174/092986611794578332
10.1038/s41467-018-05971-2
10.7554/eLife.36402
10.3389/fncel.2019.00175
10.3233/JPD-171103
10.1073/pnas.1601899113
10.1038/s42003-018-0049-z
10.1074/jbc.M008919200
10.1073/pnas.90.23.11282
10.1111/febs.15551
10.1021/acs.jpclett.1c00820
10.1021/acschemneuro.2c00355
10.1021/acs.jpclett.2c00559
10.1002/1873-3468.14369
10.1021/acschemneuro.2c00330
10.1016/j.bbadis.2022.166485
10.1111/febs.16564
10.1002/mds.28396
10.1016/j.tcb.2020.01.009
10.1042/bj2110155
10.1038/nrm2330
10.3389/fnins.2019.00328
10.1016/j.celrep.2020.108132
10.1016/j.jbc.2023.105383
10.1021/acschemneuro.3c00357
10.1021/acs.jpclett.3c02613
10.1159/000477172
10.1007/s10875-008-9217-0
10.1073/pnas.0908924106
10.1038/cddis.2014.74
10.1189/jlb.3RU0316-144R
10.1136/annrheumdis-2012-201703
10.4049/jimmunol.1103426
10.1073/pnas.1909110117
10.1016/j.ajpath.2019.01.011
10.3389/fimmu.2021.691155
10.1016/j.bbalip.2022.159247
10.1074/jbc.M112.394155
10.1038/s41598-017-02227-9
10.1073/pnas.1208635109
10.1021/acschembio.0c00319
10.1126/science.aar5078
10.15252/embj.201899753
10.1111/j.1462-5822.2009.01415.x
10.1126/science.1204592
10.1126/science.1174447
10.1038/ncb3114
10.3389/fimmu.2014.00538
10.1146/annurev.immunol.021908.132612
10.1007/s11481-008-9137-z
10.15252/embj.2019103454
10.1089/jir.2008.0027
10.3389/fimmu.2019.01265
10.4161/org.25676
10.1186/1465-9921-14-41
10.1182/blood.V75.1.1.bloodjournal7511
10.1182/blood-2009-12-258186
10.1016/j.semcancer.2008.11.001
10.1172/jci.insight.94207
10.3389/fimmu.2020.00311
10.4049/jimmunol.198.Supp.194.11
10.1080/2162402X.2016.1264562
10.1021/acs.jpclett.2c02126
10.1111/febs.16738
10.34133/research.0030",Molecular pharmaceutics,,,<Element 'PubmedArticle' at 0x714e7f88f790>
"38632283
38052871
37354828
4825599
24057998
15250653
36526213",Towards a methodological uniformization of environmental risk studies in Parkinson's disease.,2024-04-18,,,"[{'affiliation': 'Laboratório de Neuropatologia Experimental, Universidade Federal do Pará, Belém, Brazil. bruls4@ufpa.br.', 'firstname': 'Bruno Lopes', 'initials': 'BL', 'lastname': 'Santos-Lobato'}]",,,"10.1038/s41531-024-00709-y
10.1038/s41531-023-00603-z
10.1016/j.parkreldis.2023.105493
10.1093/oxfordjournals.aje.a121617
10.1093/ije/dyt170
10.5271/sjweh.785
10.1016/j.scitotenv.2022.160851",NPJ Parkinson's disease,,,<Element 'PubmedArticle' at 0x714e7f858b80>
"38606283
7679954
30728521
35947677
36610399
30962577
18818874
24920817
22067224
22565131
34145313
32669437
35801347
37395282
25896322
29328916
12724415
18077339
15181178
28110749
25605903
11061527
11312637
21493955
11718567
26875564
35477752
37596282
24812088
25926654
25536934
34151656
24661568
30575733
34609061
24363663
23394165
36669485
10911963
33197463
37283924
37108634
35459226
27001843
36256614
16718269
4316301
4316300
9971820
3021993
7565870
16125763
24284630
34290592
30261683
33246331
35881523
10405350
30038280
31076589
35408821
23485145
37173979
16923960
34945804
26424568",Does the interplay between human endogenous retrovirus K and extracellular vesicles contribute to aging?,2024-04-12,"HML-2, aging, human endogenous retrovirus, mobile DNA, repetitive elements, senescence, transposable elements","The role of extracellular vesicles (EVs), including retroviral-like particles (RVLPs), in pathogenic processes is currently a subject of active investigation. Several studies have identified mechanistic links between the increased presence of EVs and the process of senescence. A recent study reveals that the reverse transcribed complementary DNA (cDNA) of a human endogenous retroviral sequence can activate the innate immune system and result in tissue damage and/or the spread of cellular senescence to distant tissues. Several studies have linked EVs to age-related diseases, such as Alzheimer's disease and Parkinson's disease, and have included isolation of EVs from individuals with these diseases. Loss of epigenetic regulation, immune activation, and environmental stimuli can all lead to the expression of endogenous retroviruses and the incorporation of their proteins and transcripts into EVs. In addition, EVs disseminating these endogenous retroviral components have now been shown to act in a paracrine manner in multiple human diseases. Further investigation of the connection between EVs containing endogenous retroviral protein products or nucleotides should be pursued in models of age-related diseases.","[{'affiliation': 'Section of Infections of the Nervous System, National Institute of Neurological Disorders and Stroke, Bethesda, MD 20892, USA.', 'firstname': 'Catherine', 'initials': 'C', 'lastname': 'DeMarino'}, {'affiliation': 'Section of Infections of the Nervous System, National Institute of Neurological Disorders and Stroke, Bethesda, MD 20892, USA.', 'firstname': 'Avindra', 'initials': 'A', 'lastname': 'Nath'}, {'affiliation': 'Neuro-Oncology Branch, National Cancer Institute, Bethesda, MD 20892, USA.', 'firstname': 'Zhengping', 'initials': 'Z', 'lastname': 'Zhuang'}, {'affiliation': 'Neuro-Oncology Branch, National Cancer Institute, Bethesda, MD 20892, USA.', 'firstname': 'Tara T', 'initials': 'TT', 'lastname': ""Doucet-O'Hare""}]",,,"10.20517/evcna.2023.45
10.1016/0092-8674(93)90078-5
10.1038/s41586-018-0784-9
10.1126/scitranslmed.abl6057
10.1016/j.cell.2022.12.017
10.1038/s41579-019-0189-2
10.1007/s00018-008-8495-2
10.1128/jvi.00919-14
10.1186/1742-4690-8-90
10.1038/nrmicro2783
10.1038/s41598-021-92223-x
10.1073/pnas.2002427117
10.1002/ana.26452
10.1172/JCI167929
10.1038/nature14308
10.1016/j.cell.2017.12.024
10.1128/mcb.23.10.3566-3574.2003
10.1073/pnas.0707873105
10.1093/molehr/gah070
10.1016/bs.pmbts.2016.12.005
10.1073/pnas.1417000112
10.1210/jcem.85.10.6915
10.1053/plac.2001.0658
10.1177/1933719111404608
10.1053/plac.2001.0722
10.14670/hh-11-735
10.1038/s41598-022-10914-5
10.1038/s41467-023-40632-z
10.1096/fj.13-239053
10.1128/JVI.00544-15
10.3402/jev.v3.26913
10.1080/21678421.2021.1936061
10.1016/j.placenta.2014.02.009
10.1038/s41467-018-07825-3
10.1002/jev2.12154
10.3389/fgene.2013.00274
10.1186/1742-4690-10-16
10.1016/j.neuron.2022.12.029
10.1111/j.1749-6632.2000.tb06651.x
10.1016/j.jmb.2020.11.010
10.3389/fmicb.2023.1155624
10.3390/ijms24087472
10.21203/rs.3.rs-1668006/v1
10.1073/pnas.1602336113
10.1371/journal.pbio.3001826
10.1097/01.cmr.0000215031.07941.ca
10.1038/2261211a0
10.1038/2261209a0
10.1128/jvi.73.3.2365-2375.1999
10.1128/jvi.60.2.589-598.1986
10.1016/0921-8734(95)00020-7
10.1016/j.cell.2005.08.012
10.1038/nature12862
10.3389/fncel.2021.695899
10.3390/ijms19102937
10.1093/brain/awaa376
10.1093/brain/awac261
10.1006/viro.1999.9792
10.1038/s41593-018-0194-1
10.1038/s41598-019-43591-y
10.3390/ijms23073461
10.1021/mp300561y
10.3390/cancers15092511
10.1128/MCB.00700-06
10.3390/jpm11121332
10.1126/scitranslmed.aac8201",Extracellular vesicles and circulating nucleic acids,,,<Element 'PubmedArticle' at 0x714e7f85b7e0>
"38596350
32258226
33058688
2666577
30515435
21780180
16897594
20563826
15719426
17095894
31481924
30998707
30977262
30231124
34322575
19228103
28768964
25905783
32094335
25685848
32345275
27101999
29427178
22001159
31710391
28515272
19412929
31958097
32250321",Real-World Experiences of Parkinson's Disease OFF Time and Role of Demographics.,2024-04-10,"OFF periods, Parkinson’s disease, associations, demographics, risk factors","OFF periods are episodes when Parkinson's disease (PD) medications work suboptimally, with symptoms returning and impacting quality of life. We aimed to characterize OFF periods using patient-reported frequency, severity, and duration, as well as determine these characteristics' associations with demographics.
A retrospective cohort study using Fox Insight Data Exploration Network (Fox DEN) database was conducted. Eligible patients had PD and were >18 years. The experience of OFF periods was characterized by frequency (number of episodes/day), duration (duration/episode), and severity (impact on activities). Significance level was Bonferroni-corrected for multivariate analyses.
From a population of 6,757 persons with PD, 88% were non-Hispanic Whites (mean age: 66 ± 8.8 years); 52.7% were males versus 47.3% females; mean PD duration was 5.7 ± 5.2; and 51% experienced OFF periods. Subsequent analyses were limited to non-Hispanic Whites, as they constituted a large majority of the participants and were the subgroup that had the sample size to derive reliable inferences. The analyses showed that 67% experienced 1-2 episodes/day, 90% experienced >15-minute episodes, and 55% reported slight-mild severity/episode. Lower age was associated with a higher frequency (incidence rate ratio [IRR]: 0.992; P<0.001) and severity (odds ratio [OR]: 0.985; P=0.001) of OFF episodes. Income of <$35,000 was associated with 15.1% more episodes/day (IRR: 1.15, p<0.001) and 66.5% higher odds of a severe episode (OR: 1.66; P<0.001). Females experienced 7.5% more episodes compared to males (IRR: 1.075; P=0.003). Longer PD duration was associated with 1.3% more episodes/day (IRR: 1.013; P<0.001) and 10% higher odds of a severe episode (OR: 1.10; P<0.001).
Lower age, income <$35,000, longer PD duration, female gender, and being unemployed are associated with a higher frequency and severity of OFF periods with no associations for duration/episode among non-Hispanic Whites with PD. In time-constrained clinic environments, clinicians should tailor OFF periods management counseling to vulnerable demographic groups to enhance care delivery.(","[{'affiliation': 'Department of Pharmaceutical Sciences, Southern Illinois University Edwardsville School of Pharmacy, Edwardsville, IL.', 'firstname': 'Radhika', 'initials': 'R', 'lastname': 'Devraj'}, {'affiliation': 'Department of Neurology, Southern Illinois University School of Medicine, Springfield, IL.', 'firstname': 'Ahmad', 'initials': 'A', 'lastname': 'Elkouzi'}, {'affiliation': 'Department of Economics and Finance, Southern Illinois University Edwardsville School of Business, Edwardsville, IL.', 'firstname': 'Marlon R', 'initials': 'MR', 'lastname': 'Tracey'}]",,"© 2024 Advocate Aurora Health, Inc.","10.17294/2330-0698.2057
10.1002/mdc3.12915
10.37765/ajmc.2020.88517
10.1136/jnnp.52.suppl.29
10.1002/mdc3.12672
10.1002/mds.23875
10.1007/s00702-006-0554-y
10.1007/s00702-010-0424-5
10.1002/mds.20383
10.1097/01.WNF.0000232277.68501.08
10.3389/fneur.2019.00892
10.1371/journal.pone.0215384
10.1111/hex.12884
10.1590/0004-282X20180074
10.17294/2330-0698.1836
10.1185/03007990902779319
10.2169/internalmedicine.56.7667
10.1371/journal.pone.0123231
10.1038/s41597-020-0401-2
10.25549/bxya-6133
10.1155/2015/787451
10.1186/s12889-020-08498-8
10.1007/s11136-016-1298-2
10.1007/s11606-017-4265-x
10.1016/j.expneurol.2011.09.035
10.1002/mds.27906
10.1212/WNL.0000000000004025
10.1002/mds.22557
10.3233/JPD-191808
10.3233/JPD-191901",Journal of patient-centered research and reviews,,"From a population of 6,757 persons with PD, 88% were non-Hispanic Whites (mean age: 66 ± 8.8 years); 52.7% were males versus 47.3% females; mean PD duration was 5.7 ± 5.2; and 51% experienced OFF periods. Subsequent analyses were limited to non-Hispanic Whites, as they constituted a large majority of the participants and were the subgroup that had the sample size to derive reliable inferences. The analyses showed that 67% experienced 1-2 episodes/day, 90% experienced >15-minute episodes, and 55% reported slight-mild severity/episode. Lower age was associated with a higher frequency (incidence rate ratio [IRR]: 0.992; P<0.001) and severity (odds ratio [OR]: 0.985; P=0.001) of OFF episodes. Income of <$35,000 was associated with 15.1% more episodes/day (IRR: 1.15, p<0.001) and 66.5% higher odds of a severe episode (OR: 1.66; P<0.001). Females experienced 7.5% more episodes compared to males (IRR: 1.075; P=0.003). Longer PD duration was associated with 1.3% more episodes/day (IRR: 1.013; P<0.001) and 10% higher odds of a severe episode (OR: 1.10; P<0.001).",<Element 'PubmedArticle' at 0x714e805136a0>
"38576865
28257128
32044947
27751556
29739930
32066731
23139861
29022597
31729779
30957308
32967142
34328686
28851441
36177513
26050140
21738487
33212758
17211632
26635992
21965004
17251522
33002040
29727686
26258848
30879893
26854917
32715657
28686855
23643380
17261678
27866706
36545026
37407548
22363788
25904081
36413000
20530112
22507762
37643212
31312839
17571925
36173927
30824768
34152016
37454237
32961112
25975492
34468012
31230719
31701892
25064009
20369022
27506385
33876242
34580608
36590248
21885734
28400134
29923028
37381728
31761667
32080970
19915575
32829096
21433396
35246670
37534731
36672180
33894193
36681675
31432604
17178208
27217159
25534083
28278150
32858884
30951392
21167468
34504106
36926335
35415964
32737316
23408905
33020666
27019110",Joint-tissue integrative analysis identifies high-risk genes for Parkinson's disease.,2024-04-05,"GWAS, MR-JTI, Mendelian Randomization, Parkinson’s disease, TWAS","The loss of dopaminergic neurons in the substantia nigra and the abnormal accumulation of synuclein proteins and neurotransmitters in Lewy bodies constitute the primary symptoms of Parkinson's disease (PD). Besides environmental factors, scholars are in the early stages of comprehending the genetic factors involved in the pathogenic mechanism of PD. Although genome-wide association studies (GWAS) have unveiled numerous genetic variants associated with PD, precisely pinpointing the causal variants remains challenging due to strong linkage disequilibrium (LD) among them. Addressing this issue, expression quantitative trait locus (eQTL) cohorts were employed in a transcriptome-wide association study (TWAS) to infer the genetic correlation between gene expression and a particular trait. Utilizing the TWAS theory alongside the enhanced Joint-Tissue Imputation (JTI) technique and Mendelian Randomization (MR) framework (MR-JTI), we identified a total of 159 PD-associated genes by amalgamating LD score, GTEx eQTL data, and GWAS summary statistic data from a substantial cohort. Subsequently, Fisher's exact test was conducted on these PD-associated genes using 5,152 differentially expressed genes sourced from 12 PD-related datasets. Ultimately, 29 highly credible PD-associated genes, including CTX1B, SCNA, and ARSA, were uncovered. Furthermore, GO and KEGG enrichment analyses indicated that these genes primarily function in tissue synthesis, regulation of neuron projection development, vesicle organization and transportation, and lysosomal impact. The potential PD-associated genes identified in this study not only offer fresh insights into the disease's pathophysiology but also suggest potential biomarkers for early disease detection.","[{'affiliation': 'Department of Bioinformatics, School of Basic Medical Sciences, Chongqing Medical University, Chongqing, China.\nDepartment of Cell Biology and Medical Genetics, School of Basic Medical Sciences, Chongqing Medical University, Chongqing, China.', 'firstname': 'Ya-Shi', 'initials': 'YS', 'lastname': 'Wu'}, {'affiliation': 'Department of Cell Biology and Medical Genetics, School of Basic Medical Sciences, Chongqing Medical University, Chongqing, China.', 'firstname': 'Wen-Han', 'initials': 'WH', 'lastname': 'Zheng'}, {'affiliation': 'Department of Bioinformatics, School of Basic Medical Sciences, Chongqing Medical University, Chongqing, China.', 'firstname': 'Tai-Hang', 'initials': 'TH', 'lastname': 'Liu'}, {'affiliation': 'Department of Cell Biology and Medical Genetics, School of Basic Medical Sciences, Chongqing Medical University, Chongqing, China.', 'firstname': 'Yan', 'initials': 'Y', 'lastname': 'Sun'}, {'affiliation': 'Department of Cell Biology and Medical Genetics, School of Basic Medical Sciences, Chongqing Medical University, Chongqing, China.', 'firstname': 'Yu-Ting', 'initials': 'YT', 'lastname': 'Xu'}, {'affiliation': 'Department of Bioinformatics, School of Basic Medical Sciences, Chongqing Medical University, Chongqing, China.', 'firstname': 'Li-Zhen', 'initials': 'LZ', 'lastname': 'Shao'}, {'affiliation': 'Department of Bioinformatics, School of Basic Medical Sciences, Chongqing Medical University, Chongqing, China.', 'firstname': 'Qin-Yu', 'initials': 'QY', 'lastname': 'Cai'}, {'affiliation': 'Department of Bioinformatics, School of Basic Medical Sciences, Chongqing Medical University, Chongqing, China.', 'firstname': 'Ya Qin', 'initials': 'YQ', 'lastname': 'Tang'}]",,"Copyright © 2024 Wu, Zheng, Liu, Sun, Xu, Shao, Cai and Tang.","10.3389/fnins.2024.1309684
10.1038/nrneurol.2017.27
10.1001/jama.2019.22360
10.1016/s1474-4422(16)30230-7
10.1038/s41467-018-03621-1
10.1038/s41398-020-0724-y
10.1038/srep00809
10.1038/nature24277
10.1002/mds.27895
10.1002/mds.27659
10.3390/genes11091100
10.1111/jcmm.16827
10.1186/s13073-017-0466-5
10.1002/mds.29239
10.1016/s1474-4422(15)00006-x
10.1371/journal.pgen.1002141
10.3390/ijms21228645
10.1007/s10048-006-0077-6
10.1155/2015/546462
10.1007/s12640-011-9277-4
10.1212/01.wnl.0000254458.17630.c5
10.1371/journal.pone.0239824
10.1016/j.ajhg.2018.04.002
10.1038/ng.3367
10.1016/s1474-4422(18)30499-x
10.1038/ng.3506
10.15252/emmm.201911942
10.1016/j.ajhg.2017.06.003
10.1016/j.ajhg.2013.03.022
10.1212/01.wnl.0000252807.38124.a3
10.1016/j.ajhg.2016.10.003
10.3389/fnagi.2022.1032401
10.1038/s41467-023-39652-6
10.1371/journal.pone.0032019
10.1016/s0140-6736(14)61393-3
10.15252/embr.202255313
10.1113/jphysiol.2010.190926
10.1016/j.pnpbp.2012.03.011
10.1073/pnas.2302720120
10.1093/brain/awz205
10.1371/journal.pgen.0030098
10.1093/hmg/ddac230
10.1038/s41467-019-08912-9
10.1096/fj.202100408RR
10.1038/s42003-023-05113-5
10.1016/j.ajhg.2020.08.022
10.1016/j.jocn.2014.12.014
10.3892/ijmm.2021.5028
10.1016/j.ajhg.2019.05.018
10.1016/s1474-4422(19)30320-5
10.1038/ng.3043
10.1371/journal.pgen.1000895
10.1186/s13073-016-0338-4
10.1093/brain/awab073
10.1155/2021/1690341
10.1016/j.ibneur.2022.12.002
10.1126/science.1202107
10.1016/j.nbd.2017.04.004
10.1007/s00251-018-1068-0
10.1002/mds.29521
10.1016/j.parkreldis.2019.11.015
10.1111/acel.13115
10.1038/ng.487
10.1016/j.parkreldis.2020.07.022
10.1038/s41577-022-00684-6
10.1002/mds.29572
10.3390/cells12020245
10.1016/s1474-4422(21)00030-2
10.1038/s41531-023-00446-8
10.1111/acel.13031
10.1016/j.biopha.2006.11.001
10.1007/s12031-016-0759-y
10.1016/j.parkreldis.2014.12.006
10.1371/journal.pgen.1006646
10.3390/cells9091966
10.1080/15548627.2019.1603547
10.1016/j.ajhg.2010.11.011
10.1038/s41531-021-00221-7
10.3389/fimmu.2023.1119315
10.1111/acel.13588
10.1038/s41467-020-17668-6
10.1371/journal.pgen.1003264
10.1038/s41588-020-0706-2
10.1038/ng.3538",Frontiers in neuroscience,,,<Element 'PubmedArticle' at 0x714e804d52b0>
"38565567
36379940
22392290
31582752
23828891
29902438
25064714
22674330
23041079
23739052
21876150
25860609
33428888
20224007
25869282
28628112
28978426
26577887
31704943
14794689
14035891
25678807
24031948
33287375
1549570
25470336
8419527
20869372
29500614
14656321
7584821
32361909
33936013
30531975
27458085
27067014
30718848
22612585
27794467
31677091
32839473
33668550
22972295
26139716
35257236
22848564
26500584
24422720
25440054
23122495
25343046
12966143
27880963
25524701
17880152
28611499
28352530
34681324
31678068
34055755
22924898
15240290
31844936
28821318
31181987
28121990
29539432
30775438
35194166
34384375
33525961
33008395
28933272
31354427
28960581
36439235
36001417
31988436
33511258
26101204
27882059
34827852
30291996
21056745
29804833
30198325
28215985
37443359
29274915
32312186
25760553
22752239
35440767
36164761
16341596
8124577
24137022
448355
5559257
37485756
9533405
29890246
11985892
30105188
10025774
12467378
16309980
24863149
9851440
10840398
32302606
22546616
24078124
20013120
17890341
25802859
18051360
33374175",Gamma-aminobutyric acid as a potential postbiotic mediator in the gut-brain axis.,2024-04-03,,"Gamma-aminobutyric acid (GABA) plays a crucial role in the central nervous system as an inhibitory neurotransmitter. Imbalances of this neurotransmitter are associated with neurological diseases, such as Alzheimer's and Parkinson's disease, and psychological disorders, including anxiety, depression, and stress. Since GABA has long been believed to not cross the blood-brain barrier, the effects of circulating GABA on the brain are neglected. However, emerging evidence has demonstrated that changes in both circulating and brain levels of GABA are associated with changes in gut microbiota composition and that changes in GABA levels and microbiota composition play a role in modulating mental health. This recent research has raised the possibility that GABA may be a potent mediator of the gut-brain axis. This review article will cover up-to-date information about GABA-producing microorganisms isolated from human gut and food sources, explanation why those microorganisms produce GABA, food factors inducing gut-GABA production, evidence suggesting GABA as a mediator linking between gut microbiota and mental health, including anxiety, depression, stress, epilepsy, autism spectrum disorder, and attention deficit hyperactivity disorder, and novel information regarding homocarnosine-a predominant brain peptide that is a putative downstream mediator of GABA in regulating brain functions. This review will help us to understand how the gut microbiota and GABA-homocarnosine metabolism play a significant role in brain functions. Nonetheless, it could support further research on the use of GABA production-inducing microorganisms and food factors as agents to treat neurological and psychological disorders.","[{'affiliation': 'Laboratory of Molecular Nutrition, Graduate School of Integrated Sciences for Life, Hiroshima University, Hiroshima, 739-8527, Japan.\nInstitute of Food Science and Technology, College of Agriculture, Food, Environment and Natural Resources, Cavite State University, Indang, Cavite, 4122, Philippines.', 'firstname': 'Jason D', 'initials': 'JD', 'lastname': 'Braga'}, {'affiliation': 'Department of Food Science and Technology, Faculty of Agro-Industry, Kasetsart University, Bangkok, 10900, Thailand.', 'firstname': 'Masubon', 'initials': 'M', 'lastname': 'Thongngam'}, {'affiliation': 'Laboratory of Molecular Nutrition, Graduate School of Integrated Sciences for Life, Hiroshima University, Hiroshima, 739-8527, Japan. kumrung@hiroshima-u.ac.jp.\nSmart Agriculture, Graduate School of Innovation and Practice for Smart Society, Hiroshima University, Hiroshima, 739-8527, Japan. kumrung@hiroshima-u.ac.jp.', 'firstname': 'Thanutchaporn', 'initials': 'T', 'lastname': 'Kumrungsee'}]",,© 2024. The Author(s).,"10.1038/s41538-024-00253-2
10.1038/s41538-022-00169-9
10.1038/nrgastro.2012.32
10.1038/s41467-019-12476-z
10.1126/science.1241165
10.1016/j.chom.2018.05.013
10.1016/j.coi.2014.07.003
10.1126/science.1223813
10.1016/j.coph.2012.09.010
10.1038/ismej.2013.89
10.1073/pnas.1102999108
10.1016/j.cell.2015.02.047
10.1016/j.pnpbp.2020.110240
10.1152/ajpgi.00327.2009
10.3920/BM2015.0003
10.1038/nm.4358
10.1016/j.cmet.2017.09.008
10.1016/j.neuroimage.2015.11.018
10.1038/s41598-019-51781-x
10.1016/S0021-9258(19)50929-2
10.1113/jphysiol.1963.sp007057
10.1590/S1517-83822012000400001
10.3390/microorganisms8121923
10.1073/pnas.89.6.2115
10.1111/gbb.12188
10.1111/j.1471-4159.1993.tb03165.x
10.1016/j.neuropharm.2010.09.017
10.1139/b2012-041
10.1007/s11274-018-2427-6
10.1111/j.1460-9568.2003.03013.x
10.1016/0300-9629(95)00099-2
10.1007/s00726-020-02848-x
10.3389/fmicb.2021.656895
10.1038/s41564-018-0307-3
10.1111/nmo.12904
10.1038/mp.2016.44
10.1038/s41564-018-0337-x
10.1111/j.1365-2672.2012.05344.x
10.1016/j.anaerobe.2016.10.011
10.1007/s12602-019-09601-1
10.1038/s41598-020-70986-z
10.3390/microorganisms9020378
10.1038/nature11550
10.1128/genomeA.00709-15
10.1007/s11274-022-03256-x
10.1371/journal.pone.0041680
10.3389/fpsyg.2015.01520
10.1186/1880-6805-33-2
10.1016/j.cmet.2014.10.016
10.1016/j.lwt.2013.11.027
10.31989/ffhd.v5i6.183
10.1016/j.fm.2012.09.003
10.1155/2014/250424
10.1128/MMBR.67.3.429-453.2003
10.4014/jmb.1610.10008
10.1016/j.fm.2005.01.002
10.1007/s00253-014-6294-2
10.1007/s00217-008-0969-9
10.1016/j.bej.2008.03.005
10.1021/jf071629p
10.1016/j.lwt.2020.110061
10.1016/j.lwt.2017.01.067
10.1080/08905436.2017.1301821
10.1016/j.foodchem.2010.02.071
10.1111/ijfs.12098
10.1007/BF03175570
10.1007/s12088-016-0632-2
10.1016/j.btre.2016.04.002
10.3390/foods10102275
10.1016/j.aca.2005.03.056
10.1016/j.jbiosc.2019.10.001
10.3389/fbioe.2021.612285
10.1111/j.1365-2672.2012.05434.x
10.1128/AEM.70.7.4111-4117.2004
10.1007/s00284-019-01839-w
10.1016/j.nutres.2017.06.004
10.1080/09168451.2019.1627183
10.3390/fermentation7040294
10.3390/fermentation8020071
10.3390/fermentation9030227
10.1017/S0029665120005777
10.1371/journal.pone.0169207
10.1016/j.celrep.2018.02.060
10.1016/j.jff.2019.103669
10.1126/sciadv.aau8317
10.1038/s41380-022-01456-3
10.1186/s12866-021-02286-z
10.1080/19490976.2021.1875796
10.1186/s12974-020-01961-8
10.2174/1567205014666170921122458
10.3389/fnmol.2019.00171
10.1002/jmri.25865
10.3389/fcimb.2022.1022879
10.1111/adb.13203
10.1038/s41380-020-0652-5
10.1016/j.ynstr.2021.100294
10.1101/cshperspect.a022863
10.1155/2016/9032809
10.3390/ani11113121
10.1016/j.eplepsyres.2018.09.013
10.1016/j.yapd.2010.08.003
10.1016/j.cell.2018.04.027
10.3920/BM2018.0018
10.1016/j.anaerobe.2017.02.008
10.1038/s41398-023-02556-6
10.1016/j.anaerobe.2017.12.007
10.1080/19490976.2020.1747329
10.1038/pr.2015.51
10.1001/archgenpsychiatry.2011.2280
10.1038/s41390-022-02051-6
10.1080/03007995.2022.2129232
10.1007/s11064-005-8806-z
10.1016/0361-9230(94)90280-1
10.1152/physrev.00039.2012
10.1111/j.1471-4159.1979.tb02272.x
10.1111/j.1471-4159.1971.tb11979.x
10.1111/apha.14020
10.1016/S0304-3940(98)00058-5
10.1016/j.ijbiomac.2018.06.032
10.1016/S0304-4165(02)00158-7
10.1007/s13205-018-1357-1
10.1212/WNL.52.3.473
10.1177/1073858402238515
10.1016/j.jchromb.2005.10.053
10.1002/jmri.24665
10.1002/ana.410440614
10.1111/j.1528-1157.2000.tb00227.x
10.1016/j.ab.2020.113738
10.1016/j.neuropharm.2012.04.008
10.1007/s10529-013-1326-z
10.1007/s10068-013-0141-6
10.1016/j.lwt.2014.11.013
10.1007/s00253-009-2370-4
10.1128/AEM.01064-07
10.1155/2015/625740
10.4014/mbl.1512.12004
10.3390/microorganisms9010033
10.1007/s13213-019-01527-x",NPJ science of food,,,<Element 'PubmedArticle' at 0x714e80545bc0>
