abstract,authors,conclusions,copyrights,doi,journal,keywords,methods,publication_date,pubmed_id,results,title,xml,isbn,language,publication_type,publisher,publisher_location,sections
"Amyotrophic lateral sclerosis (ALS) is a rare, fatal, neurodegenerative disease without effective treatments. Therefore, identifying modifiable risk factors to slow disease progression is important. We aimed to identify whether air pollution may be a modifiable risk factor associated with ALS progression. We recruited patients with ALS from the University of Michigan Pranger ALS Clinic from 2009 to 2022. Patient functional status was assessed at clinic evaluations approximately every three months using the ALS Functional Rating Scale Revised (ALSFRS-R); the change in total ALSFRS-R score over time was used to assess disease progression. The repeated ALSFRS-R overall scores were linked to spatiotemporal prediction model estimates of 3-month and 5-year average residential exposures to fine particulate matter mass (PM","[{'affiliation': 'University of Michigan School of Public Health, Department of Epidemiology, Ann Arbor, MI, United States. Electronic address: mpedde@umich.edu.', 'firstname': 'Meredith', 'initials': 'M', 'lastname': 'Pedde'}, {'affiliation': 'University of Michigan School of Public Health, Department of Epidemiology, Ann Arbor, MI, United States. Electronic address: sadar@umich.edu.', 'firstname': 'Sara D', 'initials': 'SD', 'lastname': 'Adar'}, {'affiliation': 'University of Michigan School of Public Health, Department of Epidemiology, Ann Arbor, MI, United States. Electronic address: changj@umich.edu.', 'firstname': 'Jennifer', 'initials': 'J', 'lastname': ""D'Souza""}, {'affiliation': 'University of Michigan Medical School, Department of Neurology, Ann Arbor, MI, United States. Electronic address: efeldman@med.umich.edu.', 'firstname': 'Eva L', 'initials': 'EL', 'lastname': 'Feldman'}, {'affiliation': 'University of Michigan Medical School, Department of Neurology, Ann Arbor, MI, United States. Electronic address: sgoutman@med.umich.edu.', 'firstname': 'Stephen A', 'initials': 'SA', 'lastname': 'Goutman'}]",,Copyright © 2025. Published by Elsevier Inc.,10.1016/j.envres.2025.123398,Environmental research,"['ALSFRS-R', 'Air pollution', 'Amyotrophic lateral sclerosis', 'Black carbon', 'Nitrate', 'Ozone', 'PM(2.5)']",,2025-11-25,41285343,,Air pollution and disease progression in a University of Michigan amyotrophic lateral sclerosis cohort.,<Element 'PubmedArticle' at 0x777b0200fab0>,,,,,,
"Environmental factors including chemical exposures are important contributors to Parkinson's disease (PD). Nearly all well-validated chemicals involved in PD affect mitochondria, and the great majority of those identified inhibit mitochondrial complex I, causing ATP depletion and oxidative stress. We hypothesized that inhibition of mitochondrial complex III would also cause dopaminergic neurodegeneration. Using ","[{'affiliation': 'Nicholas School of the Environment, Duke University, Durham NC, USA.', 'firstname': 'Javier', 'initials': 'J', 'lastname': 'Huayta'}, {'affiliation': 'Nicholas School of the Environment, Duke University, Durham NC, USA.', 'firstname': 'Joel N', 'initials': 'JN', 'lastname': 'Meyer'}]",,,"10.1101/2025.10.21.683798
10.1016/S1474-4422(07)70327-7
10.3791/62894
10.14573/altex.2501151",bioRxiv : the preprint server for biology,[],,2025-11-24,"41278705
38217613
30584168
26503923
29204154
34266386
22700435
33298971
39952197
34732887
35957653
33512557
28789970
25205216
14645467
21148196
22118681
29127035
26563783
25432720
28400134
35572147
24452053
11867711
20064600
22729857
14722062
24096541
16251270
28193593
33188857
20688098
33006762
29526616
33640978
26368590
28842493
9660766
12176058
19245829
27153546
19056880
9353332
21839827
15203195
14677634
35504873
16788047
24563855
17502481
25302578
25926417
23629515
20842103
31261893
28643849
22669657
12796460
23451165",,Inhibition of Mitochondrial Complex III Causes Dopaminergic Neurodegeneration by Redox Stress in ,<Element 'PubmedArticle' at 0x777b0201df80>,,,,,,
"Air pollution has been suggested as a potential environmental risk factor for Parkinson's disease (PD), but findings remain inconsistent, and sex-specific effects are understudied. This study examined associations between exposure to nitrogen dioxide (NO","[{'affiliation': 'School of Nursing, University of Pennsylvania, Philadelphia, PA 19104, USA. Electronic address: jhliu@nursing.upenn.edu.', 'firstname': 'Jianghong', 'initials': 'J', 'lastname': 'Liu'}, {'affiliation': 'Department of Computer Science and Statistics, College of Arts and Sciences, University of Rhode Island, Kingston, RI 02881, USA.', 'firstname': 'Michael', 'initials': 'M', 'lastname': 'Pan'}, {'affiliation': 'School of Engineering and Applied Science, University of Pennsylvania, Philadelphia, PA 19104, USA.', 'firstname': 'Haoer', 'initials': 'H', 'lastname': 'Shi'}, {'affiliation': 'College of Arts & Sciences, University of Pennsylvania, Philadelphia, PA 19104, USA.', 'firstname': 'McKenna', 'initials': 'M', 'lastname': 'Sun'}, {'affiliation': 'Department of Biostatistics, Epidemiology, and Informatics, Perelman School of Medicine, University of Pennsylvania, Philadelphia, PA 19104, USA.', 'firstname': 'Aimin', 'initials': 'A', 'lastname': 'Chen'}, {'affiliation': 'Department of Biostatistics, Epidemiology, and Informatics, Perelman School of Medicine, University of Pennsylvania, Philadelphia, PA 19104, USA.', 'firstname': 'Rui', 'initials': 'R', 'lastname': 'Feng'}]",,Copyright © 2025. Published by Elsevier B.V.,10.1016/j.neuro.2025.103353,Neurotoxicology,"['Air Pollution', 'Nitrogen Dioxide', 'Parkinson’s Disease', 'Particulate Matter', 'Sex Difference']",,2025-11-21,41265653,,Air pollution and Parkinson's disease: A prospective cohort study with sex-stratified analysis in the UK biobank.,<Element 'PubmedArticle' at 0x777b020336a0>,,,,,,
"The widespread presence of microplastics (MPs) in the environment has raised significant concerns about their potential impact on human health. As of 2023, the Ocean Conservancy estimates that adults may ingest up to 121,000 MPs annually. While the majority of these particles are cleared from the body, a small fraction can persist, as MPs are non-biodegradable and resist breakdown, posing long-term health risks that remain poorly understood. This review explores the emerging link between MP exposure and the development of neurodegenerative diseases, particularly Alzheimer's disease (AD) and Parkinson's disease [1]. MPs appear capable of triggering neurotoxic pathways, including activation of resident immune cells in the brain, oxidative stress, blood-brain barrier (BBB) disruption, mitochondrial dysfunction, and neuronal damage, which may contribute to neuroinflammation and disease progression. Specifically, six MP-related mechanistic pathways associated with AD were identified: BBB disruption, chronic inflammation, oxidative stress and ROS generation, mitochondrial dysfunction, impaired autophagy and proteostasis, and epigenetic alterations. Similarly, six pathways were implicated in PD: BBB disruption, oxidative stress in dopaminergic neurons, mitochondrial dysfunction, microglial-driven neuroinflammation, α-synuclein aggregation, and gut-brain axis [2] disruption. Ultimately, our findings underscore the urgent need for further research into the neurological consequences of chronic MP exposure in humans and highlight the importance of strengthening global policies to curb plastic pollution and mitigate its long-term health risks.","[{'affiliation': 'Discipline of Pharmacy, Graduate School of Health, University of Technology Sydney, Ultimo, NSW, 2007, Australia.', 'firstname': 'Alexander Chi Wang', 'initials': 'ACW', 'lastname': 'Siu'}, {'affiliation': 'Centre for Inflammation, School of Life Sciences, Faculty of Science, Centenary Institute and University of Technology, Sydney, NSW, 2007, Australia.\nWoolcock Institute of Medical Research, Macquarie University, Sydney, NSW, Australia.\nUttaranchal Institute of Pharmaceutical Sciences, Uttaranchal University, Dehradun, India.', 'firstname': 'Keshav Raj', 'initials': 'KR', 'lastname': 'Paudel'}, {'affiliation': 'Centre for Research Impact & Outcome, Chitkara College of Pharmacy, Chitkara University, Rajpura, 140401, Punjab, India.', 'firstname': 'Gurjeet', 'initials': 'G', 'lastname': 'Singh'}, {'affiliation': 'Centre for Research Impact & Outcome, Chitkara College of Pharmacy, Chitkara University, Rajpura, 140401, Punjab, India.\nCentre of Medical and Bio-allied Health Sciences Research, Ajman University, Ajman, 346, United Arab Emirates.', 'firstname': 'Gaurav', 'initials': 'G', 'lastname': 'Gupta'}, {'affiliation': 'School of Pharmaceutical Sciences , Lovely Professional University, Phagwara, India.\nFaculty of Health, Australian Research Centre in Complementary and Integrative Medicine, University of Technology Sydney, Ultimo, NSW, 2007, Australia.', 'firstname': 'Sachin Kumar', 'initials': 'SK', 'lastname': 'Singh'}, {'affiliation': 'Department of Life Sciences, School of Pharmacy, International Medical University, Bukit Jalil, Kuala Lumpur, 57000, Malaysia.', 'firstname': 'Dinesh Kumar', 'initials': 'DK', 'lastname': 'Chellappan'}, {'affiliation': 'Discipline of Pharmacy, Graduate School of Health, University of Technology Sydney, Ultimo, NSW, 2007, Australia.', 'firstname': 'Gabriele', 'initials': 'G', 'lastname': 'De Rubis'}, {'affiliation': 'Department of Drug Discovery & Development, Harrison College of Pharmacy, Auburn University, 3306B Walker building, Auburn, AL, 36849, USA.', 'firstname': 'Suhrud', 'initials': 'S', 'lastname': 'Pathak'}, {'affiliation': 'Discipline of Pharmacy, Graduate School of Health, University of Technology Sydney, Ultimo, NSW, 2007, Australia.\nWoolcock Institute of Medical Research, Macquarie University, Sydney, NSW, Australia.\nSchool of Life Sciences, University of Technology Sydney, Ultimo, NSW, 2007, Australia.', 'firstname': 'Brian', 'initials': 'B', 'lastname': 'Gregory George Oliver'}, {'affiliation': 'Discipline of Pharmacy, Graduate School of Health, University of Technology Sydney, Ultimo, NSW, 2007, Australia. Kamal.Dua@uts.edu.au.\nWoolcock Institute of Medical Research, Macquarie University, Sydney, NSW, Australia. Kamal.Dua@uts.edu.au.\nFaculty of Health, Australian Research Centre in Complementary and Integrative Medicine, University of Technology Sydney, Ultimo, NSW, 2007, Australia. Kamal.Dua@uts.edu.au.', 'firstname': 'Kamal', 'initials': 'K', 'lastname': 'Dua'}, {'affiliation': 'Department of Drug Discovery & Development, Harrison College of Pharmacy, Auburn University, 3306B Walker building, Auburn, AL, 36849, USA. dhanamu@auburn.edu.\nGraduate School, Auburn University, Auburn, AL, 36849, USA. dhanamu@auburn.edu.', 'firstname': 'Muralikrishnan', 'initials': 'M', 'lastname': 'Dhanasekaran'}]",,© 2025. The Author(s).,"10.1007/s11010-025-05428-3
10.1016/j.marpolbul.2020.111820
10.1126/science.1094559
10.1016/j.jconhyd.2024.104379
10.7185/geochemlet.1829
10.1016/j.oneear.2020.10.020
10.3349/ymj.2023.0048
10.1016/j.marpolbul.2019.01.053
10.1016/j.hazadv.2022.100215
10.1016/j.envadv.2022.100227
10.1007/s11270-019-4320-9
10.1038/s41598-023-32250-y
10.1016/j.marpolbul.2020.111847
10.1016/j.envpol.2020.114096
10.1016/j.marpolbul.2018.01.041
10.1016/j.marpolbul.2017.02.048
10.1021/acs.est.9b05994
10.1021/acs.est.3c03949
10.1007/s11356-021-17408-3
10.1016/j.chemosphere.2020.127199
10.1016/j.scitotenv.2018.10.166
10.1016/j.marpolbul.2021.113115
10.1016/j.envpol.2021.118607
10.33263/BRIAC132.126
10.1016/j.marpolbul.2022.114121
10.1016/j.envpol.2021.118030
10.22034/gjesm.2024.01.14
10.1016/j.envres.2020.109677
10.1016/j.scitotenv.2020.136823
10.1016/j.envpol.2023.123233
10.1016/j.emcon.2024.100417
10.1021/acs.est.9b02540
10.1016/j.scitotenv.2023.162193
10.1038/s41598-019-43023-x
10.1016/j.jhazmat.2024.134054
10.1016/j.eti.2021.101370
10.1016/j.tox.2024.153799
10.1007/s10661-023-11890-7
10.1056/NEJMoa2309822
10.1002/jat.4598
10.1016/j.jhazmat.2024.133518
10.1136/bmjopen-2016-015746
10.1016/s2468-2667(21)00249-8
10.1101/cshperspect.a006239
10.1038/aps.2017.28
10.4161/pri.2.3.7488
10.2147/ijn.S200490
10.3934/Neuroscience.2021020
10.4103/1673-5374.193234
10.3389/fnins.2018.00163
10.1016/j.apsb.2022.01.008
10.1016/s1474-4422(15)70016-5
10.1177/1073858420954811
10.1016/j.radcr.2021.05.080
10.1038/nrdp.2017.13
10.1007/s00702-017-1686-y
10.1016/S0140-6736(23)01419-8
10.1016/S1353-8020(01)00020-7
10.1136/jnnp.51.6.745
10.1080/17425247.2016.1220364
10.1161/STROKEAHA.122.036946
10.1016/j.arr.2024.102224
10.1016/j.jhazmat.2024.136028
10.1001/jamanetworkopen.2024.40018
10.21203/rs.3.rs-4345687/v1
10.1038/s41591-024-03453-1
10.1186/s12989-020-00358-y
10.1016/j.chemosphere.2022.134625
10.3389/fendo.2022.1084236
10.1016/j.scitotenv.2024.171681
10.1016/j.scitotenv.2021.150817
10.3390/cimb46050256
10.1016/j.chemosphere.2022.134261
10.1038/s12276-020-0405-1
10.1016/j.tins.2015.04.003
10.1007/s00424-019-02310-2
10.1186/1750-1326-6-55
10.1038/s41598-024-74637-5
10.2147/NDT.S396556
10.3389/fncel.2018.00114
10.1016/j.ecoenv.2024.117471
10.1042/bst20140319
10.1177/0271678x16655551
10.1038/nm.3407
10.1016/j.ecoenv.2024.117063
10.1016/j.ecoenv.2024.116393
10.1038/s41392-023-01486-5
10.1016/j.jhazmat.2022.128431
10.1289/EHP10255
10.1084/jem.20171406
10.1038/s41423-021-00757-x
10.3389/fncel.2021.695479
10.3389/fncel.2021.661838
10.1038/nm.3913
10.1021/acs.chemrestox.1c00374
10.1523/jneurosci.2614-05.2005
10.1186/s12974-020-01820-6
10.3389/fphar.2022.845185
10.1016/j.neurobiolaging.2021.07.014
10.1016/j.fct.2022.112904
10.1007/s13205-022-03123-4
10.3390/ijms231810329
10.3390/antiox13101208
10.1038/s41536-020-00107-x
10.3390/toxics12070493
10.1016/j.brainres.2011.07.052
10.1016/j.scitotenv.2021.146523
10.1016/j.yexcr.2014.09.017
10.1089/ars.2008.2263
10.1016/j.envpol.2022.119449
10.1038/s41421-020-0141-7
10.1007/s00401-024-02799-7
10.1093/advances/nmab154
10.1016/j.cbi.2022.110021
10.1007/s00244-022-00924-9
10.1016/j.chemosphere.2020.128592
10.1016/j.ajme.2017.09.001
10.3233/jad-1999-1301
10.1016/j.ibneur.2023.11.007
10.1016/j.ecoenv.2021.112018
10.3390/microplastics4010010
10.1016/j.chemosphere.2024.142986
10.1186/s40035-024-00430-z
10.3233/jpd-130230
10.1016/j.arr.2025.102667
10.1186/s13024-023-00676-7
10.1016/j.jhazmat.2022.128459
10.1002/advs.202401009
10.1016/j.nurt.2010.05.014
10.1186/s40035-015-0042-0
10.1038/s12276-022-00789-x
10.3233/jpd-223290
10.1126/sciadv.adi8716
10.1016/j.jhazmat.2023.133289
10.1016/j.arr.2019.01.012
10.3390/biom13101435
10.1016/j.lfs.2022.120366
10.1016/j.enceco.2025.03.005
10.1038/s41392-024-01743-1
10.1007/s10571-024-01496-z
10.3390/jcm12165231
10.1021/acsnano.4c03874
10.1016/j.biopha.2023.114985
10.3389/fcimb.2024.1348279
10.5056/jnm19044
10.1016/j.neurol.2022.12.010
10.1007/s00401-019-02040-w
10.1111/cns.13990
10.3389/fneur.2017.00037
10.1177/13872877251364559
10.1016/j.lfs.2023.121752
10.1007/s12035-024-04160-1
10.1016/j.etap.2022.104027
10.1002/tox.23752
10.1111/j.1750-3639.2009.00369.x
10.1186/s12199-020-00870-9
10.5620/eaht.2021004
10.1016/j.scitotenv.2024.174704
10.1002/etc.5237",Molecular and cellular biochemistry,"['Alzheimer’s disease', 'Microplastics', 'Neuro-pathophysiology', 'Neurodegenerative diseases', 'Parkinson’s disease', 'Plastic environmental pollution']",,2025-11-18,"41252097
33203604
15131299
38851130
37114632
30803674
36997607
33338929
32041035
29680567
28238328
31904226
37578171
32480092
30368178
34743074
34883149
36150226
34461419
32454310
31991276
38159628
31552738
36828069
31036862
38503214
38608860
37782357
38446676
38228001
28851777
28713158
19158505
34183987
27904486
29623026
35530153
25792098
33238806
34257791
28332488
28150045
38245248
11489671
2841426
27500785
35387495
38346505
39366047
39283733
38765967
39901044
32513186
35439490
36726457
38490422
34627918
38785524
35302003
32203103
25975510
39390134
36636141
29755324
39657384
26551716
27323783
24309662
39299213
38714083
37433768
35150991
36251724
29061693
34594000
34349624
34588955
26214837
35060696
16207887
35250595
34416493
35257813
35116217
36142234
39456461
39058145
21872849
34030247
25246129
18764739
35550135
32047650
39259382
34928307
35469368
33077188
12213999
39007083
33550076
39094707
39075566
24252804
39848408
35739658
38751156
20880500
26464797
35790884
35988226
37976362
38157817
30690184
37892117
39377830
37629273
39158845
38435303
31327219
36934020
31254094
36284437
28243222
37172818
38635025
36462733
36810933
20522088
32664857
33730791
39002604
34695262",,Do microplastics play a role in the pathogenesis of neurodegenerative diseases? Shared pathophysiological pathways for Alzheimer's and Parkinson's disease.,<Element 'PubmedArticle' at 0x777b020426b0>,,,,,,
"As the global incidence of neurodegenerative disorders rises at a rate beyond what can be attributed solely to population aging, the role of modifiable risk factors has come into research spotlight to inform preventive strategies. While many lifestyle interventions can be implemented at an individual level, addressing environmental pollutants that drive neurodegeneration requires a collective effort involving both public and political engagement. This narrative review summarizes current evidence on the role of selected environmental toxins-pesticides, solvents, air pollution, and heavy metals-in the development of Parkinson's Disease, Alzheimer's Disease, and Amyotrophic Lateral Sclerosis. Drawing from epidemiological and experimental studies, we highlight associations between these exposures and neurodegeneration, as well as potential converging pathophysiological mechanisms such as neuroinflammation and proteinopathy. Understanding these links may help inform public health measures aimed at reducing the burden of these diseases.","[{'affiliation': 'Department of Neurology, P. J. Safarik University, Kosice, Slovak Republic.\nDepartment of Neurology, L. Pasteur University Hospital, Kosice, Slovak Republic.\nDepartment of Clinical Neurosciences, P. J. Safarik University, Kosice, Slovak Republic.', 'firstname': 'Kristína', 'initials': 'K', 'lastname': 'Kulcsárová'}, {'affiliation': 'Department of Neurology, University Hospital Schleswig-Holstein, Campus Kiel and Kiel University, 24105, Kiel, Germany.', 'firstname': 'Johannes Heinrich Alexander', 'initials': 'JHA', 'lastname': 'Piel'}, {'affiliation': 'Department of Neurology, University Hospital Schleswig-Holstein, Campus Kiel and Kiel University, 24105, Kiel, Germany. eva.schaeffer@uksh.de.', 'firstname': 'Eva', 'initials': 'E', 'lastname': 'Schaeffer'}]",,© 2025. The Author(s).,10.1186/s42466-025-00452-6,Neurological research and practice,"['Air pollution', 'Alzheimer’s disease', 'Amyotrophic lateral sclerosis', 'Environmental toxins', 'Heavy metals', 'Neurodegeneration', 'Parkinson’s disease', 'Pesticides', 'Solvents']",,2025-11-18,"41250117
32738937
38685425
39520734
34796708
31476981
30474499
29729297
28412655
28379585
27055126
23713084
23071076
22698719
11437458
11022853
30691095
22389202
23150532
19590691
23295711
39601461
37193692
38845028
31412427
31434017
11036900
34755643
27581992
11416089
12615605
20458069
9071441
11386739
4014131
28285934
14504316
26583610
26414854
25469059
37284659
22819005
25405377
36029574
19729209
15936733
19385059
19250966
26916954
28523458
16626962
17389593
38008593
36651528
15987830
21784030
11728820
28627408
32737460
35550926
29040593
37927277
32145396
37330180
38125832
26200627
22899726
24473795
36744686
36347328
32650713
37727721
26210949
35707205
30789100
32907430
26948828
33485193
19750105
17532308
19371602
19321847
16822965
37721161
31330533
31597644
34345834
18157908
22083847
37184848
10573596
36897461
33138082
1833355
7771442
32075885
32331298
24246552
27377857
19922440
29270919
33636387
37669148
37903644
38217613
26151951
37858688
35364040
38569338
33091388
33999109
38457975
37086879
38233432
37995032
28731859
36437665
30391837
30606679
31894453
31770719
35262433
36763275
30577116
30080655
27328897
27729011
36201876
34979121
36529331
31421449
26305859
29897947
35032863
31746986
31399053
35147081
40119171
37019461
32741830
30775976
29103040
14504315
31642489
9830605
27184412
36970522
32870429
26864854
35043999
33009291
19716187
19672412
29783199
23638009
32888951
18349428
29935448
33412145
15319363
21561831
36054165
37619400
35742931
37128335
14692621
37777345
36123122
22896675
22945569
9595985
31889341
27827408
33098743
37022311
27372885
28339068
26265293
37594582
22738721
28160244
28634347
29191695
22965675
17185278
20807691
39080233
21600264
22475798
24072069
34209820
26401693
36464120
25697706
28889268
26592479
37777128
26553347
26098935
26247643
26401698
29439342
26494454
36105221
29865081
30854970
37018859
32941938
32329357
8229049
33068316
27344266
32651318
34263090
23999228
35900586
15961160
33812934
25584146
38003318
18369385
25497688
39178947
24954589
27556332
29189118
12754258
11553618
16866548
30066305
29777524
10617124
37864902
36433892
35048237
29472855
33430181
35385786
20199129
23246732
30371865
21586603
19922117
35144237
39064625
39469346
38613103
30041526
29891223
34025392
31063918",,Environmental toxins in neurodegeneration - a narrative review.,<Element 'PubmedArticle' at 0x777b020935b0>,,,,,,
"Recent studies have shown that air pollutants may have adverse effects on neurological disorders. However, few studies have investigated the long-term exposure of particle components in conjunction with NO","[{'affiliation': 'Department of Environmental Health, Harvard TH Chan School of Public Health, Boston, Massachusetts.', 'firstname': 'Bryan N', 'initials': 'BN', 'lastname': 'Vu'}, {'affiliation': 'Icahn School of Medicine at Mount Sinai, New York City, New York.', 'firstname': 'Heresh', 'initials': 'H', 'lastname': 'Amini'}, {'affiliation': 'Department of Environmental Health, Harvard TH Chan School of Public Health, Boston, Massachusetts.\nDepartment of Medicine, Harvard Medical School, Boston, Massachusetts.\nCardioVascular Institute (CVI), Beth Israel Deaconess Medical Center, Boston, Massachusetts.', 'firstname': 'Xinye', 'initials': 'X', 'lastname': 'Qiu'}, {'affiliation': 'Department of Epidemiology, Harvard TH Chan School of Public Health, Boston, Massachusetts.', 'firstname': 'Yijing', 'initials': 'Y', 'lastname': 'Feng'}, {'affiliation': 'Department of Environmental Health, Harvard TH Chan School of Public Health, Boston, Massachusetts.\nIcahn School of Medicine at Mount Sinai, New York City, New York.', 'firstname': 'Yaguang', 'initials': 'Y', 'lastname': 'Wei'}, {'affiliation': 'Department of Environmental Health, Harvard TH Chan School of Public Health, Boston, Massachusetts.\nDepartment of Epidemiology, Harvard TH Chan School of Public Health, Boston, Massachusetts.', 'firstname': 'Joel', 'initials': 'J', 'lastname': 'Schwartz'}]",,"Copyright © 2025 The Authors. Published by Wolters Kluwer Health, Inc. on behalf of The Environmental Epidemiology. All rights reserved.",10.1097/EE9.0000000000000425,"Environmental epidemiology (Philadelphia, Pa.)","['Nitrate', 'Ozone', 'PM components', 'Parkinson’s disease', 'Weighted quantile sum']",,2025-10-27,"41140317
19165397
22981845
26151951
27285422
28917207
35043999
28300224
39448632
33131682
26005323
27117290
31851499
32808786
18349428
19716187
36777523
36529331
36574646
37307604
37878794
32659528
21197404
22484219
37753156
35033038
35101975
31932788
35730917
20394761
33777647
22266892",,Mixture effects of air pollutants on Parkinson's disease in adults ages 40+ in the United States from 2002 to 2016.,<Element 'PubmedArticle' at 0x777b01f32430>,,,,,,
"The Parkinson pandemic continues to spread. Almost 12 million individuals now have the disease, nearly double the estimate from just six years ago. Its human-made nature is also increasingly clear as more studies tie environmental toxicants to the disease. Chief among these are certain pesticides, the dry-cleaning chemicals trichloroethylene and perchloroethylene, and air pollution. An etiological role for these toxicants-inhaled or ingested-is also consistent with the emerging brain- and body-first models of Parkinson's disease.To address the pandemic will require a ""PLAN"" that (1) Prevents the disease; (2) Learns why it starts; (3) Amplifies the voices of persons with the disease and their caregivers; and (4) Navigates the frontier of new treatments. Reducing or eliminating toxicants will help slow its rise. Learning why the disease begins will require investigating exposures, interactions of the environment with genes, and modifiers. Amplifying the voices of those affected can raise awareness, improve care, and change the disease's course. Vastly expanding the scale and scope of research funding will accelerate efforts to prevent the disease and find more effective therapies. If successfully implemented, such a plan will translate to bold ""
Parkinson's is one of the world's fastest growing brain diseases, and most of it is preventable. Adjusted for age, the prevalence of Parkinson's has increased 60% over the last thirty years. Chemicals in our food, water, and air are helping fuel its rise. Many of these are inhaled (come in through the nose) or ingested (enter through the gut). To address the Parkinson pandemic, we propose a “PLAN” to (1) Prevent the disease; (2) Learn why it starts; (3) Amplify the voices of those affected; and (4) Navigate the frontier of new treatments. By doing so, we can reach bold goals by 2035. These include a ","[{'affiliation': 'Atria Health and Research Institute, New York, NY, USA.\nCenter for the Brain & the Environment, Atria Research and Global Health Institute, New York, NY, USA.', 'firstname': 'E Ray', 'initials': 'ER', 'lastname': 'Dorsey'}, {'affiliation': 'Norman Fixel Institute for Neurological Diseases, Department of Neurology, University of Florida, Gainesville, FL, USA.', 'firstname': 'Michael S', 'initials': 'MS', 'lastname': 'Okun'}, {'affiliation': 'Donders Institute for Brain, Cognition and Behavior, Department of Neurology, Radboud University Medical Center, Nijmegen, The Netherlands.', 'firstname': 'Bastiaan R', 'initials': 'BR', 'lastname': 'Bloem'}]",,,10.1177/1877718X251378115,Journal of Parkinson's disease,"['Parkinson disease', 'air pollution', 'delivery of health care', 'environment', 'epidemiology', 'patient advocacy', 'pesticides', 'solvents', 'therapeutics', 'trichloroethylene']",,2025-10-21,41117498,,A PLAN to address the Parkinson pandemic.,<Element 'PubmedArticle' at 0x777b01f45620>,,,,,,
"The global burden of Parkinson's disease is rising. Large-scale genetic studies have confirmed that extrinsic or environmental factors, rather than genetic predisposition, play a dominant role in its cause. Increasing evidence implicates three classes of toxicants-certain pesticides, the dry-cleaning chemicals trichloroethylene and perchloroethylene, and air pollution-in the development of Parkinson's disease. These toxicants are widely prevalent, impair mitochondrial or lysosomal function, or both, and contribute to, if not cause, the disease. Parkinson's disease could be thus largely preventable. Uncertainties remain regarding the relevant doses, timing, and routes of exposure, the nature of genetic and environmental interactions, the effects of combined exposures, the role of the microbiome, and the identity of other environmental risks. Methodological limitations and structural challenges hinder our understanding. However, improved measurement of toxicant exposure in individuals and the environment, long-term prospective studies, increased funding for prevention, and policy changes can precipitate the fall of the burden of Parkinson's disease.","[{'affiliation': 'Center for the Brain & Environment, Atria Research and Global Health Institute, New York, NY, USA; Center for Health and Technology and Department of Neurology, University of Rochester Medical Center, Rochester, NY, USA. Electronic address: ray.dorsey@atria.org.', 'firstname': 'E Ray', 'initials': 'ER', 'lastname': 'Dorsey'}, {'affiliation': 'Department of Neurology, Killion Center for Neurodegeneration and Experimental Therapeutics, University of Alabama at Birmingham, Birmingham, AL, USA.', 'firstname': 'Briana R', 'initials': 'BR', 'lastname': 'De Miranda'}, {'affiliation': 'Center for Health and Technology and Department of Neurology, University of Rochester Medical Center, Rochester, NY, USA; School of Medicine, University of California, San Francisco, San Francisco, CA, USA.', 'firstname': 'Sarrah', 'initials': 'S', 'lastname': 'Hussain'}, {'affiliation': 'Radboud University Medical Centre, Donders Institute for Brain, Cognition and Behaviour, Department of Neurology, Centre of Expertise for Parkinson & Movement Disorders, Nijmegen, Netherlands.', 'firstname': 'Bastiaan R', 'initials': 'BR', 'lastname': 'Bloem'}, {'affiliation': 'Université Paris-Saclay, UVSQ, Inserm, Gustave Roussy, CESP, Villejuif, France.', 'firstname': 'Alexis', 'initials': 'A', 'lastname': 'Elbaz'}, {'affiliation': 'Department of Neurology, Washington University School of Medicine, St Louis, MO, USA.', 'firstname': 'Jorge', 'initials': 'J', 'lastname': 'Llibre-Guerra'}, {'affiliation': ""Center for Dementia Care, St Mary's Hospital, Taitung, Taiwan."", 'firstname': 'Raymond Y', 'initials': 'RY', 'lastname': 'Lo'}, {'affiliation': 'Division of Occupational, Environmental, and Climate Medicine, University of California San Francisco, San Francisco, CA, USA.', 'firstname': 'Samuel M', 'initials': 'SM', 'lastname': 'Goldman'}, {'affiliation': 'Weill Institute for Neurosciences, Department of Neurology, University of California, San Francisco, San Francisco, CA, USA.', 'firstname': 'Caroline M', 'initials': 'CM', 'lastname': 'Tanner'}]",,"Copyright © 2025 Elsevier Ltd. All rights reserved, including those for text and data mining, AI training, and similar technologies.",10.1016/S1474-4422(25)00287-X,The Lancet. Neurology,[],,2025-10-19,41109237,,"Environmental toxicants and Parkinson's disease: recent evidence, risks, and prevention opportunities.",<Element 'PubmedArticle' at 0x777b01f47d30>,,,,,,
"Parkinson's disease (PD) is a common neurodegenerative disorder, affecting an estimated 10 million people globally, and its incidence rate is rising rapidly. PD most commonly develops sporadically, with only 5%-10% of cases linked to genetic causes. Environmental factors, including exposure to pesticides, have been associated with a higher risk of PD. Multiple studies have shown an increased incidence of PD in geographical regions which have high levels of pesticide use. However, there is little data on links between pesticide exposure and PD in Ireland, and the experiences of Irish people with PD in relation to pesticides remain underexplored.
To conduct a qualitative study to explore the experiences and perceptions of individuals in Ireland regarding the potential links between occupational and environmental pesticide exposure and PD.
This qualitative study investigated the experiences of individuals with PD and their families in Ireland, regarding pesticide exposure. Semi-structured interviews were conducted with 21 participants, including people with Parkinson's (PwP) and their close relatives. Purposive sampling was used to recruit participants from farming and rural communities. The semi-structured interviews lasted 10-15 min, and data were transcribed and analysed using thematic analysis. The research adhered to ethical guidelines, including informed consent and confidentiality.
Three main themes were identiifed from the analysis: 'Occupation-Related Pesticide Exposure and PD Risk', 'Dangers of Pesticides, and Barriers to Personal Protective Equipment (PPE) Usage', and 'Family and Community Influence/Mixed Messaging about Pesticide Safety'. Participants frequently reported significant pesticide exposure due to occupational activities or living in agricultural areas. Many people highlighted inadequate use of PPE and described how exposure was often unregulated or unavoidable. Family and community contexts further compounded exposure risks.
This study highlights the need for heightened awareness and education regarding risks associated with pesticide exposure. It reveals gaps in the application of protective measures and highlights a need for improved regulation of safety protocols.
The design and conduct of this study were supported by people with Parkinson's disease and their family members, as well as members of the public who have experience with pesticide use. In advance of the study, members of the Cork branch of Parkinson's Ireland reviewed the research question, methodology and interview schedules, and provided feedback on these, which was incorporated into the study.","[{'affiliation': ""Department of Anatomy and Neuroscience, School of Medicine, University College Cork, Cork, Ireland.\nParkinson's Disease Research Cluster, University College Cork, Cork, Ireland."", 'firstname': 'Lucy M', 'initials': 'LM', 'lastname': 'Collins'}, {'affiliation': 'Department of Anatomy and Neuroscience, School of Medicine, University College Cork, Cork, Ireland.\nDepartment of Pharmacology and Therapeutics, School of Medicine, University College Cork, Cork, Ireland.', 'firstname': 'Sarah', 'initials': 'S', 'lastname': 'Moore'}, {'affiliation': ""Parkinson's Disease Research Cluster, University College Cork, Cork, Ireland.\nCentre for Gerontology and Rehabilitation, School of Medicine, University College Cork, Cork, Ireland."", 'firstname': 'Emma', 'initials': 'E', 'lastname': ""O'Shea""}, {'affiliation': 'Department of Anatomy and Neuroscience, School of Medicine, University College Cork, Cork, Ireland.', 'firstname': 'Aidan', 'initials': 'A', 'lastname': 'White'}, {'affiliation': ""Department of Anatomy and Neuroscience, School of Medicine, University College Cork, Cork, Ireland.\nParkinson's Disease Research Cluster, University College Cork, Cork, Ireland.\nDepartment of Pharmacology and Therapeutics, School of Medicine, University College Cork, Cork, Ireland."", 'firstname': 'Aideen M', 'initials': 'AM', 'lastname': 'Sullivan'}]",This study highlights the need for heightened awareness and education regarding risks associated with pesticide exposure. It reveals gaps in the application of protective measures and highlights a need for improved regulation of safety protocols.,© 2025 The Author(s). Health Expectations published by John Wiley & Sons Ltd.,"10.1111/hex.70329
10.1111/febs.14607
10.1212/WNL.35.7.949
10.3389/fpubh.2020.00091
10.1016/bs.ant.2017.07.004
10.3233/JPD-179006
10.1016/j.expneurol.2004.01.023
10.1016/j.tips.2009.12.006
10.1186/s40035-023-00368-8
10.1016/j.gloenvcha.2023.102693
10.1016/S1474-4422(18)30295-3
10.1001/jamaneurol.2020.2412
10.3390/brainsci12010111
10.1016/j.envres.2021.111161
10.1186/s12940-020-00624-8
10.1289/ehp.1307970
10.1038/s41467-023-38215-z
10.1016/j.scitotenv.2022.160851
10.1007/s40572-016-0083-2
10.1016/j.jchemneu.2021.101966
10.3390/safety11020049
10.1191/1478088706qp063oa
10.1002/ana.20904
10.47626/1679-4435-2020-532
10.1080/1059924X.2011.555282
10.3390/toxics4010001
10.1371/journal.pone.0128766
10.1590/0001-3765202220211335
10.3390/toxics10060335
10.3390/ijerph18189907
10.1007/s13593-011-0022-4",Health expectations : an international journal of public participation in health care and health policy,"[""Parkinson's disease"", 'Personal Protective Equipment', 'pesticides']",,2025-10-14,"41085610
27751556
30028088
3874373
32318533
28282815
15144868
20096940
37468944
30287051
32716484
35053854
33887276
32552814
25815770
37193692
36526213
26857251
33991619
16802290
33597986
21462024
29051407
26042669
35703700
35736943
34574830","Three main themes were identiifed from the analysis: 'Occupation-Related Pesticide Exposure and PD Risk', 'Dangers of Pesticides, and Barriers to Personal Protective Equipment (PPE) Usage', and 'Family and Community Influence/Mixed Messaging about Pesticide Safety'. Participants frequently reported significant pesticide exposure due to occupational activities or living in agricultural areas. Many people highlighted inadequate use of PPE and described how exposure was often unregulated or unavoidable. Family and community contexts further compounded exposure risks.",Pesticide Exposure and Parkinson's Disease: A Qualitative Study of Experiences in Ireland.,<Element 'PubmedArticle' at 0x777b01f57330>,,,,,,
"Emerging evidence implicates impaired DNA repair mechanisms in the pathogenesis of Parkinson's disease (PD), particularly in the context of oxidative stress and environmental exposures. This study investigated the association between five polymorphisms in nucleotide excision repair (NER) pathway genes and PD susceptibility in a northern Mexican mestizo population.
We conducted a case-control study including 137 patients with clinically diagnosed PD and 137 age- and sex-matched controls. Genomic DNA was isolated from peripheral blood, and genotyping of 
A significantly higher prevalence of pesticide exposure was observed in PD patients than in controls (OR 2.08, 95% CI 1.18-3.68; 
Our findings suggest a sex-specific genetic contribution to PD susceptibility involving the ","[{'affiliation': 'Instituto de Investigación Científica, Universidad Juárez del Estado de Durango, Durango 34000, Mexico.', 'firstname': 'Karla Mariana', 'initials': 'KM', 'lastname': 'Alvarado-Retana'}, {'affiliation': 'Instituto de Investigación Científica, Universidad Juárez del Estado de Durango, Durango 34000, Mexico.', 'firstname': 'Daniel Francisco', 'initials': 'DF', 'lastname': 'Ramos-Rosales'}, {'affiliation': 'Instituto de Investigación Científica, Universidad Juárez del Estado de Durango, Durango 34000, Mexico.', 'firstname': 'Elizabeth Irasema', 'initials': 'EI', 'lastname': 'Antuna-Salcido'}, {'affiliation': 'Facultad de Odontología, Universidad Juárez del Estado de Durango, Durango 34070, Mexico.', 'firstname': 'Sergio Manuel', 'initials': 'SM', 'lastname': 'Salas-Pacheco'}, {'affiliation': 'Instituto de Investigación Científica, Universidad Juárez del Estado de Durango, Durango 34000, Mexico.', 'firstname': 'Francisco Xavier', 'initials': 'FX', 'lastname': 'Castellanos-Juárez'}, {'affiliation': 'Instituto de Investigación Científica, Universidad Juárez del Estado de Durango, Durango 34000, Mexico.', 'firstname': 'Edna Madai', 'initials': 'EM', 'lastname': 'Méndez-Hernández'}, {'affiliation': 'Instituto de Investigación Científica, Universidad Juárez del Estado de Durango, Durango 34000, Mexico.', 'firstname': 'Alma Cristina', 'initials': 'AC', 'lastname': 'Salas-Leal'}, {'affiliation': 'Instituto de Investigación Científica, Universidad Juárez del Estado de Durango, Durango 34000, Mexico.', 'firstname': 'Osmel', 'initials': 'O', 'lastname': 'La Llave-León'}, {'affiliation': 'Hospital Santiago Ramón y Cajal-ISSSTE, Durango 34070, Mexico.', 'firstname': 'Gerardo', 'initials': 'G', 'lastname': 'Quiñones-Canales'}, {'affiliation': 'División de Neurociencias, Clínica, Instituto Nacional de Rehabilitación Luis Guillermo Ibarra Ibarra, Ciudad de México 14389, Mexico.\nTecnologico de Monterrey, Escuela de Medicina y Ciencias de la Salud, Mexico City 14380, Mexico.', 'firstname': 'Oscar', 'initials': 'O', 'lastname': 'Arias-Carrión'}, {'affiliation': 'Instituto de Investigación Científica, Universidad Juárez del Estado de Durango, Durango 34000, Mexico.', 'firstname': 'Ada', 'initials': 'A', 'lastname': 'Sandoval-Carrillo'}, {'affiliation': 'Instituto de Investigación Científica, Universidad Juárez del Estado de Durango, Durango 34000, Mexico.', 'firstname': 'José Manuel', 'initials': 'JM', 'lastname': 'Salas-Pacheco'}]",,,"10.3390/brainsci15091008
10.1212/cont.0000000000001593
10.1038/s41598-025-13558-3
10.1016/j.cger.2019.08.002
10.3390/ijms26115405
10.3390/brainsci15070756
10.1038/s41572-021-00280-3
10.3390/jpm15050172
10.5603/PJNNS.a2023.0019
10.1002/jnr.24592
10.3389/fnmol.2017.00225
10.1016/j.neuint.2021.105014
10.3390/antiox12040955
10.3390/ijms23052484
10.1016/j.mrgentox.2008.09.013
10.1101/2024.03.25.24301713
10.1016/S0002-9440(10)65396-5
10.1016/j.dnarep.2013.04.010
10.1016/j.dnarep.2013.04.009
10.1111/nan.12584
10.1016/j.yexmp.2019.104364
10.1016/j.omto.2020.12.004
10.1385/1-59259-384-4:29
10.1016/j.heliyon.2022.e09895
10.1021/tx5002223
10.1016/j.heliyon.2021.e05919
10.1093/bmb/ldl018
10.1371/journal.pone.0243612
10.1002/mds.22139
10.1136/bmjopen-2013-003620
10.1371/journal.pone.0173731
10.1212/WNL.0000000000209699
10.3389/fnagi.2022.943438
10.1038/s42003-021-02478-3
10.1038/s41598-023-46991-3
10.1186/1746-1596-8-112
10.1016/j.clcc.2016.10.001
10.1097/MD.0000000000021160
10.1007/s11033-020-05600-6",Brain sciences,"['Parkinson’s disease', 'XPC', 'nucleotide excision repair', 'rs2228001']",,2025-09-27,"41008368
40748114
40715548
31733690
40508212
40722346
34210995
40423044
36928793
32048327
28769760
33689805
37107329
35269632
18952194
40913219
10329595
23721970
23726220
31628877
31881200
33575466
12958475
35855999
25045800
33490679
17242039
33332388
18618666
24247326
28319195
39110916
36147702
34471211
37978215
23819639
29793654
32664151
32562175","A significantly higher prevalence of pesticide exposure was observed in PD patients than in controls (OR 2.08, 95% CI 1.18-3.68; ",Sex-Specific Association Between XPC rs2228001 Polymorphism and Parkinson's Disease Risk in a Mexican Population: A Case-Control Study Exploring Gene-Environment Interactions.,<Element 'PubmedArticle' at 0x777b01f70fe0>,,,,,,
"Heightened air pollution exposure is associated with an increased risk for developing neurodegenerative disorders such as Alzheimer's disease and Parkinson's disease, yet it is unclear how pollution impacts the aging brain more broadly. Rodent research has shown that higher air pollution exposure is associated with increased impulsive behavior, operationalized as a preference for immediate reward in delay discounting tasks. We examined this relationship in middle-aged and older humans by analyzing associations between residential pollution exposure and time-based reward preferences. One hundred three (103) adults aged 40-80 completed a delay discounting task. We estimated long-term residential exposure to fine particulate matter (PM","[{'affiliation': 'Department of Psychology and Neuroscience, Temple University, 1701 N. 13, Philadelphia, PA, USA. maya.kilcullen@temple.edu.', 'firstname': 'Maya R', 'initials': 'MR', 'lastname': 'Kilcullen'}, {'affiliation': 'Department of Psychology and Neuroscience, Temple University, 1701 N. 13, Philadelphia, PA, USA.', 'firstname': 'Jamie-Nicole', 'initials': 'JN', 'lastname': 'Luistro'}, {'affiliation': 'Department of Psychology and Neuroscience, Temple University, 1701 N. 13, Philadelphia, PA, USA.', 'firstname': 'Melanie', 'initials': 'M', 'lastname': 'Kos'}, {'affiliation': 'Department of Geography, Environment, and Urban Studies, Temple University, Philadelphia, PA, USA.', 'firstname': 'Jeremy', 'initials': 'J', 'lastname': 'Mennis'}, {'affiliation': 'Department of Psychology and Neuroscience, Temple University, 1701 N. 13, Philadelphia, PA, USA.', 'firstname': 'David V', 'initials': 'DV', 'lastname': 'Smith'}, {'affiliation': 'Department of Psychology and Neuroscience, Temple University, 1701 N. 13, Philadelphia, PA, USA.', 'firstname': 'Ingrid R', 'initials': 'IR', 'lastname': 'Olson'}]",,© 2025. The Author(s).,"10.1007/s11357-025-01906-0
10.3233/JAD-200483
10.1093/restud/rdac078
10.3233/JAD-221054
10.1016/j.dadm.2014.11.015
10.2131/jts.38.13
10.1289/ehp.1205505
10.3389/fnbeh.2021.647922
10.1080/08958378.2022.2140228
10.3389/fpsyg.2018.01545
10.3390/jcm11061611
10.1016/S0376-6357(99)00021-2
10.1257/aer.102.7.3333
10.1016/j.dib.2024.110810
10.1016/j.neurobiolaging.2008.09.023
10.1021/acsestair.4c00151
10.1038/s41586-021-04190-y
10.3390/ijerph18179019
10.1038/s41467-023-39797-4
10.1016/j.dcn.2019.100642
10.1007/s10964-024-01989-6
10.1111/acer.15469
10.1057/s41599-025-04843-7
10.1037/bul0000396
10.1016/j.jebo.2015.05.018
10.1016/j.tins.2009.05.009
10.1515/tnsci-2016-0005
10.1007/s11356-020-10574-w
10.1021/acs.chemrev.5b00067
10.1037/h0100148
10.1037/1064-1297.5.3.256
10.1016/j.jsat.2011.05.003
10.1016/j.envres.2023.116391
10.3233/JAD-2012-120610
10.1111/jcpp.13768
10.1016/j.envres.2021.111570
10.1289/EHP3169
10.1177/1533317518777859
10.1002/mds.28922
10.1016/j.neuropsychologia.2020.107549
10.1002/jaba.42
10.1080/17470210903276350
10.1007/s10683-019-09617-y",GeroScience,"['Aging', 'Environment', 'Impulsivity', 'Pollution', 'Reward']",,2025-09-24,"40991116
32741830
36970897
23358136
23063827
34025369
30697174
35329937
39252767
19231028
35022594
34501609
37481598
31004982
38700827
19716187
28123818
32870429
25942499
9260073
21741198
37308068
22531421
36789477
34181922
31070940
35043999
32621907
24114165",,Air pollution and impulsive choice in aging: evidence from delay discounting.,<Element 'PubmedArticle' at 0x777b01f8f420>,,,,,,
"The global prevalence of Parkinson's disease (PD) is estimated to be 315 per 100,000 inhabitants, with variations across regions and depending on the epidemiological methods used. Door-to-door prevalence studies in Andean communities are notably underrepresented in the literature.
The aim of this study was to estimate the PD prevalence in Jauja.
A cross-sectional community-based door-to-door prevalence study was conducted from April 2018 to September 2019. We used a Spanish version of the 9-item screening questionnaire (9-item SQ). Trained interviewers conducted face-to-face screening surveys. Participants presenting ""suspected parkinsonism"" underwent further neurological assessment. PD cases responded to the LARGE-PD questionnaire and ""pesticide exposure questionnaire."" We calculated the crude prevalence, gender- and age-specific rates, and age-adjusted rates.
Out of 2527 eligible individuals, 1960 completed the screening survey. Of these, 563 were selected for neurological assessment, and 337 underwent neurological examination. PD was confirmed in 21 individuals, 16 of whom were identified using the 9-item SQ with a crude prevalence of 816/100,000. We observed higher rates of PD in older age groups and in males compared to females (1.6 vs. 0.3%, P < 0.05). The age-standardized prevalence was 566/100,000 (95% confidence interval [CI]: 496.6-635.2). Among PD cases, the most common environmental exposures were living near farming fields and pesticide exposure.
The observed prevalence of PD in this town in the central highlands of Peru aligns with previous reports, with notably higher rates among individuals over the age of 80. Further prospective studies are warranted to investigate the potential influence of environmental factors on PD prevalence in this region.","[{'affiliation': 'Neurogenetics Working Group, Universidad Cientifica del Sur, Lima, Peru.\nNorthern Pacific Global Health Research Program, NIH, Bethesda, Maryland, USA.\nNeurogenetics Research Center, Instituto Nacional de Ciencias Neurologicas, Lima, Peru.', 'firstname': 'Elison', 'initials': 'E', 'lastname': 'Sarapura-Castro'}, {'affiliation': 'Neurogenetics Research Center, Instituto Nacional de Ciencias Neurologicas, Lima, Peru.', 'firstname': 'Karina', 'initials': 'K', 'lastname': 'Milla-Neyra'}, {'affiliation': 'Universidad Peruana Los Andes, Huancayo, Peru.\nMental Health Department, Domingo Olavegoya Hospital, Jauja, Peru.', 'firstname': 'Julia', 'initials': 'J', 'lastname': 'Ríos-Pinto'}, {'affiliation': 'Facultad de Ciencias de la Salud, Universidad Cientifica del Sur, Lima, Peru.', 'firstname': 'Jorge L', 'initials': 'JL', 'lastname': 'Maguiña'}, {'affiliation': 'Northern Pacific Global Health Research Program, NIH, Bethesda, Maryland, USA.\nNeurogenetics Research Center, Instituto Nacional de Ciencias Neurologicas, Lima, Peru.', 'firstname': 'Andrea', 'initials': 'A', 'lastname': 'Rivera-Valdivia'}, {'affiliation': 'Genomic Medicine Institute, Lerner Research Institute, Cleveland Clinic, Cleveland, Ohio, USA.', 'firstname': 'Miguel', 'initials': 'M', 'lastname': 'Inca-Martinez'}, {'affiliation': 'Neurogenetics Working Group, Universidad Cientifica del Sur, Lima, Peru.\nNorthern Pacific Global Health Research Program, NIH, Bethesda, Maryland, USA.\nNeurogenetics Research Center, Instituto Nacional de Ciencias Neurologicas, Lima, Peru.', 'firstname': 'Maryenela', 'initials': 'M', 'lastname': 'Illanes-Manrique'}, {'affiliation': 'Neurogenetics Working Group, Universidad Cientifica del Sur, Lima, Peru.', 'firstname': 'Milagros', 'initials': 'M', 'lastname': 'Galecio-Castillo'}, {'affiliation': 'Naval Medical Research Unit No. 6, Callao, Peru.', 'firstname': 'Silvia', 'initials': 'S', 'lastname': 'Montano'}, {'affiliation': 'Genomic Medicine Institute, Lerner Research Institute, Cleveland Clinic, Cleveland, Ohio, USA.', 'firstname': 'Ignacio F', 'initials': 'IF', 'lastname': 'Mata'}, {'affiliation': 'Neurogenetics Working Group, Universidad Cientifica del Sur, Lima, Peru.\nNeurogenetics Research Center, Instituto Nacional de Ciencias Neurologicas, Lima, Peru.', 'firstname': 'Mario', 'initials': 'M', 'lastname': 'Cornejo-Olivas'}]",,© 2025 International Parkinson and Movement Disorder Society.,10.1002/mdc3.70354,Movement disorders clinical practice,"[""Parkinson's disease"", 'door‐to‐door', 'highlands', 'prevalence']",,2025-09-19,40970415,"Out of 2527 eligible individuals, 1960 completed the screening survey. Of these, 563 were selected for neurological assessment, and 337 underwent neurological examination. PD was confirmed in 21 individuals, 16 of whom were identified using the 9-item SQ with a crude prevalence of 816/100,000. We observed higher rates of PD in older age groups and in males compared to females (1.6 vs. 0.3%, P < 0.05). The age-standardized prevalence was 566/100,000 (95% confidence interval [CI]: 496.6-635.2). Among PD cases, the most common environmental exposures were living near farming fields and pesticide exposure.",Prevalence of Parkinson's Disease in a Town of the Central Highlands of Peru: A Population-Based Study.,<Element 'PubmedArticle' at 0x777b01db84a0>,,,,,,
"Excessive exposure to manganese (Mn) causes parkinsonism. Occupational Mn exposure is associated with increased T1-weighted globus pallidus signal on magnetic resonance imaging (MRI) secondary to in-vivo Mn deposition.
The present study evaluated the T1-weighted pallidal index (PI) as an in-vivo marker of Mn exposure and neurotoxicity in chronic environmental Mn exposure. A total of 53 Black South African participants with a range of residential environmental Mn exposures due to proximity to one of the world's largest smelters underwent T1-weighted MRI.
The PI was associated with parkinsonism as measured by the total Unified Parkinson's Disease Rating Scale motor subsection part 3 (UPDRS3) in all participants (β=0.10, confidence interval 0.01, 0.18). Further, the PI was positively associated with total UPDRS3 scores (β=0.14, confidence interval 0.03, 0.25) and the lower limb rigidity subscore (β=0.04, confidence interval 0.005, 0.07) among those who regularly consumed alcohol (>3 drinks/week), but not in those who occasionally consumed alcohol (<3 drinks/week).
Our findings suggest T1-weighted PI is associated with clinical neurotoxicity in environmental Mn exposure. This association is amplified by regular consumption of alcohol.","[{'affiliation': 'Department of Neurology, Barrow Neurological Institute, Phoenix, AZ, USA; Department of Neurology, Washington University School of Medicine, St. Louis, MO, USA. Electronic address: susan.criswell@barrowneuro.org.', 'firstname': 'Susan R', 'initials': 'SR', 'lastname': 'Criswell'}, {'affiliation': 'Department of Neurology, Barrow Neurological Institute, Phoenix, AZ, USA.', 'firstname': 'Irene', 'initials': 'I', 'lastname': 'Faust'}, {'affiliation': 'Department of Neurology, Washington University School of Medicine, St. Louis, MO, USA.', 'firstname': 'Susan Searles', 'initials': 'SS', 'lastname': 'Nielsen'}, {'affiliation': 'Department of Neurology, Washington University School of Medicine, St. Louis, MO, USA; Department of Epidemiology, School of Public Health, University of Washington, Seattle, WA, USA.', 'firstname': 'Wendy W', 'initials': 'WW', 'lastname': 'Dlamini'}, {'affiliation': 'School of Public Health, Faculty of Health Sciences, University of the Witwatersrand, Parktown, South Africa.', 'firstname': 'Gill', 'initials': 'G', 'lastname': 'Nelson'}, {'affiliation': 'Department of Energy, Environmental, and Chemical Engineering, Washington University, St. Louis, MO, USA.', 'firstname': 'Jay R', 'initials': 'JR', 'lastname': 'Turner'}, {'affiliation': 'Mallinckrodt Institute of Radiology, Washington University School of Medicine, St. Louis, MO, USA.', 'firstname': 'Joshua S', 'initials': 'JS', 'lastname': 'Shimony'}, {'affiliation': 'Department of Neurology, Washington University School of Medicine, St. Louis, MO, USA.', 'firstname': 'Jason', 'initials': 'J', 'lastname': 'Lenox-Krug'}, {'affiliation': 'Department of Neurology, Barrow Neurological Institute, Phoenix, AZ, USA.', 'firstname': 'Jordan A', 'initials': 'JA', 'lastname': 'Killion'}, {'affiliation': 'Department of Neurology, Barrow Neurological Institute, Phoenix, AZ, USA.', 'firstname': 'T Noah', 'initials': 'TN', 'lastname': 'Hutson'}, {'affiliation': 'Department of Neurology, Barrow Neurological Institute, Phoenix, AZ, USA; Department of Neurology, Washington University School of Medicine, St. Louis, MO, USA; School of Public Health, Faculty of Health Sciences, University of the Witwatersrand, Parktown, South Africa.', 'firstname': 'Brad A', 'initials': 'BA', 'lastname': 'Racette'}]",Our findings suggest T1-weighted PI is associated with clinical neurotoxicity in environmental Mn exposure. This association is amplified by regular consumption of alcohol.,Copyright © 2025 The Authors. Published by Elsevier GmbH.. All rights reserved.,10.1016/j.jtemb.2025.127732,Journal of trace elements in medicine and biology : organ of the Society for Minerals and Trace Elements (GMS),"['Biomarker', 'MRI', 'Manganese', 'Neurotoxicology']",,2025-09-05,"40907163
17049342
24992226
34054697
28031394
23805100
34999155
34087333
33722243
20946915
7630246
11161650
10693971
15128159
8329316
10385891
22447645
31348423
24718592
21596707
18087599
26801245
26381684
17620489
38532309
34590183
21496578
7998773
21220355
28873337
31647574
3578288
11130281
25380186
24263125
25778493
28626829
10587157","The PI was associated with parkinsonism as measured by the total Unified Parkinson's Disease Rating Scale motor subsection part 3 (UPDRS3) in all participants (β=0.10, confidence interval 0.01, 0.18). Further, the PI was positively associated with total UPDRS3 scores (β=0.14, confidence interval 0.03, 0.25) and the lower limb rigidity subscore (β=0.04, confidence interval 0.005, 0.07) among those who regularly consumed alcohol (>3 drinks/week), but not in those who occasionally consumed alcohol (<3 drinks/week).",Utilizing T1-weighted MRI intensity indices to evaluate in-vivo neurotoxicity in a South African cohort with environmental manganese exposure.,<Element 'PubmedArticle' at 0x777b01dc3c90>,,,,,,
Ambient particulate matter (PM) and nitrogen dioxide (NO,"[{'affiliation': ""Department of Occupational and Environmental Health, School of Public Health, Xi'an Jiaotong University Health Science Center, Xi'an, Shaanxi, China; Key Laboratory of Environment and Genes Related to Diseases (Xi'an Jiaotong University), Ministry of Education, Xi'an, China; Key Laboratory for Disease Prevention and Control and Health Promotion of Shaanxi Province, Xi'an, Shaanxi, China; Key Laboratory of Trace Elements and Endemic Diseases in Ministry of Health, Xi'an, Shaanxi, China."", 'firstname': 'Lijun', 'initials': 'L', 'lastname': 'Bai'}, {'affiliation': ""Department of Occupational and Environmental Health, School of Public Health, Xi'an Jiaotong University Health Science Center, Xi'an, Shaanxi, China; Key Laboratory of Environment and Genes Related to Diseases (Xi'an Jiaotong University), Ministry of Education, Xi'an, China; Key Laboratory for Disease Prevention and Control and Health Promotion of Shaanxi Province, Xi'an, Shaanxi, China; Key Laboratory of Trace Elements and Endemic Diseases in Ministry of Health, Xi'an, Shaanxi, China."", 'firstname': 'Yunxing', 'initials': 'Y', 'lastname': 'Jiang'}, {'affiliation': 'Department of Environmental Health Sciences, School of Public Health, University at Albany, State University of New York, Rensselaer, NY, USA.', 'firstname': 'Kai', 'initials': 'K', 'lastname': 'Zhang'}, {'affiliation': 'Department of Epidemiology and Health Statistics, School of Public Health, Anhui Medical University, Hefei, Anhui, China.', 'firstname': 'Hong', 'initials': 'H', 'lastname': 'Su'}, {'affiliation': ""School of Public Health, Xi'an Jiaotong University Health Science Center, Xi'an, Shaanxi, China; Center for Single Cell Omics and Health, Key Laboratory of Trace Elements and Endemic Diseases, Xi'an Jiaotong University, Xi'an, Shaanxi, China."", 'firstname': 'Shiquan', 'initials': 'S', 'lastname': 'Sun'}, {'affiliation': 'Department of Occupational and Environmental Health Sciences, School of Public Health, Peking University, Beijing, China.', 'firstname': 'Furong', 'initials': 'F', 'lastname': 'Deng'}, {'affiliation': 'Department of Environmental Health Sciences, Mailman School of Public Health, Columbia University, New York, NY, USA.', 'firstname': 'Andrea A', 'initials': 'AA', 'lastname': 'Baccarelli'}, {'affiliation': 'China CDC Key Laboratory of Environment and Population Health, National Institute of Environmental Health, Chinese Center for Disease Control and Prevention, Beijing, China.', 'firstname': 'Xiaoming', 'initials': 'X', 'lastname': 'Shi'}, {'affiliation': 'Department of Occupational and Environmental Health Sciences, School of Public Health, Peking University, Beijing, China.', 'firstname': 'Xinbiao', 'initials': 'X', 'lastname': 'Guo'}, {'affiliation': ""Department of Occupational and Environmental Health, School of Public Health, Xi'an Jiaotong University Health Science Center, Xi'an, Shaanxi, China; Key Laboratory of Environment and Genes Related to Diseases (Xi'an Jiaotong University), Ministry of Education, Xi'an, China; Key Laboratory for Disease Prevention and Control and Health Promotion of Shaanxi Province, Xi'an, Shaanxi, China; Key Laboratory of Trace Elements and Endemic Diseases in Ministry of Health, Xi'an, Shaanxi, China. Electronic address: shaowei_wu@xjtu.edu.cn."", 'firstname': 'Shaowei', 'initials': 'S', 'lastname': 'Wu'}]",,Copyright © 2025 Elsevier Ltd. All rights reserved.,10.1016/j.envpol.2025.127062,"Environmental pollution (Barking, Essex : 1987)","['Ambient air pollution', 'Coarse particulate matter', 'Neurodegenerative disease', 'Time-stratified case-crossover study']",,2025-09-04,40902708,,Associations of ambient particulate matter and nitrogen dioxide with hospital admissions for Parkinson's disease: A nationwide case-crossover study in China.,<Element 'PubmedArticle' at 0x777b01de2250>,,,,,,
"While 6:2 chlorinated polyfluoroalkyl ether sulfonate (F-53B) has been frequently detected in human samples and demonstrated to accumulate with age, its health risk for the elderly population remains unknown. Here, we evaluated the aging and neurodegenerative effects of F-53B using the ","[{'affiliation': 'Institute for Environmental pollution and health, School of Environmental and Chemical Engineering, Shanghai University, Shanghai 200444, China.', 'firstname': 'Hui', 'initials': 'H', 'lastname': 'Li'}, {'affiliation': 'Institute for Environmental pollution and health, School of Environmental and Chemical Engineering, Shanghai University, Shanghai 200444, China.', 'firstname': 'Keqi', 'initials': 'K', 'lastname': 'Dong'}, {'affiliation': 'Institute for Environmental pollution and health, School of Environmental and Chemical Engineering, Shanghai University, Shanghai 200444, China.', 'firstname': 'Meihui', 'initials': 'M', 'lastname': 'Zhao'}, {'affiliation': 'Institute for Environmental pollution and health, School of Environmental and Chemical Engineering, Shanghai University, Shanghai 200444, China.', 'firstname': 'Ruifei', 'initials': 'R', 'lastname': 'Li'}, {'affiliation': 'Institute for Environmental pollution and health, School of Environmental and Chemical Engineering, Shanghai University, Shanghai 200444, China.', 'firstname': 'Chongli', 'initials': 'C', 'lastname': 'Shi'}, {'affiliation': 'Institute for Environmental pollution and health, School of Environmental and Chemical Engineering, Shanghai University, Shanghai 200444, China.', 'firstname': 'Chen', 'initials': 'C', 'lastname': 'Wang'}, {'affiliation': 'Institute for Environmental pollution and health, School of Environmental and Chemical Engineering, Shanghai University, Shanghai 200444, China.', 'firstname': 'Yaqiang', 'initials': 'Y', 'lastname': 'Wei'}, {'affiliation': 'Department of Environmental Health, School of Public Health, NHC Key Laboratory of Health Technology Assessment, Key Laboratory of Public Health Safety of the Ministry of Education, Fudan University, Shanghai 200032, China.', 'firstname': 'Jiufeng', 'initials': 'J', 'lastname': 'Li'}, {'affiliation': 'School of Public Health, Southeast University, Nanjing 214135, China.', 'firstname': 'Lili', 'initials': 'L', 'lastname': 'Chen'}, {'affiliation': 'State Environmental Protection Key Laboratory of Environmental Health Impact Assessment of Emerging Contaminants, School of Environmental Science and Engineering, Shanghai Jiao Tong University, 800 Dongchuan Road, Shanghai 200240, China.', 'firstname': 'Yanbin', 'initials': 'Y', 'lastname': 'Zhao'}, {'affiliation': 'Institute for Environmental pollution and health, School of Environmental and Chemical Engineering, Shanghai University, Shanghai 200444, China.', 'firstname': 'Yu', 'initials': 'Y', 'lastname': 'Li'}]",,,10.1021/acs.est.5c02319,Environmental science & technology,"['C. elegans', 'F-53B', 'Parkinson’s disease', 'aging', 'neuronal damage']",,2025-07-13,40651002,,6:2 Chlorinated Polyfluoroalkyl Ether Sulfonate (F-53B) Induces Aging and Parkinson's Disease-like Disorders in ,<Element 'PubmedArticle' at 0x777b01deecf0>,,,,,,
"Although multiple pesticides and solvents are risk factors for Parkinson's disease [1] and other neurodegenerative diseases, most risk factors remain undiscovered. We previously identified the metallothionein gene MT1G as a biomarker for neurotoxicity induced by all seven neurotoxicants tested in LUHMES dopaminergic neurons. Here we used CRISP/R technology to insert a HiBiT tag into the MT1G gene of the LUHMES cell line. The engineered LUHMES MT1G::HiBiT cell lines were used to develop a quantitative high throughput screening [2] assay in a 3D-suspension culture platform with 1536 well microplates. We validated this qHTS assay by screening the LOPAC (Library of Pharmacologically Active Compounds) collection composed of 1280 compounds plus 88 selected Tox21 chemicals, demonstrating high signal-to-noise and reproducibility. In screening this library, 49 compounds were confirmed to significantly increase MT1G-HiBiT activity, including 35 compounds that exhibited cytotoxicity below 50 μM, and 14 noncytotoxic compounds. Most of these MT1G-HiBiT inducers killed cells at concentrations moderately higher than their MT1G-HiBiT activation potencies (AC","[{'affiliation': 'Division of Preclinical Innovation, National Center for Advancing Translational Sciences, National Institutes of Health, 9800 Medical Center Dr., Bldg C-345E, Rockville, MD 20850.', 'firstname': 'Zhi-Bin', 'initials': 'ZB', 'lastname': 'Tong'}, {'affiliation': 'Division of Preclinical Innovation, National Center for Advancing Translational Sciences, National Institutes of Health, 9800 Medical Center Dr., Bldg C-345E, Rockville, MD 20850.', 'firstname': 'Srilatha', 'initials': 'S', 'lastname': 'Sakamuru'}, {'affiliation': 'Division of Preclinical Innovation, National Center for Advancing Translational Sciences, National Institutes of Health, 9800 Medical Center Dr., Bldg C-345E, Rockville, MD 20850.', 'firstname': 'James', 'initials': 'J', 'lastname': 'Travers'}, {'affiliation': 'Division of Preclinical Innovation, National Center for Advancing Translational Sciences, National Institutes of Health, 9800 Medical Center Dr., Bldg C-345E, Rockville, MD 20850.', 'firstname': 'Tuan', 'initials': 'T', 'lastname': 'Xu'}, {'affiliation': 'Division of Preclinical Innovation, National Center for Advancing Translational Sciences, National Institutes of Health, 9800 Medical Center Dr., Bldg C-345E, Rockville, MD 20850.', 'firstname': 'Shu', 'initials': 'S', 'lastname': 'Yang'}, {'affiliation': 'Division of Preclinical Innovation, National Center for Advancing Translational Sciences, National Institutes of Health, 9800 Medical Center Dr., Bldg C-345E, Rockville, MD 20850.', 'firstname': 'Menghang', 'initials': 'M', 'lastname': 'Xia'}, {'affiliation': 'Division of Preclinical Innovation, National Center for Advancing Translational Sciences, National Institutes of Health, 9800 Medical Center Dr., Bldg C-345E, Rockville, MD 20850.', 'firstname': 'Anton', 'initials': 'A', 'lastname': 'Simeonov'}, {'affiliation': 'Division of Preclinical Innovation, National Center for Advancing Translational Sciences, National Institutes of Health, 9800 Medical Center Dr., Bldg C-345E, Rockville, MD 20850.', 'firstname': 'Ruili', 'initials': 'R', 'lastname': 'Huang'}, {'affiliation': 'Division of Preclinical Innovation, National Center for Advancing Translational Sciences, National Institutes of Health, 9800 Medical Center Dr., Bldg C-345E, Rockville, MD 20850. Electronic address: david.gerhold@nih.gov.', 'firstname': 'David', 'initials': 'D', 'lastname': 'Gerhold'}]",,Copyright © 2025. Published by Elsevier Inc.,10.1016/j.slasd.2025.100244,SLAS discovery : advancing life sciences R & D,"['Dopaminergic neurons', 'LUHMES', 'Metallothionein', 'Neurotoxicity', 'Quantitative high-throughput screening']",,2025-06-24,40550315,,MT1G activation in dopaminergic neurons identifies chelators and their relationships to cytotoxicity.,<Element 'PubmedArticle' at 0x777b01dfa890>,,,,,,
,"[{'affiliation': 'Grupo Cerebro, Emoción y Conducta, Escuela de Medicina, Universidad de las Américas (UDLA), Quito, Ecuador.', 'firstname': 'Jose E', 'initials': 'JE', 'lastname': 'Leon-Rojas'}]",,,"10.3389/fpubh.2025.1606732
10.1016/S1474-4422(18)30295-3
10.1016/S1474-4422(24)00038-3
10.1016/j.arr.2014.01.004
10.3389/fneur.2019.00218
10.1186/s40035-019-0165-9
10.1289/ehp.1002839
10.1016/j.nbd.2022.105685
10.1523/JNEUROSCI.23-34-10756.2003
10.1016/j.yrtph.2018.05.005
10.1002/ana.22629
10.1016/j.taap.2012.11.016
10.1001/jamaneurol.2023.1168
10.1289/ehp.1409313
10.1080/01926230252929954
10.4103/aian.aian_62_22
10.1016/S1474-4422(19)30287-X
10.1016/j.neuro.2010.04.007
10.1212/NXG.0000000000000354
10.1002/mds.25216
10.1016/j.mad.2023.111821
10.1016/S1474-4422(16)30230-7
10.1002/mds.27489
10.1001/archneurol.2009.247
10.1001/jama.2021.10207
10.1007/s00415-024-12672-y
10.3389/fneur.2019.01143
10.7759/cureus.54021
10.1001/jamanetworkopen.2018.2421
10.1002/mds.21772
10.1016/j.yfrne.2014.02.002
10.1249/mss.0b013e31815a51b3
10.1038/s41386-018-0125-6
10.1002/mds.26069
10.4103/1673-5374.373673
10.1002/mds.29116
10.1016/j.parkreldis.2010.06.012
10.1016/j.parkreldis.2015.05.015
10.4103/aian.aian_539_23
10.1001/jamaneurol.2021.3895
10.1016/S1474-4422(20)30308-2
10.1016/S2215-0366(21)00084-5",Frontiers in public health,"[""Parkinson's disease"", 'environmental toxic pollutants', 'exposome', 'pesticide and insecticide', 'toxins']",,2025-06-19,"40535452
30287051
38493795
24503004
30941085
31428316
21269927
35257879
14645467
29729297
22083847
23220449
37184848
26151951
12051555
36213098
31521533
20430055
31404238
23045187
37127082
27751556
30306634
19822770
34519802
39363041
31736859
38476815
30646166
17960818
24607323
18091006
29946108
25476529
37449597
35579496
20650672
26037459
38022432
34694344
33031735
33836148",,The global rise in Parkinson's disease: a critical analysis of causes and future directions.,<Element 'PubmedArticle' at 0x777b01e02520>,,,,,,
"Longitudinal investigations on the relationship between lifestyle exposures and motor severity are lacking. In this longitudinal study, we included patients with idiopathic Parkinson's disease (iPD) (N = 5139) and LRRK2-related PD (N = 81) from PPMI-Online and Fox Insight. Motor aspects were followed for up to five years. We investigated the association between environmental exposure, lifestyle factors and motor aspect severity over time by applying linear mixed effects models. In LRRK2-PD, black tea consumption was associated with less severe motor aspects (β = -0.51, p = 0.028). In patients with iPD, pesticide exposure was associated with more severe motor aspects over time in PPMI-Online (β = 0.23, p = 3.56 × 10","[{'affiliation': 'Institute of Neurogenetics, University of Lübeck, Lübeck, Germany.', 'firstname': 'Theresa', 'initials': 'T', 'lastname': 'Lüth'}, {'affiliation': 'Institute of Medical Informatics and Statistics, Kiel University and University Hospital Schleswig-Holstein, Kiel, Germany.', 'firstname': 'Amke', 'initials': 'A', 'lastname': 'Caliebe'}, {'affiliation': 'Institute of Neurogenetics, University of Lübeck, Lübeck, Germany.', 'firstname': 'Carolin', 'initials': 'C', 'lastname': 'Gabbert'}, {'affiliation': 'Institute of Medical Informatics and Statistics, Kiel University and University Hospital Schleswig-Holstein, Kiel, Germany.', 'firstname': 'Sebastian', 'initials': 'S', 'lastname': 'Sendel'}, {'affiliation': 'Institute of Medical Biometry and Statistics, University of Lübeck, Lübeck, Germany.', 'firstname': 'Björn-Hergen', 'initials': 'BH', 'lastname': 'Laabs'}, {'affiliation': 'Institute of Medical Biometry and Statistics, University of Lübeck, Lübeck, Germany.', 'firstname': 'Inke R', 'initials': 'IR', 'lastname': 'König'}, {'affiliation': 'Institute of Neurogenetics, University of Lübeck, Lübeck, Germany.', 'firstname': 'Christine', 'initials': 'C', 'lastname': 'Klein'}, {'affiliation': 'Institute of Neurogenetics, University of Lübeck, Lübeck, Germany. joanne.trinh@uni-luebeck.de.', 'firstname': 'Joanne', 'initials': 'J', 'lastname': 'Trinh'}]",,© 2025. The Author(s).,10.1038/s41531-025-01010-2,NPJ Parkinson's disease,[],,2025-06-13,"40506444
30584159
38493795
39074992
39087914
38804604
23071076
38217613
31342891
26109889
38820021
36526213
30391837
35262433
34979121
17449559
23713084
34316670
18054291
25101650
35900586
29891430
28988683
35235000
29057010
29362953
32875616
32310186
37308498
37482924
27692902
38866856
30564614
29662921
30219247
38664407
29311330
29550539
36611984
24682598
34196120
37487100
37647388
32982917
26091824
31527283
36216941
22688992
24687615
32076403
35844833
38642225
38320207
33615753
38622810
29495349
32971922
29563862
32999056
33682937
35699244
38598572
28054129
31412802
11456310",,Longitudinal assessment of the association between pesticide exposure and lifestyle with Parkinson's disease motor severity.,<Element 'PubmedArticle' at 0x777b01e16bb0>,,,,,,
,"[{'affiliation': 'Department of Medicine, Surgery and Dentistry ""Scuola Medica Salernitana"", University of Salerno, Baronissi, Italy.', 'firstname': 'Roberto', 'initials': 'R', 'lastname': 'Erro'}, {'affiliation': 'Department of Medicine, Surgery and Dentistry ""Scuola Medica Salernitana"", University of Salerno, Baronissi, Italy.', 'firstname': 'Cristiano', 'initials': 'C', 'lastname': 'Sorrentino'}, {'affiliation': 'Department of Medicine, Surgery and Dentistry ""Scuola Medica Salernitana"", University of Salerno, Baronissi, Italy.\nIRCCS SynlabSDN, Naples, Italy.', 'firstname': 'Paolo', 'initials': 'P', 'lastname': 'Barone'}]",,,"10.1002/mds.30253
10.1016/S1474-4422(24)00038-3
10.1126/science.adl2746
10.2174/1570159X22666240216085947
10.1016/j.jhazmat.2020.124004
10.3390/nano13081404
10.1016/j.chemosphere.2022.134261
10.1289/EHP13435
10.1016/j.envpol.2023.122996
10.1016/j.heliyon.2023.e13070
10.24272/j.issn.2095-8137.2024.038
10.1016/j.envpol.2022.120939
10.1016/j.jhazmat.2024.134017
10.1186/s12989-023-00561-7
10.1001/jamanetworkopen.2024.40018
10.1016/j.envint.2024.108635
10.1016/j.ecoenv.2024.116393
10.1021/acs.nanolett.1c04184
10.1038/s41531-025-00894-4
10.1016/j.neuroscience.2024.07.018
10.1016/j.aquatox.2021.106048
10.1016/j.jhazmat.2022.128459
10.1002/advs.202401009
10.1186/s12989-023-00556-4
10.1016/j.febslet.2015.10.021
10.1021/acs.jpclett.4c00731
10.1002/smll.202308753
10.1126/sciadv.adi8716
10.1016/j.jhazmat.2023.133289
10.1016/j.jhazmat.2024.134054
10.1016/j.chemosphere.2023.139383",Movement disorders : official journal of the Movement Disorder Society,"['environment', 'microplastics', 'nanoplastics', 'pollution', 'α‐synuclein']",,2025-06-03,"40459174
38493795
39298564
38549522
33130380
37110989
35302003
38598326
37995956
36711285
38894523
36581239
38518696
38297341
39283733
38631261
38714083
39901044
35089039
34884598
29267402
25476529
38755164
38069536
34413194
37676767
32043464
39235810
35534507
37130861
40108151
33453941
39033990
34875488
35739658
38751156
37993864
26526613
38885454
37988678
37976362
38157817
38503214
38217613
25801826
35900586
37394195
38411261",,Plastamination: A Rising Concern for Parkinson's Disease.,<Element 'PubmedArticle' at 0x777b01e4aa70>,,,,,,
"Several recent observational studies have found associations between nitrogen dioxide (NO2) exposure and the risk of Parkinson's disease (PD), but the causal relationship between them remains unclear. Our objective is to employ a 2-sample Mendelian randomization (MR) approach to determine the causal effect of NO2 exposure on the risk of PD. MR analyses were performed using genome-wide association studies (GWAS) data on NO2 exposure (n = 456,380) and PD GWAS data (33,674 cases and 449,056 controls). Inverse variance weighting (IVW) was the primary analytical method used to examine causal effects, coupled with the MR-Egger, weighted median, weighted model and MR pleiotropy residual sum and outlier (MR-PRESSO). The main results of the IVW method (odds ratio: 4.701; 95% CI: 1.127-19.615, P = .034) showed evidence for a causal relationship between NO2 exposure and the risk of PD. Heterogeneity analyses was conducted using the MR-Egger method (Cochran's Q = 1.155; P = .764) and IVW (Cochran's Q = 1.356; P = .852) demonstrated no statistically significant heterogeneity among the selected SNPs. We employed MR-Egger regression (β intercept = -0.026; SE = 0.058; P = .684) and the MR-PRESSO global test (P = .840), which revealed no significant impact of pleiotropy on the results of the MR evaluation. Based on MR analysis, higher levels of NO2 exposure are causally associated with an increased risk of PD. Consequently, mitigating air pollution could be an important strategy for reducing the risk of PD.","[{'affiliation': 'Department of Epidemiology and Health Statistics, School of Public Health, Anhui Medical University, Hefei, Anhui, China.\nInflammation and Immune Mediated Diseases Laboratory of Anhui Province, Hefei, Anhui, China.', 'firstname': 'Xingxu', 'initials': 'X', 'lastname': 'Yi'}, {'affiliation': 'Department of Epidemiology and Health Statistics, School of Public Health, Anhui Medical University, Hefei, Anhui, China.\nInflammation and Immune Mediated Diseases Laboratory of Anhui Province, Hefei, Anhui, China.\nDepartment of Gastroenterology, the Second Hospital of Anhui Medical University, Hefei, Anhui, China.', 'firstname': 'Shasha', 'initials': 'S', 'lastname': 'Song'}, {'affiliation': 'Department of Epidemiology and Health Statistics, School of Public Health, Anhui Medical University, Hefei, Anhui, China.\nInflammation and Immune Mediated Diseases Laboratory of Anhui Province, Hefei, Anhui, China.', 'firstname': 'Zhiqian', 'initials': 'Z', 'lastname': 'Cui'}, {'affiliation': 'Department of Epidemiology and Health Statistics, School of Public Health, Anhui Medical University, Hefei, Anhui, China.\nInflammation and Immune Mediated Diseases Laboratory of Anhui Province, Hefei, Anhui, China.', 'firstname': 'Ming', 'initials': 'M', 'lastname': 'Li'}, {'affiliation': 'Department of Epidemiology and Health Statistics, School of Public Health, Anhui Medical University, Hefei, Anhui, China.\nInflammation and Immune Mediated Diseases Laboratory of Anhui Province, Hefei, Anhui, China.', 'firstname': 'Yuxin', 'initials': 'Y', 'lastname': 'Huang'}, {'affiliation': 'Department of Epidemiology and Health Statistics, School of Public Health, Anhui Medical University, Hefei, Anhui, China.\nInflammation and Immune Mediated Diseases Laboratory of Anhui Province, Hefei, Anhui, China.', 'firstname': 'Zichen', 'initials': 'Z', 'lastname': 'Zhang'}, {'affiliation': 'Department of Epidemiology and Health Statistics, School of Public Health, Anhui Medical University, Hefei, Anhui, China.\nInflammation and Immune Mediated Diseases Laboratory of Anhui Province, Hefei, Anhui, China.', 'firstname': 'Lingmei', 'initials': 'L', 'lastname': 'Kuang'}, {'affiliation': 'Department of Epidemiology and Health Statistics, School of Public Health, Anhui Medical University, Hefei, Anhui, China.\nInflammation and Immune Mediated Diseases Laboratory of Anhui Province, Hefei, Anhui, China.\nCenter for Big Data and Population Health of IHM, Hefei, Anhui, China.', 'firstname': 'Hong', 'initials': 'H', 'lastname': 'Su'}]",,"Copyright © 2025 the Author(s). Published by Wolters Kluwer Health, Inc.",10.1097/MD.0000000000042582,Medicine,"['Mendelian randomization', 'Parkinson’s disease', 'causal relationship', 'nitrogen dioxide', 'public health']",,2025-05-27,"40419892
29068110
32576618
29131880
37080524
31400563
37295329
28809934
35830513
21147609
36504957
28196256
29164242
37325194
33757497
36380372
21414999
26661904
26050253
28527048
31045282
29686387
27061298
29846171
34793444
36743413
25904081
32512030
33999109
35043999
27285422
29294084
35674826
19297138
18349428
31432604
35194478",,Causal relationship between nitrogen dioxide and the risk of Parkinson's disease: Evidence from a Mendelian randomization study.,<Element 'PubmedArticle' at 0x777b01e67970>,,,,,,
"The single-step biotransformation of the natural compound piperine into a known dual inhibitor of monoamine oxidase B (MAO-B) and catechol-O-methyltransferase (COMT), was achieved by cytochrome P450 BM3 wild-type and the D251G/Q307H double mutant. This compound is used for research in neurodegenerative disorders, such as Parkinson's disease, and its value in the market is ∼14,000 €/g. Currently, it is produced by chemical synthesis requiring incubation of piperine with boron tribromide (BBr","[{'affiliation': 'Department of Life Sciences and Systems Biology, University of Torino, Italy.', 'firstname': 'Mariusz', 'initials': 'M', 'lastname': 'Brzoski'}, {'affiliation': 'Department of Life Sciences and Systems Biology, University of Torino, Italy.', 'firstname': 'Samuele', 'initials': 'S', 'lastname': 'Irudal'}, {'affiliation': 'Department of Life Sciences and Systems Biology, University of Torino, Italy.', 'firstname': 'Elena', 'initials': 'E', 'lastname': 'Gazzano'}, {'affiliation': 'Department of Chemistry, University of Torino, Italy.', 'firstname': 'Roberto', 'initials': 'R', 'lastname': 'Buscaino'}, {'affiliation': 'Department of Chemistry, University of Torino, Italy.', 'firstname': 'Guido', 'initials': 'G', 'lastname': 'Viscardi'}, {'affiliation': 'Department of Life Sciences and Systems Biology, University of Torino, Italy. Electronic address: giovanna.dinardo@unito.it.', 'firstname': 'Giovanna', 'initials': 'G', 'lastname': 'Di Nardo'}, {'affiliation': 'Department of Life Sciences and Systems Biology, University of Torino, Italy. Electronic address: gianfranco.gilardi@unito.it.', 'firstname': 'Gianfranco', 'initials': 'G', 'lastname': 'Gilardi'}]",,Copyright © 2025 The Authors. Published by Elsevier B.V. All rights reserved.,10.1016/j.jbiotec.2025.04.024,Journal of biotechnology,"['Biocatalysis', 'Cytochromes P450', 'HMAO-B/MB-COMT inhibitor', 'Natural compounds', 'Piperine']",,2025-05-09,40339650,,Biocatalytic production of a monoamine oxidase B/catechol-O-methyltransferase inhibitor from piperine by engineered P450 BM3.,<Element 'PubmedArticle' at 0x777b01e88180>,,,,,,
"The role of pesticide exposure from golf courses in Parkinson disease (PD) risk remains unclear.
To assess whether proximity to golf courses is associated with increased PD risk and to use information on groundwater vulnerability and municipal well locations to investigate drinking water contamination as a potential route of exposure.
This case-control study included patients with incident PD and matched controls from the Rochester Epidemiology Project from 1991 to 2015. Data were analyzed between June and August 2024.
Distance to golf courses, living in water service areas with a golf course, living in water service areas in vulnerable groundwater regions, living in water service areas with shallow municipal wells, and living in water service areas with a municipal well on a golf course.
Risk of incident PD. All models adjusted for age, sex, race and ethnicity, year of index, median household income, and urban or rural category.
A total of 419 incident PD cases were identified (median [IQR] age, 73 [65-80] years; 257 male [61.3%]) with 5113 matched controls (median [IQR] age, 72 [65-79] years; 3043 male [59.5%]; 4504 White [88.1%]). After adjusting for patient demographics and neighborhood characteristics, living within 1 mile of a golf course was associated with 126% increased odds of developing PD compared with individuals living more than 6 miles away from a golf course (adjusted odds ratio [aOR], 2.26; 95% CI, 1.09-4.70). Individuals living within water service areas with a golf course had nearly double the odds of PD compared with individuals in water service areas without golf courses (aOR, 1.96; 95% CI, 1.20-3.23) and 49% greater odds compared with individuals with private wells (aOR, 1.49; 95% CI, 1.05-2.13). Additionally, individuals living in water service areas with a golf course in vulnerable groundwater regions had 82% greater odds of developing PD compared with those in nonvulnerable groundwater regions (aOR, 1.82; 95% CI, 1.09-3.03).
In this population-based case-control study, the greatest risk of PD was found within 1 to 3 miles of a golf course and risk generally decreased with distance. Associations with the largest effect sizes were in water service areas with a golf course and in vulnerable ground water regions.","[{'affiliation': 'Department of Neurology, Barrow Neurological Institute, Phoenix, Arizona.', 'firstname': 'Brittany', 'initials': 'B', 'lastname': 'Krzyzanowski'}, {'affiliation': 'Department of Neurology, Mayo Clinic, Rochester, Minnesota.\nDepartment of Quantitative Health Sciences, Mayo Clinic, Rochester, Minnesota.', 'firstname': 'Aidan F', 'initials': 'AF', 'lastname': 'Mullan'}, {'affiliation': 'Department of Neurology, Center for Health + Technology, University of Rochester Medical Center, Rochester, New York.', 'firstname': 'E Ray', 'initials': 'ER', 'lastname': 'Dorsey'}, {'affiliation': 'Department of Neurology, Barrow Neurological Institute, Phoenix, Arizona.', 'firstname': 'Sai Shivani', 'initials': 'SS', 'lastname': 'Chirag'}, {'affiliation': 'Department of Neurology, Mayo Clinic, Rochester, Minnesota.', 'firstname': 'Pierpaolo', 'initials': 'P', 'lastname': 'Turcano'}, {'affiliation': 'Department of Neurology, University of Kansas Medical Center, Kansas City, Kansas.', 'firstname': 'Emanuele', 'initials': 'E', 'lastname': 'Camerucci'}, {'affiliation': 'Department of Neurology, Mayo Clinic, Rochester, Minnesota.', 'firstname': 'James H', 'initials': 'JH', 'lastname': 'Bower'}, {'affiliation': 'Department of Neurology, Mayo Clinic, Rochester, Minnesota.', 'firstname': 'Rodolfo', 'initials': 'R', 'lastname': 'Savica'}]",,,"10.1001/jamanetworkopen.2025.9198
10.1212/WNL.0000000000207871
10.1001/jamanetworkopen.2024.33602
10.1289/ehp.0800277
10.3389/fnagi.2022.1023574
10.1101/cshperspect.a008888
10.1155/2022/5563759
10.1016/j.chemosphere.2023.138251
10.1021/acs.chemrestox.0c00522
10.1289/ehp.1002839
10.1016/j.scitotenv.2022.160851
10.1016/j.ijheh.2020.113569
10.1016/j.scitotenv.2023.162498
10.1002/ana.23782
10.1111/j.1745-6592.1990.tb00333.x
10.1001/jamaneurol.2013.114
10.1002/mds.27125
10.1093/ije/dyx268
10.1002/sim.3841
10.1007/s10994-018-5714-4
10.1002/etc.5620200702
10.1002/(SICI)1097-0274(199605)29:5<501::AID-AJIM8>3.0.CO;2-O
10.1038/81834
10.1212/WNL.0000000000004536",JAMA network open,[],,2025-05-08,"40338549
37903644
39283636
19590691
36337703
22315721
35096268
36878369
33961406
21269927
36526213
32679516
36863589
23280848
23689920
28843020
29346555
20087875
30393425
11434280
8732923
11100151
28864676","A total of 419 incident PD cases were identified (median [IQR] age, 73 [65-80] years; 257 male [61.3%]) with 5113 matched controls (median [IQR] age, 72 [65-79] years; 3043 male [59.5%]; 4504 White [88.1%]). After adjusting for patient demographics and neighborhood characteristics, living within 1 mile of a golf course was associated with 126% increased odds of developing PD compared with individuals living more than 6 miles away from a golf course (adjusted odds ratio [aOR], 2.26; 95% CI, 1.09-4.70). Individuals living within water service areas with a golf course had nearly double the odds of PD compared with individuals in water service areas without golf courses (aOR, 1.96; 95% CI, 1.20-3.23) and 49% greater odds compared with individuals with private wells (aOR, 1.49; 95% CI, 1.05-2.13). Additionally, individuals living in water service areas with a golf course in vulnerable groundwater regions had 82% greater odds of developing PD compared with those in nonvulnerable groundwater regions (aOR, 1.82; 95% CI, 1.09-3.03).",Proximity to Golf Courses and Risk of Parkinson Disease.,<Element 'PubmedArticle' at 0x777b01e95030>,,,,,,
"In the context of lifestyle changes, stress and other environmental factors have resulted in the sudden hike in dementia globally. This necessitates investigations with respect to every horizon of the due cause for it; further on, the diagnosis and treatments can be advanced with the aid of technology. This work attempts to conduct one such investigation on dementia diagnosis based on EEG signals. The implementation is carried out under three different verticals. Firstly, a conventional machine learning model was developed post-pre-processing, and feature extraction from the power spectral density was done using a Random Forest classifier. Second, 1D Convolutional Neural Networks models are developed, and pre-processed EEG signals are fed as input. Third, stacked spectrogram images are computed from decomposed EEG signals and are fed to 2D CNN models for classification. The investigations are performed on three different benchmark datasets. Across three datasets, the class labels include cognitively normal, frontotemporal dementia, mild cognitive impairment, and Alzheimer's. The study offers a comparative evaluation across three distinct datasets, illustrating that deep learning models, particularly 1D and 2D CNNs, consistently outperform conventional methods in recognizing subtle EEG signal patterns linked to neurodegenerative conditions. For instance, in Dataset 1, the 2D CNN achieved the highest accuracy of 91.13%, surpassing the Random Forest model's 84.78% accuracy. Nevertheless, the investigation also points out challenges in Dataset 3, indicating the necessity for further model optimization tailored to specific datasets. Statistical tests validate the findings. This study showcases a comparative investigation of the potential of deep learning models vs. conventional classifiers in clinical environments for the early diagnosis of dementia.","[{'affiliation': 'Department of Computer Science and Engineering, M. S. Ramaiah University of Applied Sciences, Bangalore, Karnataka, India.', 'firstname': 'B R', 'initials': 'BR', 'lastname': 'Nayana'}, {'affiliation': 'Department of Computer Science and Engineering, M. S. Ramaiah University of Applied Sciences, Bangalore, Karnataka, India.', 'firstname': 'M N', 'initials': 'MN', 'lastname': 'Pavithra'}, {'affiliation': 'Department of Computer Science and Engineering, M. S. Ramaiah University of Applied Sciences, Bangalore, Karnataka, India.', 'firstname': 'S', 'initials': 'S', 'lastname': 'Chaitra'}, {'affiliation': 'Department of Computer Science and Engineering, M. S. Ramaiah University of Applied Sciences, Bangalore, Karnataka, India.', 'firstname': 'T N', 'initials': 'TN', 'lastname': 'Bhuvana Mohini'}, {'affiliation': 'Thumbay College of Management and AI in Healthcare, Gulf Medical University, Ajman, United Arab Emirates.', 'firstname': 'Thompson', 'initials': 'T', 'lastname': 'Stephan'}, {'affiliation': 'Department of Mechatronics, Manipal Institute of Technology, Manipal Academy of Higher Education, Manipal, Karnataka, 576104, India. vijay.mohan@manipal.edu.', 'firstname': 'Vijay', 'initials': 'V', 'lastname': 'Mohan'}, {'affiliation': 'School of Chemical Engineering, Yeungnam University, Gyeongsan, 38541, Republic of Korea. cheneha9@yu.ac.kr.', 'firstname': 'Neha', 'initials': 'N', 'lastname': 'Agarwal'}]",,© 2025. The Author(s).,10.1038/s41598-025-00292-z,Scientific reports,"['Decomposition', 'Deep learning', 'Dementia', 'Feature extraction', 'Power spectral density', 'Spectrogram']",,2025-05-08,"40335527
38689398
36099220
37719771
36997138
30951473
25972978
28184262
37346304
38145525
37383823
38071313
15376602",,EEG-based neurodegenerative disease diagnosis: comparative analysis of conventional methods and deep learning models.,<Element 'PubmedArticle' at 0x777b01cb0270>,,,,,,
"Air pollution has been associated with Parkinson's Disease (PD) risk, although this relationship remains unclear. We estimated yearly levels of exposure to ten air pollutants (period 2006-2018) in an Italian population cohort, the Moli-sani study (N = 24,325; ≥35 years; 51.9% women), and derived three principal components, testing their associations with incident PD risk over 23,841 participants (213 cases, median(IQR) follow-up 11.2(2.0) years). This revealed a statistically significant association of PC1 (explaining 38.2% of common variance, tagging PM10 levels), independent on sociodemographic, professional and lifestyles covariates (Hazard Ratio [95%CI] = 1.04[1.02-1.07]). The association was confirmed testing average PM10 levels during follow-up (18[13-24]% increase of PD risk per 1 μg/m","[{'affiliation': 'Research Unit of Epidemiology and Prevention, IRCCS NEUROMED, Pozzilli, Italy. alessandro.gialluisi@gmail.com.\nDepartment of Medicine and Surgery, LUM University, Casamassima, Italy. alessandro.gialluisi@gmail.com.', 'firstname': 'Alessandro', 'initials': 'A', 'lastname': 'Gialluisi'}, {'affiliation': 'Research Unit of Epidemiology and Prevention, IRCCS NEUROMED, Pozzilli, Italy.\nDepartment of Medicine and Surgery, EPIMED Research Center, University of Insubria, Varese, Italy.', 'firstname': 'Simona', 'initials': 'S', 'lastname': 'Costanzo'}, {'affiliation': 'IRCCS NEUROMED, Pozzilli, Italy.\nDepartment of Human Neurosciences, Sapienza University of Rome, Rome, Italy.', 'firstname': 'Maria Ilenia', 'initials': 'MI', 'lastname': 'De Bartolo'}, {'affiliation': 'Department of Medicine and Surgery, EPIMED Research Center, University of Insubria, Varese, Italy.', 'firstname': 'Giovanni', 'initials': 'G', 'lastname': 'Veronesi'}, {'affiliation': 'Department of Epidemiology, Lazio Region Health Service/ASL Roma 1, Rome, Italy.', 'firstname': 'Matteo', 'initials': 'M', 'lastname': 'Renzi'}, {'affiliation': 'CIRA-Italian Aerospace Research Centre, Capua, Italy.', 'firstname': 'Assuntina', 'initials': 'A', 'lastname': 'Cembalo'}, {'affiliation': 'Research Unit of Epidemiology and Prevention, IRCCS NEUROMED, Pozzilli, Italy.', 'firstname': 'Alfonsina', 'initials': 'A', 'lastname': 'Tirozzi'}, {'affiliation': 'UOC Governance del Farmaco, Azienda Sanitaria Regionale del Molise -ASREM, Campobasso, Italy.', 'firstname': 'Stefania', 'initials': 'S', 'lastname': 'Falciglia'}, {'affiliation': 'UOC Governance del Farmaco, Azienda Sanitaria Regionale del Molise -ASREM, Campobasso, Italy.', 'firstname': 'Moreno', 'initials': 'M', 'lastname': 'Ricci'}, {'affiliation': 'Research Unit of Epidemiology and Prevention, IRCCS NEUROMED, Pozzilli, Italy.', 'firstname': 'Americo', 'initials': 'A', 'lastname': 'Bonanni'}, {'affiliation': 'CIRA-Italian Aerospace Research Centre, Capua, Italy.', 'firstname': 'Francesco', 'initials': 'F', 'lastname': 'Martone'}, {'affiliation': 'CIRA-Italian Aerospace Research Centre, Capua, Italy.', 'firstname': 'Gaetano', 'initials': 'G', 'lastname': 'Zazzaro'}, {'affiliation': 'Research Unit of Epidemiology and Prevention, IRCCS NEUROMED, Pozzilli, Italy.', 'firstname': 'Antonietta', 'initials': 'A', 'lastname': 'Pepe'}, {'affiliation': 'IRCCS NEUROMED, Pozzilli, Italy.\nDepartment of Human Neurosciences, Sapienza University of Rome, Rome, Italy.', 'firstname': 'Daniele', 'initials': 'D', 'lastname': 'Belvisi'}, {'affiliation': 'Department of Medicine and Surgery, EPIMED Research Center, University of Insubria, Varese, Italy.', 'firstname': 'Marco Mario', 'initials': 'MM', 'lastname': 'Ferrario'}, {'affiliation': 'Department of Medicine and Surgery, EPIMED Research Center, University of Insubria, Varese, Italy.', 'firstname': 'Francesco', 'initials': 'F', 'lastname': 'Gianfagna'}, {'affiliation': 'Research Unit of Epidemiology and Prevention, IRCCS NEUROMED, Pozzilli, Italy.', 'firstname': 'Chiara', 'initials': 'C', 'lastname': 'Cerletti'}, {'affiliation': 'Research Unit of Epidemiology and Prevention, IRCCS NEUROMED, Pozzilli, Italy.', 'firstname': 'Maria Benedetta', 'initials': 'MB', 'lastname': 'Donati'}, {'affiliation': ""Department of Occupational and Environmental Medicine, Epidemiology and Hygiene, Italian Workers' Compensation Authority (INAIL), Rome, Italy."", 'firstname': 'Stefania', 'initials': 'S', 'lastname': 'Massari'}, {'affiliation': 'IRCCS NEUROMED, Pozzilli, Italy.\nDepartment of Human Neurosciences, Sapienza University of Rome, Rome, Italy.', 'firstname': 'Alfredo', 'initials': 'A', 'lastname': 'Berardelli'}, {'affiliation': 'Research Unit of Epidemiology and Prevention, IRCCS NEUROMED, Pozzilli, Italy.', 'firstname': 'Giovanni', 'initials': 'G', 'lastname': 'de Gaetano'}, {'affiliation': 'Research Unit of Epidemiology and Prevention, IRCCS NEUROMED, Pozzilli, Italy.\nDepartment of Medicine and Surgery, LUM University, Casamassima, Italy.', 'firstname': 'Licia', 'initials': 'L', 'lastname': 'Iacoviello'}]",,© 2025. The Author(s).,10.1038/s41531-025-00935-y,NPJ Parkinson's disease,[],,2025-05-08,"40335495
14657488
28077473
27547751
19716187
18344392
36720351
28731859
34755643
36516478
33999109
38175185
33887274
28809934
31103844
37086879
33476876
31998221
31706021
37832485
35262433
28886605
25294559
27285422
27614945
31770719
31894453
31399053
39889875
28887769
36036785
37294324
33636481
34216587
32606300
12023414
29912013
29427166
30945089
21571772
17251276
10993420
9126543
12826634
30548347
28110395
26355794
21853051
30145829
33536275
34798300
31693246
31382822
35586204
37118323
36819664
35024696
32536905
27662452
37284018
33388928
33527442
36720879
37290213
31057478
34101890
27840188
33233416
33117333
36672180
34028370
24019424
21546503
34453631",,Prominent role of PM10 in the link between air pollution and incident Parkinson's Disease.,<Element 'PubmedArticle' at 0x777b01cba2a0>,,,,,,
"Evidence linking noise pollution and brain health, particularly at mid-to-late life, remains scarce. We investigated the associations between long-term exposure to road and railway traffic noise and incident dementia in the UK Biobank cohort.
Participants with available data for dementia incidence and linked traffic noise exposure during follow-up were included. Residential road traffic noise from both minor and major roads were calculated in accordance with CNOSSOS-EU framework; railway noise estimates were created by Extrium, with the raster datasets representing noise contributions from major railway corridors. Cox regression was used to quantify the associations between transport noise and incident dementia (incl. its subtypes), adjusting for potential confounders, air pollution and greenness.
Of the full cohort (n = 502,416), 7668 participants had incident dementia during a median follow-up period of 9.67 years. No associations were found between all cause dementia incidence and road or railway noise. However, a 10-dB (dB) higher exposure in annual mean road traffic noise (L
Distinct associations between different traffic noise exposures and incident dementia subtypes were found in this large UK prospective cohort study.","[{'affiliation': 'Centre for Environmental Health and Sustainability, Department of Population Health Sciences, University of Leicester, Leicester, United Kingdom; NIHR Leicester Biomedical Research Centre, Leicester General Hospital, Leicester, United Kingdom.', 'firstname': 'Enock', 'initials': 'E', 'lastname': 'Havyarimana'}, {'affiliation': 'Centre for Environmental Health and Sustainability, Department of Population Health Sciences, University of Leicester, Leicester, United Kingdom; NIHR Health Protection Research Unit in Environmental Exposures and Health at the University of Leicester, United Kingdom.', 'firstname': 'Xiangpu', 'initials': 'X', 'lastname': 'Gong'}, {'affiliation': 'Centre for Environmental Health and Sustainability, Department of Population Health Sciences, University of Leicester, Leicester, United Kingdom; NIHR Leicester Biomedical Research Centre, Leicester General Hospital, Leicester, United Kingdom; School of Geography, Geology and Environment, University of Leicester, Leicester, United Kingdom.', 'firstname': 'Calvin', 'initials': 'C', 'lastname': 'Jephcote'}, {'affiliation': 'Centre for Environmental Health and Sustainability, Department of Population Health Sciences, University of Leicester, Leicester, United Kingdom; NIHR Leicester Biomedical Research Centre, Leicester General Hospital, Leicester, United Kingdom; School of Geography, Geology and Environment, University of Leicester, Leicester, United Kingdom.', 'firstname': 'Sarah', 'initials': 'S', 'lastname': 'Johnson'}, {'affiliation': 'Department of Psychiatry, Medical Sciences Division, University of Oxford, United Kingdom.', 'firstname': 'Sana', 'initials': 'S', 'lastname': 'Suri'}, {'affiliation': 'Peking University Clinical Research Institute, Peking University First Hospital, Beijing, China.', 'firstname': 'Wuxiang', 'initials': 'W', 'lastname': 'Xie'}, {'affiliation': ""Population Health Research Institute, City St George's University of London, London, United Kingdom."", 'firstname': 'Charlotte', 'initials': 'C', 'lastname': 'Clark'}, {'affiliation': 'Centre for Environmental Health and Sustainability, Department of Population Health Sciences, University of Leicester, Leicester, United Kingdom; NIHR Leicester Biomedical Research Centre, Leicester General Hospital, Leicester, United Kingdom; NIHR Health Protection Research Unit in Environmental Exposures and Health at the University of Leicester, United Kingdom.', 'firstname': 'Anna L', 'initials': 'AL', 'lastname': 'Hansell'}, {'affiliation': 'Centre for Environmental Health and Sustainability, Department of Population Health Sciences, University of Leicester, Leicester, United Kingdom; NIHR Leicester Biomedical Research Centre, Leicester General Hospital, Leicester, United Kingdom. Electronic address: yc368@leicester.ac.uk.', 'firstname': 'Yutong Samuel', 'initials': 'YS', 'lastname': 'Cai'}]",Distinct associations between different traffic noise exposures and incident dementia subtypes were found in this large UK prospective cohort study.,Copyright © 2025 The Authors. Published by Elsevier Inc. All rights reserved.,10.1016/j.envres.2025.121787,Environmental research,"[""Alzheimer's disease"", 'Dementia', ""Parkinson's disease related dementia"", 'Railway noise', 'Road traffic noise', 'Vascular dementia']",,2025-05-08,40335007,"Of the full cohort (n = 502,416), 7668 participants had incident dementia during a median follow-up period of 9.67 years. No associations were found between all cause dementia incidence and road or railway noise. However, a 10-dB (dB) higher exposure in annual mean road traffic noise (L",Residential exposure to road and railway traffic noise and incidence of dementia: The UK Biobank cohort study.,<Element 'PubmedArticle' at 0x777b01ce8630>,,,,,,
"Research on the relationship between air pollution and neurodegenerative diseases is growing. However, few studies focus on this association in contaminated sites. We investigated the association between long-term air pollution exposure and dementia/Parkinson's disease (PD) incidence in the River Sacco Valley, a contaminated site in central Italy. Through a retrospective cohort study, we enrolled 298,919 40+ years-old residents in 95 municipalities across the study area from 2007 to 2018. Residential exposure to benzene (C","[{'affiliation': 'Department of Epidemiology of Lazio Region Health Service/ASL Rome 1, Rome, Italy. Electronic address: a.trentalange@deplazio.it.', 'firstname': 'Alessandro', 'initials': 'A', 'lastname': 'Trentalange'}, {'affiliation': 'Department of Epidemiology of Lazio Region Health Service/ASL Rome 1, Rome, Italy.', 'firstname': 'Chiara', 'initials': 'C', 'lastname': 'Badaloni'}, {'affiliation': 'Department of Epidemiology of Lazio Region Health Service/ASL Rome 1, Rome, Italy.', 'firstname': 'Daniela', 'initials': 'D', 'lastname': 'Porta'}, {'affiliation': 'Department of Epidemiology of Lazio Region Health Service/ASL Rome 1, Rome, Italy.', 'firstname': 'Paola', 'initials': 'P', 'lastname': 'Michelozzi'}, {'affiliation': 'Department of Epidemiology of Lazio Region Health Service/ASL Rome 1, Rome, Italy.', 'firstname': 'Matteo', 'initials': 'M', 'lastname': 'Renzi'}]",,Copyright © 2025 Elsevier GmbH. All rights reserved.,10.1016/j.ijheh.2025.114578,International journal of hygiene and environmental health,"['Air pollution', ""Alzheimer's"", 'Cohort', 'Dementia', 'Neurodegeneration', ""Parkinson's""]",,2025-04-18,40245549,,"Association between air quality and neurodegenerative diseases in River Sacco Valley: A retrospective cohort study in Latium, central Italy.",<Element 'PubmedArticle' at 0x777b01cf04a0>,,,,,,
"Air pollution is a significant public health concern, increasingly recognized for its association with adverse health outcomes including neurodegenerative and neuroinflammatory conditions. The present study aimed to characterize plasma levels of key biomarkers related to neurodegeneration and neuroinflammation among middle-aged to elderly adults living in areas designated as critically polluted.
A total of 202 adults, aged 41 to 60 years, residing in CPA (CEPI > 70) for over ten years were recruited in the study. The exposures of air pollutant were measured as per the established protocols by CPCB. The plasma levels of neurodegenerative markers (Aβ
This study confirmed the elevated PM
This study is among the first community-based investigations in India to assess plasma levels of neurodegenerative and neuroinflammatory biomarkers in apparently healthy adults chronically exposed to high ambient air pollution. By integrating chronic exposure data from a Critically Polluted Area (CEPI > 70) with biomarker profiling, the study offers early insights into potential neurobiological alterations associated with environmental pollutants, highlighting sex- and age-specific vulnerabilities. These findings emphasize the importance of considering environmental influences in neurodegenerative disease research and the potential need for tailored health interventions.","[{'affiliation': 'ICMR-National Institute of Occupational Health, Near Raksha Shakti University, Meghaninagar, Ahmedabad, Gujarat, 380016, India.', 'firstname': 'Rakesh', 'initials': 'R', 'lastname': 'Balachandar'}, {'affiliation': 'ICMR-National Institute of Occupational Health, Near Raksha Shakti University, Meghaninagar, Ahmedabad, Gujarat, 380016, India.', 'firstname': 'Ankit', 'initials': 'A', 'lastname': 'Viramgami'}, {'affiliation': 'ICMR-National Institute of Occupational Health, Near Raksha Shakti University, Meghaninagar, Ahmedabad, Gujarat, 380016, India.', 'firstname': 'Dhirendra Pratap', 'initials': 'DP', 'lastname': 'Singh'}, {'affiliation': 'ICMR-National Institute of Occupational Health, Near Raksha Shakti University, Meghaninagar, Ahmedabad, Gujarat, 380016, India.', 'firstname': 'Nikhil', 'initials': 'N', 'lastname': 'Kulkarni'}, {'affiliation': 'ICMR-National Institute of Occupational Health, Near Raksha Shakti University, Meghaninagar, Ahmedabad, Gujarat, 380016, India.', 'firstname': 'Beena', 'initials': 'B', 'lastname': 'Chudasama'}, {'affiliation': 'ICMR-National Institute of Occupational Health, Near Raksha Shakti University, Meghaninagar, Ahmedabad, Gujarat, 380016, India.', 'firstname': 'P', 'initials': 'P', 'lastname': 'Sivaperumal'}, {'affiliation': 'ICMR-National Institute of Occupational Health, Near Raksha Shakti University, Meghaninagar, Ahmedabad, Gujarat, 380016, India. upadhyay.kul@icmr.gov.in.', 'firstname': 'Kuldip', 'initials': 'K', 'lastname': 'Upadhyay'}]","This study is among the first community-based investigations in India to assess plasma levels of neurodegenerative and neuroinflammatory biomarkers in apparently healthy adults chronically exposed to high ambient air pollution. By integrating chronic exposure data from a Critically Polluted Area (CEPI > 70) with biomarker profiling, the study offers early insights into potential neurobiological alterations associated with environmental pollutants, highlighting sex- and age-specific vulnerabilities. These findings emphasize the importance of considering environmental influences in neurodegenerative disease research and the potential need for tailored health interventions.",© 2025. The Author(s).,10.1186/s12889-025-22641-3,BMC public health,"['Air pollution', 'Amyloid β(1–42)', 'BDNF levels', 'Neurodegenerative markers', 'PM2.5 exposure', 'α-Synuclein']",,2025-04-16,"40234853
34537521
24690596
22981845
23575443
28140404
26718591
15513908
18349428
30206085
38567968
31399053
37304093
36773564
34742710
34248501
31352261
38679085
37832485
38944103
35953319
30425217
31440144
39223534
32111242
38539859
34964348
36438510
14726171
24415644",This study confirmed the elevated PM,Association between chronic PM,<Element 'PubmedArticle' at 0x777b01d004f0>,,,,,,
"Exposure to ambient air pollution is ubiquitous and unavoidable. While associations between air pollution and cardiometabolic diseases are well-established, its role in neurodegenerative diseases, such as Alzheimer's disease and related dementias (ADRD) and Parkinson's disease (PD), has only recently begun to emerge. This narrative review provides an overview of current findings and discusses challenges and opportunities for future epidemiologic research. Mechanistically, air pollution may contribute to ADRD and PD through neuroinflammation, oxidative stress, and cerebrovascular damage. Long-term exposure to high levels of air pollution may increase the risk of ADRD and PD. Over the past 20 years, more than 50 studies have examined air pollution and ADRD, while fewer studies have focused on PD. Although the estimated effects are modest in size, they translate into a substantial number of affected individuals due to the widespread nature of the exposure and an increasingly aging population worldwide. Future research should extend exposure periods to cover younger and middle ages, estimate the effects of long-term cumulative exposures, and evaluate moderators and mediators, such as diet, physical activity, green space, and noise. More studies are also needed to include large and diverse populations, including those with special vulnerabilities and emerging exposures like wildfire smoke.","[{'affiliation': 'Department of Epidemiology, Fielding School of Public Health, University of California, Los Angeles, United States.', 'firstname': 'Dayoon', 'initials': 'D', 'lastname': 'Kwon'}, {'affiliation': 'Department of Neurology, David Geffen School of Medicine, University of California, Los Angeles, United States.', 'firstname': 'Kimberly C', 'initials': 'KC', 'lastname': 'Paul'}, {'affiliation': 'Department of Epidemiology, Fielding School of Public Health, University of California, Los Angeles, United States.', 'firstname': 'Karl', 'initials': 'K', 'lastname': ""O'Sharkey""}, {'affiliation': 'Department of Epidemiology, Fielding School of Public Health, University of California, Los Angeles, United States.', 'firstname': 'Seung-A', 'initials': 'SA', 'lastname': 'Paik'}, {'affiliation': 'Department of Epidemiology, Fielding School of Public Health, University of California, Los Angeles, United States; Center for Health Policy Research, Fielding School of Public Health, University of California, Los Angeles, United States.', 'firstname': 'Yu', 'initials': 'Y', 'lastname': 'Yu'}, {'affiliation': 'Department of Neurology, David Geffen School of Medicine, University of California, Los Angeles, United States.', 'firstname': 'Jeff M', 'initials': 'JM', 'lastname': 'Bronstein'}, {'affiliation': 'Department of Epidemiology, Fielding School of Public Health, University of California, Los Angeles, United States; Department of Neurology, David Geffen School of Medicine, University of California, Los Angeles, United States. Electronic address: britz@ucla.edu.', 'firstname': 'Beate', 'initials': 'B', 'lastname': 'Ritz'}]",,Copyright © 2025 The Authors. Published by Elsevier Inc. All rights reserved.,10.1016/j.envres.2025.121597,Environmental research,"['Air pollution', ""Alzheimer's disease and related dementias"", 'Neurodegenerative diseases', ""Parkinson's disease""]",,2025-04-13,40220887,,Challenges in studying air pollution to neurodegenerative diseases.,<Element 'PubmedArticle' at 0x777b01d1c310>,,,,,,
"Ergot alkaloids (EAs) are a class of secondary metabolites produced by fungi. These compounds are predominantly synthesized by Ascomycota, with variations in types and biosynthetic pathways among different fungal species. The EA synthesis has minimal impact on the normal growth and development of most EA-producing fungi, but serves as a virulence factor that influences the biocontrol functions of entomopathogenic fungi and symbiotic fungi in plants. In the medical field, EAs have been widely used for treating neurological disorders such as Parkinson's disease. However, the biosynthetic pathways of EAs are highly complex and significantly influenced by environmental factors, resulting in low yields from field production or chemical synthesis. To address the global demand for EAs, various strategies have been developed to reprogram the biosynthetic pathways in some chassis strains, aiming to simplify the process and increase EA production. This review summarizes the biosynthetic pathways and regulatory mechanisms of EAs in fungi, their biological functions, and recent advances in strategies for synthetic reprogramming.","[{'affiliation': 'School of Life Sciences, Chongqing University, Chongqing 401331, PR China; Chongqing Engineering Research Center for Fungal Insecticides, Chongqing 401331, PR China; Key Laboratory of Gene Function and Regulation Technologies under Chongqing Municipal Education Commission, Chongqing, PR China.', 'firstname': 'Wanling', 'initials': 'W', 'lastname': 'Jiang'}, {'affiliation': 'School of Life Sciences, Chongqing University, Chongqing 401331, PR China; Chongqing Engineering Research Center for Fungal Insecticides, Chongqing 401331, PR China; Key Laboratory of Gene Function and Regulation Technologies under Chongqing Municipal Education Commission, Chongqing, PR China.', 'firstname': 'Xingyu', 'initials': 'X', 'lastname': 'Hou'}, {'affiliation': 'School of Life Sciences, Chongqing University, Chongqing 401331, PR China; Chongqing Engineering Research Center for Fungal Insecticides, Chongqing 401331, PR China; Key Laboratory of Gene Function and Regulation Technologies under Chongqing Municipal Education Commission, Chongqing, PR China.', 'firstname': 'Guoxiong', 'initials': 'G', 'lastname': 'Peng'}, {'affiliation': 'School of Life Sciences, Chongqing University, Chongqing 401331, PR China; Chongqing Engineering Research Center for Fungal Insecticides, Chongqing 401331, PR China; Key Laboratory of Gene Function and Regulation Technologies under Chongqing Municipal Education Commission, Chongqing, PR China. Electronic address: yuxianxia@cqu.edu.cn.', 'firstname': 'Yuxian', 'initials': 'Y', 'lastname': 'Xia'}, {'affiliation': 'School of Life Sciences, Chongqing University, Chongqing 401331, PR China; Chongqing Engineering Research Center for Fungal Insecticides, Chongqing 401331, PR China; Key Laboratory of Gene Function and Regulation Technologies under Chongqing Municipal Education Commission, Chongqing, PR China. Electronic address: yueqingcao@cqu.edu.cn.', 'firstname': 'Yueqing', 'initials': 'Y', 'lastname': 'Cao'}]",,Copyright © 2025. Published by Elsevier Inc.,10.1016/j.biotechadv.2025.108578,Biotechnology advances,"['Biocontrol', 'Endophytic fungi', 'Entomopathogenic fungi', 'Ergot alkaloids', 'Metarhizium', 'Synthesis', 'Synthetic reprogramming', 'Virulence']",,2025-04-10,40204004,,"Fungal ergot alkaloids: Metabolic pathways, biological functions, and advances in synthetic reprogramming.",<Element 'PubmedArticle' at 0x777b01d1f8d0>,,,,,,
"Air pollution has well-documented adverse effects on human health; however, its impact on neurological diseases remains underrecognized. The mechanisms by which various components of air pollutants contribute to neurological disorders are not yet fully understood. This review focuses on key air pollutants, including particulate matter (PM","[{'affiliation': 'Department of Environmental Health Sciences, School of Public Health, University of Michigan, Ann Arbor, MI 48109, USA.', 'firstname': 'Margaret', 'initials': 'M', 'lastname': 'Lane'}, {'affiliation': 'Department of Environmental Health Sciences, School of Public Health, University of Michigan, Ann Arbor, MI 48109, USA.', 'firstname': 'Eleise', 'initials': 'E', 'lastname': 'Oyster'}, {'affiliation': 'Department of Environmental Health Sciences, School of Public Health, University of Michigan, Ann Arbor, MI 48109, USA.', 'firstname': 'Yali', 'initials': 'Y', 'lastname': 'Luo'}, {'affiliation': 'Department of Environmental Health Sciences, School of Public Health, University of Michigan, Ann Arbor, MI 48109, USA.', 'firstname': 'Hao', 'initials': 'H', 'lastname': 'Wang'}]",,,"10.3390/toxics13030207
10.2105/AJPH.2017.304219
10.1016/j.ntt.2015.03.001
10.1016/j.pharmthera.2020.107523
10.1080/09603123.2020.1745764
10.3233/JAD-200483
10.1289/EHP8905
10.1186/s12989-018-0254-4
10.1016/j.bbi.2019.01.013
10.1016/j.envpol.2021.116856
10.1002/aur.1287
10.1289/ehp.1002835
10.1001/jamapsychiatry.2013.266
10.1016/j.envint.2016.11.022
10.1007/s00431-010-1379-0
10.1016/j.envres.2019.108930
10.1097/MOP.0b013e3282f56165
10.1016/j.scitotenv.2018.06.167
10.1002/mds.28922
10.3233/JAD-180631
10.1097/JOM.0000000000000451
10.1186/s12940-021-00712-3
10.1016/j.dadm.2014.11.015
10.1186/s12989-020-00388-6
10.1146/annurev-pharmtox-011613-135937
10.1016/j.biopsych.2022.05.017
10.1002/jnr.24041
10.1016/S1474-4422(19)30320-5
10.1111/dmcn.13050
10.1186/s12989-022-00507-5
10.1155/2012/782462
10.1016/j.neuint.2019.104580
10.1289/ehp.1002986
10.1016/j.neuro.2021.10.009
10.1016/j.toxlet.2012.08.021
10.1016/j.envres.2015.02.022
10.1016/j.eti.2022.102809
10.3390/atmos15070779
10.1080/10473289.2003.10466156
10.1378/chest.128.4.3028
10.3233/JAD-200435
10.1016/j.envint.2021.107072
10.1016/j.redox.2022.102598
10.1164/rccm.201606-1275CI
10.1080/08958370701498075
10.3233/JAD-220493
10.1002/aur.1938
10.1186/s13229-020-00370-1
10.1289/ehp.1205827
10.1371/journal.pone.0075510
10.1093/aje/kwx294
10.1097/EDE.0000000000000297
10.1021/acs.est.2c05197
10.1289/EHP2152
10.1002/ana.24460
10.1016/j.tins.2009.05.009
10.3390/ijms19010257
10.1093/toxsci/kfx240
10.1016/j.neuro.2015.12.014
10.1371/journal.pone.0094336
10.1007/s11064-016-1908-y
10.1186/s12989-014-0053-5
10.7554/eLife.72247
10.1002/jat.3143
10.1007/s10803-015-2619-y
10.3389/fncel.2016.00021
10.1016/j.pneurobio.2015.11.002
10.1016/j.neuint.2020.104715
10.1016/j.cbi.2019.108762
10.1007/s00204-018-2180-5
10.1016/j.etap.2015.06.024
10.1016/j.fct.2019.110766
10.3109/10715762.2013.795649
10.1016/j.scitotenv.2019.06.102
10.1016/j.bbrc.2018.10.057
10.3109/08958378.2010.494313
10.1007/s12035-019-01742-2
10.1155/2017/7526592
10.1038/sj.mp.4001021
10.1016/j.jad.2023.07.071
10.1177/1087054716633858
10.1371/journal.pone.0111670
10.1016/j.envint.2017.04.011
10.1111/j.1440-1819.2012.02330.x
10.1289/ehp.1205239
10.1016/j.neuro.2011.11.005
10.1073/pnas.1012676108
10.1007/s40201-020-00600-x
10.1016/j.taap.2018.02.024
10.1016/j.neulet.2008.09.085
10.2131/jts.38.13
10.1093/toxsci/kfz025
10.1074/jbc.M111.319970
10.1038/s41598-017-03646-4
10.1016/j.mrrev.2015.03.001
10.1002/em.22020
10.1073/pnas.1307849110
10.1177/1087054713510354
10.1161/01.HYP.36.2.264
10.1161/01.RES.0000024417.79275.23
10.1016/j.neuro.2008.12.011
10.3233/JAD-140855
10.1016/j.envres.2019.108638
10.1016/j.molmed.2022.06.004
10.1073/pnas.2211282119
10.3390/toxics10040164
10.3233/JAD-170658
10.1159/000515162
10.1016/j.envres.2020.109226
10.1016/j.nbd.2023.106307
10.1016/j.puhe.2019.09.020
10.3109/00207450108986511
10.1097/00001756-199906030-00012
10.1093/toxsci/kfp252
10.1073/pnas.2220028120
10.3233/JAD-2010-1221
10.15252/emmm.201606210
10.1186/s12989-017-0213-5
10.1016/j.neurobiolaging.2010.05.027
10.1016/j.neuro.2016.07.007
10.1016/j.neuint.2012.08.014
10.1186/1742-2094-5-7
10.1002/msj.20163
10.1016/j.redox.2017.10.014
10.1016/S1474-4422(15)70016-5
10.3389/fnagi.2016.00245
10.1016/S0140-6736(17)31997-9
10.1289/ehp.1409313
10.1289/EHP135
10.1001/jamanetworkopen.2024.33602
10.1007/s11356-023-31047-w
10.1007/s12035-012-8329-y
10.1080/08958370590912888
10.1097/00001756-200604240-00014
10.1016/j.tox.2021.152770
10.1016/j.toxlet.2010.05.020
10.1177/0192623307313011
10.3389/fncel.2017.00216
10.1001/jamaneurol.2016.2742
10.3389/fcimb.2017.00396
10.1021/acschemneuro.2c00730
10.1101/cshperspect.a009399
10.1016/j.neuron.2019.05.035
10.1002/mds.28004
10.1016/j.envpol.2018.04.130
10.1016/j.neures.2021.01.001
10.1164/rccm.201807-1220OC
10.1186/s13195-015-0116-3
10.1007/s12975-017-0570-2
10.1186/s40478-023-01590-1
10.1007/s40572-015-0069-5
10.1080/08958378.2024.2331259
10.1007/s40572-014-0019-7",Toxics,"['air pollution', 'inflammation', 'neurological diseases', 'oxidative stress']",,2025-03-27,"40137534
29698099
25772154
32165138
32248699
32741830
33971107
29678176
30668980
33714060
23495194
21156395
23404082
27939018
21191614
31810593
18332716
30045516
35043999
30775976
25951420
33722243
27239507
33243264
24050700
35953319
28225560
31701892
27027609
36447278
22523490
31626830
21561831
34718062
22960396
25791864
12661692
16236983
32568209
34979350
36640724
27753502
17886072
36031897
29573218
32912338
23249813
24086549
29020136
25906366
36548990
29467108
26075655
19716187
29337904
29121345
26721665
24722459
27068033
25358444
35199645
25876056
26443675
26903806
26655283
32169588
31348917
29523932
26363131
31430511
23594291
31412487
30318116
20569119
32026227
28567415
11986998
37495084
26957549
4595616
25372862
28482185
22443244
23164649
22138353
21427228
34150234
29524501
18938223
23358136
30812033
22167199
28607424
26041267
27195522
12538194
23818597
24232168
10948088
12114323
19150462
25310992
31421449
35840480
36574646
35448425
29103040
33882496
32045727
37739136
31770719
11699188
10501558
19833740
36626559
20061647
27025652
28854940
20619937
27448464
22982299
26207229
18302763
20101714
29080524
25792098
27826237
28792395
26151951
27285422
39283636
37995032
22944910
15804941
16603924
33823232
20541596
18349428
28790893
27668667
28936425
36724408
22355802
31255487
32092186
29783199
33417973
30433810
25798202
28971348
37309012
26381684
38618680",,The Effects of Air Pollution on Neurological Diseases: A Narrative Review on Causes and Mechanisms.,<Element 'PubmedArticle' at 0x777b01d318a0>,,,,,,
"The etiology of Parkinson's disease (PD) is complex and multifactorial, depending on interactions involving environmental/lifestyle and genetic factors. The genetic aspects of the disease are becoming well characterized, while the environmental factors still need further investigation. In the present narrative review, we have described the most concrete evidence of associations between environmental factors and the risk of developing PD. Physical activity, healthy dietary patterns, smoking, and caffeine intake are protective factors against PD. Head trauma, consumption of milk and dairy products, and pesticide exposure were associated with a higher risk of developing PD. The associations of alcohol consumption, living in rural areas, farming, and consumption of well water with PD are still controversial. Results of several studies strongly suggest that diabetes mellitus is a risk factor for the development of PD, as well as the pre-diabetic state. Lower serum levels of uric acid were associated with an increased risk of developing PD and with worse clinical features and faster progression of symptoms. The protective effects of nonsteroidal antiinflammatory drugs use are controversial. Several other factors were potentially associated with the risk of developing PD: environmental pollutants such as organic solvents, exposure to sunlight, vitamin D deficiency, bullous pemphigoid, bipolar disorder, inflammatory bowel disease, irritable bowel syndrome, certain infections and agents, and essential tremor. Environmental factors are important risk markers for the development of PD. Understanding these risks and protective factors could lead to the implementation of risk-modifying actions for PD.","[{'affiliation': 'Universidade de São Paulo, Faculdade de Medicina de Ribeirão Preto, Ribeirão Preto SP, Brazil.', 'firstname': 'Vitor', 'initials': 'V', 'lastname': 'Tumas'}, {'affiliation': 'Universidade de São Paulo, Faculdade de Medicina de Ribeirão Preto, Departamento de Neurociências e Ciências do Comportamento, Ribeirão Preto SP, Brazil.', 'firstname': 'Marcelo Jhonatan', 'initials': 'MJ', 'lastname': 'Aureliano'}, {'affiliation': 'Universidade Federal de Ciências da Saúde de Porto Alegre, Departamento de Neurologia, Porto Alegre RS, Brazil.', 'firstname': 'Carlos Roberto de Melo', 'initials': 'CRM', 'lastname': 'Rieder'}, {'affiliation': 'Universidade Federal do Rio Grande do Sul, Departamento de Farmacologia, Porto Alegre RS, Brazil.', 'firstname': 'Artur Francisco Schumacher', 'initials': 'AFS', 'lastname': 'Schuh'}, {'affiliation': 'Universidade Federal de São Paulo, Escola Paulista de Medicina, Departamento de Neurologia e Neurocirurgia, São Paulo SP, Brazil.', 'firstname': 'Henrique Ballalai', 'initials': 'HB', 'lastname': 'Ferraz'}, {'affiliation': 'Universidade Federal de São Paulo, Escola Paulista de Medicina, Departamento de Neurologia e Neurocirurgia, São Paulo SP, Brazil.', 'firstname': 'Vanderci', 'initials': 'V', 'lastname': 'Borges'}, {'affiliation': 'Universidade Federal de São Paulo, Escola Paulista de Medicina, Departamento de Neurologia e Neurocirurgia, São Paulo SP, Brazil.', 'firstname': 'Maria Carolina', 'initials': 'MC', 'lastname': 'Soares'}, {'affiliation': 'Universidade Federal de São Paulo, Escola Paulista de Medicina, Departamento de Neurologia e Neurocirurgia, São Paulo SP, Brazil.', 'firstname': 'Dayany Leonel', 'initials': 'DL', 'lastname': 'Boone'}, {'affiliation': 'Universidade Federal de São Paulo, Escola Paulista de Medicina, Departamento de Neurologia e Neurocirurgia, São Paulo SP, Brazil.', 'firstname': 'Carolina Candeias da', 'initials': 'CCD', 'lastname': 'Silva'}, {'affiliation': 'Universidade Federal de São Paulo, Escola Paulista de Medicina, Departamento de Neurologia e Neurocirurgia, São Paulo SP, Brazil.', 'firstname': 'Mariana Cavalcanti', 'initials': 'MC', 'lastname': 'Costa'}, {'affiliation': 'Universidade Federal de Goiás, Hospital das Clínicas, Centro de Referência em Doença de Parkinson e Transtornos do Movimento (CerMov), Goiânia GO, Brazil.', 'firstname': 'Delson José da', 'initials': 'DJD', 'lastname': 'Silva'}, {'affiliation': 'Universidade Federal de Goiás, Hospital das Clínicas, Centro de Referência em Doença de Parkinson e Transtornos do Movimento (CerMov), Goiânia GO, Brazil.', 'firstname': 'Aracelle Victor do', 'initials': 'AVD', 'lastname': 'Carmo'}, {'affiliation': 'Universidade Federal de Goiás, Hospital das Clínicas, Centro de Referência em Doença de Parkinson e Transtornos do Movimento (CerMov), Goiânia GO, Brazil.', 'firstname': 'Luana de Rezende', 'initials': 'LR', 'lastname': 'Mikael'}, {'affiliation': 'Universidade Federal do Pará, Instituto de Ciências Biológicas, Laboratório de Neuropatologia Experimental, Belém PA, Brazil.', 'firstname': 'Bruno Lopes', 'initials': 'BL', 'lastname': 'Santos-Lobato'}, {'affiliation': 'Universidade Federal do Rio de Janeiro, Hospital Universitário Clementino Fraga Filho, Serviço de Neurologia Prof. Sérgio Novis, Rio de Janeiro RJ, Brazil.', 'firstname': 'Ana Lucia Zuma', 'initials': 'ALZ', 'lastname': 'Rosso'}, {'affiliation': 'Universidade Federal do Rio de Janeiro, Hospital Universitário Clementino Fraga Filho, Serviço de Neurologia Prof. Sérgio Novis, Rio de Janeiro RJ, Brazil.\nUniversidade Federal Fluminense, Niterói RJ, Brazil.', 'firstname': 'Celmir de Oliveira', 'initials': 'CO', 'lastname': 'Vilaça'}, {'affiliation': 'Universidade Federal do Ceará, Faculdade de Medicina, Departamento de Medicina Clínica, Fortaleza CE, Brazil.', 'firstname': 'Pedro', 'initials': 'P', 'lastname': 'Braga-Neto'}, {'affiliation': 'Universidade Federal do Ceará, Faculdade de Medicina, Departamento de Medicina Clínica, Fortaleza CE, Brazil.', 'firstname': 'André Borges Ferreira', 'initials': 'ABF', 'lastname': 'Gomes'}, {'affiliation': 'Universidade Federal do Ceará, Faculdade de Medicina, Departamento de Medicina Clínica, Fortaleza CE, Brazil.', 'firstname': 'Camila Gonçalves Monteiro', 'initials': 'CGM', 'lastname': 'Carvalho'}, {'affiliation': 'Pontifícia Universidade Católica de Campinas, Centro de Ciências da Vida, Ambulatório de Neurologia Clínica, Setor de Distúrbios do Movimento, Campinas SP, Brazil.', 'firstname': 'Grace Helena', 'initials': 'GH', 'lastname': 'Letro'}, {'affiliation': 'Universidade Federal do Estado do Rio de Janeiro, Escola de Medicina e Cirurgia, Serviço de Neurologia, Rio de Janeiro RJ, Brazil.', 'firstname': 'Denise Hack', 'initials': 'DH', 'lastname': 'Nicaretta'}, {'affiliation': 'Universidade do Estado do Amazonas, Departamento de Neurologia, Manaus AM, Brazil.', 'firstname': 'Marcus Vinicius Della', 'initials': 'MVD', 'lastname': 'Coletta'}, {'affiliation': 'Universidade de São Paulo, Faculdade de Medicina, Departamento de Neurologia, São Paulo SP, Brazil.', 'firstname': 'Egberto Reis', 'initials': 'ER', 'lastname': 'Barbosa'}, {'affiliation': 'Universidade de São Paulo, Faculdade de Medicina, Departamento de Neurologia, São Paulo SP, Brazil.', 'firstname': 'Rubens Gisbert', 'initials': 'RG', 'lastname': 'Cury'}, {'affiliation': 'Universidade Federal de Minas Gerais, Faculdade de Medicina, Departamento de Medicina Interna, Belo Horizonte MG, Brazil.', 'firstname': 'Francisco Eduardo Costa', 'initials': 'FEC', 'lastname': 'Cardoso'}, {'affiliation': 'Universidade Federal de Minas Gerais, Faculdade de Medicina, Departamento de Medicina Interna, Belo Horizonte MG, Brazil.', 'firstname': 'Sarah Teixeira', 'initials': 'ST', 'lastname': 'Camargos'}, {'affiliation': 'Cleveland Clinic Foundation, Lerner Research Institute, Genomic Medicine Institute, Cleveland OH, United States.', 'firstname': 'Ignacio Fernandez', 'initials': 'IF', 'lastname': 'Mata'}]",,"The Author(s). This is an open access article published by Thieme under the terms of the Creative Commons Attribution 4.0 International License, permitting copying and reproduction so long as the original work is given appropriate credit (https://creativecommons.org/licenses/by/4.0/).","10.1055/s-0045-1805075
10.1016/S1474-4422(19)30320-5
10.3233/JPD-181474
10.1001/jamanetworkopen.2018.2421
10.1136/jnnp-2023-332974
10.3233/JPD-202521
10.1016/j.ebiom.2022.104154
10.1016/j.archger.2015.08.004
10.1212/WNL.0000000000009437
10.3233/JPD-230053
10.1056/EVIDoa2200311
10.1002/mds.25076
10.1016/j.parkreldis.2011.02.016
10.3389/fneur.2021.619535
10.3233/JAD-2010-091525
10.1007/s10072-018-3253-1
10.1159/000450855
10.1016/j.lfs.2014.01.083
10.1212/WNL.0000000000004568
10.1093/ajcn/86.5.1486
10.3233/JPD-202290
10.3390/nu13113970
10.1002/mds.29580
10.3390/nu14153240
10.1002/mds.25458
10.1016/j.parkreldis.2015.12.005
10.1093/nutrit/nuac114
10.1212/WNL.0000000000004057
10.3390/nu13082893
10.3390/ijms22031059
10.3233/JPD-230206
10.1016/j.biopha.2017.03.100
10.1212/wnl.38.4.550
10.1016/S2542-5196(23)00255-3
10.1093/ije/dyt170
10.1016/j.parkreldis.2023.105493
10.1038/s41531-024-00709-y
10.1007/s00415-018-9032-3
10.3233/JPD-223522
10.1002/mds.28039
10.1002/mds.29778
10.1038/s41598-021-93105-y
10.3390/nu16101517
10.1017/s0317167100026147
10.1371/journal.pone.0151841
10.1016/j.parkreldis.2010.07.002
10.1159/000254572
10.1111/ajr.13054
10.1016/j.parkreldis.2018.10.026
10.1007/s10654-017-0229-z
10.17305/bb.2023.10035
10.1002/mds.28551
10.1002/mds.29122
10.1007/s10072-023-06965-9
10.1016/S0140-6736(17)31585-4
10.1056/NEJMoa2312323
10.3390/medicina57090972
10.1371/journal.pone.0173731
10.1017/s0317167100012981
10.3233/JPD-230007
10.1186/s12883-022-02874-0
10.1002/mds.29209
10.1016/j.expneurol.2017.08.007
10.1001/jama.2021.10207
10.1001/archneur.60.8.1059
10.1159/000108110
10.1007/s00228-018-2561-y
10.1097/MD.0000000000012172
10.1002/brb3.3225
10.1111/jdv.13660
10.1001/jamaneurol.2019.3446
10.1001/jamaneurol.2022.3902
10.3389/fimmu.2024.132590
10.1111/ane.13570
10.1002/mds.27556
10.1016/j.prdoa.2021.100092
10.1007/s10654-018-0399-3
10.1001/jamaneurol.2023.1168
10.1002/mds.27802",Arquivos de neuro-psiquiatria,[],,2025-03-20,"40107260
2423234
31701892
30584159
30646166
38418216
33814465
35816897
26272284
32371450
28680589
38320207
22927157
21458354
33776884
20182023
29362953
28135712
24530739
28954882
17991663
33104042
34836224
37602951
35956417
23609436
26725141
36647769
28596209
34445060
33494388
37927277
28412655
3352909
37949088
24057998
37354828
38632283
30155737
36442208
32357270
38532309
34234189
38794754
3815163
27055126
20674462
19887842
37897118
30377035
28185034
38219272
33682937
35699244
37500992
28781108
38598572
34577895
28319195
23250131
37424476
36221048
36056888
28821398
34519802
12925360
17851257
30280208
30212946
37654024
27599898
31609378
36342675
38720896
34908158
30653258
34316670
29730746
37184848
31412427",,Modifiable risk factors associated with the risk of developing Parkinson's disease: a critical review.,<Element 'PubmedArticle' at 0x777b01d907c0>,,,,,,
"Genetic and environmental factors are linked to Parkinson disease (PD), but the role of genetic susceptibility in the association between traffic-related air pollution (TRAP) and PD remains unclear.
To assess the gene-environment interaction between the polygenic risk score (PRS) for PD and long-term TRAP exposure and to estimate the joint effect with PD risk.
This population-based case-control study used a meta-analytical assessment of studies conducted in central California and Denmark. The Parkinson Environment and Genes (PEG) study in California (June 1, 2000, to July 31, 2017) included 634 patients with PD and 733 controls; the Parkinson Disease in Denmark (PASIDA) study (January 1, 2006, to December 31, 2017) included 966 patients with PD and 1045 controls. Data were analyzed from July 1 to October 31, 2024.
PRS was computed by summing the effect estimates of well-known risk alleles from an existing genome-wide association study's summary statistics using participants' genetic arrays. TRAP exposure was estimated using dispersion models to calculate long-term exposure (10- or 15-year means with a 5-year lag) to traffic-related pollutants (represented by carbon monoxide [CO] levels) at participants' residences.
The main outcome was diagnosis of PD. Using multivariable logistic regression, PD risk was estimated from interactions between PRS (per SD) and TRAP exposure (per IQR), with joint effects based on low (quartiles 1-3) and high (quartile 4) exposure levels.
A total of 1600 patients with PD (mean [SD] age, 65.1 [9.9] years; 990 [61.9%] male) and 1778 controls (mean [SD] age, 64.5 [10.3] years; 992 [55.8%] male) were included. Meta-analytical estimates suggest that both higher PRS and increased TRAP exposure increased PD risk, with an interaction effect estimate of 1.06 (95% CI, 1.00-1.12). Joint effect analysis indicated that individuals with both high PRS and high TRAP exposure were at greatest risk of PD (odds ratio, 3.05; 95% CI, 2.23-4.19) compared with the reference group with a low PRS and low TRAP exposure, suggesting a synergistic effect.
In this gene-environment interaction study, a combination of long-term air pollution exposure and genetic susceptibility strongly contributed to the risk of developing PD. Widespread exposure to air pollution makes TRAP an important modifiable risk factor affecting large populations globally, particularly individuals with genetic vulnerability.","[{'affiliation': 'Department of Epidemiology, Fielding School of Public Health, UCLA (University of California, Los Angeles), Los Angeles.', 'firstname': 'Dayoon', 'initials': 'D', 'lastname': 'Kwon'}, {'affiliation': 'Department of Neurology, David Geffen School of Medicine, UCLA, Los Angeles.', 'firstname': 'Kimberly C', 'initials': 'KC', 'lastname': 'Paul'}, {'affiliation': 'Department of Epidemiology, Fielding School of Public Health, UCLA (University of California, Los Angeles), Los Angeles.\nCousins Center for Psychoneuroimmunology, Semel Institute for Neuroscience and Human Behavior, UCLA, Los Angeles.\nDepartment of Psychiatry and Biobehavioral Sciences, David Geffen School of Medicine, UCLA, Los Angeles.', 'firstname': 'Cynthia', 'initials': 'C', 'lastname': 'Kusters'}, {'affiliation': 'Department of Environmental and Occupational Health, School of Population and Public Health, University of California, Irvine.', 'firstname': 'Jun', 'initials': 'J', 'lastname': 'Wu'}, {'affiliation': 'Department of Neurology, David Geffen School of Medicine, UCLA, Los Angeles.', 'firstname': 'Jeff M', 'initials': 'JM', 'lastname': 'Bronstein'}, {'affiliation': 'Institute of Epidemiology and Social Medicine, University of Münster, Münster, Germany.\nAgeing Epidemiology Research Unit, School of Public Health, Imperial College, London, United Kingdom.', 'firstname': 'Christina M', 'initials': 'CM', 'lastname': 'Lill'}, {'affiliation': 'Department of Environmental Science, Aarhus University, Roskilde, Denmark.\nGlobal Centre for Clean Air Research, Department of Civil and Environmental Engineering, University of Surrey, Guildford, United Kingdom.', 'firstname': 'Matthias', 'initials': 'M', 'lastname': 'Ketzel'}, {'affiliation': 'Department of Environmental Science, Aarhus University, Roskilde, Denmark.\nDanish Cancer Institute, Danish Cancer Society, Copenhagen, Denmark.', 'firstname': 'Ole', 'initials': 'O', 'lastname': 'Raachou-Nielsen'}, {'affiliation': 'Danish Cancer Institute, Danish Cancer Society, Copenhagen, Denmark.', 'firstname': 'Johnni', 'initials': 'J', 'lastname': 'Hansen'}, {'affiliation': 'Department of Epidemiology, Fielding School of Public Health, UCLA (University of California, Los Angeles), Los Angeles.\nDepartment of Neurology, David Geffen School of Medicine, UCLA, Los Angeles.', 'firstname': 'Beate', 'initials': 'B', 'lastname': 'Ritz'}]",,,"10.1001/jamanetworkopen.2025.0854
10.1016/S1474-4422(18)30499-X
10.1016/S0140-6736(21)00218-X
10.1016/S2468-2667(20)30190-0
10.1016/S1474-4422(19)30320-5
10.1002/mds.28922
10.1016/j.envint.2022.107667
10.1001/archneurol.2010.101
10.1016/j.envres.2016.09.006
10.1289/ehp.0800277
10.1289/ehp.1408976
10.1093/aje/kwx227
10.1136/jnnp-2020-323646
10.1186/s12883-017-0978-z
10.1001/jamaneurol.2017.4206
10.1002/mds.26505
10.1016/j.envres.2023.117434
10.1289/ehp.1409313
10.1016/j.parkreldis.2019.01.018
10.1001/archneur.56.1.33
10.1136/jnnp.55.3.181
10.2202/1934-2659.1510
10.1080/10962247.2018.1548387
10.1016/j.envint.2005.05.020
10.1504/IJEP.2011.047337
10.1016/j.atmosenv.2018.10.036
10.1002/mds.28760
10.1093/braincomms/fcae146
10.1096/fj.04-1945fje
10.1111/jnc.12231
10.1186/1742-2094-8-105
10.1289/ehp.1002986
10.1016/0272-0590(86)90199-5
10.1093/toxsci/kfaa055
10.1007/s10565-021-09618-9
10.2131/jts.38.13
10.1177/0192623307313011
10.1038/s41531-024-00633-1",JAMA network open,[],,2025-03-17,"40094665
30879893
33848468
33007212
31701892
35043999
36516478
20558393
27640071
19590691
26383258
28978193
32934108
29141588
29340614
26853697
37858688
26151951
30833231
9923759
1564476
22381086
29659239
30427279
16005066
34426982
38863574
15319363
23470120
21864400
21561831
3732674
32298450
34057650
23358136
18349428
38233432","A total of 1600 patients with PD (mean [SD] age, 65.1 [9.9] years; 990 [61.9%] male) and 1778 controls (mean [SD] age, 64.5 [10.3] years; 992 [55.8%] male) were included. Meta-analytical estimates suggest that both higher PRS and increased TRAP exposure increased PD risk, with an interaction effect estimate of 1.06 (95% CI, 1.00-1.12). Joint effect analysis indicated that individuals with both high PRS and high TRAP exposure were at greatest risk of PD (odds ratio, 3.05; 95% CI, 2.23-4.19) compared with the reference group with a low PRS and low TRAP exposure, suggesting a synergistic effect.",Interaction Between Traffic-Related Air Pollution and Parkinson Disease Polygenic Risk Score.,<Element 'PubmedArticle' at 0x777b01bcbd80>,,,,,,
"Global warming is caused by increased carbon dioxide and other industrial gases, which shift the climate of human habitat and environment, impacting human health globally. In this review, we tried to overview the current knowledge of climate change's impact on neurological disease.
A comprehensive search on PubMed, Web of Science (WOS), and Scopus was conducted to find the relevant original studies. Language, sex, age, date, or country of study were not restricted. Included studies report increased Alzheimer's disease mortality and hospital admission.
This increase was seen from the first day with high temperature to 3-4 days later. Parkinson's disease (PD) subjects were more vulnerable to high temperatures compared to dementia patients (RR for dementia: 1.29 and for PD: 1.41). Global warming was linked to the increase in the incidence of Tick-borne encephalitis (TBE) (from 0.1% to 5.4%), Japanese encephalitis (OR: 2 when floods occur), and ciguatera fish poisoning (CFP) (RR: 1.62 for each 1 
Health-related consequences of climate change are inevitable. The burden of medical problems related to the elderly population (especially the elderly with dementia), infectious diseases, and CFP on the healthcare system will naturally increase. Studying global warming trends could empower us with more precise predictions of the future and better planning to face climate change-related challenges.","[{'affiliation': 'Research Center for Pharmaceutical Nanotechnology, Biomedicine Institute, Tabriz University of Medical Sciences, Tabriz, Iran.', 'firstname': 'Mohammad-Reza', 'initials': 'MR', 'lastname': 'Sadeghi'}, {'affiliation': 'Student Research Committee, Tabriz University of Medical Sciences, Tabriz, Iran.', 'firstname': 'Parna', 'initials': 'P', 'lastname': 'Ghannadi'}, {'affiliation': 'Research Center for Evidence-Based Medicine, Iranian EBM Centre: A JBI Centre of Excellence, Faculty of Medicine, Tabriz University of Medical Sciences, Tabriz, Iran.', 'firstname': 'Alireza', 'initials': 'A', 'lastname': 'Lotfi'}, {'affiliation': 'Student Research Committee, Tabriz University of Medical Sciences, Tabriz, Iran.', 'firstname': 'Hamidreza', 'initials': 'H', 'lastname': 'Ashayeri'}]","Health-related consequences of climate change are inevitable. The burden of medical problems related to the elderly population (especially the elderly with dementia), infectious diseases, and CFP on the healthcare system will naturally increase. Studying global warming trends could empower us with more precise predictions of the future and better planning to face climate change-related challenges.",©2024 The Author(s).,"10.34172/hpp.43089
10.1002/qj.49706427503
10.1016/j.endeavour.2016.07.002
10.1093/nsr/nwaa069
10.1016/j.scs.2021.103098
10.1093/gerona/glt159
10.1016/j.scitotenv.2021.147540
10.1093/eurjpc/zwad130
10.1097/mcp.0000000000000656
10.1016/j.envres.2019.108637
10.1186/s40249-023-01102-2
10.1016/j.buildenv.2023.110324
10.1016/j.envint.2022.107602
10.1371/journal.pone.0243665
10.1007/bf02337479
10.3389/fnmol.2018.00002
10.1111/j.1532-5415.1991.tb02502.x
10.1007/s12603-009-0023-z
10.1111/jcpt.12294
10.1113/jphysiol.1979.sp012886
10.3389/fphys.2020.576304
10.3390/ijerph192013429
10.1038/s41467-023-44066-5
10.1016/j.envres.2022.115176
10.1016/j.envint.2021.107027
10.1126/sciadv.aar5809
10.1016/j.envint.2018.12.054
10.1016/j.envres.2021.112012
10.1016/j.envint.2020.106102
10.1186/s10194-023-01659-1
10.1212/01.wnl.0000344152.56020.94
10.1007/s10194-011-0397-2
10.1016/j.envint.2019.105100
10.3390/ijerph17041403
10.1016/j.emc.2008.02.002
10.3389/fneur.2023.1088182
10.1371/journal.pntd.0008634
10.1016/j.envint.2022.107649
10.32394/pe.74.24
10.1016/j.tmaid.2010.08.001
10.3390/microorganisms11071634
10.3201/eid2810.220498
10.1016/j.ttbdis.2010.05.003
10.33396/1728-0869-2017-4-12-19
10.17816/kmj2225
10.3402/gha.v4i0.8448
10.1080/22423982.2017.1298882
10.1186/s12879-019-4734-4
10.1016/j.ttbdis.2022.101900
10.1089/vbz.2013.1386
10.12998/wjcc.v3.i5.430
10.4161/hv.26902
10.3390/ijerph14111317
10.3201/eid1705.101417
10.1111/j.1863-2378.2012.01456.x
10.1016/j.jinf.2007.07.004
10.1016/j.envint.2014.07.004
10.1016/j.scitotenv.2016.05.162
10.1186/s41200-019-0175-4
10.1016/j.envres.2020.109111
10.3390/md15030072
10.1111/ejn.13098
10.3390/toxins12120759
10.3390/md403082
10.1016/j.toxicon.2020.05.001
10.1016/j.hal.2005.03.003
10.1016/j.hal.2017.04.006
10.1016/j.toxicon.2010.02.026
10.1289/ehp.1307196
10.1016/j.ecolmodel.2015.08.020
10.1371/journal.pone.0153197
10.1016/j.toxicon.2009.08.011
10.1029/2021gl095748
10.3390/md20080022
10.1038/s41467-021-24654-z
10.1111/j.1748-5967.2007.00117.x
10.1016/j.ijid.2018.11.318",Health promotion perspectives,"['Air pollution', 'Alzheimer disease', 'Climate change', 'Dementia', 'Global warming', 'Headache', 'Neurodegenerative diseases', 'Parkinson disease']",,2025-03-05,"40041730
27469427
34692114
24158763
33992940
37115593
28435826
31851023
31416010
37194092
36323066
33301532
2887537
29403354
2022805
19214345
26073686
501591
33329026
36294010
38086884
36584844
34890899
29732409
30822651
34529970
32979811
37718436
19273827
22042255
31446321
32098137
18406976
36864915
33027266
36470121
33115220
20970726
37512806
36149234
21771520
22028678
28362566
31931734
35063727
24745813
25984517
24161909
29109371
21529419
22883515
17714787
25072160
27241207
20231770
31927300
2501719
28335428
26454262
33271904
32387348
28526119
20206196
24618280
27074134
19706300
35864818
19005579
34282149
25530773","This increase was seen from the first day with high temperature to 3-4 days later. Parkinson's disease (PD) subjects were more vulnerable to high temperatures compared to dementia patients (RR for dementia: 1.29 and for PD: 1.41). Global warming was linked to the increase in the incidence of Tick-borne encephalitis (TBE) (from 0.1% to 5.4%), Japanese encephalitis (OR: 2 when floods occur), and ciguatera fish poisoning (CFP) (RR: 1.62 for each 1 ",Climate change's impact on the nervous system: A review study.,<Element 'PubmedArticle' at 0x777b01bf22f0>,,,,,,
"Human neural stem cells (hNSCs) have the potential to differentiate into various neural cell types, including cortical neurons, which are of particular interest for understanding and treating neurodegenerative diseases. However, traditional 2D culture methods are limited in their ability to accurately mimic the physiologically relevant microenvironment, leading to slow differentiation rates and low yields of mature neurons. In this study, we developed and optimized 3D chitosan scaffolds to promote the more efficient differentiation of hNSCs into cortical neurons. These scaffolds provide a tunable, biocompatible, and mechanically favorable environment, supporting enhanced cell-to-cell interactions and mimicking the extracellular matrix more effectively than 2D systems. The differentiation process was further accelerated by preseeding scaffolds with hNSCs, leading to increased expression of key cortical neuron markers, such as MAP2 and TUBB3, within a 14-day period. Compared to Geltrex-coated controls, the preseeded scaffolds demonstrated superior cell adhesion, viability, and differentiation efficiency, with significant upregulation of mature cortical neuron markers. Our findings suggest that chitosan-based 3D culture systems represent a promising platform for improving the differentiation of hNSCs, offering a faster and more reliable method to generate cortical neurons for neurodegenerative disease research and potential therapeutic applications.","[{'affiliation': 'Department of Materials Science and Engineering, University of Washington, Seattle, Washington 98195, United States.', 'firstname': 'Matthew Michael', 'initials': 'MM', 'lastname': 'James'}, {'affiliation': 'Department of Materials Science and Engineering, University of Washington, Seattle, Washington 98195, United States.', 'firstname': 'Yang', 'initials': 'Y', 'lastname': 'Zhou'}, {'affiliation': 'Department of Materials Science and Engineering, University of Washington, Seattle, Washington 98195, United States.', 'firstname': 'Miqin', 'initials': 'M', 'lastname': 'Zhang'}]",,,10.1021/acsabm.4c01927,ACS applied bio materials,"['chitosan', 'cortical neuron', 'differentiation', 'human neural stem cell', 'scaffold']",,2025-02-27,40012088,,Enhanced Differentiation of Human Neural Stem Cells into Cortical Neurons Using 3D Chitosan Scaffolds.,<Element 'PubmedArticle' at 0x777b01c24450>,,,,,,
"Previous epidemiological evidence regarding the associations between ambient air pollution and two major neurodegenerative diseases, Alzheimer's disease (AD) and Parkinson's disease (PD), remains inconclusive.
This study aimed to evaluate the associations between long-term and short-term exposure to PM
A random-effects model was used to summarize individual effect estimates in the meta-analysis. A subgroup meta-analysis was further conducted to explore the potential sources of heterogeneity.
In total, 42 eligible studies were included. For each 5 μg/m
Ambient air pollution, particularly PM","[{'affiliation': ""Department of Occupational and Environmental Health, School of Public Health, Xi'an Jiaotong University Health Science Center, Xi'an 710061, China.\nKey Laboratory of Environment and Genes Related to Diseases, Ministry of Education, Xi'an Jiaotong University, Xi'an 710061, China.\nKey Laboratory of Trace Elements and Endemic Diseases, Ministry of Health, Xi'an Jiaotong University, Xi'an 710061, China.\nKey Laboratory for Disease Prevention and Control and Health Promotion of Shaanxi Province, Xi'an Jiaotong University, Xi'an 710061, China."", 'firstname': 'Cuiyao', 'initials': 'C', 'lastname': 'Xie'}, {'affiliation': ""Department of Occupational and Environmental Health, School of Public Health, Xi'an Jiaotong University Health Science Center, Xi'an 710061, China.\nKey Laboratory of Environment and Genes Related to Diseases, Ministry of Education, Xi'an Jiaotong University, Xi'an 710061, China.\nKey Laboratory of Trace Elements and Endemic Diseases, Ministry of Health, Xi'an Jiaotong University, Xi'an 710061, China.\nKey Laboratory for Disease Prevention and Control and Health Promotion of Shaanxi Province, Xi'an Jiaotong University, Xi'an 710061, China."", 'firstname': 'Xi', 'initials': 'X', 'lastname': 'Xia'}, {'affiliation': ""Department of Occupational and Environmental Health, School of Public Health, Xi'an Jiaotong University Health Science Center, Xi'an 710061, China.\nKey Laboratory of Environment and Genes Related to Diseases, Ministry of Education, Xi'an Jiaotong University, Xi'an 710061, China.\nKey Laboratory of Trace Elements and Endemic Diseases, Ministry of Health, Xi'an Jiaotong University, Xi'an 710061, China.\nKey Laboratory for Disease Prevention and Control and Health Promotion of Shaanxi Province, Xi'an Jiaotong University, Xi'an 710061, China."", 'firstname': 'Kai', 'initials': 'K', 'lastname': 'Wang'}, {'affiliation': ""Department of Occupational and Environmental Health, School of Public Health, Xi'an Jiaotong University Health Science Center, Xi'an 710061, China.\nKey Laboratory of Environment and Genes Related to Diseases, Ministry of Education, Xi'an Jiaotong University, Xi'an 710061, China.\nKey Laboratory of Trace Elements and Endemic Diseases, Ministry of Health, Xi'an Jiaotong University, Xi'an 710061, China.\nKey Laboratory for Disease Prevention and Control and Health Promotion of Shaanxi Province, Xi'an Jiaotong University, Xi'an 710061, China."", 'firstname': 'Jie', 'initials': 'J', 'lastname': 'Yan'}, {'affiliation': ""Department of Occupational and Environmental Health, School of Public Health, Xi'an Jiaotong University Health Science Center, Xi'an 710061, China.\nKey Laboratory of Environment and Genes Related to Diseases, Ministry of Education, Xi'an Jiaotong University, Xi'an 710061, China.\nKey Laboratory of Trace Elements and Endemic Diseases, Ministry of Health, Xi'an Jiaotong University, Xi'an 710061, China.\nKey Laboratory for Disease Prevention and Control and Health Promotion of Shaanxi Province, Xi'an Jiaotong University, Xi'an 710061, China."", 'firstname': 'Lijun', 'initials': 'L', 'lastname': 'Bai'}, {'affiliation': 'School of Disaster and Emergency Medicine, Tianjin University, Tianjin 300072, China.\nWenzhou Safety (Emergency) Institute, Tianjin University, Wenzhou 325000, China.', 'firstname': 'Liqiong', 'initials': 'L', 'lastname': 'Guo'}, {'affiliation': 'Disaster Medicine Research Center, Medical Innovation Research Division of the Chinese PLA General Hospital, Beijing 100853, China.\n2021RU006 Research Unit of Disaster Medicine, Chinese Academy of Medical Sciences, Beijing 100005, China.\nBeijing Key Laboratory of Disaster Medicine, Beijing 100039, China.', 'firstname': 'Xiaoxue', 'initials': 'X', 'lastname': 'Li'}, {'affiliation': ""Department of Occupational and Environmental Health, School of Public Health, Xi'an Jiaotong University Health Science Center, Xi'an 710061, China.\nKey Laboratory of Environment and Genes Related to Diseases, Ministry of Education, Xi'an Jiaotong University, Xi'an 710061, China.\nKey Laboratory of Trace Elements and Endemic Diseases, Ministry of Health, Xi'an Jiaotong University, Xi'an 710061, China.\nKey Laboratory for Disease Prevention and Control and Health Promotion of Shaanxi Province, Xi'an Jiaotong University, Xi'an 710061, China."", 'firstname': 'Shaowei', 'initials': 'S', 'lastname': 'Wu'}]","Ambient air pollution, particularly PM",,"10.3390/toxics13020139
10.3390/ijms23031851
10.1038/s41467-022-31037-5
10.2147/IJN.S200490
10.1080/09603123.2022.2047903
10.1111/ene.14108
10.1016/S1474-4422(06)70471-9
10.1093/aje/kwg068
10.5114/fn.2019.85929
10.1016/S0140-6736(14)61393-3
10.14283/jpad.2018.34
10.1001/jamaneurol.2022.0976
10.1002/ana.23687
10.1016/j.parkreldis.2015.12.008
10.1056/NEJM199312093292401
10.1186/1476-069X-12-43
10.1016/j.envres.2022.115180
10.1017/S146342361400036X
10.1016/j.envpol.2021.118320
10.1016/j.neuro.2016.07.007
10.1002/brb3.2740
10.1007/s12035-020-02054-6
10.1101/cshperspect.a033118
10.4088/JCP.23f14933
10.1016/j.jclinepi.2020.08.019
10.1007/s40120-022-00338-8
10.1016/S1474-4422(24)00038-3
10.1016/S1474-4422(18)30295-3
10.1016/S1474-4422(18)30403-4
10.1136/bmjopen-2018-022404
10.1186/s12940-019-0511-5
10.1016/j.scitotenv.2017.03.089
10.3233/JAD-220804
10.1016/j.envint.2018.10.020
10.3233/JAD-140855
10.1289/ehp.1408973
10.1016/j.envint.2020.106376
10.1289/EHP7425
10.1016/j.envpol.2020.116303
10.1289/EHP9018
10.1038/s41467-021-27049-2
10.1016/S2542-5196(20)30227-8
10.1186/s12940-023-00986-9
10.1016/j.envres.2022.114349
10.1186/s12940-022-00937-w
10.1186/s12302-023-00833-1
10.1093/gerona/glab231
10.1186/s12940-020-0565-4
10.1186/1476-069X-13-38
10.1097/EE9.0000000000000237
10.1093/aje/kwac188
10.1016/j.scitotenv.2023.163173
10.1097/EE9.0000000000000023
10.1371/journal.pone.0182834
10.1016/j.envres.2007.03.002
10.1016/j.atmosenv.2021.118668
10.1371/journal.pmed.1003188
10.1097/JOM.0000000000000451
10.1016/j.envres.2022.113165
10.1038/srep44741
10.1016/j.envint.2016.08.017
10.1289/EHP135
10.1289/EHP259
10.1186/1476-069X-13-80
10.1289/ehp.1409313
10.1016/j.envres.2023.115944
10.1016/j.neuint.2019.104615
10.1093/ije/dyy172
10.1016/j.envint.2019.04.069
10.1136/bmj.l6258
10.1016/j.envres.2021.111170
10.1016/j.puhe.2022.08.006
10.1007/s11356-023-25731-0
10.1038/tp.2016.280
10.1016/j.envint.2021.106645
10.1016/j.neuro.2015.11.008
10.1371/journal.pone.0127102
10.1002/jat.3451
10.1016/j.envpol.2020.114716
10.3390/ijms21124306
10.1007/s11356-020-10574-w
10.1016/j.apsb.2020.11.023
10.1177/0192623307313011
10.1038/sj.cdd.4401378
10.1007/s11357-023-00913-3
10.1016/j.scitotenv.2019.02.447
10.1016/j.envres.2009.08.003
10.1038/srep22429
10.3233/JAD-200587
10.1001/jamaneurol.2021.1335
10.1289/EHP13009",Toxics,"['Alzheimer’s disease', 'Parkinson’s disease', 'ambient air pollution', 'meta-analysis', 'particulate matter']",,2025-02-25,"39997954
35163773
35725739
33882663
31410002
35262433
31631455
16713924
12777365
31556570
25904081
30298180
35532912
23071076
26739246
8179653
23714370
36584842
25256239
34634399
27448464
26037109
35971625
32813239
28716886
33782057
37256636
33171273
35286590
38493795
30287051
30497964
30206085
31399053
28342386
36463450
30366659
25310992
25978701
33484961
33555200
33370610
34347531
34799599
33091388
37060077
36116491
36447194
34383042
31964412
24886318
36777523
36269005
37003317
28809934
17445792
32760064
25951420
35364040
28300224
27614945
27285422
28886605
25294559
26151951
37086879
31786292
30124852
31103844
31776122
33887274
36201876
36763275
28140404
34015665
26610921
25992783
28299803
32559876
32560306
32870429
34522589
18349428
14765132
37688657
30852217
19733348
26928013
32925056
33999109
38175185","In total, 42 eligible studies were included. For each 5 μg/m",Ambient Air Pollution and Parkinson's Disease and Alzheimer's Disease: An Updated Meta-Analysis.,<Element 'PubmedArticle' at 0x777b01c276f0>,,,,,,
,"[{'affiliation': 'Laboratório de Neuropatologia Experimental, Universidade Federal do Pará, Belém, Brazil.', 'firstname': 'Bruno Lopes', 'initials': 'BL', 'lastname': 'Santos-Lobato'}]",,,10.1002/mds.30135,Movement disorders : official journal of the Movement Disorder Society,"[""Parkinson's disease"", 'environment', 'pesticide', 'risk factor']",,2025-02-06,39910845,,New Insights into the Association of Pesticide Exposure and Parkinson's Disease.,<Element 'PubmedArticle' at 0x777b01c6a8e0>,,,,,,
"The increasing prevalence of neurodegenerative diseases poses a significant public health challenge, prompting a growing focus on addressing modifiable risk factors of disease (e.g. physical inactivity, mental illness, and air pollution). The environment is a significant contributor of risk factors which are known to impact the brain and contribute to disease risk (e.g. air pollution, noise pollution, green and blue spaces). Epigenetics can offer insights into how various environmental exposures impact the body to contribute to cognitive outcomes. In this systematic review, we examined studies which have associated an environmental exposure to a type of epigenetic modification, DNA methylation, and a cognitive outcome. We searched four databases with keywords ""environmental exposures,"" ""epigenetics,"" and ""cognition."" We yielded 6886 studies that we screened by title/abstract followed by full text. We included 14 studies which focused on four categories of environmental exposure: air pollution (","[{'affiliation': ""Institute of Clinical Science B, Royal Victoria Hospital, Centre for Public Health, Queens' University Belfast, Grosvenor Rd, Belfast BT12 6BA, United Kingdom."", 'firstname': 'Sophie', 'initials': 'S', 'lastname': 'Glover'}, {'affiliation': ""Institute of Clinical Science B, Royal Victoria Hospital, Centre for Public Health, Queens' University Belfast, Grosvenor Rd, Belfast BT12 6BA, United Kingdom."", 'firstname': 'Jacob', 'initials': 'J', 'lastname': 'Illyuk'}, {'affiliation': ""Institute of Clinical Science B, Royal Victoria Hospital, Centre for Public Health, Queens' University Belfast, Grosvenor Rd, Belfast BT12 6BA, United Kingdom."", 'firstname': 'Claire', 'initials': 'C', 'lastname': 'Hill'}, {'affiliation': ""Institute of Clinical Science B, Royal Victoria Hospital, Centre for Public Health, Queens' University Belfast, Grosvenor Rd, Belfast BT12 6BA, United Kingdom."", 'firstname': 'Bernadette', 'initials': 'B', 'lastname': 'McGuinness'}, {'affiliation': ""Institute of Clinical Science B, Royal Victoria Hospital, Centre for Public Health, Queens' University Belfast, Grosvenor Rd, Belfast BT12 6BA, United Kingdom."", 'firstname': 'Amy Jayne', 'initials': 'AJ', 'lastname': 'McKnight'}, {'affiliation': ""Institute of Clinical Science B, Royal Victoria Hospital, Centre for Public Health, Queens' University Belfast, Grosvenor Rd, Belfast BT12 6BA, United Kingdom."", 'firstname': 'Ruth F', 'initials': 'RF', 'lastname': 'Hunter'}]",,© The Author(s) 2025. Published by Oxford University Press.,"10.1093/eep/dvae027
10.1016/S1474-4422(18)30403-4
10.1016/S2468-2667(20)30190-0
10.1016/S1474-4422(18)30499-X
10.17226/10028
10.1016/S0140-6736(20)30367-6
10.1289/ehp.7567
10.1038/s44184-022-00018-3
10.1186/s12877-016-0342-y
10.1038/s41467-021-27049-2
10.3389/fphar.2022.903099
10.1080/23748834.2024.2335707
10.1080/23748834.2020.1783479
10.1146/annurev-publhealth-040218-043657
10.3390/ijerph19042327
10.1016/j.scitotenv.2022.160129
10.4103/1463-1741.155833
10.1016/j.scitotenv.2022.157441
10.3389/fphar.2019.01008
10.1002/advs.202101251
10.1016/j.tins.2009.05.009
10.3389/fncel.2015.00124
10.1080/23748834.2024.2395141
10.1038/s41586-019-1411-0
10.1038/npp.2012.112
10.4161/epi.27584
10.1080/15592294.2021.1900028
10.1016/j.envpol.2019.05.038
10.1016/j.heliyon.2020.e04691
10.1186/s13148-022-01408-2
10.1016/j.envres.2016.11.017
10.1093/eep/dvy028
10.1136/bmjopen-2018-022404
10.1016/j.envres.2020.109226
10.3390/rs14153642
10.1186/s12877-023-04127-2
10.1136/lupus-2018-000285
10.1007/s40572-020-00287-0
10.1016/j.tox.2017.01.017
10.1016/j.ecoenv.2019.04.049
10.3390/ijerph19031405
10.1016/j.neuro.2016.07.007
10.3389/fneph.2022.923068
10.1186/s13148-021-01200-8
10.1136/bmj.n71
10.1016/S0140-6736(22)02218-8
10.1088/2752-5309/ad44cc
10.1186/s11689-020-09337-y
10.1186/s12877-023-04297-z
10.1016/j.envint.2016.12.009
10.1016/j.envint.2018.08.044
10.1289/EHP2034
10.1016/j.parkreldis.2015.01.007
10.1097/JOM.0000000000000474
10.1007/s12640-017-9736-7
10.1186/s13148-021-01051-3
10.1038/s41598-017-00384-5
10.1021/acs.est.0c01696
10.1016/j.scitotenv.2018.07.143
10.1186/s12868-020-00582-4
10.1186/s12874-018-0583-x
10.5414/NP300512
10.3233/JAD-220809
10.1016/j.semcdb.2015.02.002
10.1038/s12276-021-00634-7
10.2220/biomedres.43.23
10.1080/09603123.2023.2210109
10.3389/fcell.2020.00657
10.1016/j.bbi.2011.01.017
10.1177/1533317513505132
10.1007/s13730-023-00838-y
10.1002/ajmg.a.31564
10.1186/1476-069X-12-47
10.4049/jimmunol.175.6.3846
10.1016/j.envpol.2017.12.044
10.1016/j.neuro.2009.03.012
10.3233/JAD-200282
10.1016/j.toxlet.2018.06.1065
10.1038/s41598-022-13892-w
10.3390/ijms232112841
10.1186/s40478-018-0557-6
10.1038/s41374-019-0197-x
10.1111/nan.12213
10.1080/15548627.2019.1580096
10.1016/j.envpol.2021.116511
10.1093/eep/dvae005
10.1029/2021GH000546
10.1016/j.neurobiolaging.2014.07.018
10.1080/15592294.2022.2088464
10.1007/s12192-020-01124-x
10.1016/j.cities.2021.103413
10.1016/j.envres.2022.114081
10.1021/acs.est.7b00423
10.1186/s12989-020-00358-y
10.1093/toxsci/kfab147
10.1016/j.scitotenv.2019.134455
10.1016/S0140-6736(17)30003-X
10.1016/j.scitotenv.2022.159327
10.1016/j.amepre.2009.03.019
10.1016/j.scitotenv.2013.01.074
10.1016/j.scitotenv.2019.136125
10.1158/1055-9965.EPI-17-0232
10.1016/j.fsigen.2009.09.007
10.1016/0379-0738(88)90118-1
10.32607/actanaturae.11822
10.1016/j.ijheh.2021.113877
10.1016/j.envres.2023.115227
10.1289/ehp.1408561
10.1016/j.scitotenv.2021.150014
10.18632/aging.202251
10.7554/eLife.20532
10.2217/epi-2019-0040
10.1038/s41531-022-00284-0",Environmental epigenetics,"['biological pathways', 'brain', 'cognition', 'environment', 'epigenetic', 'metals', 'methylation', 'neurodegenerative disease', 'pollution', 'systematic review']",,2025-01-30,"39882510
30497964
33007212
30879893
30820070
32738937
16140637
38609523
27729011
34799599
36105221
32237990
27330484
35206515
36370798
25913551
35863567
31572186
34561961
19716187
25914621
31341302
22781841
24385016
33818294
31252124
32964150
36572933
27914298
30697444
30206085
32045727
37464306
30094041
32794033
28153600
31039460
35162428
27448464
37674991
34863305
33782057
33327939
37817067
28027800
30172926
38345197
35528545
30226399
25634431
26147539
28455778
33752746
28325913
33289392
30248838
32650713
30400827
22551914
36463451
25683283
34075202
35173113
37204020
32850797
21296655
24164934
38038886
17256789
23758843
16148131
29274537
19635390
32651318
29908845
35732753
36361631
29958544
30742061
25556536
30744518
33540251
38779494
36017488
25282336
35723001
32519137
35973463
28531345
32513186
34865172
31733547
28271845
36220476
19589452
23500830
31905584
28978562
20215026
2905319
36694897
34757248
36608759
25748564
34788942
33276343
28044981
31509016
35292689",,"A systematic review of associations between the environment, DNA methylation, and cognition.",<Element 'PubmedArticle' at 0x777b01c74450>,,,,,,
"Ensuring sustainable management of water is an indispensable part of sustainable development, however, the limelight on long-term health risk of water hardness is essential but remains inadequate. This study estimated effects of water hardness on the brain system to refine its systemic risk assessment. We assembled a cohort of 397,265 participants from the UK Biobank to investigate the associations of water hardness with neurodegenerative diseases and brain imaging phenotypes through modeling. We found water hardness in 0-120 mg/L elevated the incidence risks of Alzheimer's disease and vascular dementia compared to that in 120-300 mg/L, with hazard ratios of 1.13 (1.01, 1.27) and 1.24 (1.05, 1.46), respectively. Furthermore, the associations with partial cerebral atrophy were also observed, including the caudate nucleus and inferior parietal lobule. Our study provides insights into the importance of enacting more precise guidelines about water hardness and contributes to the achievement of the Sustainable Development Goals.","[{'affiliation': 'School of Public Health, Shanghai Jiao Tong University School of Medicine, Shanghai, China.', 'firstname': 'Yujia', 'initials': 'Y', 'lastname': 'Bao'}, {'affiliation': 'School of Public Health, Shanghai Jiao Tong University School of Medicine, Shanghai, China.', 'firstname': 'Yongxuan', 'initials': 'Y', 'lastname': 'Li'}, {'affiliation': 'School of Public Health, Shanghai Jiao Tong University School of Medicine, Shanghai, China.', 'firstname': 'Yanqiu', 'initials': 'Y', 'lastname': 'Zhou'}, {'affiliation': 'School of Public Health, Shanghai Jiao Tong University School of Medicine, Shanghai, China.', 'firstname': 'Jingqi', 'initials': 'J', 'lastname': 'Zhou'}, {'affiliation': 'School of Public Health, Shanghai Jiao Tong University School of Medicine, Shanghai, China.', 'firstname': 'Wei', 'initials': 'W', 'lastname': 'Mu'}, {'affiliation': 'School of Public Health, Shanghai Jiao Tong University School of Medicine, Shanghai, China.', 'firstname': 'Xiaobei', 'initials': 'X', 'lastname': 'Deng'}, {'affiliation': 'MRC Centre for Environment and Health, Department of Epidemiology and Biostatistics, School of Public Health, Imperial College London, UK.', 'firstname': 'Chen', 'initials': 'C', 'lastname': 'Shen'}, {'affiliation': 'School of Global Health, Shanghai Jiao Tong University School of Medicine, Shanghai, China. Electronic address: lfhan@sjtu.edu.cn.', 'firstname': 'Lefei', 'initials': 'L', 'lastname': 'Han'}, {'affiliation': 'School of Public Health, Shanghai Jiao Tong University School of Medicine, Shanghai, China. Electronic address: jinjunr@sjtu.edu.cn.', 'firstname': 'Jinjun', 'initials': 'J', 'lastname': 'Ran'}]",,Copyright © 2025 The Authors. Published by Elsevier Inc. All rights reserved.,10.1016/j.ecoenv.2024.117647,Ecotoxicology and environmental safety,"['Brain health', 'Drinking water quality', 'Environmental epidemiology', 'Human health effect', 'Neurodegenerative disease']",,2025-01-06,39756179,,Water quality and neurodegenerative disease risk in the middle-aged and elderly population.,<Element 'PubmedArticle' at 0x777b01ac81d0>,,,,,,
"The ongoing quest to discover effective treatments for diseases remains a significant challenge for the scientific community. Multicomponent reactions (MCRs) have emerged as powerful tools in accelerating drug discovery, enabling the rapid generation of chemical libraries with high diversity in a time-efficient and environmentally sustainable manner. In this review, we focus on central nervous system (CNS) disorders, particularly Alzheimer's disease, Parkinson's disease, schizophrenia, depression, and epilepsy, where MCRs have contributed to the development of promising ligands in recent years. Rather than providing an exhaustive overview, this review aims to highlight key studies that address major CNS pathologies, relevant drug targets, and various MCR approaches. We have carefully selected representative articles and apologize to the authors whose important contributions may not be included. By concentrating on these pivotal studies, we strive to offer a clear and concise perspective on current research trends and breakthroughs in this field.","[{'affiliation': 'Centro Singular de Investigación en Química Biolóxica e Materiais Moleculares (CIQUS), Universidade de Santiago de Compostela, 15782 Santiago de Compostela, Spain.\nDepartamento de Química Orgánica, Facultade de Farmacia, Universidade de Santiago de Compostela, 15782 Santiago de Compostela, Spain.', 'firstname': 'Lucía', 'initials': 'L', 'lastname': 'Campos-Prieto'}, {'affiliation': 'Centro Singular de Investigación en Química Biolóxica e Materiais Moleculares (CIQUS), Universidade de Santiago de Compostela, 15782 Santiago de Compostela, Spain.\nDepartamento de Química Orgánica, Facultade de Farmacia, Universidade de Santiago de Compostela, 15782 Santiago de Compostela, Spain.', 'firstname': 'Aitor', 'initials': 'A', 'lastname': 'García-Rey'}, {'affiliation': 'Centro Singular de Investigación en Química Biolóxica e Materiais Moleculares (CIQUS), Universidade de Santiago de Compostela, 15782 Santiago de Compostela, Spain.\nDepartamento de Química Orgánica, Facultade de Farmacia, Universidade de Santiago de Compostela, 15782 Santiago de Compostela, Spain.', 'firstname': 'Eddy', 'initials': 'E', 'lastname': 'Sotelo'}, {'affiliation': 'Laboratory of Medicinal Chemistry (CSIC Associated Unit), Faculty of Pharmacy and Food Sciences, University of Barcelona, Av. Joan XXIII, 27-31, E-08028 Barcelona, Spain.\nInstitute of Biomedicine of the University of Barcelona (IBUB), Av. Diagonal 643, E-08028 Barcelona, Spain.', 'firstname': 'Ana', 'initials': 'A', 'lastname': 'Mallo-Abreu'}]",,"Copyright © 2024, Campos-Prieto et al.","10.3762/bjoc.20.261
10.1002/anie.202011253
10.3390/molecules26071986
10.3390/molecules24132372
10.3762/bjoc.15.192
10.1021/acscombsci.7b00179
10.3390/molecules28041642
10.1021/acs.joc.3c01206
10.3390/pharmaceutics16010121
10.3390/molecules26134024
10.1007/s10311-022-01482-1
10.1002/anie.201812620
10.1016/j.ultsonch.2021.105704
10.1002/chem.202301826
10.3762/bjoc.17.71
10.1002/anie.201901506
10.1039/d0ra07501a
10.3389/fchem.2018.00557
10.3390/nano12132140
10.1002/advs.202201740
10.1016/j.neuint.2021.105101
10.1017/s003329171700383x
10.1007/s11033-019-05129-3
10.1055/s-0040-1718719
10.3390/ph15050545
10.1016/s0140-6736(20)32205-4
10.3390/diagnostics14070704
10.1080/02652048.2020.1756971
10.1016/j.ejmech.2021.113320
10.1016/j.semcdb.2022.05.028
10.3233/jad-190863
10.3233/jad-161088
10.1038/s41573-021-00233-1
10.1021/acsmedchemlett.1c00344
10.1016/j.bmcl.2018.11.005
10.4155/fmc-2019-0191
10.1039/c7ob02182h
10.3390/molecules24142636
10.1002/cmdc.201402409
10.1021/acs.jmedchem.6b01178
10.1016/j.ejmech.2023.115354
10.1016/j.ejmech.2014.05.002
10.3390/molecules21050634
10.1016/j.bioorg.2019.103205
10.1111/jpi.12267
10.1017/s1461145711000149
10.2174/1567205016666191011112624
10.1007/s11030-022-10502-9
10.3389/fnins.2021.614107
10.1002/slct.201701364
10.1002/9781118863992.ch13
10.3390/molecules26247643
10.1021/acsmedchemlett.2c00325
10.1159/000524400
10.1002/14651858.cd001026.pub2
10.1039/d0ob02600j
10.3390/ph15081009
10.1007/s10593-017-2065-1
10.1021/acs.joc.5b00955
10.1016/j.tet.2017.09.028
10.1021/ol503628r
10.1002/ejoc.201701509
10.1016/j.tetlet.2019.01.009
10.1021/acs.chemrev.8b00564
10.1007/s11030-019-09972-1
10.1016/j.tetlet.2015.07.083
10.1055/s-0035-1562457
10.1021/acs.jmedchem.1c00704
10.1038/s41386-020-0764-2
10.1021/op100325h
10.1016/j.semcdb.2019.02.003
10.1016/j.jpainsymman.2018.07.012
10.1055/s-0036-1588672
10.1111/j.1528-1167.2005.66504.x",Beilstein journal of organic chemistry,"['Alzheimer', 'Parkinson', 'depression', 'epilepsy', 'multicomponent reactions', 'schizophrenia']",,2024-12-13,"39669443
33048416
33915870
31252514
31501663
29323868
36838630
37493511
38258131
34209381
36060495
30589179
34454180
37369918
33968258
30805991
35514898
30525022
35807977
35851766
34139298
29334044
31612411
33155183
35631371
33667416
38611617
32293915
33652356
35690535
31744008
28059794
34194012
34795859
30455151
31838896
29087411
31331116
25537267
27736061
37043996
24819955
27187348
31446330
26272235
21329555
31660831
35900638
34108853
34946726
36655130
35504267
31158298
33899847
36015157
26309135
25607886
30707567
31222498
34110150
32663839
30826548
30036676
15946322",,Multicomponent reactions driving the discovery and optimization of agents targeting central nervous system pathologies.,<Element 'PubmedArticle' at 0x777b01acbf10>,,,,,,
"Non-metallic catalysis has been known as a remarkable development strategy for hydrofunctionalization of unsaturated hydrocarbons. Herein, we report a unique chemically active method of BF","[{'affiliation': 'School of Chemical and Environmental Engineering, Shanghai Institute of Technology, Shanghai, China.\nState Key Laboratory of Chemical Biology, State Key Laboratory of Drug Research, Shanghai Institute of Materia Medica, Chinese Academy of Sciences, Zhangjiang Hi-Tech Park, Shanghai, China.\nShandong Laboratory of Yantai Drug Discovery, Bohai Rim Advanced Research Institute for Drug Discovery, Yantai, Shandong, China.', 'firstname': 'Chang-Wei', 'initials': 'CW', 'lastname': 'Shao'}, {'affiliation': 'Shandong Laboratory of Yantai Drug Discovery, Bohai Rim Advanced Research Institute for Drug Discovery, Yantai, Shandong, China.', 'firstname': 'Pei-Feng', 'initials': 'PF', 'lastname': 'Wan'}, {'affiliation': 'State Key Laboratory of Chemical Biology, State Key Laboratory of Drug Research, Shanghai Institute of Materia Medica, Chinese Academy of Sciences, Zhangjiang Hi-Tech Park, Shanghai, China.\nShandong Laboratory of Yantai Drug Discovery, Bohai Rim Advanced Research Institute for Drug Discovery, Yantai, Shandong, China.', 'firstname': 'Quan', 'initials': 'Q', 'lastname': 'Xu'}, {'affiliation': 'State Key Laboratory of Chemical Biology, State Key Laboratory of Drug Research, Shanghai Institute of Materia Medica, Chinese Academy of Sciences, Zhangjiang Hi-Tech Park, Shanghai, China.\nShandong Laboratory of Yantai Drug Discovery, Bohai Rim Advanced Research Institute for Drug Discovery, Yantai, Shandong, China.', 'firstname': 'Ze-Nan', 'initials': 'ZN', 'lastname': 'Yang'}, {'affiliation': 'State Key Laboratory of Chemical Biology, State Key Laboratory of Drug Research, Shanghai Institute of Materia Medica, Chinese Academy of Sciences, Zhangjiang Hi-Tech Park, Shanghai, China.\nShandong Laboratory of Yantai Drug Discovery, Bohai Rim Advanced Research Institute for Drug Discovery, Yantai, Shandong, China.', 'firstname': 'Mei-Yu', 'initials': 'MY', 'lastname': 'Geng'}, {'affiliation': 'State Key Laboratory of Chemical Biology, State Key Laboratory of Drug Research, Shanghai Institute of Materia Medica, Chinese Academy of Sciences, Zhangjiang Hi-Tech Park, Shanghai, China. zhangyu5@simm.ac.cn.\nShandong Laboratory of Yantai Drug Discovery, Bohai Rim Advanced Research Institute for Drug Discovery, Yantai, Shandong, China. zhangyu5@simm.ac.cn.', 'firstname': 'Yu', 'initials': 'Y', 'lastname': 'Zhang'}, {'affiliation': 'School of Chemical and Environmental Engineering, Shanghai Institute of Technology, Shanghai, China. xhzhang@sit.edu.cn.', 'firstname': 'Xing-Hua', 'initials': 'XH', 'lastname': 'Zhang'}, {'affiliation': 'State Key Laboratory of Chemical Biology, State Key Laboratory of Drug Research, Shanghai Institute of Materia Medica, Chinese Academy of Sciences, Zhangjiang Hi-Tech Park, Shanghai, China. xwli@simm.ac.cn.\nShandong Laboratory of Yantai Drug Discovery, Bohai Rim Advanced Research Institute for Drug Discovery, Yantai, Shandong, China. xwli@simm.ac.cn.', 'firstname': 'Xu-Wen', 'initials': 'XW', 'lastname': 'Li'}]",,© 2024. The Author(s).,10.1038/s42004-024-01326-9,Communications chemistry,[],,2024-12-06,"39638940
29517841
32077681
33301308
31802082
33871137
36424372
38019148
37527349
29894021
28128936
36330602
38019885
37432783
36125970
1962206
8860685
32409003
38904176
39277596
31609062
35519696
31017400
28846830
27001942
24481377
21619044
17299636
27461578
34011145
35770649
30633284
27588818
34617556
27940818
22926915
28703388
28991469
30515921
32903017
36854068
35147284
30079592
9944570
21370243
19366259
35133141
22162017
8744570
20394428
35661526
11403877
37145378",,Phosphinothio(seleno)ation of alkynes/olefins and application on the late-stage functionalization of natural products.,<Element 'PubmedArticle' at 0x777b01af9a80>,,,,,,
"Following up the previously published systematic review on the same topic and realizing that new studies and evidence had emerged on the matter, we conducted an update on the same research terms. With the objective of updating the information relating environmental risk factors on neurodegenerative diseases and the geographic approaches used to address them, we searched PubMed, Web of Science and Scopus for all scientific studies considering the following three domains: neurodegenerative disease, environmental atmospheric factor and geographical analysis, using the same keywords as in the previously published systematic review. From February 2020 to February 2023, 35 papers were included versus 34 in the previous period, with dementia (including Alzheimer's disease) being the most focused disease (60.0%) in this update, opposed to multiple sclerosis on the last review (55.9%). Also, environmental pollutants such as PM","[{'affiliation': 'Center for Health Technology and Services Research (CINTESIS@RISE), Faculty of Medicine, University of Porto, Rua Doutor Plácido da Costa, s/n, Porto, 4200-450, Portugal. mariana_ramos_oliveira@hotmail.com.\nDepartment of Community Medicine, Information and Health Decision Sciences (MEDCIDS), Faculty of Medicine, University of Porto, Rua Doutor Plácido da Costa s/n, 4200-450, Porto, Portugal. mariana_ramos_oliveira@hotmail.com.', 'firstname': 'Mariana', 'initials': 'M', 'lastname': 'Oliveira'}, {'affiliation': 'Floradata - Biodiversidade, Ambiente e Recursos Naturais Lda, Campo 24 de Agosto, 129 - Escritório 704, 4300-504, Porto, Portugal.', 'firstname': 'André', 'initials': 'A', 'lastname': 'Padrão'}, {'affiliation': 'Department of Geosciences, Environment and Land Planning, Faculty of Sciences, University of Porto, Rua Do Campo Alegre 687, 4169-007, Porto, Portugal.\nEarth Sciences Institute (ICT), Pole of the FCUP, University of Porto, 4169-007, Porto, Portugal.', 'firstname': 'Ana Cláudia', 'initials': 'AC', 'lastname': 'Teodoro'}, {'affiliation': 'Center for Health Technology and Services Research (CINTESIS@RISE), Faculty of Medicine, University of Porto, Rua Doutor Plácido da Costa, s/n, Porto, 4200-450, Portugal.\nDepartment of Community Medicine, Information and Health Decision Sciences (MEDCIDS), Faculty of Medicine, University of Porto, Rua Doutor Plácido da Costa s/n, 4200-450, Porto, Portugal.', 'firstname': 'Alberto', 'initials': 'A', 'lastname': 'Freitas'}, {'affiliation': 'Center for Health Technology and Services Research (CINTESIS@RISE), Faculty of Medicine, University of Porto, Rua Doutor Plácido da Costa, s/n, Porto, 4200-450, Portugal.\nDepartment of Community Medicine, Information and Health Decision Sciences (MEDCIDS), Faculty of Medicine, University of Porto, Rua Doutor Plácido da Costa s/n, 4200-450, Porto, Portugal.', 'firstname': 'Hernâni', 'initials': 'H', 'lastname': 'Gonçalves'}]",,© 2024. The Author(s).,10.1186/s13643-024-02637-7,Systematic reviews,"['Environment', 'Epidemiology', 'Geospatial', 'Neurodegenerative', 'Systematic review', 'Systematic review update']",,2024-10-25,"39449020
27050202
31428316
16140637
30577116
22523504
25914621
33202965
24258882
29852480
33499343
36220441
28917207
30822651
31678904
32193278
32151419
33276778
25310992
32739624
31964412
29103040
33484961
33370610
34015665
34242242
33904156
34557784
33065503
36244228
34983871
36322355
36447194
34383042
36777523
31678904
32151419
36777523
27098242
4927601
6885956
3658080
11490162
18433841
21143594
21156437
21502600
25877452
25501708
26809141
27669512
28080218
29526408
29932357
30270719
29455071
33577489
32894443
34199394
34126372
33901187
34093398
33403633
33316725
35410900
36629499
29141802
30349849
17445792
20959505
27285422
27640071
28033496
31786292
27697291
33476876
36516478
22214351",,Geospatial analysis of environmental atmospheric risk factors in neurodegenerative diseases: a systematic review update.,<Element 'PubmedArticle' at 0x777b01b13a10>,,,,,,
We examined the effect of annual exposure to fine particulate matter (PM,"[{'affiliation': 'Department of Environmental Health, Harvard T.H. Chan School of Public Health, Boston, MA, USA. vwang@hsph.harvard.edu.', 'firstname': 'Veronica A', 'initials': 'VA', 'lastname': 'Wang'}, {'affiliation': 'Department of Environmental Health, Harvard T.H. Chan School of Public Health, Boston, MA, USA.', 'firstname': 'Scott', 'initials': 'S', 'lastname': 'Delaney'}, {'affiliation': ""Division of Pulmonary Medicine, Boston Children's Hospital, Boston, MA, USA."", 'firstname': 'Lauren E', 'initials': 'LE', 'lastname': 'Flynn'}, {'affiliation': 'Barrow Neurological Institute, Phoenix, AZ, USA.\nFaculty of Health Sciences, University of the Witwatersrand, Johannesburg, South Africa.', 'firstname': 'Brad A', 'initials': 'BA', 'lastname': 'Racette'}, {'affiliation': 'Department of Environmental Health Sciences, Mailman School of Public Health, Columbia University, New York, NY, USA.', 'firstname': 'Gary W', 'initials': 'GW', 'lastname': 'Miller'}, {'affiliation': 'Department of Biostatistics, Harvard T.H. Chan School of Public Health, Boston, MA, USA.\nDepartment of Data Science, Dana Farber Cancer Institute, Boston, MA, USA.', 'firstname': 'Danielle', 'initials': 'D', 'lastname': 'Braun'}, {'affiliation': 'Department of Environmental Health, Harvard T.H. Chan School of Public Health, Boston, MA, USA.', 'firstname': 'Antonella', 'initials': 'A', 'lastname': 'Zanobetti'}, {'affiliation': 'Department of Biostatistics, Harvard T.H. Chan School of Public Health, Boston, MA, USA.', 'firstname': 'Daniel', 'initials': 'D', 'lastname': 'Mork'}]",,© 2024. The Author(s).,10.1038/s41531-024-00815-x,NPJ Parkinson's disease,[],,2024-10-25,"39448632
30003140
32665974
35332791
37903644
30606679
30391837
31770719
38457975
25978701
33091388
24886318
34218186
38383041
36936557
36521347
35043999
15204759
24344990
37128335
37927256
33672290
26110197
31272018
31851499
32808786
31688554
18682488
38524247",,The effect of air pollution on hospitalizations with Parkinson's disease among medicare beneficiaries nationwide.,<Element 'PubmedArticle' at 0x777b01b400e0>,,,,,,
"Since silver nanoparticles (AgNPs) and polystyrene microplastics (PS-MP) share common environmental niches, their interactions can modulate their hazard impacts. Herein, we assessed the developmental toxicity of 1 mg/L PS-MP, 0.5 mg/L AgNPs and the mixtures of AgNPs and PS-MP on embryo-larval zebrafish. We found that AgNPs co-exposure with PS-MP remarkably decreased mortality rates, malformation rates, heart rates and yolk sac area, while it increased hatching rates and eye size compared to the AgNPs group. These phenomena revealed that the cell cycle, oxidative stress, apoptosis, lipid metabolism, ferroptosis and p53 signalling pathway were obviously affected by single AgNPs exposure at 96 hpf (hours post fertilization). Interestingly, all these effects were effectively ameliorated by co-exposure with PS-MP. The combination of transcriptomic and metabolomic analyses showed that the imbalance of DEGs (differentially expressed genes) and DEMs (differentially expressed metabolites) (PI, phosphatidylinositol and TAG-FA, triacylglycerol-fatty acid) disturbed both the cell cycle and lipid metabolism following single AgNPs exposure and co-exposure with PS-MP. These findings suggest that PS-MP attenuates the developmental toxicity of AgNPs on embryo-larval zebrafish. Overall, this study provides important insight into understanding the transcriptional responses and mechanisms of AgNPs alone or in combination with PS-MPs on embryo-larval zebrafish, providing a reference for ecological risk assessment of combined exposure to PS-MP and metal nanoparticles.","[{'affiliation': ""Hubei Provincial Clinical Research Center for Accurate Fetus Malformation Diagnosis, Xiangyang No. 1 People's Hospital, Hubei University of Medicine, Xiangyang 441000, China; Key Laboratory of Zebrafish Modeling and Drug Screening for Human Diseases of Xiangyang City, Department of Obstetrics and Gynaecology, Xiangyang No. 1 People's Hospital, Hubei University of Medicine, Xiangyang 441000, China."", 'firstname': 'Qiao-Hong', 'initials': 'QH', 'lastname': 'Xiao'}, {'affiliation': ""Department of Nuclear Medicine, Xiangyang No. 1 People's Hospital, Hubei University of Medicine, Xiangyang 441000, China."", 'firstname': 'Hao', 'initials': 'H', 'lastname': 'Xiang'}, {'affiliation': ""Hubei Provincial Clinical Research Center for Accurate Fetus Malformation Diagnosis, Xiangyang No. 1 People's Hospital, Hubei University of Medicine, Xiangyang 441000, China; Key Laboratory of Zebrafish Modeling and Drug Screening for Human Diseases of Xiangyang City, Department of Obstetrics and Gynaecology, Xiangyang No. 1 People's Hospital, Hubei University of Medicine, Xiangyang 441000, China."", 'firstname': 'Ya-Nan', 'initials': 'YN', 'lastname': 'Tian'}, {'affiliation': ""Hubei Provincial Clinical Research Center for Accurate Fetus Malformation Diagnosis, Xiangyang No. 1 People's Hospital, Hubei University of Medicine, Xiangyang 441000, China; Key Laboratory of Zebrafish Modeling and Drug Screening for Human Diseases of Xiangyang City, Department of Obstetrics and Gynaecology, Xiangyang No. 1 People's Hospital, Hubei University of Medicine, Xiangyang 441000, China."", 'firstname': 'Jiao-Long', 'initials': 'JL', 'lastname': 'Huang'}, {'affiliation': ""Hubei Provincial Clinical Research Center for Accurate Fetus Malformation Diagnosis, Xiangyang No. 1 People's Hospital, Hubei University of Medicine, Xiangyang 441000, China; Key Laboratory of Zebrafish Modeling and Drug Screening for Human Diseases of Xiangyang City, Department of Obstetrics and Gynaecology, Xiangyang No. 1 People's Hospital, Hubei University of Medicine, Xiangyang 441000, China."", 'firstname': 'Ming-Qun', 'initials': 'MQ', 'lastname': 'Li'}, {'affiliation': ""Hubei Provincial Clinical Research Center for Parkinson's Disease, Xiangyang No. 1 People's Hospital, Hubei University of Medicine, Xiangyang 441000, China."", 'firstname': 'Pu-Qing', 'initials': 'PQ', 'lastname': 'Wang'}, {'affiliation': ""Hubei Provincial Clinical Research Center for Accurate Fetus Malformation Diagnosis, Xiangyang No. 1 People's Hospital, Hubei University of Medicine, Xiangyang 441000, China."", 'firstname': 'Kai', 'initials': 'K', 'lastname': 'Lian'}, {'affiliation': ""Hubei Provincial Clinical Research Center for Accurate Fetus Malformation Diagnosis, Xiangyang No. 1 People's Hospital, Hubei University of Medicine, Xiangyang 441000, China; Key Laboratory of Zebrafish Modeling and Drug Screening for Human Diseases of Xiangyang City, Department of Obstetrics and Gynaecology, Xiangyang No. 1 People's Hospital, Hubei University of Medicine, Xiangyang 441000, China."", 'firstname': 'Peng-Xia', 'initials': 'PX', 'lastname': 'Yu'}, {'affiliation': ""Key Laboratory of Zebrafish Modeling and Drug Screening for Human Diseases of Xiangyang City, Department of Obstetrics and Gynaecology, Xiangyang No. 1 People's Hospital, Hubei University of Medicine, Xiangyang 441000, China."", 'firstname': 'Meng-Yao', 'initials': 'MY', 'lastname': 'Xu'}, {'affiliation': ""Key Laboratory of Zebrafish Modeling and Drug Screening for Human Diseases of Xiangyang City, Department of Obstetrics and Gynaecology, Xiangyang No. 1 People's Hospital, Hubei University of Medicine, Xiangyang 441000, China."", 'firstname': 'Ruo-Nan', 'initials': 'RN', 'lastname': 'Zhang'}, {'affiliation': ""Key Laboratory of Zebrafish Modeling and Drug Screening for Human Diseases of Xiangyang City, Department of Obstetrics and Gynaecology, Xiangyang No. 1 People's Hospital, Hubei University of Medicine, Xiangyang 441000, China."", 'firstname': 'Yan', 'initials': 'Y', 'lastname': 'Zhang'}, {'affiliation': ""Key Laboratory of Zebrafish Modeling and Drug Screening for Human Diseases of Xiangyang City, Department of Obstetrics and Gynaecology, Xiangyang No. 1 People's Hospital, Hubei University of Medicine, Xiangyang 441000, China."", 'firstname': 'Jie', 'initials': 'J', 'lastname': 'Huang'}, {'affiliation': 'Center for Environment and Health in Water Source Area of South-to-North Water Diversion, School of Public Health, Hubei University of Medicine, Shiyan 442000, China. Electronic address: weichengzhang@nynu.edu.cn.', 'firstname': 'Wei-Cheng', 'initials': 'WC', 'lastname': 'Zhang'}, {'affiliation': ""Hubei Provincial Clinical Research Center for Accurate Fetus Malformation Diagnosis, Xiangyang No. 1 People's Hospital, Hubei University of Medicine, Xiangyang 441000, China; Key Laboratory of Zebrafish Modeling and Drug Screening for Human Diseases of Xiangyang City, Department of Obstetrics and Gynaecology, Xiangyang No. 1 People's Hospital, Hubei University of Medicine, Xiangyang 441000, China. Electronic address: meduanpeng@163.com."", 'firstname': 'Peng', 'initials': 'P', 'lastname': 'Duan'}]",,Copyright © 2024 Elsevier B.V. All rights reserved.,10.1016/j.scitotenv.2024.176485,The Science of the total environment,"['Combined toxicities', 'Lipidomics', 'Polystyrene microplastics', 'Silver nanoparticles', 'Transcriptomics']",,2024-09-29,39341243,,Polystyrene microplastics alleviate the developmental toxicity of silver nanoparticles in embryo-larval zebrafish (Danio rerio) at the transcriptomic level.,<Element 'PubmedArticle' at 0x777b01b4b290>,,,,,,
"The role of air pollution in risk and progression of Parkinson disease (PD) is unclear.
To assess whether air pollution is associated with increased risk of PD and clinical characteristics of PD.
This population-based case-control study included patients with PD and matched controls from the Rochester Epidemiology Project from 1998 to 2015. Data were analyzed from January to June 2024.
Mean annual exposure to particulate matter with a diameter of 2.5 µm or less (PM2.5) from 1998 to 2015 and mean annual exposure to nitrogen dioxide (NO2) from 2000 to 2014.
Outcomes of interest were PD risk, all-cause mortality, presence of tremor-predominant vs akinetic rigid PD, and development of dyskinesia. Models were adjusted for age, sex, race and ethnicity, year of index, and urban vs rural residence.
A total of 346 patients with PD (median [IQR] age 72 [65-80] years; 216 [62.4%] male) were identified and matched on age and sex with 4813 controls (median [IQR] age, 72 [65-79] years, 2946 [61.2%] male). Greater PM2.5 exposure was associated with increased PD risk, and this risk was greatest after restricting to populations within metropolitan cores (odds ratio [OR], 1.23; 95% CI, 1.11-1.35) for the top quintile of PM2.5 exposure compared with the bottom quintile. Greater NO2 exposure was also associated with increased PD risk when comparing the top quintile with the bottom quintile (OR, 1.13; 95% CI, 1.07-1.19). Air pollution was associated with a 36% increased risk of akinetic rigid presentation (OR per each 1-μg/m3 increase in PM2.5, 1.36; 95% CI, 1.02-1.80). In analyses among patients with PD only, higher PM2.5 exposure was associated with greater risk for developing dyskinesia (HR per 1-μg/m3 increase in PM2.5, 1.42; 95% CI, 1.17-1.73), as was increased NO2 exposure (HR per 1 μg/m3 increase in NO2, 1.13; 95% CI, 1.06-1.19). There was no association between PM2.5 and all-cause mortality among patients with PD.
In this case-control study of air pollution and PD, higher levels of PM2.5 and NO2 exposure were associated with increased risk of PD; also, higher levels of PM2.5 exposure were associated with increased risk of developing akinetic rigid PD and dyskinesia compared with patients with PD exposed to lower levels. These findings suggest that reducing air pollution may reduce risk of PD, modify the PD phenotype, and reduce risk of dyskinesia.","[{'affiliation': 'Barrow Neurological Institute, Phoenix, Arizona.', 'firstname': 'Brittany', 'initials': 'B', 'lastname': 'Krzyzanowski'}, {'affiliation': 'Department of Quantitative Health Sciences, Mayo Clinic, Rochester, Minnesota.', 'firstname': 'Aidan F', 'initials': 'AF', 'lastname': 'Mullan'}, {'affiliation': 'Department of Neurology, Mayo Clinic, Rochester, Minnesota.', 'firstname': 'Pierpaolo', 'initials': 'P', 'lastname': 'Turcano'}, {'affiliation': 'Department of Neurology, University of Kansas Medical Center, Kansas City.', 'firstname': 'Emanuele', 'initials': 'E', 'lastname': 'Camerucci'}, {'affiliation': 'Department of Neurology, Mayo Clinic, Rochester, Minnesota.', 'firstname': 'James H', 'initials': 'JH', 'lastname': 'Bower'}, {'affiliation': 'Department of Neurology, Mayo Clinic, Rochester, Minnesota.', 'firstname': 'Rodolfo', 'initials': 'R', 'lastname': 'Savica'}]",,,"10.1001/jamanetworkopen.2024.33602
10.1038/s41531-018-0058-0
10.1002/mds.27277
10.1016/S1474-4422(20)30302-1
10.1016/S1474-4422(16)30230-7
10.1212/WNL.0000000000207871
10.1289/EHP259
10.1016/j.envint.2022.107667
10.1097/EE9.0000000000000023
10.1097/JOM.0000000000000451
10.1289/ehp.1408973
10.1016/S2542-5196(20)30227-8
10.1093/ije/dyy172
10.1016/j.envres.2021.111170
10.1186/s12940-020-0565-4
10.1177/0192623307313011
10.1016/j.neuro.2020.05.004
10.1002/ana.24460
10.1007/s11356-015-5222-z
10.1016/j.envpol.2013.10.026
10.1186/s12974-016-0480-3
10.1093/aje/kwy194
10.1001/jamaneurol.2021.1335
10.1001/jamaneurol.2013.114
10.1093/ije/dyx268
10.1021/acs.est.5b02076
10.1371/journal.pone.0253253
10.1016/j.envint.2017.08.020
10.1016/j.neuro.2016.07.007
10.1016/j.neuro.2021.10.009
10.1289/EHP135
10.1186/1476-069X-13-80
10.4209/aaqr.2009.10.0063
10.1021/acs.estlett.2c00203
10.3389/fnins.2019.00550
10.1212/WNL.35.7.949
10.1152/jn.1994.72.2.521
10.1002/mds.870131305
10.1016/0166-2236(89)90135-5
10.1002/mds.23068
10.1111/j.1468-1331.2008.02106.x
10.1212/WNL.40.2.340
10.1136/jnnp.53.3.224
10.1212/WNL.0000000000004536
10.1002/mds.27125",JAMA network open,[],,2024-09-17,"39283636
30003140
29356127
27751556
37903644
28886605
36516478
25951420
25978701
33091388
30124852
33887274
31964412
18349428
32450181
26075655
26304807
24333687
26810976
30165598
33999109
23689920
29346555
26261937
34242242
28917207
27448464
34718062
27285422
25294559
35719860
31191237
3874373
7983516
9827591
2469210
20310028
18355302
2405297
2324754
28864676
28843020","A total of 346 patients with PD (median [IQR] age 72 [65-80] years; 216 [62.4%] male) were identified and matched on age and sex with 4813 controls (median [IQR] age, 72 [65-79] years, 2946 [61.2%] male). Greater PM2.5 exposure was associated with increased PD risk, and this risk was greatest after restricting to populations within metropolitan cores (odds ratio [OR], 1.23; 95% CI, 1.11-1.35) for the top quintile of PM2.5 exposure compared with the bottom quintile. Greater NO2 exposure was also associated with increased PD risk when comparing the top quintile with the bottom quintile (OR, 1.13; 95% CI, 1.07-1.19). Air pollution was associated with a 36% increased risk of akinetic rigid presentation (OR per each 1-μg/m3 increase in PM2.5, 1.36; 95% CI, 1.02-1.80). In analyses among patients with PD only, higher PM2.5 exposure was associated with greater risk for developing dyskinesia (HR per 1-μg/m3 increase in PM2.5, 1.42; 95% CI, 1.17-1.73), as was increased NO2 exposure (HR per 1 μg/m3 increase in NO2, 1.13; 95% CI, 1.06-1.19). There was no association between PM2.5 and all-cause mortality among patients with PD.",Air Pollution and Parkinson Disease in a Population-Based Study.,<Element 'PubmedArticle' at 0x777b01b57bf0>,,,,,,
"Increasing research has focused on the impact of air pollution on brain health. As the prevalence of air pollution is increasing alongside other environmental harms, the importance of studying the effects of these changes on human health has become more significant. Additionally, gaining insight into how air pollution exposure, measured at different points in the lifespan, can affect brain structure is critical, as this could be a precursor to cognitive decline later in life. The purpose of this review was to synthesize the literature on the association between air pollutant exposure and cortical thickness, a structural change with known associations with later cognition and neurodegenerative disease. After screening, twelve studies were included in this systematic review. Across a majority of studies, results suggest significant associations between increasing air pollution exposure and decreases in cortical thickness, primarily in areas such as prefrontal cortex, precuneus, and temporal regions of the brain. These results did differ somewhat between age groups and different air pollutants, with the most prominent results being found with exposure to PM","[{'affiliation': 'University of Pennsylvania, College of Arts & Sciences, 249 S 36th St, Philadelphia, PA 19104, United States.', 'firstname': 'Aurora', 'initials': 'A', 'lastname': 'Yuan'}, {'affiliation': 'University of Michigan, School of Public Health, 1415 Washington Heights, Ann Arbor, MI 48109, United States.', 'firstname': 'Olivia', 'initials': 'O', 'lastname': 'Halabicky'}, {'affiliation': 'University of Pennsylvania, School of Nursing, 418 Curie Blvd, Philadelphia, PA 19104, United States. Electronic address: jhliu@nursing.upenn.edu.', 'firstname': 'Jianghong', 'initials': 'J', 'lastname': 'Liu'}]",,Copyright © 2024 International Brain Research Organization (IBRO). Published by Elsevier Inc. All rights reserved.,10.1016/j.neuroscience.2024.08.040,Neuroscience,"['Air pollution', 'Cortical thickness', 'Magnetic resonance imaging']",,2024-09-06,39236801,,Association between air pollution exposure and brain cortical thickness throughout the lifespan: A systematic review.,<Element 'PubmedArticle' at 0x777b01b7d9e0>,,,,,,
"Typhoid and paratyphoid fever are systemic infections caused by Salmonella Typhi and Salmonella Paratyphi. These diseases are endemic in many parts of China, occurring periodically throughout the year. Epidemiological features, temporal trends, and spatial distribution of these fevers were analyzed using GraphPad Prism 9 with data collected by China's Public Health Science Data Center from 2004 to 2019. Charts were generated to depict their incidence across provinces, years, age groups, and occupations. Spatial clustering was assessed using ArcGIS 10.5 and Moran's I index. SaTScan 9.5 was employed to analyze their spatiotemporal distribution. From 2004 to 2019, China reported 197,623 cases of typhoid fever, resulting in 72 deaths, and 84,583 cases of paratyphoid fever, with 17 fatalities, showing a yearly reduction. Epidemic zones for these diseases are primarily in Yunnan, Guangxi, Guizhou, and other southwestern regions, affecting predominantly peasants and students. Children and adolescents are particularly vulnerable. Due to the epidemic nature of these diseases, they can occur year-round, with peaks in the summer months. This study provides a comprehensive understanding of their epidemiological characteristics and geographic distribution in China, emphasizing the need for authorities to improve living conditions, implement preventive measures, and develop effective treatments and vaccines in these high-risk areas.","[{'affiliation': 'School of Chemistry, Chemical Engineering and Life Science, Hubei Key Laboratory of Nanomedicine for Neurodegenerative Disease, Wuhan University of Technology, 122 Luoshi Road, Wuhan 430070, China.', 'firstname': 'Fan', 'initials': 'F', 'lastname': 'Wang'}, {'affiliation': 'School of Chemistry, Chemical Engineering and Life Science, Hubei Key Laboratory of Nanomedicine for Neurodegenerative Disease, Wuhan University of Technology, 122 Luoshi Road, Wuhan 430070, China.', 'firstname': 'Ze', 'initials': 'Z', 'lastname': 'Li'}, {'affiliation': 'School of Chemistry, Chemical Engineering and Life Science, Hubei Key Laboratory of Nanomedicine for Neurodegenerative Disease, Wuhan University of Technology, 122 Luoshi Road, Wuhan 430070, China.', 'firstname': 'Si', 'initials': 'S', 'lastname': 'Chen'}, {'affiliation': 'School of Chemistry, Chemical Engineering and Life Science, Hubei Key Laboratory of Nanomedicine for Neurodegenerative Disease, Wuhan University of Technology, 122 Luoshi Road, Wuhan 430070, China.', 'firstname': 'Youyu', 'initials': 'Y', 'lastname': 'Feng'}, {'affiliation': 'School of Chemistry, Chemical Engineering and Life Science, Hubei Key Laboratory of Nanomedicine for Neurodegenerative Disease, Wuhan University of Technology, 122 Luoshi Road, Wuhan 430070, China.', 'firstname': 'Xin', 'initials': 'X', 'lastname': 'Luo'}, {'affiliation': 'Department of Anatomy & Histology, CUVAS, Bahawalpur, 63100, Pakistan.', 'firstname': 'Haseeb', 'initials': 'H', 'lastname': 'Khaliq'}, {'affiliation': 'School of Chemistry, Chemical Engineering and Life Science, Hubei Key Laboratory of Nanomedicine for Neurodegenerative Disease, Wuhan University of Technology, 122 Luoshi Road, Wuhan 430070, China. Electronic address: Leizhixin@whut.edu.cn.', 'firstname': 'Zhixin', 'initials': 'Z', 'lastname': 'Lei'}, {'affiliation': 'School of Chemistry, Chemical Engineering and Life Science, Hubei Key Laboratory of Nanomedicine for Neurodegenerative Disease, Wuhan University of Technology, 122 Luoshi Road, Wuhan 430070, China; State Key Laboratory of Advanced Technology for Materials Synthesis and Processing, Wuhan University of Technology, 122 Luoshi Road, Wuhan, 430070, China. Electronic address: suntl@whut.edu.cn.', 'firstname': 'Taolei', 'initials': 'T', 'lastname': 'Sun'}]",,Copyright © 2024 Elsevier B.V. All rights reserved.,10.1016/j.actatropica.2024.107335,Acta tropica,"['Epidemiology', 'Paratyphoid fever', 'Spatiotemporal analysis', 'Typhoid fever']",,2024-07-28,39067840,,Typhoid and paratyphoid fever epidemiological indicators and spatiotemporal analysis in China from 2004 to 2019.,<Element 'PubmedArticle' at 0x777b01b8c810>,,,,,,
"Drinking water at U.S. Marine Corps Base (MCB) Camp Lejeune, North Carolina was contaminated with trichloroethylene and other industrial solvents from 1953 to 1985.
A cohort mortality study was conducted of Marines/Navy personnel who, between 1975 and 1985, began service and were stationed at Camp Lejeune (N = 159,128) or MCB Camp Pendleton, California (N = 168,406), and civilian workers employed at Camp Lejeune (N = 7,332) or Camp Pendleton (N = 6,677) between October 1972 and December 1985. Camp Pendleton's drinking water was not contaminated with industrial solvents. Mortality follow-up was between 1979 and 2018. Proportional hazards regression was used to calculate adjusted hazard ratios (aHRs) comparing mortality rates between Camp Lejeune and Camp Pendleton cohorts. The ratio of upper and lower 95% confidence interval (CI) limits, or CIR, was used to evaluate the precision of aHRs. The study focused on underlying causes of death with aHRs ≥ 1.20 and CIRs ≤ 3.
Deaths among Camp Lejeune and Camp Pendleton Marines/Navy personnel totaled 19,250 and 21,134, respectively. Deaths among Camp Lejeune and Camp Pendleton civilian workers totaled 3,055 and 3,280, respectively. Compared to Camp Pendleton Marines/Navy personnel, Camp Lejeune had aHRs ≥ 1.20 with CIRs ≤ 3 for cancers of the kidney (aHR = 1.21, 95% CI: 0.95, 1.54), esophagus (aHR = 1.24, 95% CI: 1.00, 1.54) and female breast (aHR = 1.20, 95% CI: 0.73, 1.98). Causes of death with aHRs ≥ 1.20 and CIR > 3, included Parkinson disease, myelodysplastic syndrome and cancers of the testes, cervix and ovary. Compared to Camp Pendleton civilian workers, Camp Lejeune had aHRs ≥ 1.20 with CIRs ≤ 3 for chronic kidney disease (aHR = 1.88, 95% CI: 1.13, 3.11) and Parkinson disease (aHR = 1.21, 95% CI: 0.72, 2.04). Female breast cancer had an aHR of 1.19 (95% CI: 0.76, 1.88), and aHRs ≥ 1.20 with CIRs > 3 were observed for kidney and pharyngeal cancers, melanoma, Hodgkin lymphoma, and chronic myeloid leukemia. Quantitative bias analyses indicated that confounding due to smoking and alcohol consumption would not appreciably impact the findings.
Marines/Navy personnel and civilian workers likely exposed to contaminated drinking water at Camp Lejeune had increased hazard ratios for several causes of death compared to Camp Pendleton.","[{'affiliation': 'Office of Community Health and Hazard Assessment, Health Studies Section, Agency for Toxic Substances and Disease Registry (ATSDR)/CDC, 6558 Parkside Way, Chamblee, GA, 30084, USA. bovefrank@outlook.com.', 'firstname': 'Frank J', 'initials': 'FJ', 'lastname': 'Bove'}, {'affiliation': 'Health Research and Analytics Division, Battelle Memorial Institute, Charlottesville, VA, USA.', 'firstname': 'April', 'initials': 'A', 'lastname': 'Greek'}, {'affiliation': 'Health Research and Analytics Division, Battelle Memorial Institute, Charlottesville, VA, USA.', 'firstname': 'Ruth', 'initials': 'R', 'lastname': 'Gatiba'}, {'affiliation': 'Battelle Memorial Institute, Columbus, OH, USA.', 'firstname': 'Rona C', 'initials': 'RC', 'lastname': 'Boehm'}, {'affiliation': 'Battelle Memorial Institute, Columbus, OH, USA.', 'firstname': 'Marcie M', 'initials': 'MM', 'lastname': 'Mohnsen'}]",Marines/Navy personnel and civilian workers likely exposed to contaminated drinking water at Camp Lejeune had increased hazard ratios for several causes of death compared to Camp Pendleton.,© 2024. This is a U.S. Government work and not under copyright protection in the US; foreign copyright protection may apply.,"10.1186/s12940-024-01099-7
10.1186/1476-069X-13-10
10.1186/1476-069X-13-68
10.1186/1478-7954-9-7
10.1093/aje/kws373
10.1002/ajim.20999
10.1097/EDE.0b013e3181d61eeb
10.1136/oem.2010.060665
10.1136/oemed-2012-101155
10.1136/oemed-2014-102182
10.1136/oemed-2023-109139
10.1164/rccm.202306-0942OC
10.1136/bmjopen-2016-012833
10.1186/s12940-017-0286-5
10.1007/s11356-021-17100-6
10.1002/ajim.22478
10.1002/ajim.23525
10.1080/00031305.2016.1154108
10.1080/00031305.2019.1583913
10.1038/d41586-019-00857-9
10.1093/aje/kwx261
10.1097/00001648-200105000-00005
10.1136/oemed-2012-100932
10.1136/oemed-2012-101212
10.1212/WNL.0000000000009437
10.1136/oemed-2017-104580
10.1186/1476-069X-10-47
10.1186/s12940-015-0061-4
10.1093/jnci/djt107
10.5271/sjweh.3717
10.1016/j.breast.2019.09.004
10.1093/jnci/djs411
10.1097/JOM.0b013e3182728eab
10.1002/ajim.22087
10.1093/jnci/djy143
10.1001/jamaneurol.2023.1168
10.3233/JPD-225047
10.1007/s00420-020-01564-z
10.1111/j.1360-0443.2007.01841.x",Environmental health : a global access science source,"['Benzene', 'Camp Lejeune', 'Camp Pendleton', 'Civilian workers', 'Drinking water', 'Hazard ratio', 'Marines/Navy personnel', 'Mortality', 'Tetrachloroethylene', 'Trichloroethylene', 'Vinyl chloride']",,2024-07-04,"38961410
26214861
20232717
23189753
24552493
25115749
19041592
21401917
23595008
22068723
20335814
21172794
23104733
25015929
38154914
37812782
28069619
28738894
34686960
26010434
37565624
30894741
28938715
11337599
31994696
22163205
23000822
23723297
32371450
29074552
21600013
26376727
23723420
29405242
31539869
23111193
23147555
22729623
30520970
37184848
36938742
32880046
17567397","Deaths among Camp Lejeune and Camp Pendleton Marines/Navy personnel totaled 19,250 and 21,134, respectively. Deaths among Camp Lejeune and Camp Pendleton civilian workers totaled 3,055 and 3,280, respectively. Compared to Camp Pendleton Marines/Navy personnel, Camp Lejeune had aHRs ≥ 1.20 with CIRs ≤ 3 for cancers of the kidney (aHR = 1.21, 95% CI: 0.95, 1.54), esophagus (aHR = 1.24, 95% CI: 1.00, 1.54) and female breast (aHR = 1.20, 95% CI: 0.73, 1.98). Causes of death with aHRs ≥ 1.20 and CIR > 3, included Parkinson disease, myelodysplastic syndrome and cancers of the testes, cervix and ovary. Compared to Camp Pendleton civilian workers, Camp Lejeune had aHRs ≥ 1.20 with CIRs ≤ 3 for chronic kidney disease (aHR = 1.88, 95% CI: 1.13, 3.11) and Parkinson disease (aHR = 1.21, 95% CI: 0.72, 2.04). Female breast cancer had an aHR of 1.19 (95% CI: 0.76, 1.88), and aHRs ≥ 1.20 with CIRs > 3 were observed for kidney and pharyngeal cancers, melanoma, Hodgkin lymphoma, and chronic myeloid leukemia. Quantitative bias analyses indicated that confounding due to smoking and alcohol consumption would not appreciably impact the findings.","Evaluation of mortality among Marines, Navy personnel, and civilian workers exposed to contaminated drinking water at USMC base Camp Lejeune: a cohort study.",<Element 'PubmedArticle' at 0x777b01b94590>,,,,,,
"Environmental factors such as air pollution have been associated with Parkinson's disease (PD), but findings have been inconsistent. We investigated the association between exposure to several air pollutants, road traffic noise, and PD risk in two Dutch cohorts.
Data from 50,087 participants from two Dutch population-based cohort studies, European Prospective Investigation into Cancer and Nutrition in the Netherlands and Arbeid, Milieu en Gezondheid Onderzoek were analyzed. In these cohorts, 235 PD cases were ascertained based on a previously validated algorithm combining self-reported information (diagnosis, medication, and symptoms) and registry data. We assigned the following traffic-related exposures to residential addresses at baseline: NO
Both single- and two-pollutant models indicated associations between exposure to NO
Our findings suggest that NO","[{'affiliation': 'Institute for Risk Assessment Sciences, Utrecht University, Utrecht, the Netherlands.', 'firstname': 'Jara', 'initials': 'J', 'lastname': 'Lomme'}, {'affiliation': 'Institute for Risk Assessment Sciences, Utrecht University, Utrecht, the Netherlands.', 'firstname': 'Marije', 'initials': 'M', 'lastname': 'Reedijk'}, {'affiliation': 'Institute for Risk Assessment Sciences, Utrecht University, Utrecht, the Netherlands.', 'firstname': 'Susan', 'initials': 'S', 'lastname': 'Peters'}, {'affiliation': 'Institute for Risk Assessment Sciences, Utrecht University, Utrecht, the Netherlands.\nJulius Centre for Health Sciences and Primary Care, University Medical Centre Utrecht, Utrecht, The Netherlands.', 'firstname': 'George S', 'initials': 'GS', 'lastname': 'Downward'}, {'affiliation': 'Institute for Risk Assessment Sciences, Utrecht University, Utrecht, the Netherlands.', 'firstname': 'Magdalini', 'initials': 'M', 'lastname': 'Stefanopoulou'}, {'affiliation': 'Institute for Risk Assessment Sciences, Utrecht University, Utrecht, the Netherlands.\nJulius Centre for Health Sciences and Primary Care, University Medical Centre Utrecht, Utrecht, The Netherlands.', 'firstname': 'Roel', 'initials': 'R', 'lastname': 'Vermeulen'}, {'affiliation': 'Institute for Risk Assessment Sciences, Utrecht University, Utrecht, the Netherlands.', 'firstname': 'Anke', 'initials': 'A', 'lastname': 'Huss'}]",,"Copyright © 2023 The Authors. Published by Wolters Kluwer Health, Inc. on behalf of The Environmental Epidemiology. All rights reserved.",10.1097/EE9.0000000000000272,"Environmental epidemiology (Philadelphia, Pa.)",[],,2024-06-24,"38912395
21626386
12777365
19568887
19716187
21034221
36516478
31770719
35262433
37086879
34042992
31964412
24183105
20708214
19455173
28257128
28343738
19483199
25428630
32609766
29778684
22963366
24076757
27809494
28244744
16961926
21285243
26773394
34388675
15527881
21561831
15804941
35043999
31103844
27614945
19017692
34497091
30978359
31227656
29538344",Both single- and two-pollutant models indicated associations between exposure to NO,"Traffic-related air pollution, road traffic noise, and Parkinson's disease: Evaluations in two Dutch cohort studies.",<Element 'PubmedArticle' at 0x777b00adbc90>,,,,,,
"Emerging evidence suggests that air pollution exposure may increase the risk of Parkinson's disease (PD). We aimed to investigate the association between exposure to fine particulate matter (PM2.5) and the risk of incident PD nationwide.
We utilized data from the Taiwan National Health Insurance Research Database, which is spatiotemporally linked with air quality data from the Taiwan Environmental Protection Administration website. The study population consisted of participants who were followed from the index date (January 1, 2005) until the occurrence of PD or the end of the study period (December 31, 2017). Participants who were diagnosed with PD before the index date were excluded. To evaluate the association between exposure to PM2.5 and incident PD risk, we employed Cox regression to estimate the hazard ratio and 95% confidence interval (CI).
A total of 454,583 participants were included, with a mean (standard deviation) age of 63.1 (9.9) years and a male proportion of 50%. Over a mean follow-up period of 11.1 (3.6) years, 4% of the participants (n = 18,862) developed PD. We observed a significant positive association between PM2.5 exposure and the risk of PD, with a hazard ratio of 1.22 (95% CI, 1.20-1.23) per interquartile range increase in exposure (10.17 μg/m3) when adjusting for both SO2 and NO2.
We provide further evidence of an association between PM2.5 exposure and the risk of PD. These findings underscore the urgent need for public health policies aimed at reducing ambient air pollution and its potential impact on PD.","[{'affiliation': 'Department of Neurology, Neurological Institute, Taichung Veterans General Hospital, Taichung, Taiwan.\nDepartment of Neurology, Kuang Tien General Hospital, Taichung, Taiwan.', 'firstname': 'Ting-Bin', 'initials': 'TB', 'lastname': 'Chen'}, {'affiliation': 'Department of Psychiatry, Beitou Branch, Tri-Service General Hospital, National Defense Medical Center, Taipei, Taiwan.', 'firstname': 'Chih-Sung', 'initials': 'CS', 'lastname': 'Liang'}, {'affiliation': 'Center for Traditional Medicine, Taipei Veterans General Hospital, Taipei, Taiwan.\nCollege of Medicine, National Yang Ming Chiao Tung University, Taipei, Taiwan.\nInstitute of Traditional Medicine, National Yang Ming Chiao Tung University, Taipei, Taiwan.', 'firstname': 'Ching-Mao', 'initials': 'CM', 'lastname': 'Chang'}, {'affiliation': 'Department of Healthcare Administration, Asia University, Taichung, Taiwan.', 'firstname': 'Cheng-Chia', 'initials': 'CC', 'lastname': 'Yang'}, {'affiliation': 'Department of Bioenvironmental Systems Engineering, National Taiwan University, Taipei, Taiwan.', 'firstname': 'Hwa-Lung', 'initials': 'HL', 'lastname': 'Yu'}, {'affiliation': 'Department of Safety, Health, and Environmental Engineering, Hung Kuang University, Taichung, Taiwan.', 'firstname': 'Yuh-Shen', 'initials': 'YS', 'lastname': 'Wu'}, {'affiliation': 'Department of Safety, Health, and Environmental Engineering, Hung Kuang University, Taichung, Taiwan.', 'firstname': 'Winn-Jung', 'initials': 'WJ', 'lastname': 'Huang'}, {'affiliation': 'Department of Medical Research, Kuang Tien General Hospital, Taichung, Taiwan.\nManagement Office for Health Data, China Medical University Hospital, Taichung, Taiwan.', 'firstname': 'I-Ju', 'initials': 'IJ', 'lastname': 'Tsai'}, {'affiliation': 'Department of Medical Research, Kuang Tien General Hospital, Taichung, Taiwan.\nDivision of Endocrinology and Metabolism, Department of Internal Medicine, Kuang Tien General Hospital, Taichung, Taiwan.\nDepartment of Nutrition and Institute of Biomedical Nutrition, Hung Kuang University, Taichung, Taiwan.', 'firstname': 'Yuan-Horng', 'initials': 'YH', 'lastname': 'Yan'}, {'affiliation': 'Department of Exercise and Health Promotion, College of Kinesiology and Health, Chinese Culture University, Taipei, Taiwan.\nDepartment of Neurology, Chang Bing Show Chwan Memorial Hospital, Changhua, Taiwan.', 'firstname': 'Cheng-Yu', 'initials': 'CY', 'lastname': 'Wei'}, {'affiliation': 'Department of Neurology, Kuang Tien General Hospital, Taichung, Taiwan.\nDepartment of Safety, Health, and Environmental Engineering, Hung Kuang University, Taichung, Taiwan.\nDepartment of Nutrition and Institute of Biomedical Nutrition, Hung Kuang University, Taichung, Taiwan.\nPh.D. Program in Translational Medicine, National Chung Hsing University, Taichung, Taiwan.', 'firstname': 'Chun-Pai', 'initials': 'CP', 'lastname': 'Yang'}]",We provide further evidence of an association between PM2.5 exposure and the risk of PD. These findings underscore the urgent need for public health policies aimed at reducing ambient air pollution and its potential impact on PD.,,10.14802/jmd.24003,Journal of movement disorders,"['Air pollution', 'Neurological disease', 'Parkinson’s disease']",,2024-06-18,"38887056
33361591
33009291
33392129
33852547
32165138
34119010
33069327
31686637
31127781
35189880
35043999
28731859
30606679
25294559
28886605
31103844
28809934
31786292
33999109
31894453
30391837
25951420
37903644
36516478
37086879
37858688
31118821
26904358
34950630
30287051
30124852
35364040
27285422
26151951
27614945
32006765
21955814
18550243
22436577
29498263","A total of 454,583 participants were included, with a mean (standard deviation) age of 63.1 (9.9) years and a male proportion of 50%. Over a mean follow-up period of 11.1 (3.6) years, 4% of the participants (n = 18,862) developed PD. We observed a significant positive association between PM2.5 exposure and the risk of PD, with a hazard ratio of 1.22 (95% CI, 1.20-1.23) per interquartile range increase in exposure (10.17 μg/m3) when adjusting for both SO2 and NO2.",Association Between Exposure to Particulate Matter and the Incidence of Parkinson's Disease: A Nationwide Cohort Study in Taiwan.,<Element 'PubmedArticle' at 0x777b00af3330>,,,,,,
"In recent years, further evidence has emerged regarding the involvement of extracellular vesicles in various human physiopathological conditions such as Alzheimer's disease, Parkinson's disease, irritable bowel syndrome, and mental disorders. The biogenesis and cargo of such vesicles may reveal their impact on human health nd disease and set the underpinnings for the development of novel chemical compounds and pharmaceuticals. In this review, we examine the link between bacteria-derived exosomes in the gastrointestinal tract and mental disorders, such as depression and anxiety disorders. Crucially, we focus on whether changes in the gut environment affect the human mental state or the other way around. Furthermore, the possibility of handling bacteria-derived exosomes as vectors of chemicals to treat such conditions is examined.","[{'affiliation': 'Genetics Laboratory, Department of Biotechnology, Agricultural University of Athens, Iera Odos 75, 11855 Athens, Greece.', 'firstname': 'Effrosyni', 'initials': 'E', 'lastname': 'Louka'}, {'affiliation': 'Genetics Laboratory, Department of Biotechnology, Agricultural University of Athens, Iera Odos 75, 11855 Athens, Greece.', 'firstname': 'Vassiliki Lila', 'initials': 'VL', 'lastname': 'Koumandou'}]",,,"10.3390/cimb46050286
10.1038/s41398-019-0459-9
10.1080/20013078.2018.1535750
10.1038/nrd3978
10.3390/cells8070727
10.3390/biology12010110
10.3389/fpsyt.2023.1138110
10.15698/mic2020.12.737
10.1042/CS20120309
10.1016/j.bbapap.2019.02.005
10.1016/j.transci.2015.10.013
10.1111/1751-7915.13657
10.3390/cancers11070891
10.1111/j.1365-2958.2009.06731.x
10.1002/pmic.200700196
10.1080/20013078.2019.1632099
10.7554/eLife.70725
10.3390/cells11020186
10.3389/fbioe.2022.1100892
10.1136/gutjnl-2018-317726
10.3389/fphys.2011.00094
10.1124/pr.118.015768
10.3390/ijms22084235
10.1038/s41565-021-00931-2
10.1186/s12916-016-0604-8
10.3748/wjg.v21.i29.8787
10.3389/fcimb.2023.1282431
10.1113/jphysiol.2004.063388
10.3389/fmicb.2017.01896
10.1016/j.tim.2018.10.011
10.1002/bies.201600200
10.3390/ijms22042213
10.1371/journal.pone.0019293
10.1016/j.chom.2015.12.005
10.1038/srep43859
10.1128/iai.57.8.2559-2562.1989
10.1186/s41232-022-00224-8
10.5607/en.2019.28.2.158
10.1016/j.phrs.2022.106332
10.1111/j.1582-4934.2009.00686.x
10.1096/fj.14-259721
10.1186/s40168-020-00881-2
10.3389/fnins.2018.00049
10.2147/JIR.S384949
10.1111/j.1743-3150.2004.00471.x
10.1016/j.molmet.2018.03.016
10.1016/j.jadr.2023.100607
10.1172/JCI78361
10.1016/j.nbd.2019.104714
10.3389/fmicb.2023.1118529
10.5056/jnm22008
10.1126/sciimmunol.adj4775
10.1038/s41598-022-05756-0
10.1002/fsn3.3826
10.1016/j.compbiolchem.2018.01.010
10.24875/RMN.20000050
10.3390/biomedicines11123128
10.1001/archpsyc.56.11.1043
10.1523/JNEUROSCI.2092-18.2019
10.1073/pnas.1102999108
10.1016/j.jchromb.2004.10.046
10.3389/fmicb.2021.656895
10.3390/nu12113369
10.1016/j.brainres.2018.03.015
10.1134/S0003683809050068
10.1007/s00217-004-0988-0
10.3136/fstr.18.795
10.1080/10408398.2017.1399860
10.1111/j.1365-2672.2012.05344.x
10.1111/nmo.12904
10.1016/j.fm.2005.01.002
10.1128/AEM.01064-07
10.1007/s00726-007-0544-x
10.4315/0362-028X-64.7.1035
10.1016/j.redox.2023.102690
10.1053/j.gastro.2014.02.037
10.1136/bmj.j5145
10.1038/s41467-017-00900-1
10.1053/j.gastro.2016.12.048
10.1016/j.cell.2016.10.027
10.1016/j.bbi.2015.04.004
10.1007/s00401-014-1343-6
10.1007/s10620-020-06133-5
10.1053/j.gastro.2016.09.049
10.1136/gutjnl-2017-314759
10.7150/ijbs.79666
10.1038/mp.2016.44
10.1016/j.jpsychires.2016.07.019
10.3389/fmicb.2017.01274
10.1038/nature01321
10.1038/mi.2017.49
10.1128/mBio.02706-20
10.1016/j.bbih.2021.100248
10.1016/j.bbi.2015.12.012
10.1186/s40478-017-0470-4
10.3389/fneur.2023.1149618
10.1002/2211-5463.13204
10.3389/fnmol.2023.1227655
10.1038/s41380-022-01737-x
10.5056/jnm18087
10.1016/j.bbi.2008.09.002
10.1038/s41598-023-31730-5
10.1093/nutrit/nuw023
10.1016/j.mib.2024.102473
10.1111/acps.12966
10.3390/biomedicines8110457
10.1038/nrneurol.2011.60
10.1016/S2666-7568(22)00242-2
10.1002/adbi.202000540
10.3390/ijms21238899
10.1016/j.jconrel.2017.07.001
10.3389/fimmu.2022.840550
10.3945/jn.116.238949
10.1371/journal.pone.0217394
10.1186/s12974-020-01787-4
10.1002/jev2.12185
10.1016/j.bbi.2020.04.014
10.1186/s40337-023-00917-6
10.1523/JNEUROSCI.0724-23.2023
10.1038/s41398-023-02514-2
10.3389/fneur.2020.557928
10.3389/fmicb.2022.864720
10.3390/pharmaceutics15020522
10.3390/life12020196
10.1002/wps.21120
10.1371/journal.pone.0180025
10.1016/j.biopsych.2008.11.029
10.1038/nri.2015.5
10.1016/j.jconrel.2018.08.035
10.1038/mt.2011.164
10.1002/adhm.202202751
10.2147/IJN.S179380
10.2147/IJN.S191313
10.1016/j.nano.2014.11.009
10.1016/j.apsb.2020.02.002
10.1080/10717544.2018.1513609
10.1007/s40199-019-00280-5
10.1016/j.jconrel.2022.05.012
10.1016/j.ijpharm.2019.118786
10.1111/cas.14181
10.1002/ange.201913700
10.1016/j.jconrel.2022.03.036
10.1177/0003489419836226
10.3389/fncel.2019.00530
10.1016/j.ijpharm.2017.02.005
10.1038/s41467-019-09034-y
10.1021/acsinfecdis.8b00212
10.1021/acs.nanolett.9b02182
10.1016/j.bej.2022.108722
10.1128/AAC.47.9.2962-2965.2003
10.1016/j.jconrel.2019.11.017
10.1021/acsnano.1c05613
10.1038/s41380-021-01255-2
10.1016/j.pnpbp.2020.110229
10.1080/14686996.2022.2133342
10.1186/s12951-018-0437-z",Current issues in molecular biology,"['extracellular vesicles', 'gut–brain axis', 'intestinal microbiota', 'mental disorders']",,2024-05-24,"38785554
30923321
30637094
23584393
31311206
36671802
36970289
33335921
23249271
30822540
26584596
32864900
31247906
19432795
17787032
31275533
34783650
35053301
36714629
30518529
28176047
22162969
30890566
33921831
34211166
27090095
26269668
37868345
15133062
29021788
30477908
28155997
33672304
21559394
26764595
28266612
2787292
36058998
31138987
35779817
19210574
25392266
32669127
29467611
36386584
15066001
29673577
25555217
31846737
36760508
35719046
38489352
35102266
38370053
29425935
38137351
10565505
30926749
21876150
15639451
33936013
33139656
29903615
10935181
19845286
29190117
22612585
27458085
17890341
17514494
11456189
37018970
24583088
29311119
29018189
28192102
27814521
25866195
25296989
32056091
27725146
28814485
36923936
27067014
27491067
28744268
12490958
28612842
33653893
34589759
26772151
28903781
37255721
34043886
37781094
36104437
30646475
18814846
37002253
27634977
38608623
30306539
33126696
21537355
36509102
33857347
33255332
28687495
35693784
27852870
31136600
32321532
35029057
32276029
37884972
37596052
37365161
33117258
35432276
36839844
35207483
37713549
28683149
19150053
26711676
30165139
21915101
36442997
30555228
30666112
25596340
32963948
30785308
31317441
35561870
31669214
31464035
31854064
35341901
31092033
31849615
28163224
30846699
30489062
31858807
12937002
31738965
34382768
34385599
33358963
36277506
30683120",,The Emerging Role of Human Gut Bacteria Extracellular Vesicles in Mental Disorders and Developing New Pharmaceuticals.,<Element 'PubmedArticle' at 0x777b00b14130>,,,,,,
"Parkinson's disease (PD) is a neurodegenerative disorder and leading cause of death worldwide, whose pathogenesis has been linked to toxic environmental exposures. We used the Preferred Reporting Items for Systematic Reviews and Meta-Analyses (PRISMA) guidelines (i) to compile, and group by exposure setting (non-specified general; residential; occupational), environmental factors reported to modulate the risk of developing PD and (ii) to map and geospatially analyze global regions of both research activity and paucity. Among the broader environmental settings, occupational exposures had the highest average odds ratio value at 3.82, followed by general (non-specified or mixed) exposures at 3.07, and residential exposures at 2.36. Occupational exposure to industrial toxins was the highest ranked subset of exposures with an odds ratio of 10.74. Among the studies meeting the inclusion criteria, 75 % were conducted in Europe or the Western United States. The number of individuals partaking per study ranged from a high of 55,585 (Taiwan) to a low of 233 (Faroe Islands), with a mean of n = 14,462. The top three environmental factors associated with high odds ratios for increased risk of developing PD were (i) exposure to dyes (25.33), (ii) methylene chloride (16.5) and specifically in adult men (iii) consumption of fatty whale meat (10.57), which is known to harbor a broad spectrum of so called persistent, bioaccumulative, toxic (PBT) pollutants. Geospatially, the highest odds ratio values were identified in European countries, whereas notable data gaps were revealed for South America, Australia, Africa, and the majority of Asia with the exception of Taiwan. Whereas occupational exposures to industrial chemicals, such as harmful dyes and methylene chloride, ranked highest in risk values, available data suggest notable opportunities for reducing PD cases globally by limiting harmful environmental exposures to a spectrum of toxic chemicals, particularly via the food intake route. Thus, current efforts in improving environmental quality globally by limiting toxic emission may deliver the added benefit of helping to reign in PD. Agents of concern in this respect include pesticides (e.g., paraquat, demeton, monocrotophos), particulate matter associated with air pollution, and a spectrum of organic and inorganic neurotoxins including heavy metals.","[{'affiliation': 'Biodesign Center for Environmental Health Engineering, Biodesign Institute, Arizona State University, Building B, 1001 S McAllister Ave, Tempe, AZ 85281-8101, USA; The College of Liberal Arts and Sciences, Arizona State University, Tempe, AZ, USA; Barrett, The Honors College, Arizona State University, Tempe, AZ, USA. Electronic address: aaravin5@asu.edu.', 'firstname': 'Anumitha', 'initials': 'A', 'lastname': 'Aravindan'}, {'affiliation': 'Biodesign Center for Environmental Health Engineering, Biodesign Institute, Arizona State University, Building B, 1001 S McAllister Ave, Tempe, AZ 85281-8101, USA; Ira A. Fulton School for Engineering of Matter, Transport & Energy, Arizona State University, Tempe, AZ 85281, USA. Electronic address: mengstro@asu.edu.', 'firstname': 'Melanie Engstrom', 'initials': 'ME', 'lastname': 'Newell'}, {'affiliation': 'Biodesign Center for Environmental Health Engineering, Biodesign Institute, Arizona State University, Building B, 1001 S McAllister Ave, Tempe, AZ 85281-8101, USA; Ira A. Fulton School for Engineering of Matter, Transport & Energy, Arizona State University, Tempe, AZ 85281, USA; School of Sustainable Engineering and the Built Environment, Arizona State University, Tempe, AZ, USA; OneWaterOneHealth, Arizona State University Foundation, 1001 S. McAllister Avenue, Tempe, AZ 85287-8101, USA; Global Futures Laboratory, Arizona State University, 800 S. Cady Mall, Tempe, AZ 85281, USA. Electronic address: rolf.halden@asu.edu.', 'firstname': 'Rolf U', 'initials': 'RU', 'lastname': 'Halden'}]",,Copyright © 2024 The Authors. Published by Elsevier B.V. All rights reserved.,10.1016/j.scitotenv.2024.172838,The Science of the total environment,"['Case-control studies', 'Cohort studies', 'Environmental factors', 'Geographic distribution', ""Parkinson's disease""]",,2024-04-30,38685425,,Literature review and meta-analysis of environmental toxins associated with increased risk of Parkinson's disease.,<Element 'PubmedArticle' at 0x777b00b6dfd0>,,,,,,
"Nowadays, with the development of the social health care system, there is an increasing trend towards an aging society. The incidence of Alzheimer's disease (AD) is also on the rise. AD is a kind of neurodegenerative disease that can be found in any age group. For years, scientists have been committing to discovering the cause of AD. DNA methylation is one of the most common epigenetic mechanisms in mammals and plays a vital role in the pathogenesis of several diseases, including tumors. Studying chemical changes in the epigenome, or DNA methylation can help us understand the effects of our environment and life on diseases, such as smoking, depression, and menopause, which may affect people's chances of developing Alzheimer's or other diseases. Recent studies have identified some crucial genes like ","[{'affiliation': 'Department of Anesthesiology Southwest Medical University Luzhou Sichuan China.', 'firstname': 'Hao-Yue', 'initials': 'HY', 'lastname': 'Qin'}, {'affiliation': 'Department of Anesthesiology Southwest Medical University Luzhou Sichuan China.', 'firstname': 'Jiao-Yan', 'initials': 'JY', 'lastname': 'Liu'}, {'affiliation': 'Faculty of Health Sciences University of Adelaide Melbourne VIC Australia.', 'firstname': 'Chang-Le', 'initials': 'CL', 'lastname': 'Fang'}, {'affiliation': 'Department of Anesthesiology Southwest Medical University Luzhou Sichuan China.', 'firstname': 'Yan-Ping', 'initials': 'YP', 'lastname': 'Deng'}, {'affiliation': 'State Key Laboratories for Quality Research in Chinese Medicines, Faculty of Pharmacy Macau University of Science and Technology Macau China.', 'firstname': 'Ying', 'initials': 'Y', 'lastname': 'Zhang'}]",,© 2023 The Authors. Ibrain published by Affiliated Hospital of Zunyi Medical University and Wiley‐VCH GmbH.,"10.1002/ibra.12121
10.1038/d41586-018-05717-6
10.1038/npp.2012.112
10.1111/ene.13439
10.3390/molecules25245789
10.5114/fn.2013.34190
10.1177/1533317518775033
10.1177/1533317516653827
10.1016/j.nicl.2021.102620
10.2174/1567205014666170417111859
10.1016/j.npep.2015.06.008
10.3233/JAD-141452
10.1016/j.mad.2020.111319
10.1530/erc-19-0093
10.1038/s41571-018-0004-4
10.1016/s0140-6736(18)31268-6
10.7150/ijbs.11218
10.1042/EBC20190030
10.1101/gad.2037511
10.1080/15592294.2020.1722917
10.3390/genes8060148
10.1007/s13668-019-0266-1
10.1007/978-3-319-43624-1_5
10.1016/j.neurobiolaging.2018.09.024
10.1016/j.jalz.2018.01.017
10.1186/s13073-015-0258-8
10.3389/fnmol.2017.00294
10.1007/978-981-13-1117-8_5
10.1080/10408398.2018.1529653
10.1038/s41593-019-0566-1
10.1016/j.jalz.2018.02.005
10.1016/s1474-4422(20)30412-9
10.1001/jamaneurol.2014.3049
10.1002/jnr.23827
10.1016/j.maturitas.2007.02.005
10.3390/ijms222413242
10.3390/ijms17122086
10.1177/0891988719835325
10.1016/j.yfrne.2008.03.002
10.1093/brain/awt237
10.3390/ijms21030764
10.1159/000357126
10.1016/j.nbd.2008.09.010
10.1016/j.neurobiolaging.2020.04.008
10.1093/jnen/nlw099
10.1016/j.mcn.2015.05.003
10.1016/j.jalz.2016.02.009
10.1186/s13148-019-0795-x
10.1093/nar/gkz107",Ibrain,"[""Alzheimer's disease"", 'DNA methylation', 'epigenetics']",,2024-04-29,"38680511
31072403
29599933
30935215
30046078
34862834
30689575
33515559
22781841
22122050
28092081
28872215
31699204
33302541
23225010
23553131
29734820
27303063
33857772
28413986
19319544
26149638
24398426
25159670
32721406
31035251
29666440
30100054
25892967
31551326
21576262
10675010
32019393
28545252
30887425
27826836
17989773
27826835
16570849
30439595
29550519
26803900
30419258
28966576
30232753
30614244
31959936
29544979
33340485
25365775
27870425
17391878
34948039
27983596
30947592
18439661
24030951
33902726
15177383
31991572
24556805
18930140
28639714
23515018
32408055
27809706
36077101
31564416
33580369
24704120
29666440
17925555
18398832
20056882
29358044
27662091
27462456
24234352
28053004
26004081
27016692
31831061
30793194
20920744",,DNA methylation: The epigenetic mechanism of Alzheimer's disease.,<Element 'PubmedArticle' at 0x777b00b74c70>,,,,,,
"The objective of the study was to systematically investigate the association between gut microbiota (GM) abundance and Parkinson's disease (PD).
PubMed, Medline, Cochrane Library and other literature datebase platforms were searched for eligible studies in the English-language from conception to March 1, 2024. Studies evaluating the association between GM and PD were included. The results of the included studies were analyzed using a random effects model with calculation of the mean difference (MD) with the 95 % confidence interval to quantify the incidence of differences in abundance of various bacterial families in PD patients. Continuous models were used to analyze the extracted data.
A total of 14 studies with 1045 PD cases and 821 healthy controls were included for data extraction and meta-analysis. All the included studies exhibited reasonable quality. The included studies reported the data on the ratios of 10 families of GM. Of these 10 microbiota families, Bifidobacteriaceae, Ruminococcaceae, Rikenellaceae, Lactobacillaceae, Verrucomicrobiaceae and Christensenellaceae were found to have increased ratios according to the pooled ratios, while Prevotellaceae, Lachnospiraceae, Erysipelotrichaceae and Faecalibacterium were decreased in PD cases.
Patients in the PD cohort exhibited distinctive microbiota compositions compared to healthy individuals, with unique differential patterns in gut microbiome abundance at the phylum, family, and genus levels that may be associated wtih PD pathogenesis.","[{'affiliation': 'Department of Neurology, Jinqiu Hospital of Liaoning Province, Shenyang 110016, China.', 'firstname': 'Fusheng', 'initials': 'F', 'lastname': 'Bai'}, {'affiliation': 'Department of Neurology, Jinqiu Hospital of Liaoning Province, Shenyang 110016, China.', 'firstname': 'Lin', 'initials': 'L', 'lastname': 'You'}, {'affiliation': 'Department of Neurology, Jinqiu Hospital of Liaoning Province, Shenyang 110016, China.', 'firstname': 'Hongyan', 'initials': 'H', 'lastname': 'Lei'}, {'affiliation': 'Key Lab of Environmental Pollution and Microecology of Liaoning Province, Shenyang Medical College, Shenyang 110034, China. Electronic address: lixinming@symc.edu.cn.', 'firstname': 'Xinming', 'initials': 'X', 'lastname': 'Li'}]","Patients in the PD cohort exhibited distinctive microbiota compositions compared to healthy individuals, with unique differential patterns in gut microbiome abundance at the phylum, family, and genus levels that may be associated wtih PD pathogenesis.",Copyright © 2024 The Authors. Published by Elsevier Inc. All rights reserved.,10.1016/j.exger.2024.112444,Experimental gerontology,"['Differential abundance', 'Gut microbiota', 'Gut microbiota dysbiosis', 'Meta-analysis', 'Microbiome composition', ""Parkinson's disease""]",,2024-04-29,38679353,"A total of 14 studies with 1045 PD cases and 821 healthy controls were included for data extraction and meta-analysis. All the included studies exhibited reasonable quality. The included studies reported the data on the ratios of 10 families of GM. Of these 10 microbiota families, Bifidobacteriaceae, Ruminococcaceae, Rikenellaceae, Lactobacillaceae, Verrucomicrobiaceae and Christensenellaceae were found to have increased ratios according to the pooled ratios, while Prevotellaceae, Lachnospiraceae, Erysipelotrichaceae and Faecalibacterium were decreased in PD cases.",Association between increased and decreased gut microbiota abundance and Parkinson's disease: A systematic review and subgroup meta-analysis.,<Element 'PubmedArticle' at 0x777b00b9ba60>,,,,,,
,"[{'affiliation': 'Department of Chemical, Biological, Pharmaceutical and Environmental Sciences, University of Messina, 98166 Messina, Italy.', 'firstname': 'Ramona', 'initials': 'R', 'lastname': ""D'Amico""}, {'affiliation': 'Department of Veterinary Science, University of Messina, 98168 Messina, Italy.', 'firstname': 'Enrico', 'initials': 'E', 'lastname': 'Gugliandolo'}, {'affiliation': 'Department of Chemical, Biological, Pharmaceutical and Environmental Sciences, University of Messina, 98166 Messina, Italy.', 'firstname': 'Rosalba', 'initials': 'R', 'lastname': 'Siracusa'}, {'affiliation': 'Department of Biomedical, Dental and Morphological and Functional Imaging, University of Messina, 98125 Messina, Italy.', 'firstname': 'Marika', 'initials': 'M', 'lastname': 'Cordaro'}, {'affiliation': 'Department of Chemical, Biological, Pharmaceutical and Environmental Sciences, University of Messina, 98166 Messina, Italy.', 'firstname': 'Tiziana', 'initials': 'T', 'lastname': 'Genovese'}, {'affiliation': 'Department of Chemical, Biological, Pharmaceutical and Environmental Sciences, University of Messina, 98166 Messina, Italy.', 'firstname': 'Alessio Filippo', 'initials': 'AF', 'lastname': 'Peritore'}, {'affiliation': 'Department of Veterinary Science, University of Messina, 98168 Messina, Italy.', 'firstname': 'Rosalia', 'initials': 'R', 'lastname': 'Crupi'}, {'affiliation': 'Department of Chemical, Biological, Pharmaceutical and Environmental Sciences, University of Messina, 98166 Messina, Italy.', 'firstname': 'Livia', 'initials': 'L', 'lastname': 'Interdonato'}, {'affiliation': 'Department of Chemical, Biological, Pharmaceutical and Environmental Sciences, University of Messina, 98166 Messina, Italy.', 'firstname': 'Davide', 'initials': 'D', 'lastname': 'Di Paola'}, {'affiliation': 'Department of Chemical, Biological, Pharmaceutical and Environmental Sciences, University of Messina, 98166 Messina, Italy.', 'firstname': 'Salvatore', 'initials': 'S', 'lastname': 'Cuzzocrea'}, {'affiliation': 'Department of Clinical and Experimental Medicine, University of Messina, 98125 Messina, Italy.', 'firstname': 'Roberta', 'initials': 'R', 'lastname': 'Fusco'}, {'affiliation': 'Department of Chemical, Biological, Pharmaceutical and Environmental Sciences, University of Messina, 98166 Messina, Italy.', 'firstname': 'Daniela', 'initials': 'D', 'lastname': 'Impellizzeri'}, {'affiliation': 'Department of Veterinary Science, University of Messina, 98168 Messina, Italy.', 'firstname': 'Rosanna', 'initials': 'R', 'lastname': 'Di Paola'}]",,,"10.3390/biomedicines12040834
10.3390/biomedicines10051073",Biomedicines,[],,2024-04-27,"38672284
35625810",,Correction: D'Amico et al. Toxic Exposure to Endocrine Disruptors Worsens Parkinson's Disease Progression through NRF2/HO-1 Alteration. ,<Element 'PubmedArticle' at 0x777b00ba27a0>,,,,,,
"Parkinson's disease (PD), the second most common neurodegenerative disorder, develops sporadically, likely through a combination of polygenic and environmental factors. Previous studies associate pesticide exposure and genes involved in lysosomal function with PD risk. We evaluated the frequency of variants in lysosomal function genes among patients from the Parkinson's, Environment, and Genes (PEG) study with ambient pesticide exposure from agricultural sources. 757 PD patients, primarily of White European/non-Hispanic ancestry (75%), were screened for variants in 85 genes using a custom amplicon panel. Variant enrichment was calculated against the Genome Aggregation Database (gnomAD). Enriched exonic variants were prioritized by exposure to a cluster of pesticides used on cotton and severity of disease progression in a subset of 386 patients subdivided by race/ethnicity. Gene enrichment analysis identified 36 variants in 26 genes in PEG PD patients. Twelve of the identified genes (12/26, 46%) had multiple enriched variants and/or a single enriched variant present in multiple individuals, representing 61% (22/36) of the observed variation in the cohort. The majority of enriched variants (26/36, 72%) were found in genes contributing to lysosomal function, particularly autophagy, and were bioinformatically deemed functionally deleterious (31/36, 86%). We conclude that, in this study, variants in genes associated with lysosomal function, notably autophagy, were enriched in PD patients exposed to agricultural pesticides suggesting that altered lysosomal function may generate an underlying susceptibility for developing PD with pesticide exposure. Further study of gene-environment interactions targeting lysosomal function may improve understanding of PD risk in individuals exposed to pesticides.","[{'affiliation': 'Department of Neurology, David Geffen School of Medicine, University of California Los Angeles, Los Angeles, CA, 90095, USA.', 'firstname': 'Kathie J', 'initials': 'KJ', 'lastname': 'Ngo'}, {'affiliation': 'Department of Neurology, David Geffen School of Medicine, University of California Los Angeles, Los Angeles, CA, 90095, USA.', 'firstname': 'Kimberly C', 'initials': 'KC', 'lastname': 'Paul'}, {'affiliation': 'Department of Neurology, David Geffen School of Medicine, University of California Los Angeles, Los Angeles, CA, 90095, USA.\nClinical Neurogenomics Research Center, David Geffen School of Medicine, University of California Los Angeles, Los Angeles, CA, 90095, USA.', 'firstname': 'Darice', 'initials': 'D', 'lastname': 'Wong'}, {'affiliation': 'Department of Epidemiology, UCLA Fielding School of Public Health, Los Angeles, CA, USA.', 'firstname': 'Cynthia D J', 'initials': 'CDJ', 'lastname': 'Kusters'}, {'affiliation': 'Department of Neurology, David Geffen School of Medicine, University of California Los Angeles, Los Angeles, CA, 90095, USA.', 'firstname': 'Jeff M', 'initials': 'JM', 'lastname': 'Bronstein'}, {'affiliation': 'Department of Neurology, David Geffen School of Medicine, University of California Los Angeles, Los Angeles, CA, 90095, USA.\nDepartment of Epidemiology, UCLA Fielding School of Public Health, Los Angeles, CA, USA.\nDepartment of Environmental Health Sciences, UCLA Fielding School of Public Health, Los Angeles, CA, USA.', 'firstname': 'Beate', 'initials': 'B', 'lastname': 'Ritz'}, {'affiliation': 'Department of Neurology, David Geffen School of Medicine, University of California Los Angeles, Los Angeles, CA, 90095, USA. bfogel@ucla.edu.\nClinical Neurogenomics Research Center, David Geffen School of Medicine, University of California Los Angeles, Los Angeles, CA, 90095, USA. bfogel@ucla.edu.\nDepartment of Human Genetics, David Geffen School of Medicine, University of California Los Angeles, Los Angeles, CA, 90095, USA. bfogel@ucla.edu.', 'firstname': 'Brent L', 'initials': 'BL', 'lastname': 'Fogel'}]",,© 2024. The Author(s).,"10.1038/s41531-024-00703-4
10.1016/j.nbd.2020.104782
10.1016/j.lpm.2017.01.001
10.1111/ane.12563
10.1016/j.neulet.2021.135865
10.1016/j.ejmg.2018.05.005
10.1073/pnas.1700465115
10.1016/j.nbd.2018.03.008
10.1016/j.neuron.2017.12.012
10.1093/brain/awx285
10.1289/ehp.8095
10.1371/journal.pone.0036199
10.1038/s41467-023-38215-z
10.1186/s13073-021-00835-9
10.1016/j.pneurobio.2011.09.005
10.1002/mds.25462
10.1016/j.parkreldis.2019.11.015
10.1523/JNEUROSCI.1920-10.2010
10.1080/15548627.2022.2062112
10.1016/j.toxlet.2019.01.007
10.1002/ana.21717
10.1093/toxsci/kfw117
10.1128/MCB.01748-12
10.1016/j.envint.2022.107613
10.1016/j.taap.2011.12.006
10.1016/j.pneurobio.2011.03.005
10.1016/j.chemosphere.2019.125138
10.1093/toxsci/kfz049
10.1002/tox.23534
10.1212/WNL.0000000000000083
10.1016/j.neuron.2017.01.022
10.1038/ncb3101
10.1016/j.mam.2006.08.005
10.1080/15548627.2019.1633862
10.1371/journal.pbio.3002244
10.4161/auto.28979
10.1016/j.envres.2020.110186
10.1038/jes.2017.3
10.1093/aje/kwr003
10.1038/s41467-020-18255-5
10.1093/bioinformatics/btt703
10.1126/science.1262110
10.1093/bioinformatics/btp324
10.1101/gr.107524.110
10.1093/bioinformatics/bty849
10.1093/bioinformatics/btp352
10.1093/nar/gkx1153
10.1007/s00439-017-1779-6
10.1086/519795
10.1038/s41586-020-2308-7",NPJ Parkinson's disease,[],,2024-04-26,"38664407
31991247
28189372
26942037
26869347
33147750
33812929
29842932
29311330
29550539
29290548
29140481
16451848
22615757
37193692
33618777
21930184
23580333
31761667
20844148
35435793
30664929
19847896
22946053
27413109
23589329
36395557
37894945
22197610
21439347
31670000
36851010
30796443
35388968
24491970
28279350
25686248
16973206
31223056
37535686
24852146
32919961
28327632
21447478
32913184
24336805
25954001
19451168
20644199
30304370
19505943
29165669
28349240
17701901
32461654",,Lysosomal genes contribute to Parkinson's disease near agriculture with high intensity pesticide use.,<Element 'PubmedArticle' at 0x777b00bae700>,,,,,,
"Environmental exposures impact amyotrophic lateral sclerosis (ALS) risk and progression, a fatal and progressive neurodegenerative disease. Better characterization of these exposures is needed to decrease disease burden.
To identify exposures in the residential setting that associate with ALS risk, survival, and onset segment.
ALS and control participants recruited from University of Michigan completed a survey that ascertained exposure risks in the residential setting. ALS risk was assessed using logistic regression models followed by latent profile analysis to consider exposure profiles. A case-only analysis considered the contribution of the residential exposure variables via a Cox proportional hazards model for survival outcomes and multinomial logistic regression for onset segment, a polytomous outcome.
This study included 367 ALS and 255 control participants. Twelve residential variables were associated with ALS risk after correcting for multiple comparison testing, with storage in an attached garage of chemical products including gasoline or kerosene (odds ratio (OR) = 1.14, 
Residential exposures may be important modifiable components of the ALS susceptibility and prognosis exposome.","[{'affiliation': 'Department of Neurology, University of Michigan, Ann Arbor, MI, USA.\nNeuroNetwork for Emerging Therapies, University of Michigan, Ann Arbor, MI, USA.', 'firstname': 'Stephen A', 'initials': 'SA', 'lastname': 'Goutman'}, {'affiliation': 'Department of Biostatistics, University of Michigan, Ann Arbor, MI, USA, and.', 'firstname': 'Jonathan', 'initials': 'J', 'lastname': 'Boss'}, {'affiliation': 'Department of Neurology, University of Michigan, Ann Arbor, MI, USA.\nNeuroNetwork for Emerging Therapies, University of Michigan, Ann Arbor, MI, USA.', 'firstname': 'Dae Gyu', 'initials': 'DG', 'lastname': 'Jang'}, {'affiliation': 'Department of Neurology, University of Michigan, Ann Arbor, MI, USA.', 'firstname': 'Caroline', 'initials': 'C', 'lastname': 'Piecuch'}, {'affiliation': 'Department of Neurology, University of Michigan, Ann Arbor, MI, USA.', 'firstname': 'Hasan', 'initials': 'H', 'lastname': 'Farid'}, {'affiliation': 'Department of Neurology, University of Michigan, Ann Arbor, MI, USA.', 'firstname': 'Madeleine', 'initials': 'M', 'lastname': 'Batra'}, {'affiliation': 'Department of Biostatistics, University of Michigan, Ann Arbor, MI, USA, and.', 'firstname': 'Bhramar', 'initials': 'B', 'lastname': 'Mukherjee'}, {'affiliation': 'Department of Neurology, University of Michigan, Ann Arbor, MI, USA.\nNeuroNetwork for Emerging Therapies, University of Michigan, Ann Arbor, MI, USA.', 'firstname': 'Eva L', 'initials': 'EL', 'lastname': 'Feldman'}, {'affiliation': 'Department of Environmental Health Sciences, University of Michigan, Ann Arbor, MI, USA.', 'firstname': 'Stuart A', 'initials': 'SA', 'lastname': 'Batterman'}]",Residential exposures may be important modifiable components of the ALS susceptibility and prognosis exposome.,,"10.1080/21678421.2024.2336110
10.1016/S0140-6736(22)01272-7
10.1016/S1474-4422(21)00465-8
10.1016/S1474-4422(21)00414-2
10.1038/s41582-023-00867-2
10.1016/j.neuro.2016.06.015
10.1136/jnnp-2018-319785
10.1001/jamaneurol.2016.0594
10.1136/jnnp-2023-332121
10.1371/journal.pone.0101186
10.1080/21678421.2022.2127324
10.1007/s00420-022-01874-4
10.1016/j.jns.2024.122899
10.18637/jss.v045.i03
10.1186/2193-1801-2-222
10.1212/nxg.0000000000200079
10.3390/ijerph18030973
10.1289/EHP9131
10.3390/ijerph17082882
10.1159/000453359
10.1136/oem.2005.022400
10.1039/B418887J
10.3389/fbuil.2019.00107
10.1007/s10654-017-0249-8
10.1016/j.jns.2019.116589
10.1097/ACI.0000000000000882
10.1371/journal.pone.0133024
10.1016/j.envres.2007.01.008
10.1080/14733315.2003.11683670
10.1021/es8029957
10.1038/s41598-021-91349-2
10.1016/j.envpol.2014.12.010
10.1186/s12940-017-0297-2
10.1016/j.envres.2020.109530
10.1016/j.neuro.2007.09.003
10.1186/1476-069X-9-30
10.1186/1476-069X-9-40
10.1016/j.ijheh.2019.07.010
10.1038/sj.jes.7500468",Amyotrophic lateral sclerosis & frontotemporal degeneration,"['ALS', 'ALS exposures', 'gasoline', 'lawn care products', 'pesticides', 'residential risk factors', 'woodworking']",,2024-04-01,"38557405
36116464
35334233
35334234
37709948
27377857
30760645
27159543
37758454
24979055
36193557
35593931
38278093
23853744
37293291
33499343
34498494
32331298
19750102
28122372
16497867
9199537
15931419
28585120
31786407
36821481
26191795
17350611
19475936
34099747
25544309
28851431
32335431
17950889
20579356
20646273
31351853
16519415","This study included 367 ALS and 255 control participants. Twelve residential variables were associated with ALS risk after correcting for multiple comparison testing, with storage in an attached garage of chemical products including gasoline or kerosene (odds ratio (OR) = 1.14, ","Residential exposure associations with ALS risk, survival, and phenotype: a Michigan-based case-control study.",<Element 'PubmedArticle' at 0x777b009d2200>,,,,,,
"Epidemiological evidence for long-term air pollution exposure and Parkinson's disease (PD) is controversial, and analysis of causality is limited. We identified 293,888 participants who were free of PD at baseline in the UK Biobank (2006-2010). Time-varying air pollution [fine particulate (PM","[{'affiliation': 'Department of Epidemiology, School of Public Health, Sun Yat-sen University, Guangzhou, China.', 'firstname': 'Baozhuo', 'initials': 'B', 'lastname': 'Ai'}, {'affiliation': 'Department of Epidemiology, School of Public Health, Sun Yat-sen University, Guangzhou, China.', 'firstname': 'Jiayue', 'initials': 'J', 'lastname': 'Zhang'}, {'affiliation': 'Department of Epidemiology, School of Public Health, Sun Yat-sen University, Guangzhou, China.', 'firstname': 'Shiyu', 'initials': 'S', 'lastname': 'Zhang'}, {'affiliation': 'Department of Epidemiology, School of Public Health, Sun Yat-sen University, Guangzhou, China.', 'firstname': 'Ge', 'initials': 'G', 'lastname': 'Chen'}, {'affiliation': 'Department of Epidemiology, School of Public Health, Sun Yat-sen University, Guangzhou, China.', 'firstname': 'Fei', 'initials': 'F', 'lastname': 'Tian'}, {'affiliation': 'Department of Epidemiology, School of Public Health, Sun Yat-sen University, Guangzhou, China.', 'firstname': 'Lan', 'initials': 'L', 'lastname': 'Chen'}, {'affiliation': 'Shenzhen University General Hospital, Shenzhen, China.', 'firstname': 'Haitao', 'initials': 'H', 'lastname': 'Li'}, {'affiliation': 'School of Public Health and Preventive Medicine, Monash University, Melbourne, VIC 3004, Australia.', 'firstname': 'Yuming', 'initials': 'Y', 'lastname': 'Guo'}, {'affiliation': 'Schulich Heart Program, Sunnybrook Research Institute, Toronto, ON, Canada; ICES, Toronto, ON, Canada; Department of Anesthesiology and Pain Medicine, Temerty Faculty of Medicine, University of Toronto, Toronto, ON, Canada.', 'firstname': 'Angela', 'initials': 'A', 'lastname': 'Jerath'}, {'affiliation': 'Department of Epidemiology, School of Public Health, Sun Yat-sen University, Guangzhou, China. Electronic address: linhualiang@mail.sysu.edu.cn.', 'firstname': 'Hualiang', 'initials': 'H', 'lastname': 'Lin'}, {'affiliation': 'Department of Epidemiology, School of Public Health, Sun Yat-sen University, Guangzhou, China. Electronic address: zhangzilong@mail.sysu.edu.cn.', 'firstname': 'Zilong', 'initials': 'Z', 'lastname': 'Zhang'}]",,Copyright © 2024 Elsevier B.V. All rights reserved.,10.1016/j.jhazmat.2024.133944,Journal of hazardous materials,"['Air pollution', 'Causal inference', ""Parkinson's disease"", 'Prospective cohort']",,2024-03-09,38457975,,Causal association between long-term exposure to air pollution and incident Parkinson's disease.,<Element 'PubmedArticle' at 0x777b00a00a90>,,,,,,
"The sense of smell allows for the assessment of the chemical composition of volatiles in our environment. Different factors are associated with reduced olfactory function, including age, sex, as well as health and lifestyle conditions. However, most studies that aimed at identifying the variables that drive olfactory function in the population suffered from methodological weaknesses in study designs and participant selection, such as the inclusion of convenience sample or only of certain age groups, or recruitment biases. We aimed to overcome these issues by investigating the Cooperative Health Research in South Tyrol (CHRIS) cohort, a population-based cohort, by using a validated odor identification test. Specifically, we hypothesized that a series of medical, demographic and lifestyle variables is associated with odor identification abilities. In addition, our goal was to provide clinicians and researchers with normative values for the Sniffin' Sticks identification set, after exclusion of individuals with impaired nasal patency. We included 6,944 participants without acute nasal obstruction and assessed several biological, social, and medical parameters. A basic model determined that age, sex, years of education, and smoking status together explained roughly 13% of the total variance in the data. We further observed that variables related to medical (positive screening for cognitive impairment and for Parkinson's disease, history of skull fracture, stage 2 hypertension) and lifestyle (alcohol abstinence) conditions had a negative effect on odor identification scores. Finally, we provide clinicians with normative values for both versions of the Sniffin' Sticks odor identification test, i.e. with 16 items and with 12 items.","[{'affiliation': 'Institute for Biomedicine (affiliated to the University of Lübeck), Eurac Research, Bozen, Italy.', 'firstname': 'Martin', 'initials': 'M', 'lastname': 'Gögele'}, {'affiliation': 'Institute for Biomedicine (affiliated to the University of Lübeck), Eurac Research, Bozen, Italy.', 'firstname': 'David', 'initials': 'D', 'lastname': 'Emmert'}, {'affiliation': 'Institute for Biomedicine (affiliated to the University of Lübeck), Eurac Research, Bozen, Italy.', 'firstname': 'Christian', 'initials': 'C', 'lastname': 'Fuchsberger'}, {'affiliation': 'Institute for Biomedicine (affiliated to the University of Lübeck), Eurac Research, Bozen, Italy.\nDepartment of Anatomy, University of Québec in Trois-Rivières, Québec, Canada.\nResearch Center, Sacré-Coeur hospital, Montréal, Québec, Canada.', 'firstname': 'Johannes', 'initials': 'J', 'lastname': 'Frasnelli'}]",,© The Author(s) 2024. Published by Oxford University Press.,"10.1093/chemse/bjae011
10.1016/j.neuroimage.2019.01.008
10.1002/cphy.c210007
10.1167/tvst.11.11.2
10.1002/lary.24999
10.4193/Rhino10.155
10.1007/s11882-020-00975-9
10.3109/02699052.2015.1004748
10.1212/WNL.0000000000001132
10.1016/j.physbeh.2018.12.017
10.1093/gerona/glaa221
10.1016/j.neuropharm.2021.108923
10.1016/j.physbeh.2018.10.011
10.1089/neu.2020.7475
10.4061/2011/450939
10.1111/j.1398-9995.2011.02646.x
10.1016/j.parkreldis.2009.08.007
10.1111/all.13042
10.1111/j.1749-6632.1998.tb10650.x
10.1007/s11154-016-9364-1
10.4193/Rhino16.248
10.22038/ijorl.2019.40358.2325
10.1002/alr.22822
10.1183/09031936.01.00205801
10.1093/chemse/bjad045
10.3233/JAD-201022
10.1016/j.anl.2021.11.014
10.1177/0898264309353066
10.1007/s11065-019-09406-7
10.1093/chemse/bjg061
10.1097/00005537-200410000-00017
10.1093/chemse/bjh05929/6/547[pii]
10.1080/02699052.2019.1631486
10.1136/bmjopen-2016-013246
10.1093/chemse/bjz029
10.1007/s00415-016-8285-y
10.1002/lary.30325
10.1136/bmjopen-2012-001256
10.1371/journal.pone.0215053
10.1007/s00405-018-5248-1
10.1186/s12967-015-0704-9
10.1371/journal.pone.0107541
10.1093/gerona/glv072
10.1007/s004150050312
10.1177/19458924231153485
10.3390/nu13124561
10.1093/chemse/bjv057
10.1136/jnnp-2016-314638
10.1038/s41598-020-80943-5
10.1093/chemse/bjr102
10.1093/gerona/glx054
10.3389/fpsyg.2019.00242
10.1002/mds.21740
10.3390/nu14061262
10.1007/s00415-008-0807-9
10.1016/j.bandl.2008.07.001
10.4193/Rhin19.005
10.1093/chemse/bjaa018
10.1111/ene.12462",Chemical senses,"['age', 'dementia', 'odor identification', 'sex', 'smell', 'traumatic brain injury']",,2024-03-07,"38452143
30630079
34661289
36322079
25369790
21858264
15064632
33161494
22643951
14968312
25826471
2021470
25471394
30557565
32886741
34919903
1202204
30336228
33724054
12422973
2304239
21687752
21605125
19846332
20437286
27590749
9929676
27287364
11642433
9056084
29528615
33014903
34047496
11589359
37878784
33459721
34930631
20133956
31144106
9050101
14627537
15454769
15269128
31223039
28157672
31077277
27671482
35906890
23135536
30964923
12425708
30554358
26541195
25271633
26253908
10195401
36848279
22414849
34960113
26487703
15563909
28039318
33441955
22045704
28444135
30814965
17894337
12049556
35334919
18677645
18722007
31152646
32406505
24840006",,Factors influencing olfactory function in an adult general population sample: the CHRIS study.,<Element 'PubmedArticle' at 0x777b00a08bd0>,,,,,,
"Research using Sister Study data has implicated nitrogen dioxide (vehicle exhaust is a major source), and possibly fine particulate matter, in increased risk for Parkinson's disease.","[{'affiliation': None, 'firstname': 'Wendee', 'initials': 'W', 'lastname': 'Nicole'}]",,,"10.1289/EHP14469
10.1289/EHP13009
10.1001/jamaneurol.2021.1335
10.1093/ije/dyy172
10.1212/WNL.0000000000207871",Environmental health perspectives,[],,2024-03-06,"38446581
38175185
33999109
30124852
37903644",,Trafficking in Disease: More Evidence for Air Pollution-Parkinson's Association.,<Element 'PubmedArticle' at 0x777b00a2a660>,,,,,,
"Environmental exposure to trichloroethylene (TCE), a carcinogenic dry-cleaning chemical, may be linked to Parkinson's disease (PD).
The objective of this study was to determine whether PD and cancer were elevated among attorneys who worked near a contaminated site.
We surveyed and evaluated attorneys with possible exposure and assessed a comparison group.
Seventy-nine of 82 attorneys (96.3%; mean [SD] age: 69.5 [11.4] years; 89.9% men) completed at least one phase of the study. For comparison, 75 lawyers (64.9 [10.2] years; 65.3% men) underwent clinical evaluations. Four (5.1%) of them who worked near the polluted site reported PD, more than expected based on age and sex (1.7%; P = 0.01) but not significantly higher than the comparison group (n = 1 [1.3%]; P = 0.37). Fifteen (19.0%), compared to four in the comparison group (5.3%; P = 0.049), had a TCE-related cancer.
In a retrospective study, diagnoses of PD and TCE-related cancers appeared to be elevated among attorneys who worked next to a contaminated dry-cleaning site. © 2024 The Authors. Movement Disorders published by Wiley Periodicals LLC on behalf of International Parkinson and Movement Disorder Society.","[{'affiliation': 'Department of Neurology, University of Rochester Medical Center, Rochester, New York, USA.\nCenter for Health & Technology, University of Rochester Medical Center, Rochester, New York, USA.', 'firstname': 'E Ray', 'initials': 'ER', 'lastname': 'Dorsey'}, {'affiliation': 'Department of Neurology, University of Rochester Medical Center, Rochester, New York, USA.\nCenter for Health & Technology, University of Rochester Medical Center, Rochester, New York, USA.', 'firstname': 'Dan', 'initials': 'D', 'lastname': 'Kinel'}, {'affiliation': 'Center for Health & Technology, University of Rochester Medical Center, Rochester, New York, USA.', 'firstname': 'Meghan E', 'initials': 'ME', 'lastname': 'Pawlik'}, {'affiliation': 'Center for Health & Technology, University of Rochester Medical Center, Rochester, New York, USA.\nHarvard T.H. Chan School of Public Health, Boston, Massachusetts, USA.', 'firstname': 'Maryam', 'initials': 'M', 'lastname': 'Zafar'}, {'affiliation': 'Center for Health & Technology, University of Rochester Medical Center, Rochester, New York, USA.', 'firstname': 'Samantha E', 'initials': 'SE', 'lastname': 'Lettenberger'}, {'affiliation': 'Donald and Barbara Zucker School of Medicine, Uniondale, New York, USA.', 'firstname': 'Madeleine', 'initials': 'M', 'lastname': 'Coffey'}, {'affiliation': 'Department of Neurology, University of Rochester Medical Center, Rochester, New York, USA.\nCenter for Health & Technology, University of Rochester Medical Center, Rochester, New York, USA.', 'firstname': 'Peggy', 'initials': 'P', 'lastname': 'Auinger'}, {'affiliation': 'Kevin Hylton Environmental Services, Inc., Rochester, New York, USA.', 'firstname': 'Kevin L', 'initials': 'KL', 'lastname': 'Hylton'}, {'affiliation': 'Wilmot Cancer Institute, University of Rochester Medical Center, Rochester, New York, USA.', 'firstname': 'Carol W', 'initials': 'CW', 'lastname': 'Shaw'}, {'affiliation': 'Department of Neurology, University of Rochester Medical Center, Rochester, New York, USA.\nCenter for Health & Technology, University of Rochester Medical Center, Rochester, New York, USA.', 'firstname': 'Jamie L', 'initials': 'JL', 'lastname': 'Adams'}, {'affiliation': 'Department of Neurology, University of Rochester Medical Center, Rochester, New York, USA.', 'firstname': 'Richard', 'initials': 'R', 'lastname': 'Barbano'}, {'affiliation': 'Department of Neurology, University of Rochester Medical Center, Rochester, New York, USA.', 'firstname': 'Melanie K', 'initials': 'MK', 'lastname': 'Braun'}, {'affiliation': 'Department of Neurology, University of Rochester Medical Center, Rochester, New York, USA.', 'firstname': 'Heidi B', 'initials': 'HB', 'lastname': 'Schwarz'}, {'affiliation': 'Department of Environmental Medicine, University of Rochester Medical Center, Rochester, New York, USA.', 'firstname': 'B Paige', 'initials': 'BP', 'lastname': 'Lawrence'}, {'affiliation': 'Department of Neurology, University of Rochester Medical Center, Rochester, New York, USA.\nCenter for Health & Technology, University of Rochester Medical Center, Rochester, New York, USA.', 'firstname': 'Karl', 'initials': 'K', 'lastname': 'Kieburtz'}, {'affiliation': 'Department of Neurology, UCSF Health, San Francisco, California, USA.', 'firstname': 'Caroline M', 'initials': 'CM', 'lastname': 'Tanner'}, {'affiliation': 'Department of Neurology, University of Alabama at Birmingham, Birmingham, Alabama, USA.', 'firstname': 'Briana R', 'initials': 'BR', 'lastname': 'de Miranda'}, {'affiliation': 'Division of Occupational, Environmental, and Climate Medicine, University of California San Francisco, San Francisco, California, USA.', 'firstname': 'Samuel M', 'initials': 'SM', 'lastname': 'Goldman'}]",,© 2024 The Authors. Movement Disorders published by Wiley Periodicals LLC on behalf of International Parkinson and Movement Disorder Society.,10.1002/mds.29723,Movement disorders : official journal of the Movement Disorder Society,"[""Parkinson's disease"", 'disease hotspot', 'environment', 'tetrachloroethylene (perchloroethylene)', 'trichloroethylene']",,2024-02-23,38389433,"Seventy-nine of 82 attorneys (96.3%; mean [SD] age: 69.5 [11.4] years; 89.9% men) completed at least one phase of the study. For comparison, 75 lawyers (64.9 [10.2] years; 65.3% men) underwent clinical evaluations. Four (5.1%) of them who worked near the polluted site reported PD, more than expected based on age and sex (1.7%; P = 0.01) but not significantly higher than the comparison group (n = 1 [1.3%]; P = 0.37). Fifteen (19.0%), compared to four in the comparison group (5.3%; P = 0.049), had a TCE-related cancer.",Dry-Cleaning Chemicals and a Cluster of Parkinson's Disease and Cancer: A Retrospective Investigation.,<Element 'PubmedArticle' at 0x777b00a35530>,,,,,,
"Alzheimer's disease (AD) is a complex and multifactorial neurodegenerative disease, which is currently diagnosed via clinical symptoms and nonspecific biomarkers (such as Aβ","[{'affiliation': 'Luxembourg Centre for Systems Biomedicine (LCSB), University of Luxembourg, Avenue du Swing 6, L-4367 Belvaux, Luxembourg.', 'firstname': 'Begoña', 'initials': 'B', 'lastname': 'Talavera Andújar'}, {'affiliation': 'Luxembourg Centre for Systems Biomedicine (LCSB), University of Luxembourg, Avenue du Swing 6, L-4367 Belvaux, Luxembourg.', 'firstname': 'Arnaud', 'initials': 'A', 'lastname': 'Mary'}, {'affiliation': 'Luxembourg Centre for Systems Biomedicine (LCSB), University of Luxembourg, Avenue du Swing 6, L-4367 Belvaux, Luxembourg.', 'firstname': 'Carmen', 'initials': 'C', 'lastname': 'Venegas'}, {'affiliation': 'National Center for Biotechnology Information, National Library of Medicine, National Institutes of Health, Bethesda, Maryland 20894, United States.', 'firstname': 'Tiejun', 'initials': 'T', 'lastname': 'Cheng'}, {'affiliation': 'National Center for Biotechnology Information, National Library of Medicine, National Institutes of Health, Bethesda, Maryland 20894, United States.', 'firstname': 'Leonid', 'initials': 'L', 'lastname': 'Zaslavsky'}, {'affiliation': 'National Center for Biotechnology Information, National Library of Medicine, National Institutes of Health, Bethesda, Maryland 20894, United States.', 'firstname': 'Evan E', 'initials': 'EE', 'lastname': 'Bolton'}, {'affiliation': 'Luxembourg Centre for Systems Biomedicine (LCSB), University of Luxembourg, Avenue du Swing 6, L-4367 Belvaux, Luxembourg.', 'firstname': 'Michael T', 'initials': 'MT', 'lastname': 'Heneka'}, {'affiliation': 'Luxembourg Centre for Systems Biomedicine (LCSB), University of Luxembourg, Avenue du Swing 6, L-4367 Belvaux, Luxembourg.', 'firstname': 'Emma L', 'initials': 'EL', 'lastname': 'Schymanski'}]",,,"10.1021/acs.est.3c10490
10.1038/s41572-021-00269-y
10.1007/s11306-021-01828-w
10.1016/j.jalz.2019.04.001
10.1212/WNL.0000000000007767
10.1136/jnnp-2018-320106
10.1007/s00018-019-03040-5
10.1016/j.neures.2022.05.003
10.1002/cti2.1318
10.1007/s11306-021-01848-6
10.1074/mcp.M110.000877
10.1186/s13195-019-0551-7
10.1371/journal.pone.0063644
10.1016/j.metop.2021.100125
10.1016/j.neurobiolaging.2022.04.009
10.1016/j.jalz.2018.01.003
10.3233/JAD-210608
10.3233/ADR-220071
10.1016/j.xcrm.2020.100138
10.1016/j.jpba.2021.113938
10.1007/s00216-022-04207-z
10.3389/frma.2021.689059
10.1016/j.jmb.2022.167514
10.1016/j.jchromb.2008.05.001
10.5281/zenodo.6936117
10.1186/s13321-021-00489-0
10.5281/zenodo.8014420
10.5281/zenodo.4183801
10.1038/nmeth.3393
10.1021/acs.analchem.6b00770
10.1038/nmeth.4512
10.1186/s13321-020-00477-w
10.21105/joss.04029
10.1021/es5002105
10.1021/ac100811x
10.1021/es301139q
10.1007/978-1-0716-0239-3_17
10.1093/nar/gkx1089
10.1093/nar/gkac956
10.1021/ac503816u
10.1038/s41598-017-15231-w
10.1016/B978-0-444-63432-0.00003-7
10.1021/ac301243k
10.3389/fcell.2021.602887
10.1016/j.bbapap.2017.04.002
10.3390/ijms21228767
10.1016/S0197-4580(03)00087-3
10.1186/s12974-020-01948-5
10.1016/j.jchromb.2023.123686
10.1038/tp.2013.18
10.1681/ASN.2013121283
10.1038/s12276-020-0449-2
10.1111/j.1755-5949.2012.00317.x
10.3389/fnagi.2014.00162
10.1007/s12017-020-08625-z
10.1016/j.freeradbiomed.2018.12.020
10.1016/j.jalz.2018.07.217
10.3389/fnins.2022.937906
10.3389/fnins.2017.00617
10.3727/105221618X15156018385515
10.1007/s11306-017-1297-5
10.1038/nm.3466
10.1186/s13024-022-00548-6
10.1093/toxsci/kfn268
10.1016/j.tiv.2022.105533
10.1016/j.jalz.2018.08.012
10.3389/fnagi.2023.1214932
10.1016/j.neurobiolaging.2019.03.015",Environmental science & technology,"['bile acids', 'cheminformatics', 'exposomics', 'high-resolution mass spectrometry', 'liquid chromatography', 'metabolomics']",,2024-02-19,"38373301
33986301
34453619
31164314
31182505
30967444
30770953
35577241
34386234
35397018
20811074
31779690
23700429
34622190
35640460
29519576
34569953
36994114
33294859
33621718
35829770
34322655
35227770
18502700
33685519
38373301
25938372
27419259
29176591
33407901
24476540
20521825
22712571
31953825
29140435
36305812
25496250
29109515
27112670
22967182
33718349
28411106
33233502
15123336
32958021
37068461
23571809
25145928
32908213
22530628
25100990
33085065
30578919
30337151
35937867
29163019
29325602
29249916
24608097
35715821
19131563
36473578
30337152
37719875
31055163",,Can Small Molecules Provide Clues on Disease Progression in Cerebrospinal Fluid from Mild Cognitive Impairment and Alzheimer's Disease Patients?,<Element 'PubmedArticle' at 0x777b00a49ad0>,,,,,,
"Parkinson's disease is the world's fastest growing brain disorder, and exposure to environmental toxicants is the principal reason. In this paper, we consider alternative, but unsatisfactory, explanations for its rise, including improved diagnostic skills, aging populations, and genetic causes. We then detail three environmental toxicants that are likely among the main causes of Parkinson's disease- certain pesticides, the solvent trichloroethylene, and air pollution. All three environmental toxicants are ubiquitous, many affect mitochondrial functioning, and all can access humans via various routes, including inhalation and ingestion. We reach the hopeful conclusion that most of Parkinson's disease is thus preventable and that we can help to create a world where Parkinson's disease is increasingly rare.","[{'affiliation': 'Center for Health + Technology and Department of Neurology, University of Rochester Medical Center, Rochester, NY, USA.', 'firstname': 'E Ray', 'initials': 'ER', 'lastname': 'Dorsey'}, {'affiliation': 'Department of Neurology, Radboud University Medical Centre, Donders Institute for Brain, Cognition and Behavior, Centre of Expertise for Parkinson and Movement Disorders, Nijmegen, the Netherlands.', 'firstname': 'Bastiaan R', 'initials': 'BR', 'lastname': 'Bloem'}]",,,10.3233/JPD-230357,Journal of Parkinson's disease,"['Parkinson disease', 'genetics', 'indoor air pollution', 'mitochondria', 'pesticides', 'primary prevention', 'solvents', 'tetrachloroethylene', 'trichloroethylene', 'water pollution']",,2024-01-13,"38217613
11983801
28931491
30879893
30287051
25482515
28520211
22254097
22345227
20625084
16713924
8844928
12411732
38552119
22315721
22847273
6713313
9929087
28639421
25888648
23150532
22776331
32767585
37980685
3815163
28185034
20090375
24050700
27546335
29553378
3876500
25939349
26357584
21269927
25815770
33887276
36526213
32552814
11100151
12127150
22166429
31175000
36522332
37949088
37259092
27159543
36876974
37838044
37193692
31996877
36938742
27838093
7885292
33636387
10457397
4313458
15206739
18157908
22083847
31422098
19922440
29270919
38011294
37184848
29988368
32981430
33999105
29587223
29935448
18349428
26151951
27614945
33999109
35700064
27648592
34770082
18550243
1642478
27187980
22178536
33412145
36054165
37903644
23515615
29616350
16495942
19915575
27285588
33372994
34042992
22192366
21687752
19399512
36450732
28843014
35605864
22229124
23483637
16682554
34950630
31752705
27323276
37688454
24647365
29246470
29137501
36424819
27188952
11783857
28691715
16112328
32650158",,Parkinson's Disease Is Predominantly an Environmental Disease.,<Element 'PubmedArticle' at 0x777b00a78590>,,,,,,
,"[{'affiliation': 'School of Pharmacy, University of Eastern Finland, P.O. Box 1627, 70211, Kuopio, Finland; Department of Health Security, Finnish Institute for Health and Welfare, P.O. Box 95, 70701, Kuopio, Finland. Electronic address: Isabell.Rumrich@uef.fi.', 'firstname': 'Isabell Katharina', 'initials': 'IK', 'lastname': 'Rumrich'}, {'affiliation': 'Department of Health Security, Finnish Institute for Health and Welfare, P.O. Box 95, 70701, Kuopio, Finland.', 'firstname': 'Antti', 'initials': 'A', 'lastname': 'Korhonen'}, {'affiliation': 'Department of Environmental Science, Aarhus University, Frederiksborgvej, 399, 4000, Roskilde, Denmark.', 'firstname': 'Lise Marie', 'initials': 'LM', 'lastname': 'Frohn'}, {'affiliation': 'Department of Environmental Science, Aarhus University, Frederiksborgvej, 399, 4000, Roskilde, Denmark.', 'firstname': 'Camilla', 'initials': 'C', 'lastname': 'Geels'}, {'affiliation': 'Department of Environmental Science, Aarhus University, Frederiksborgvej, 399, 4000, Roskilde, Denmark.', 'firstname': 'Jørgen', 'initials': 'J', 'lastname': 'Brandt'}, {'affiliation': 'School of Pharmacy, University of Eastern Finland, P.O. Box 1627, 70211, Kuopio, Finland.', 'firstname': 'Sirpa', 'initials': 'S', 'lastname': 'Hartikainen'}, {'affiliation': 'Department of Health Security, Finnish Institute for Health and Welfare, P.O. Box 95, 70701, Kuopio, Finland.', 'firstname': 'Otto', 'initials': 'O', 'lastname': 'Hänninen'}, {'affiliation': 'School of Pharmacy, University of Eastern Finland, P.O. Box 1627, 70211, Kuopio, Finland.', 'firstname': 'Anna-Maija', 'initials': 'AM', 'lastname': 'Tolppanen'}]",,,10.1016/j.envres.2023.118008,Environmental research,[],,2023-12-28,38150953,,Corrigendum to 'Long-term exposure to low-level particulate air pollution and Parkinson's disease diagnosis - A Finnish register-based study' [Environ. Res. 229 (2023) 1-13/115944].,<Element 'PubmedArticle' at 0x777b00aad620>,,,,,,
"Parkinson's disease (PD) is a neurodegenerative disorder with complex etiology. Multiple genetic and environmental factors have been associated with PD, but most PD risk remains unexplained. The aim of this study was to test for statistical interactions between PD-related genetic and environmental exposures in the 23andMe, Inc. research dataset.
Using a validated PD polygenic risk score and common PD-associated variants in the GBA gene, we explored interactions between genetic susceptibility factors and 7 lifestyle and environmental factors: body mass index (BMI), type 2 diabetes (T2D), tobacco use, caffeine consumption, pesticide exposure, head injury, and physical activity (PA).
We observed that T2D, as well as higher BMI, caffeine consumption, and tobacco use, were associated with lower odds of PD, whereas head injury, pesticide exposure, GBA carrier status, and PD polygenic risk score were associated with higher odds. No significant association was observed between PA and PD. In interaction analyses, we found statistical evidence for an interaction between polygenic risk of PD and the following environmental/lifestyle factors: T2D (p = 6.502 × 10
We provide preliminary evidence that associations between some environmental and lifestyle factors and PD may be modified by genotype. ANN NEUROL 2024;95:677-687.","[{'affiliation': '23andMe, Inc., Sunnyvale, CA, USA.', 'firstname': 'Alexandra', 'initials': 'A', 'lastname': 'Reynoso'}, {'affiliation': 'Center for Preventive Neurology, Wolfson Institute of Population Health, Faculty of Medicine and Dentistry, Queen Mary University of London, London, UK.', 'firstname': 'Roberta', 'initials': 'R', 'lastname': 'Torricelli'}, {'affiliation': 'Center for Preventive Neurology, Wolfson Institute of Population Health, Faculty of Medicine and Dentistry, Queen Mary University of London, London, UK.', 'firstname': 'Benjamin Meir', 'initials': 'BM', 'lastname': 'Jacobs'}, {'affiliation': '23andMe, Inc., Sunnyvale, CA, USA.', 'firstname': 'Jingchunzi', 'initials': 'J', 'lastname': 'Shi'}, {'affiliation': '23andMe, Inc., Sunnyvale, CA, USA.', 'firstname': 'Stella', 'initials': 'S', 'lastname': 'Aslibekyan'}, {'affiliation': '23andMe, Inc., Sunnyvale, CA, USA.', 'firstname': 'Lucy', 'initials': 'L', 'lastname': 'Norcliffe-Kaufmann'}, {'affiliation': 'Center for Preventive Neurology, Wolfson Institute of Population Health, Faculty of Medicine and Dentistry, Queen Mary University of London, London, UK.', 'firstname': 'Alastair J', 'initials': 'AJ', 'lastname': 'Noyce'}, {'affiliation': 'Department of Psychiatry and Psychotherapy, Charité Universitätsmedizin, Berlin, Germany.\nStanley Center for Psychiatric Research, Broad Institute of Harvard and MIT, Cambridge, MA, USA.', 'firstname': 'Karl', 'initials': 'K', 'lastname': 'Heilbron'}]",,© 2023 The Authors. Annals of Neurology published by Wiley Periodicals LLC on behalf of American Neurological Association.,10.1002/ana.26852,Annals of neurology,[],,2023-12-19,38113326,"We observed that T2D, as well as higher BMI, caffeine consumption, and tobacco use, were associated with lower odds of PD, whereas head injury, pesticide exposure, GBA carrier status, and PD polygenic risk score were associated with higher odds. No significant association was observed between PA and PD. In interaction analyses, we found statistical evidence for an interaction between polygenic risk of PD and the following environmental/lifestyle factors: T2D (p = 6.502 × 10",Gene-Environment Interactions for Parkinson's Disease.,<Element 'PubmedArticle' at 0x777b00aafce0>,,,,,,
"Parkinson's disease is the fastest-growing neurologic disease with seemingly no means of prevention. Intrinsic risk factors (age, sex, and genetics) are inescapable, but environmental factors are not. We identified repeated blows to the head in sports/combat as a potential new risk factor. 23% of PD cases in females were attributable to pesticide/herbicide exposure, and 30% of PD in males were attributable to pesticides/herbicides, military-related chemical exposures, and repeated blows to the head, and therefore could have potentially been prevented.","[{'affiliation': ""Department of Neurology, University of Alabama at Birmingham, Birmingham, AL, 35233, USA. haydehpayami@uabmc.edu.\nAligning Science Across Parkinson's (ASAP) Collaborative Research Network, Chevy Chase, MD, 20815, USA. haydehpayami@uabmc.edu."", 'firstname': 'Haydeh', 'initials': 'H', 'lastname': 'Payami'}, {'affiliation': ""Department of Neurology, University of Alabama at Birmingham, Birmingham, AL, 35233, USA.\nAligning Science Across Parkinson's (ASAP) Collaborative Research Network, Chevy Chase, MD, 20815, USA."", 'firstname': 'Gwendolyn', 'initials': 'G', 'lastname': 'Cohen'}, {'affiliation': ""Department of Neurology, University of Alabama at Birmingham, Birmingham, AL, 35233, USA.\nAligning Science Across Parkinson's (ASAP) Collaborative Research Network, Chevy Chase, MD, 20815, USA.\nDepartment of Biostatistics, University of Alabama at Birmingham, Birmingham, AL, 35233, USA."", 'firstname': 'Charles F', 'initials': 'CF', 'lastname': 'Murchison'}, {'affiliation': ""Aligning Science Across Parkinson's (ASAP) Collaborative Research Network, Chevy Chase, MD, 20815, USA.\nDepartment of Cell Biology, Emory University School of Medicine, Atlanta, GA, 30329, USA."", 'firstname': 'Timothy R', 'initials': 'TR', 'lastname': 'Sampson'}, {'affiliation': ""Department of Neurology, University of Alabama at Birmingham, Birmingham, AL, 35233, USA.\nAligning Science Across Parkinson's (ASAP) Collaborative Research Network, Chevy Chase, MD, 20815, USA."", 'firstname': 'David G', 'initials': 'DG', 'lastname': 'Standaert'}, {'affiliation': ""Department of Neurology, University of Alabama at Birmingham, Birmingham, AL, 35233, USA.\nAligning Science Across Parkinson's (ASAP) Collaborative Research Network, Chevy Chase, MD, 20815, USA."", 'firstname': 'Zachary D', 'initials': 'ZD', 'lastname': 'Wallen'}]",,© 2023. The Author(s).,"10.1038/s41531-023-00603-z
10.1016/S1474-4422(18)30295-3
10.1016/j.parkreldis.2015.12.008
10.1093/oxfordjournals.aje.a121617
10.1016/S2214-109X(19)30074-9
10.1097/JSM.0000000000000918
10.1186/s12940-019-0488-0",NPJ Parkinson's disease,[],,2023-12-06,"38052871
30287051
26739246
4825599
31000129
33797476
31170989",,Population fraction of Parkinson's disease attributable to preventable risk factors.,<Element 'PubmedArticle' at 0x777b008cbd30>,,,,,,
"The correlation between air pollution and neurodegenerative diseases has garnered growing attention. Although observational studies have indicated a potential link between air pollution and neurodegenerative disease, establishing a causal relationship remains uncertain. To address this gap, we performed a two-sample Mendelian randomization analysis utilizing genetic instruments. This analysis aimed to investigate the causal connections between PM","[{'affiliation': ""Department of Geriatric Neurology, Shaanxi Provincial People's Hospital, Xi'an, 710068, People's Republic of China.\nShaanxi Provincial Clinical Research Center for Geriatric Medicine, Xi'an, 710068, People's Republic of China."", 'firstname': 'Pingping', 'initials': 'P', 'lastname': 'Ning'}, {'affiliation': ""Department of Geriatric Neurology, Shaanxi Provincial People's Hospital, Xi'an, 710068, People's Republic of China.\nShaanxi Provincial Clinical Research Center for Geriatric Medicine, Xi'an, 710068, People's Republic of China.\nInstitute of Medical Research, Northwestern Polytechnical University, Xi'an, 710072, People's Republic of China."", 'firstname': 'Xingzhi', 'initials': 'X', 'lastname': 'Guo'}, {'affiliation': ""Department of Neurology, The First Affiliated Hospital of Xi'an Jiaotong University, Xi'an, 710061, People's Republic of China."", 'firstname': 'Qiumin', 'initials': 'Q', 'lastname': 'Qu'}, {'affiliation': ""Department of Geriatric Neurology, Shaanxi Provincial People's Hospital, Xi'an, 710068, People's Republic of China. rli@nwpu.edu.cn.\nShaanxi Provincial Clinical Research Center for Geriatric Medicine, Xi'an, 710068, People's Republic of China. rli@nwpu.edu.cn.\nInstitute of Medical Research, Northwestern Polytechnical University, Xi'an, 710072, People's Republic of China. rli@nwpu.edu.cn."", 'firstname': 'Rui', 'initials': 'R', 'lastname': 'Li'}]",,"© 2023. The Author(s), under exclusive licence to Springer-Verlag GmbH Germany, part of Springer Nature.","10.1007/s11356-023-31047-w
10.1016/j.tins.2009.05.009
10.1016/S0140-6736(21)00218-X
10.1002/gepi.21758
10.1002/gepi.21998
10.1080/01926230490520232
10.1177/0192623307313011
10.1016/j.neuro.2004.08.003
10.1186/s12940-019-0511-5
10.1002/hep.32183
10.1186/s12967-022-03407-6
10.3233/JAD-200483
10.1016/j.puhe.2019.09.020
10.1016/j.envres.2018.10.008
10.1016/S2468-2667(20)30185-7
10.1001/jamaneurol.2021.1335
10.1016/j.ijheh.2018.12.006
10.1038/s41588-019-0358-2
10.1002/sim.3034
10.1289/ehp.1002986
10.1002/mds.28922
10.1016/S1474-4422(19)30320-5
10.3233/JAD-215411
10.1016/S1474-4422(22)00168-5
10.1093/ije/dyq151
10.1038/nrdp.2017.13
10.1038/s41467-019-09432-2
10.1681/ASN.2016010098
10.1093/ije/dyg070
10.1016/j.envres.2019.108638
10.1080/08958370590912888
10.1016/j.dadm.2014.11.015",Environmental science and pollution research international,"['Air pollution', 'Alzheimer’s disease', 'Causality', 'Mendelian randomization', 'Neurodegenerative disorders', 'Parkinson’s disease']",,2023-11-23,37995032,,Exploring the association between air pollution and Parkinson's disease or Alzheimer's disease: a Mendelian randomization study.,<Element 'PubmedArticle' at 0x777b008d7d30>,,,,,,
"Environmental plastic wastes are potential health hazards due to their prevalence as well as their versatility in initiating physical, chemical, and biological interactions and transformations. Indeed, recent research has implicated the adverse effects of micro- and nano-plastics, including their neurotoxicity, yet how plastic particulates may impact the aggregation pathway and toxicity of amyloid proteins pertinent to the pathologies of neurological diseases remains unknown. Here, electrospray ionization time-of-flight mass spectrometry (ESI-TOF-MS) is employed to reveal the polymorphic oligomerization of NACore, a surrogate of alpha-synuclein that is associated with the pathogenesis of Parkinson's disease. These data indicate that the production rate and population of the NACore oligomers are modulated by their exposure to a polystyrene nanoplastic, and these cellular assays further reveal an elevated NACore toxicity in microglial cells elicited by the nanoplastic. These simulations confirm that the nanoplastic-NACore association is promoted by their hydrophobic interactions. These findings are corroborated by an impairment in zebrafish hatching, survival, and development in vivo upon their embryonic exposure to the nanoplastic. Together, this study has uncovered the dynamics and mechanism of amyloidogenesis elevated by a nanoplastic trigger, shedding a new light on the neurological burden of plastic pollution.","[{'affiliation': 'School of Biomedical Sciences and Engineering, Guangzhou International Campus, South China University of Technology, Guangzhou, 510006, China.\nNanomedicine Center, The Great Bay Area National Institute for Nanotechnology Innovation, 136 Kaiyuan Avenue, Guangzhou, 510700, China.', 'firstname': 'Xiufang', 'initials': 'X', 'lastname': 'Liang'}, {'affiliation': 'Nanomedicine Center, The Great Bay Area National Institute for Nanotechnology Innovation, 136 Kaiyuan Avenue, Guangzhou, 510700, China.\nDrug Delivery, Disposition and Dynamics, Monash Institute of Pharmaceutical Sciences, Monash University, 381 Royal Parade, Parkville, VIC, 3052, Australia.', 'firstname': 'Nicholas', 'initials': 'N', 'lastname': 'Andrikopoulos'}, {'affiliation': 'College of Mechanics and Materials, Hohai University, Nanjing, 211100, China.\nDepartment of Physics and Astronomy, Clemson University, Clemson, SC, 29634, USA.', 'firstname': 'Huayuan', 'initials': 'H', 'lastname': 'Tang'}, {'affiliation': 'School of Biomedical Sciences and Engineering, Guangzhou International Campus, South China University of Technology, Guangzhou, 510006, China.\nNanomedicine Center, The Great Bay Area National Institute for Nanotechnology Innovation, 136 Kaiyuan Avenue, Guangzhou, 510700, China.', 'firstname': 'Yue', 'initials': 'Y', 'lastname': 'Wang'}, {'affiliation': 'Department of Physics and Astronomy, Clemson University, Clemson, SC, 29634, USA.', 'firstname': 'Feng', 'initials': 'F', 'lastname': 'Ding'}, {'affiliation': 'Nanomedicine Center, The Great Bay Area National Institute for Nanotechnology Innovation, 136 Kaiyuan Avenue, Guangzhou, 510700, China.\nDrug Delivery, Disposition and Dynamics, Monash Institute of Pharmaceutical Sciences, Monash University, 381 Royal Parade, Parkville, VIC, 3052, Australia.', 'firstname': 'Pu Chun', 'initials': 'PC', 'lastname': 'Ke'}]",,© 2023 The Authors. Small published by Wiley‐VCH GmbH.,10.1002/smll.202308753,"Small (Weinheim an der Bergstrasse, Germany)","['NACore', ""Parkinson's disease"", 'amyloidogenesis', 'nanoplastics', 'oligomers']",,2023-11-21,"37988678
31272252
32763705
21394374
29123668
36087672
35593208
34891014
33109409
33254789
30312919
24256469
36730723
31030162
34688005
30045518
36336178
35090911
36995001
30597390
36854359
34087085
34731582
34015712
36728677
35963861
35302003
37392641
35507640
33403278
32513186
18289684
35739658
22622968
9278044
24468877
27904575
26352473
28702523
31188372
33669327
25515893
20703363
32432078
33621087
36636963
19416886
12947045
36794792
31183916
33748816
23703910
24854788
32632432
27025652
17051203
31895037
29446868
10656810
33405360
18954050
32284577
22611397
30662791
34495564
31984626
21325059
36127374
33391013
35868089
35830933
35714743
26808649
29035554
24595206
29728565
30444372
29988049
31439844
34887621
36724494
27513605
26989481
31564456
30088935
30369028
30350837
32490863
30974285
19950949
37555670
32541820
18611374
14517973
23921560
6667333",,Nanoplastic Stimulates the Amyloidogenesis of Parkinson's Alpha-Synuclein NACore.,<Element 'PubmedArticle' at 0x777b008f87c0>,,,,,,
Methods for studying brain function and disease heavily rely on,"[{'affiliation': ""Department of Informatics, Bioengineering, Robotics and System Engineering, University of Genoa, Via all 'Opera Pia 13, 16145 Genoa, Italy."", 'firstname': 'Donatella Di', 'initials': 'DD', 'lastname': 'Lisa'}, {'affiliation': ""Department of Informatics, Bioengineering, Robotics and System Engineering, University of Genoa, Via all 'Opera Pia 13, 16145 Genoa, Italy."", 'firstname': 'Lorenzo', 'initials': 'L', 'lastname': 'Muzzi'}, {'affiliation': 'Department of Civil, Chemical and Environmental Engineering, University of Genoa, via Montallegro 1, Genoa, Italy.', 'firstname': 'Alberto', 'initials': 'A', 'lastname': 'Lagazzo'}, {'affiliation': ""Department of Informatics, Bioengineering, Robotics and System Engineering, University of Genoa, Via all 'Opera Pia 13, 16145 Genoa, Italy."", 'firstname': 'Andrea', 'initials': 'A', 'lastname': 'Andolfi'}, {'affiliation': ""Department of Informatics, Bioengineering, Robotics and System Engineering, University of Genoa, Via all 'Opera Pia 13, 16145 Genoa, Italy."", 'firstname': 'Sergio', 'initials': 'S', 'lastname': 'Martinoia'}, {'affiliation': ""Department of Informatics, Bioengineering, Robotics and System Engineering, University of Genoa, Via all 'Opera Pia 13, 16145 Genoa, Italy."", 'firstname': 'Laura', 'initials': 'L', 'lastname': 'Pastorino'}]",,Creative Commons Attribution license.,10.1088/1758-5090/ad0979,Biofabrication,"['3D neuronal cultures', 'brain-on-a-chip', 'chitosan-β-glycerophosphate thermogel', 'injectability', 'soft hydrogels']",,2023-11-06,37922538,,Long-term,<Element 'PubmedArticle' at 0x777b0091cc20>,,,,,,
"Numerous studies suggest that environmental exposures play a critical role in Parkinson disease (PD) pathogenesis, and large, population-based studies have the potential to advance substantially the identification of novel PD risk factors. We sought to study the nationwide geographic relationship between PD and air pollution, specifically PM
We conducted a population-based geographic study of Medicare beneficiaries aged 66-90 years geocoded to US counties and zip+4. We used integrated nested Laplace approximation to create age, sex, race, smoking, and health care utilization-adjusted relative risk (RR) at the county level for geographic analyses with PM
Among 21,639,190 Medicare beneficiaries, 89,390 had incident PD in 2009. There was a nationwide association between average annual PM
State-of-the-art geographic analytic techniques revealed an association between PM","[{'affiliation': 'From the Barrow Neurological Institute (B.K., B.A.R.), Phoenix, AZ; Washington University in St. Louis (S.S.N., J.R.T.) MO. brittany.krzyzanowski@barrowneuro.org.', 'firstname': 'Brittany', 'initials': 'B', 'lastname': 'Krzyzanowski'}, {'affiliation': 'From the Barrow Neurological Institute (B.K., B.A.R.), Phoenix, AZ; Washington University in St. Louis (S.S.N., J.R.T.) MO.', 'firstname': 'Susan', 'initials': 'S', 'lastname': 'Searles Nielsen'}, {'affiliation': 'From the Barrow Neurological Institute (B.K., B.A.R.), Phoenix, AZ; Washington University in St. Louis (S.S.N., J.R.T.) MO.', 'firstname': 'Jay R', 'initials': 'JR', 'lastname': 'Turner'}, {'affiliation': 'From the Barrow Neurological Institute (B.K., B.A.R.), Phoenix, AZ; Washington University in St. Louis (S.S.N., J.R.T.) MO.', 'firstname': 'Brad A', 'initials': 'BA', 'lastname': 'Racette'}]",,"Copyright © 2023 The Author(s). Published by Wolters Kluwer Health, Inc. on behalf of the American Academy of Neurology.","10.1212/WNL.0000000000207871
10.1289/EHP9018
10.1016/j.envres.2019.108587
10.1177/0192623307313011
10.1016/j.parkreldis.2021.05.029
10.1093/aje/kwq303
10.1097/ee9.0000000000000023
10.1016/S0140-6736(16)32399-6
10.1016/j.envint.2022.107667
10.1001/jamaneurol.2021.1335
10.1097/JOM.0000000000000451
10.1289/ehp.1408973
10.1289/EHP135
10.1186/1476-069X-13-80
10.1289/EHP259
10.1016/j.neuint.2019.104615
10.1016/S2542-5196(20)30227-8
10.1093/ije/dyy172
10.1016/j.envint.2019.04.069
10.1016/j.envres.2021.111170
10.1186/s12940-020-0565-4
10.1159/000275491
10.1212/wnl.37.3.467
10.1212/wnl.38.10.1558
10.1016/s0022-510x(97)05371-9
10.1212/WNL.0000000000004536
10.1159/000365590
10.1016/j.envint.2019.104909
10.1186/1478-7954-12-5
10.1016/j.annepidem.2023.04.019
10.1056/NEJMp1802313
10.1111/j.1467-9868.2008.00700.x
10.1016/j.arr.2014.01.004
10.1016/j.yfrne.2014.02.002
10.4236/apd.2016.54011
10.1093/oxfordjournals.aje.a120874
10.1212/WNL.0000000000005678
10.1111/j.0016-7363.2005.00671.x
10.3233/JPD-191793
10.1212/WNL.0b013e31822c9123
10.1021/es402704n
10.1016/j.atmosenv.2007.07.061
10.1016/j.envres.2016.09.006
10.1289/EHP8036
10.1021/acs.est.5b05833",Neurology,[],,2023-10-31,"37903644
34347531
31326714
18349428
34091413
20959505
28063597
36516478
33999109
25951420
25978701
27285422
25294559
28886605
31786292
33091388
30124852
31103844
33887274
31964412
20090375
3822140
3419598
9260859
28864676
25323155
31272018
24661401
37142065
29949490
24503004
24607323
5673487
29743207
32083591
21832214
24387270
27640071
34939828
26953851","Among 21,639,190 Medicare beneficiaries, 89,390 had incident PD in 2009. There was a nationwide association between average annual PM",Fine Particulate Matter and Parkinson Disease Risk Among Medicare Beneficiaries.,<Element 'PubmedArticle' at 0x777b00930360>,,,,,,
"Mitochondria are critical cellular energy resources and are central to the life of the neuron. Mitophagy selectively clears damaged or dysfunctional mitochondria through autophagic machinery to maintain mitochondrial quality control and homeostasis. Mature neurons are postmitotic and consume substantial energy, thus require highly efficient mitophagy pathways to turn over damaged or dysfunctional mitochondria. Recent evidence indicates that mitophagy is pivotal to the pathogenesis of neurological diseases. However, more work is needed to study mitophagy pathway components as potential therapeutic targets. In this review, we briefly discuss the characteristics of nonselective autophagy and selective autophagy, including ERphagy, aggrephagy, and mitophagy. We then introduce the mechanisms of Parkin-dependent and Parkin-independent mitophagy pathways under physiological conditions. Next, we summarize the diverse repertoire of mitochondrial membrane receptors and phospholipids that mediate mitophagy. Importantly, we review the critical role of mitophagy in the pathogenesis of neurodegenerative diseases including Alzheimer's disease, Parkinson's disease, and amyotrophic lateral sclerosis. Last, we discuss recent studies considering mitophagy as a potential therapeutic target for treating neurodegenerative diseases. Together, our review may provide novel views to better understand the roles of mitophagy in neurodegenerative disease pathogenesis.","[{'affiliation': ""Department of Developmental and Behavioural Pediatric & Child Primary Care, Brain and Behavioural Research Unit of Shanghai Institute for Pediatric Research and MOE-Shanghai Key Laboratory for Children's Environmental Health, Xinhua Hospital, Shanghai Jiao Tong University School of Medicine; Center for Excellence in Brain Science and Intelligence Technology, Institute of Neuroscience, State Key Laboratory of Neuroscience, CAS Key Laboratory of Primate Neurobiology, Chinese Academy of Sciences, Shanghai; College of Materials and Chemical Engineering, Hunan Institute of Engineering, Xiangtan, Hunan Province, China."", 'firstname': 'Kan', 'initials': 'K', 'lastname': 'Yang'}, {'affiliation': 'School of Medicine, Yunnan University, Kunming, Yunnan Province, China.', 'firstname': 'Yuqing', 'initials': 'Y', 'lastname': 'Yan'}, {'affiliation': 'College of Materials and Chemical Engineering, Hunan Institute of Engineering, Xiangtan, Hunan Province, China.', 'firstname': 'Anni', 'initials': 'A', 'lastname': 'Yu'}, {'affiliation': 'College of Materials and Chemical Engineering, Hunan Institute of Engineering, Xiangtan, Hunan Province, China.', 'firstname': 'Ru', 'initials': 'R', 'lastname': 'Zhang'}, {'affiliation': 'Songjiang Research Institute, Shanghai Jiao Tong University School of Medicine, Shanghai, China.', 'firstname': 'Yuefang', 'initials': 'Y', 'lastname': 'Zhang'}, {'affiliation': 'Songjiang Research Institute, Shanghai Jiao Tong University School of Medicine, Shanghai, China.', 'firstname': 'Zilong', 'initials': 'Z', 'lastname': 'Qiu'}, {'affiliation': 'Neurosurgery Department, Kunming Yenan Hospital, Kunming, Yunnan Province, China.', 'firstname': 'Zhengyi', 'initials': 'Z', 'lastname': 'Li'}, {'affiliation': ""Department of Developmental and Behavioural Pediatric & Child Primary Care, Brain and Behavioural Research Unit of Shanghai Institute for Pediatric Research and MOE-Shanghai Key Laboratory for Children's Environmental Health, Xinhua Hospital, Shanghai Jiao Tong University School of Medicine, Shanghai, China."", 'firstname': 'Qianlong', 'initials': 'Q', 'lastname': 'Zhang'}, {'affiliation': 'School of Medicine, Yunnan University, Kunming, Yunnan Province, China.', 'firstname': 'Shihao', 'initials': 'S', 'lastname': 'Wu'}, {'affiliation': ""Department of Developmental and Behavioural Pediatric & Child Primary Care, Brain and Behavioural Research Unit of Shanghai Institute for Pediatric Research and MOE-Shanghai Key Laboratory for Children's Environmental Health, Xinhua Hospital, Shanghai Jiao Tong University School of Medicine, Shanghai, China."", 'firstname': 'Fei', 'initials': 'F', 'lastname': 'Li'}]",,,10.4103/1673-5374.385281,Neural regeneration research,"['Alzheimer’s disease', 'PINK1', 'Parkin', 'Parkinson’s disease', 'amyotrophic lateral sclerosis', 'autophagy', 'mitochondria', 'mitophagy', 'mitophagy receptor']",,2023-10-20,"37862201
32854854
16766037
30290714
32150829
29226533
33440662
22517431
31225649
33891876
31993129
32098107
31882960
34440645
35528513
27050458
36408145
20887775
31096690
30030024
29085955
30287680
29715546
5322983
27064726
33918863
26611886
33537304
34472467
32131674
30742114
35900414
34407274
26905200
28235551
35134347
27170313
23065343
31819084
29243637
23882257
30177506
34099552
29358684
34713856
34571977
29429051
22542182
23063673
24105468
26943044
36111344
31659280
24725401
35011593
28324490
36705539
31310766
20153330
26437584
21378096
32931756
9560156
28539870
29529415
33420088
33922020
24201109
32247365
26266977
17015225
24991832
25722131
31906147
27340138
28975445
27904666
33328230
30254716
36097383
27038755
36792609
27498292
20558392
29539270
26721933
28337125
29676259
27458135
27247382
27484150
8522592
30625316
31844296
33174130
8165307
9038401
10582243
11265251
24366340
8451445
19619494
25609704
30932888
27814651
26506896
26256515
30154567
32084458
32181963
28980850
34377615
31121890
35188422
28890682
33730565
12735084
23827971
35395199
31208521
25052096
32201986
26671266
24203394
20463400
34475505
28777470
26784190
31340124
25661525
32129826
36379251
29686608
36204831
30679718
31515472
20712405
36111809
27885029
21147754
31934268
25009550
19966284
30062822
23939015
9568243
10066162
32471464
20160460
27846364
35640768
30414993
32532970
30388439
25294927
25801386
27036363
35752074
31781358
24671035
27145933
29909755
32010698
30017357
27940349
28820282
32048886
21179058
32788597
26793099
32735772
26895209
32004509
29540794
36712678",,Mitophagy in neurodegenerative disease pathogenesis.,<Element 'PubmedArticle' at 0x777b0094ec50>,,,,,,
"Prior studies suggested that air pollution exposure may increase the risk of Parkinson's Disease (PD). We investigated the long-term impacts of traffic-related and multiple sources of particulate air pollution on PD in central California.
Our case-control analysis included 761 PD patients and 910 population controls. We assessed exposure at residential and occupational locations from 1981 to 2016, estimating annual average carbon monoxide (CO) concentrations - a traffic pollution marker - based on the California Line Source Dispersion Model, version 4. Additionally, particulate matter (PM
Traffic-related CO was associated with an increased odds ratio for PD at residences (OR for T3 vs. T1: 1.58; 95% CI: 1.20, 2.10; p-trend = 0.02) and workplaces (OR for T3 vs. T1: 1.91; 95% CI: 1.22, 3.00; p-trend <0.01). PM
We found that long-term modeled exposure to local traffic-related air pollution (CO) and fine particulates from multiple sources (PM","[{'affiliation': 'Department of Epidemiology, Fielding School of Public Health, University of California, Los Angeles, United States.', 'firstname': 'Dayoon', 'initials': 'D', 'lastname': 'Kwon'}, {'affiliation': 'Department of Neurology, David Geffen School of Medicine, University of California, Los Angeles, United States.', 'firstname': 'Kimberly C', 'initials': 'KC', 'lastname': 'Paul'}, {'affiliation': 'Department of Epidemiology, Fielding School of Public Health, University of California, Los Angeles, United States; UCLA Center for Health Policy Research, University of California, Los Angeles, United States.', 'firstname': 'Yu', 'initials': 'Y', 'lastname': 'Yu'}, {'affiliation': 'Department of Epidemiology, Fielding School of Public Health, University of California, Los Angeles, United States.', 'firstname': 'Keren', 'initials': 'K', 'lastname': 'Zhang'}, {'affiliation': 'Department of Epidemiology, Fielding School of Public Health, University of California, Los Angeles, United States.', 'firstname': 'Aline D', 'initials': 'AD', 'lastname': 'Folle'}, {'affiliation': 'Department of Environmental and Occupational Health, Program in Public Health, University of California, Irvine, United States.', 'firstname': 'Jun', 'initials': 'J', 'lastname': 'Wu'}, {'affiliation': 'Department of Neurology, David Geffen School of Medicine, University of California, Los Angeles, United States.', 'firstname': 'Jeff M', 'initials': 'JM', 'lastname': 'Bronstein'}, {'affiliation': 'Department of Epidemiology, Fielding School of Public Health, University of California, Los Angeles, United States; Department of Neurology, David Geffen School of Medicine, University of California, Los Angeles, United States. Electronic address: britz@ucla.edu.', 'firstname': 'Beate', 'initials': 'B', 'lastname': 'Ritz'}]",We found that long-term modeled exposure to local traffic-related air pollution (CO) and fine particulates from multiple sources (PM,Copyright © 2023 The Authors. Published by Elsevier Inc. All rights reserved.,10.1016/j.envres.2023.117434,Environmental research,"['Air pollution', 'Case-control study', 'Long-term exposure', ""Parkinson's disease""]",,2023-10-20,"37858688
30302391
32298450
33879872
16330147
12498954
19297138
21955814
18550243
28809934
19270050
36213096
30427279
21245015
30287051
36371460
34248501
33999109
15954133
28790893
25951420
35364040
27614945
24499252
27285422
30995030
35043999
25492627
15204759
24344990
28886605
25294559
23205266
30451941
18549826
27668667
33417973
26151951
26857251
37086879
31786292
22550057
30124852
31103844
21505849
33009291
26999434
27382275
33887274
31964412","Traffic-related CO was associated with an increased odds ratio for PD at residences (OR for T3 vs. T1: 1.58; 95% CI: 1.20, 2.10; p-trend = 0.02) and workplaces (OR for T3 vs. T1: 1.91; 95% CI: 1.22, 3.00; p-trend <0.01). PM",Traffic-related air pollution and Parkinson's disease in central California.,<Element 'PubmedArticle' at 0x777b0098bfb0>,,,,,,
"Cholestane-3β,5α,6β-triol (CT) is a primary metabolite of 5,6-epoxycholesterols (5,6-EC) that is catalyzed by the cholesterol-5,6-epoxide hydrolase (ChEH). CT is a well-known biomarker for Niemann-Pick disease type C (NP-C), a progressive inherited neurodegenerative disease. On the other hand, CT is known to be metabolized by the 11β-hydroxysteroid-dehydrogenase of type 2 (11β-HSD2) into a tumor promoter named oncosterone that stimulates the growth of breast cancer tumors. Sulfation is a major metabolic transformation leading to the production of sulfated oxysterols. The production of cholestane-5α,6β-diol-3β-O-sulfate (CDS) has been reported in breast cancer cells. However, no data related to CDS biological properties have been reported so far. These studies have been hampered because sulfate esters of sterols and steroids are rapidly hydrolyzed by steroid sulfatase to give free steroids and sterols. In order to get insight into the biological properties of CDS, we report herein the synthesis and the characterization of cholestane-5α,6β-diol-3β-sulfonate (CDSN), a non-hydrolysable analogue of CDS. We show that CDSN is a potent inhibitor of 11β-HSD2 that blocks oncosterone production on cell lysate. The inhibition of oncosterone biosynthesis of a whole cell assay was observed but results from the blockage by CDSN of the uptake of CT in MCF-7 cells. While CDSN inhibits MCF-7 cell proliferation, we found that it potentiates the cytotoxic activity of post-lanosterol cholesterol biosynthesis inhibitors such as tamoxifen and PBPE. This effect was associated with an increase of free sterols accumulation and the appearance of giant multilamellar bodies, a structural feature reminiscent of Type C Niemann-Pick disease cells and consistent with a possible inhibition by CDSN of NPC1. Altogether, our data showed that CDSN is biologically active and that it is a valuable tool to study the biological properties of CDS and more specifically its impact on immunity and viral infection.","[{'affiliation': 'Cancer Research Center of Toulouse (CRCT), Inserm, CNRS, University of Toulouse, Team INOV: Cholesterol Metabolism and Therapeutic Innovations, Toulouse, France; Equipe labellisée par la Ligue Nationale contre le Cancer, France; French network for Nutrition physical Acitivity And Cancer Research (NACRe network), France. Electronic address: philippe.de-medina@inserm.fr.', 'firstname': 'Philippe', 'initials': 'P', 'lastname': 'de Médina'}, {'affiliation': 'Cancer Research Center of Toulouse (CRCT), Inserm, CNRS, University of Toulouse, Team INOV: Cholesterol Metabolism and Therapeutic Innovations, Toulouse, France; Equipe labellisée par la Ligue Nationale contre le Cancer, France.', 'firstname': 'Silia', 'initials': 'S', 'lastname': 'Ayadi'}, {'affiliation': 'Cancer Research Center of Toulouse (CRCT), Inserm, CNRS, University of Toulouse, Team INOV: Cholesterol Metabolism and Therapeutic Innovations, Toulouse, France; Equipe labellisée par la Ligue Nationale contre le Cancer, France; French network for Nutrition physical Acitivity And Cancer Research (NACRe network), France.', 'firstname': 'Régis', 'initials': 'R', 'lastname': 'Soulès'}, {'affiliation': 'Centre de Microscopie Electronique Appliquée à la Biologie, Faculté de Médecine Rangueil, Toulouse, France.', 'firstname': 'Bruno', 'initials': 'B', 'lastname': 'Payre'}, {'affiliation': 'Laboratory of Chemistry and Physics Multi-Scale Approach to Complex Environments, Department of Chemistry, University Lorraine, 57070 Metz, France.', 'firstname': 'Sandrine', 'initials': 'S', 'lastname': 'Rup-Jacques'}, {'affiliation': 'Cancer Research Center of Toulouse (CRCT), Inserm, CNRS, University of Toulouse, Team INOV: Cholesterol Metabolism and Therapeutic Innovations, Toulouse, France; Equipe labellisée par la Ligue Nationale contre le Cancer, France; French network for Nutrition physical Acitivity And Cancer Research (NACRe network), France. Electronic address: sandrine.poirot@inserm.fr.', 'firstname': 'Sandrine', 'initials': 'S', 'lastname': 'Silvente-Poirot'}, {'affiliation': 'Laboratory of Chemistry and Physics Multi-Scale Approach to Complex Environments, Department of Chemistry, University Lorraine, 57070 Metz, France. Electronic address: mohammad.samadi@univ-lorraine.fr.', 'firstname': 'Mohammad', 'initials': 'M', 'lastname': 'Samadi'}, {'affiliation': 'Cancer Research Center of Toulouse (CRCT), Inserm, CNRS, University of Toulouse, Team INOV: Cholesterol Metabolism and Therapeutic Innovations, Toulouse, France; Equipe labellisée par la Ligue Nationale contre le Cancer, France; French network for Nutrition physical Acitivity And Cancer Research (NACRe network), France. Electronic address: marc.poirot@inserm.fr.', 'firstname': 'Marc', 'initials': 'M', 'lastname': 'Poirot'}]",,Copyright © 2023 Elsevier Ltd. All rights reserved.,10.1016/j.jsbmb.2023.106396,The Journal of steroid biochemistry and molecular biology,"['Autophagy', 'Cancer', 'Cell death', 'Cell death MLB', 'Cholesterol', 'Metabolism', 'NPC1', 'Oxysterol', 'Oxysterol sulfate', 'Proliferation', 'Sterols', 'Uptake']",,2023-09-09,37683773,,"Chemical synthesis and biochemical properties of cholestane-5α,6β-diol-3-sulfonate: A non-hydrolysable analogue of cholestane-5α,6β-diol-3β-sulfate.",<Element 'PubmedArticle' at 0x777b009b6840>,,,,,,
,"[{'affiliation': 'Chemical and Biomolecular Engineering, North Carolina State University, Raleigh, North Carolina, USA.', 'firstname': 'Andrew S', 'initials': 'AS', 'lastname': 'Clark'}, {'affiliation': 'Nicholas School of the Environment, Duke University, Durham, North Carolina, USA.', 'firstname': 'Javier', 'initials': 'J', 'lastname': 'Huayta'}, {'affiliation': 'Nicholas School of the Environment, Duke University, Durham, North Carolina, USA.', 'firstname': 'Katherine S', 'initials': 'KS', 'lastname': 'Morton'}, {'affiliation': 'Nicholas School of the Environment, Duke University, Durham, North Carolina, USA.', 'firstname': 'Joel N', 'initials': 'JN', 'lastname': 'Meyer'}, {'affiliation': 'Chemical and Biomolecular Engineering, North Carolina State University, Raleigh, North Carolina, USA.', 'firstname': 'Adriana', 'initials': 'A', 'lastname': 'San-Miguel'}]",,,"10.1101/2023.08.22.554364
10.1016/S0166-4328(02)00180-8
10.1534/genetics.111.128512
10.3791/62894
10.1007/978-1-61779-867-2_3
10.1093/genetics/77.1.71
10.1007/s10158-011-0126-1
10.1101/2023.02.02.526781
10.21769/BioProtoc.3103
10.1523/JNEUROSCI.2993-04.2004
10.21105/joss.01830
10.1016/S1474-4422(18)30295-3
10.1021/ac980656z
10.3233/JPD-140507
10.1007/978-3-7091-6842-4_7
10.1371/journal.pone.0114459
10.1523/JNEUROSCI.0800-15.2015
10.1895/wormbook.1.87.1
10.3390/ijms20133202
10.3791/59243
10.1523/JNEUROSCI.2992-07.2007
10.3389/fimmu.2022.840272
10.1016/j.isci.2022.105460
10.3390/molecules24234292
10.3390/ijerph13090881
10.1073/pnas.042497999
10.1016/j.brainres.2010.08.070
10.21769/BioProtoc.3025
10.1371/journal.pgen.1007125
10.1371/journal.pone.0038649
10.1016/j.neuint.2018.05.013
10.1038/ncomms12990
10.1016/S0896-6273(00)81199-X
10.1016/j.neuro.2019.07.002
10.1895/wormbook.1.101.1
10.1289/ehp.1002839
10.1016/j.molbrainres.2004.11.007
10.1007/s00441-004-0937-z
10.1111/j.1749-6632.1997.tb48626.x
10.1093/intbio/zyz017",bioRxiv : the preprint server for biology,[],,2023-09-04,"37662210
12385818
21515580
34866619
22669657
4366476
22068627
37418455
30761327
15574749
30287051
21644679
25624421
9120425
25486066
26109664
31261893
31009010
18094261
35273616
36388964
31775328
27598189
11867711
20807515
30406156
29346382
22719914
29800604
27876787
10896158
31323240
18050451
21269927
15790535
15258850
9616770
31251339",,Morphological hallmarks of dopaminergic neurodegeneration are associated with altered neuron function in ,<Element 'PubmedArticle' at 0x777b009be7f0>,,,,,,
"Preventive measures addressing the exposome can counteract neurodegenerative diseases.
This article gives an overview on the influence of general and individual exogenous factors (environmental influences and lifestyle changes) as well as endogenous factors (e.g. metabolic alterations) on the development and progression of Alzheimer's disease (AD) and Parkinson's disease (PD).
Summary and evaluation of current scientific studies and evidence regarding the exposome and prevention of AD and PD.
Numerous studies could demonstrate a potential influence of environmental influences associated with industrialization (general exogenous factors), such as pesticides, solvents or air pollution on the development of AD and PD. Additionally, individually addressable changes of lifestyle (individual exogenous factors, e.g. physical activity, cognitive stimulation, nutrition and sleep) contribute to disease protection and modification and are becoming increasingly more important in light of still limited therapeutic interventions. Moreover, other exogenous factors (medication, noise pollution, head trauma and heavy metals) are discussed as risk factors for AD and/or PD. Endogenous factors (e.g., changes of the enteral microbiome, systemic inflammation and neuroinflammation, metabolic changes) can contribute to disease development by a higher potential for interacting with exogenous factors.
Despite the comprehensive scientific evidence confirming the significance of the exposome for the pathogenesis of AD and PD, the great potential of preventive measures has not yet been exploited. A clarification of the high potential of lifestyle changes should be a therapeutic standard not only for individuals with manifest PD/AD but also for individuals with a risk profile or with suspected prodromal disease. Further investigations on the influence of environmental factors and the implementation of preventive strategies to avoid exposure should be the focus of international efforts.
HINTERGRUND: Präventive Maßnahmen, die das Exposom adressieren, können neurodegenerativen Erkrankungen entgegenwirken.
Es soll ein Überblick über die Einflüsse allgemein und individuell exogener Faktoren (Umwelteinflüsse und Lebensstilveränderungen) sowie endogener Faktoren (z. B. metabolische Veränderungen) auf die Entstehung und Progression der Parkinson- (PD) und Alzheimer-Erkrankung (AD) vermittelt werden.
Zusammenfassung und Bewertung der aktuellen Studien- und Datenlage zum Thema Exposom und Prävention bei AD und PD.
Zahlreiche Studien konnten aufzeigen, dass mit der Industrialisierung einhergehende Umwelteinflüsse (allgemein exogene Faktoren) wie Pestizide, Lösungsmittel oder Luftverschmutzung relevant zur Entstehung von AD und PD beitragen können. Individuell nutzbare Veränderungen des Lebensstils (individuell exogene Faktoren, z. B. körperliche Aktivität, kognitive Stimulation, Ernährung und Schlaf) tragen zur Krankheitsprotektion und -modifikation bei, die in Anbetracht bisher geringer therapeutischer Maßnahmen an Bedeutung gewinnen. Auch andere exogene Faktoren (Medikamente, Lärm, Schädel-Hirn-Trauma, Schwermetalle) werden als Risikofaktoren für AD und/oder PD diskutiert. Bestehende endogene Faktoren (u. a. Veränderungen des enteralen Mikrobioms, systemische und Neuroinflammation, metabolische Veränderungen) können über ein hohes Interaktionspotenzial mit exogenen Faktoren zur Krankheitsentstehung beitragen.
Trotz der umfassenden Studienlage über die Bedeutung des Exposoms für die Entstehung von AD und PD wird das große Potenzial präventiver Maßnahmen bislang nur unzureichend ausgeschöpft. Für alle bereits Erkrankten, aber auch für Individuen mit Risikoprofil oder Hinweisen auf eine prodromale Erkrankung sollte eine Aufklärung über das hohe Potenzial von Lebensstilanpassungen als therapeutischer Standard gelten. Die weitere Erforschung von Umwelteinflüssen sowie die Umsetzung präventiver Maßnahmen zur Vermeidung einer Exposition sollten im Fokus internationaler Bemühungen stehen.","[{'affiliation': 'Klinik für Neurologie, Universität Kiel, Universitätsklinikum Schleswig-Holstein, Arnold-Heller-Str.\xa03, 24105, Kiel, Deutschland. eva.schaeffer@uksh.de.', 'firstname': 'Eva', 'initials': 'E', 'lastname': 'Schäffer'}, {'affiliation': 'Klinik für Neurologie, Universität Kiel, Universitätsklinikum Schleswig-Holstein, Arnold-Heller-Str.\xa03, 24105, Kiel, Deutschland.', 'firstname': 'Johannes', 'initials': 'J', 'lastname': 'Piel'}]","Despite the comprehensive scientific evidence confirming the significance of the exposome for the pathogenesis of AD and PD, the great potential of preventive measures has not yet been exploited. A clarification of the high potential of lifestyle changes should be a therapeutic standard not only for individuals with manifest PD/AD but also for individuals with a risk profile or with suspected prodromal disease. Further investigations on the influence of environmental factors and the implementation of preventive strategies to avoid exposure should be the focus of international efforts.","© 2023. The Author(s), under exclusive licence to Springer Medizin Verlag GmbH, ein Teil von Springer Nature.
© 2023. The Author(s), under exclusive licence to Springer Medizin Verlag GmbH, ein Teil von Springer Nature.","10.1007/s00115-023-01538-9
10.3389/fnut.2021.637010
10.3389/fnagi.2015.00052",Der Nervenarzt,"['Environmental influences', 'Lifestyle', 'Neurodegeneration', 'Neuroinflammation', 'Prevention']",,2023-08-28,"37639074
29131880
28735855
27246588
16103423
26474317
19729209
32387710
29471018
33243645
33492338
24906069
24473795
30691095
27581992
35647576
23220449
33636387
30391837
32741830
35043999
29103040
27751556
35956417
31969812
29273607
31737957
16141283
35761460
36119673
30978359
31633894
33003373
32651318
17185278
31079302
15728289
25410713
20660864
18570697
21768599
34087277
31324021
34179053
29783725
29892785
25954194
10819950
24120951
31837645
33879784
30887557
26195256
24590499
24314068
31091353
24924665
36219796
14980532
32934108","Numerous studies could demonstrate a potential influence of environmental influences associated with industrialization (general exogenous factors), such as pesticides, solvents or air pollution on the development of AD and PD. Additionally, individually addressable changes of lifestyle (individual exogenous factors, e.g. physical activity, cognitive stimulation, nutrition and sleep) contribute to disease protection and modification and are becoming increasingly more important in light of still limited therapeutic interventions. Moreover, other exogenous factors (medication, noise pollution, head trauma and heavy metals) are discussed as risk factors for AD and/or PD. Endogenous factors (e.g., changes of the enteral microbiome, systemic inflammation and neuroinflammation, metabolic changes) can contribute to disease development by a higher potential for interacting with exogenous factors.",[The exposome in the context of preventive measures for Alzheimer's and Parkinson's diseases].,<Element 'PubmedArticle' at 0x777b007db290>,,,,,,
"Parkinson's disease (PD) is the second most common human neurodegenerative disorder, and the pathogenesis of it remains poorly understood. Limited studies have shown that both long- and short-term exposure to air pollutants may be associated with increased risk of PD while lacking evidence on the effects of intermediate-term exposure. In this study, over-dispersed Poisson generalized additive models (GAMs) were applied to explore the association between intermediate-term sulfur dioxide (SO","[{'affiliation': 'Department of Epidemiology, College of Preventive Medicine, Army Medical University (Third Military Medical University), 30 Gaotanyan Main Street, Chongqing, 400038, Shapingba, China.', 'firstname': 'Yuegu', 'initials': 'Y', 'lastname': 'Hu'}, {'affiliation': 'Department of Epidemiology, College of Preventive Medicine, Army Medical University (Third Military Medical University), 30 Gaotanyan Main Street, Chongqing, 400038, Shapingba, China.\nChongqing Center for Disease Control and Prevention, Chongqing, 400042, China.', 'firstname': 'Chunbei', 'initials': 'C', 'lastname': 'Zhou'}, {'affiliation': 'Department of Quality Management, Southwest Hospital, Army Medical University (Third Military Medical University), Chongqing, 400038, China.', 'firstname': 'Chunlei', 'initials': 'C', 'lastname': 'Tan'}, {'affiliation': 'Department of Family and Community Health, University of Pennsylvania School of Nursing, Philadelphia, PA, 19104, USA.', 'firstname': 'Jianghong', 'initials': 'J', 'lastname': 'Liu'}, {'affiliation': 'Medical Department, Southwest Hospital, Army Medical University (Third Military Medical University), Chongqing, 400038, China.', 'firstname': 'Xiaolong', 'initials': 'X', 'lastname': 'Huang'}, {'affiliation': 'Department of Epidemiology, College of Preventive Medicine, Army Medical University (Third Military Medical University), 30 Gaotanyan Main Street, Chongqing, 400038, Shapingba, China.', 'firstname': 'Xiaoling', 'initials': 'X', 'lastname': 'Liu'}, {'affiliation': 'Department of Epidemiology, College of Preventive Medicine, Army Medical University (Third Military Medical University), 30 Gaotanyan Main Street, Chongqing, 400038, Shapingba, China.', 'firstname': 'Chunyan', 'initials': 'C', 'lastname': 'Yao'}, {'affiliation': 'Department of Epidemiology, College of Preventive Medicine, Army Medical University (Third Military Medical University), 30 Gaotanyan Main Street, Chongqing, 400038, Shapingba, China.', 'firstname': 'Dawei', 'initials': 'D', 'lastname': 'Li'}, {'affiliation': 'Department of Epidemiology, College of Preventive Medicine, Army Medical University (Third Military Medical University), 30 Gaotanyan Main Street, Chongqing, 400038, Shapingba, China.', 'firstname': 'Qingsong', 'initials': 'Q', 'lastname': 'Huang'}, {'affiliation': 'Department of Epidemiology, College of Preventive Medicine, Army Medical University (Third Military Medical University), 30 Gaotanyan Main Street, Chongqing, 400038, Shapingba, China.', 'firstname': 'Na', 'initials': 'N', 'lastname': 'Li'}, {'affiliation': 'Department of Epidemiology, College of Preventive Medicine, Army Medical University (Third Military Medical University), 30 Gaotanyan Main Street, Chongqing, 400038, Shapingba, China.', 'firstname': 'Jinyun', 'initials': 'J', 'lastname': 'Long'}, {'affiliation': 'Department of Epidemiology, College of Preventive Medicine, Army Medical University (Third Military Medical University), 30 Gaotanyan Main Street, Chongqing, 400038, Shapingba, China.', 'firstname': 'Xiukuan', 'initials': 'X', 'lastname': 'Li'}, {'affiliation': 'Department of Epidemiology, College of Preventive Medicine, Army Medical University (Third Military Medical University), 30 Gaotanyan Main Street, Chongqing, 400038, Shapingba, China.', 'firstname': 'Yafei', 'initials': 'Y', 'lastname': 'Li'}, {'affiliation': 'Medical Department, Southwest Hospital, Army Medical University (Third Military Medical University), Chongqing, 400038, China.', 'firstname': 'Laixin', 'initials': 'L', 'lastname': 'Zhou'}, {'affiliation': 'Department of Epidemiology, College of Preventive Medicine, Army Medical University (Third Military Medical University), 30 Gaotanyan Main Street, Chongqing, 400038, Shapingba, China. ctjcsl@netease.com.', 'firstname': 'Tongjian', 'initials': 'T', 'lastname': 'Cai'}]",,"© 2023. The Author(s), under exclusive licence to Springer-Verlag GmbH Germany, part of Springer Nature.","10.1007/s11356-023-29408-6
10.1016/j.parkreldis.2019.10.019
10.1007/s11356-020-10574-w
10.3389/fnagi.2018.00065
10.1016/s0140-6736(21)00218-x
10.1371/journal.pone.0182834
10.1164/rccm.201609-1862OC
10.1289/ehp2711
10.1016/s1474-4422(06)70471-9
10.3233/jpd-181474
10.1093/ije/dyy230
10.1016/j.yfrne.2014.02.002
10.1001/jamaneurol.2021.1335
10.1016/j.ijheh.2018.12.006
10.1038/srep44741
10.1186/s40035-019-0162-z
10.1016/j.envres.2022.113188
10.1016/j.envpol.2018.09.142
10.1016/j.chemosphere.2020.126615
10.1038/s41467-020-17987-8
10.1097/md.0000000000029309
10.1016/s1382-6689(02)00106-0
10.1212/wnl.0000000000013303
10.1038/s41531-020-0109-1
10.1289/ehp.1409313
10.1001/jama.283.20.2674
10.1093/toxsci/kfr224
10.1093/ije/dyy172
10.1016/j.scitotenv.2022.156027
10.1136/bmj.l6258
10.1016/j.envres.2015.02.022
10.1016/j.envres.2021.111170
10.1002/mds.29181
10.1186/s12940-020-0565-4
10.1016/j.chemosphere.2013.08.063
10.1186/1476-069x-13-38
10.2147/copd.S260988
10.1016/j.chemosphere.2019.124497",Environmental science and pollution research international,"['Air pollution', 'Intermediate-term exposure', 'Monthly outpatient visits', 'Parkinson’s disease', 'Sulfur dioxide', 'Time-series study']",,2023-08-24,37615914,,The association between intermediate-term sulfur dioxide exposure and outpatient visits for Parkinson's disease: a time-series study in southwestern China.,<Element 'PubmedArticle' at 0x777b00809670>,,,,,,
The prevalence of Parkinson's disease (PD) is growing worldwide and household pesticides exposure may be related to this phenomenon. We showed that individuals with high exposure to household pesticides have two times more risk of developing PD. Household pesticide exposure did not impact age at PD onset.,"[{'affiliation': 'Universidade Federal do Pará, Instituto de Ciências Médicas, Belém, PA, Brazil. Electronic address: daf.dalledone@gmail.com.', 'firstname': 'Dafne Dalledone', 'initials': 'DD', 'lastname': 'Moura'}, {'affiliation': 'Universidade Federal de São Paulo, Departamento de Neurologia, São Paulo, SP, Brazil. Electronic address: vanderci.borges@gmail.com.', 'firstname': 'Vanderci', 'initials': 'V', 'lastname': 'Borges'}, {'affiliation': 'Departamento de Farmacologia, Universidade Federal do Rio Grande do Sul, Porto Alegre, RS, Brazil. Electronic address: henrique_ferraz@uol.com.br.', 'firstname': 'Henrique Ballalai', 'initials': 'HB', 'lastname': 'Ferraz'}, {'affiliation': 'Departamento de Farmacologia, Universidade Federal do Rio Grande do Sul, Porto Alegre, RS, Brazil; Serviço de Neurologia, Hospital de Clínicas de Porto Alegre, Porto Alegre, RS, Brazil. Electronic address: schuh.afs@gmail.com.', 'firstname': 'Artur F S', 'initials': 'AFS', 'lastname': 'Schuh'}, {'affiliation': 'Departamento de Neurologia, Universidade Federal de Ciências da Saúde de Porto Alegre, Porto Alegre, RS, Brazil. Electronic address: carlosrieder@gmail.com.', 'firstname': 'Carlos Roberto', 'initials': 'CR', 'lastname': 'de Mello Rieder'}, {'affiliation': 'Lerner Research Institute, Genomic Medicine, Cleveland Clinic, Cleveland, OH, USA. Electronic address: matai@ccf.org.', 'firstname': 'Ignacio F', 'initials': 'IF', 'lastname': 'Mata'}, {'affiliation': 'Universidade de São Paulo, Faculdade de Medicina de Ribeirão Preto, Departamento de Neurociências e Ciências Comportamentais, Ribeirão Preto, SP, Brazil. Electronic address: manuelinamacruz@gmail.com.', 'firstname': 'Manuelina Mariana Capellari Macruz', 'initials': 'MMCM', 'lastname': 'Brito'}, {'affiliation': 'Universidade de São Paulo, Faculdade de Medicina de Ribeirão Preto, Departamento de Neurociências e Ciências Comportamentais, Ribeirão Preto, SP, Brazil. Electronic address: tumasv@fmrp.usp.br.', 'firstname': 'Vitor', 'initials': 'V', 'lastname': 'Tumas'}, {'affiliation': 'Universidade Federal do Pará, Instituto de Ciências Médicas, Belém, PA, Brazil; Serviço de Neurologia, Hospital Ophir Loyola, Belém, PA, Brazil. Electronic address: bruls4@ufpa.br.', 'firstname': 'Bruno Lopes', 'initials': 'BL', 'lastname': 'Santos-Lobato'}]",,Copyright © 2023. Published by Elsevier Ltd.,10.1016/j.parkreldis.2023.105493,Parkinsonism & related disorders,"['Insecticides', ""Parkinson's disease"", 'Pesticides', 'Pyrethroids']",,2023-06-25,37354828,,History of high household pesticide use and Parkinson's disease in Brazil.,<Element 'PubmedArticle' at 0x777b0081ee80>,,,,,,
"Serotonin, as a monoamine neurotransmitter, modulates the activity of the nervous system. Due to its importance in the coordination of movement and regulation of mood, impairments in the synthesis and homeostasis of serotonin are involved in numerous disorders, including depression, Parkinson's disease, and anxiety. Currently, serotonin is primarily obtained via natural extraction. But this method is time-consuming and low yield, as well as unstable supply of raw materials. With the development of synthetic biology, researchers have established the method of microbial synthesis of serotonin. Compared with natural extraction, microbial synthesis has the advantages of short production cycle, continuous production, not limited by season and source, and environment-friendly; hence, it has garnered considerable research attention. However, the yield of serotonin is still too low to industrialization. Therefore, this review provides the latest progress and examples that illustrate the synthesis pathways of serotonin as well as proposes strategies for increasing the production of serotonin. KEY POINTS: • Two biosynthesis pathways of serotonin are introduced. • L-tryptophan hydroxylation is the rate-limiting step in serotonin biosynthesis. • Effective strategies are proposed to improve serotonin production.","[{'affiliation': ""State Key Laboratory of Materials-Oriented Chemical Engineering, College of Biotechnology and Pharmaceutical Engineering, Nanjing Tech University, Nanjing, 211816, People's Republic of China."", 'firstname': 'Yingying', 'initials': 'Y', 'lastname': 'Wang'}, {'affiliation': ""State Key Laboratory of Materials-Oriented Chemical Engineering, College of Biotechnology and Pharmaceutical Engineering, Nanjing Tech University, Nanjing, 211816, People's Republic of China."", 'firstname': 'Yan', 'initials': 'Y', 'lastname': 'Chen'}, {'affiliation': ""State Key Laboratory of Materials-Oriented Chemical Engineering, College of Biotechnology and Pharmaceutical Engineering, Nanjing Tech University, Nanjing, 211816, People's Republic of China."", 'firstname': 'Alei', 'initials': 'A', 'lastname': 'Zhang'}, {'affiliation': ""State Key Laboratory of Materials-Oriented Chemical Engineering, College of Biotechnology and Pharmaceutical Engineering, Nanjing Tech University, Nanjing, 211816, People's Republic of China. kqchen@njtech.edu.cn."", 'firstname': 'Kequan', 'initials': 'K', 'lastname': 'Chen'}, {'affiliation': ""State Key Laboratory of Materials-Oriented Chemical Engineering, College of Biotechnology and Pharmaceutical Engineering, Nanjing Tech University, Nanjing, 211816, People's Republic of China."", 'firstname': 'Pingkai', 'initials': 'P', 'lastname': 'Ouyang'}]",,"© 2023. The Author(s), under exclusive licence to Springer-Verlag GmbH Germany, part of Springer Nature.","10.1007/s00253-023-12584-3
10.1016/j.bbagen.2012.05.012
10.1007/s00726-020-02885-6
10.1016/j.bbi.2021.02.030
10.1016/j.biotechadv.2016.06.003
10.1093/ajcn/42.4.639
10.1016/j.phrs.2018.08.005
10.1074/jbc.M109.091371
10.1002/adbi.202000118
10.1371/journal.pone.0008826
10.1016/j.scienta.2016.11.009
10.1002/cbic.201500438
10.1016/j.jbiosc.2009.04.002
10.1002/anie.202100992
10.1021/sb5002505
10.1007/s00425-012-1608-z
10.1007/s12264-019-00373-w
10.1021/acssynbio.9b00488
10.1002/elsc.201700064
10.1186/s13036-018-0094-7
10.1016/j.foodchem.2019.125646
10.1111/j.1751-1097.1989.tb09196.x
10.1093/jxb/erab220
10.1271/bbb.80220
10.1007/s00253-010-2994-4
10.1007/s10571-021-01064-9
10.1128/JB.01198-09
10.1007/978-3-319-20215-0_2
10.1109/taffc.2019.2934412
10.1021/acssynbio.2c00298
10.1134/S0003683809050068
10.1016/j.foodres.2018.11.051
10.1002/2211-5463.12100
10.1073/pnas.1920097117
10.1016/j.pharmthera.2005.06.004
10.1016/j.pnpbp.2004.05.031
10.1016/j.enzmictec.2021.109975
10.1126/science.127.3299.648
10.1016/j.ymben.2018.06.007
10.1186/s12934-022-01745-0
10.1080/00365519850186319
10.1007/s00253-020-10371-y
10.1016/s1096-7176(03)00046-6
10.1093/pcp/pcg051
10.1002/bab.1935
10.1039/c5mb00888c
10.3389/fendo.2019.00249
10.1016/j.jare.2020.06.004",Applied microbiology and biotechnology,"['5-hydroxytryptophan', 'Aromatic-L-amino-acid decarboxylase', 'Cofactor', 'L-tryptophan hydroxylase', 'Microbial biosynthesis', 'Serotonin']",,2023-06-16,"37326681
22664303
32844248
33662501
27288924
2413754
30107202
20150424
33107224
20098687
26632772
19664549
33682300
24936877
22331368
30977041
32149495
32624837
29568327
31654977
2543001
34009335
21080162
33651238
19897652
26589213
35866382
8505913
31000307
27761358
32371491
15363612
34952363
17808884
29933064
35331215
9832343
32006050
14642352
12721380
32353164
27008988
31057485
32595985",,Advances in the microbial synthesis of the neurotransmitter serotonin.,<Element 'PubmedArticle' at 0x777b00826b10>,,,,,,
"Chronic exposure to air pollution may have adverse effects on neurodegenerative diseases. Glaucoma, the second leading cause of blindness worldwide, is a neurodegenerative disease of the optic nerve, characterized by progressive thinning of the retinal nerve fiber layer (RNFL). We investigated the relationship of air pollution exposure with longitudinal changes of RNFL thickness in the Alienor study, a population-based cohort of residents of Bordeaux, France, aged 75 years or more. Peripapillary RNFL thickness was measured using optical coherence tomography imaging every 2 years from 2009 to 2020. Measurements were acquired and reviewed by specially trained technicians to control quality. Air pollution exposure (particulate matter ≤2.5 μm (PM","[{'affiliation': 'University of Bordeaux, INSERM, BPH, U1219, F-33000, Bordeaux, France.', 'firstname': 'Laure', 'initials': 'L', 'lastname': 'Gayraud'}, {'affiliation': 'University of Montpellier, INSERM, Institute for Neurosciences of Montpellier INM, UMR1298, F-34091, Montpellier, France.', 'firstname': 'Marion', 'initials': 'M', 'lastname': 'Mortamais'}, {'affiliation': ""University of Bordeaux, INSERM, BPH, U1219, F-33000, Bordeaux, France; CHU de Bordeaux, Service d'Ophtalmologie, INSERM, U1219, Bordeaux, France."", 'firstname': 'Cédric', 'initials': 'C', 'lastname': 'Schweitzer'}, {'affiliation': 'Swiss Tropical and Public Health Institute, Allschwil, Switzerland; University of Basel, Basel, Switzerland.', 'firstname': 'Kees', 'initials': 'K', 'lastname': 'de Hoogh'}, {'affiliation': 'University of Bordeaux, INSERM, BPH, U1219, F-33000, Bordeaux, France.', 'firstname': 'Audrey', 'initials': 'A', 'lastname': 'Cougnard-Grégoire'}, {'affiliation': ""University of Bordeaux, INSERM, BPH, U1219, F-33000, Bordeaux, France; CHU de Bordeaux, Service d'Ophtalmologie, INSERM, U1219, Bordeaux, France."", 'firstname': 'Jean-François', 'initials': 'JF', 'lastname': 'Korobelnik'}, {'affiliation': ""University of Bordeaux, INSERM, BPH, U1219, F-33000, Bordeaux, France; CHU de Bordeaux, Service d'Ophtalmologie, INSERM, U1219, Bordeaux, France."", 'firstname': 'Marie-Noelle', 'initials': 'MN', 'lastname': 'Delyfer'}, {'affiliation': ""University of Bordeaux, INSERM, BPH, U1219, F-33000, Bordeaux, France; CHU de Bordeaux, Service d'Ophtalmologie, INSERM, U1219, Bordeaux, France."", 'firstname': 'Marie-Bénédicte', 'initials': 'MB', 'lastname': 'Rougier'}, {'affiliation': 'University of Bordeaux, INSERM, BPH, U1219, F-33000, Bordeaux, France.', 'firstname': 'Karen', 'initials': 'K', 'lastname': 'Leffondré'}, {'affiliation': 'University of Bordeaux, INSERM, BPH, U1219, F-33000, Bordeaux, France.', 'firstname': 'Catherine', 'initials': 'C', 'lastname': 'Helmer'}, {'affiliation': 'Swiss Tropical and Public Health Institute, Allschwil, Switzerland; University of Basel, Basel, Switzerland.', 'firstname': 'Danielle', 'initials': 'D', 'lastname': 'Vienneau'}, {'affiliation': 'University of Montpellier, INSERM, Institute for Neurosciences of Montpellier INM, UMR1298, F-34091, Montpellier, France.', 'firstname': 'Claudine', 'initials': 'C', 'lastname': 'Berr'}, {'affiliation': 'University of Bordeaux, INSERM, BPH, U1219, F-33000, Bordeaux, France. Electronic address: cecile.delcourt@u-bordeaux.fr.', 'firstname': 'Cécile', 'initials': 'C', 'lastname': 'Delcourt'}]",,Copyright © 2023 Elsevier Inc. All rights reserved.,10.1016/j.envres.2023.116364,Environmental research,"['Air pollution', 'Central nervous system (CNS)', 'Glaucoma', 'Neurodegeneration', 'Retina', 'Retinal nerve fiber layer (RNFL)']",,2023-06-11,37301495,,Association of long-term exposure to ambient air pollution with retinal neurodegeneration: the prospective Alienor study.,<Element 'PubmedArticle' at 0x777b008450d0>,,,,,,
"Multiple Sclerosis (MS), a neurodegenerative disease of unknown etiology, which affects approximately 450 of every 100 000 women in the USA. Using an ecological observational study design and publicly available data from the Center for Disease Control and Prevention in the USA, we assessed trends in county-level, age-adjusted female MS mortality rates between 1999 and 2006 to determine if they were correlated with environmental factors, including the county's PM2.5. In counties with colder winters, there was a significant positive association between the average PM2.5 index and the MS mortality rate, after controlling for the county's UV index and median household income. This relationship was not apparent in counties with warmer winters. We also found that colder counties had higher MS mortality rates, even after controlling for the UV and PM2.5 indices. The findings from this study provide county-level evidence for a temperature-dependent association between PM2.5 pollution and MS mortality rates, which should be further investigated.","[{'affiliation': 'American International School Hong Kong, Kowloon Tong, Hong Kong, SAR PR China.', 'firstname': 'Nicola', 'initials': 'N', 'lastname': 'Chalmers'}, {'affiliation': 'Department of Infectious Diseases and Public Health, City University of Hong Kong, Kowloon Tong, Hong Kong, SAR PR China.', 'firstname': 'Sophie', 'initials': 'S', 'lastname': 'St-Hilaire'}]",,,"10.1177/00469580231171018
10.1212/WNL.0000000000007035
10.1111/ene.13819
10.1002/ana.21141
10.1177/1352458506073501
10.1016/S1474-4422(06)70581-6
10.1136/jnnp.2011.240432
10.1007/s40120-017-0086-4
10.3389/fimmu.2018.00478
10.1186/s12964-018-0274-6
10.1097/00002060-200009000-00004","Inquiry : a journal of medical care organization, provision and financing","['PM2.5', 'ecological study', 'environmental risk factors', 'multiple sclerosis', 'temperature']",,2023-05-26,"37232356
30770430
30300457
17492755
17548439
17052660
21478203
29243029
31954069
34341860
28407574
29662485
27857120
30257675
10994884
10567076",,Airborne Pollution: A Potential Risk Factor for Multiple Sclerosis in Colder Climates.,<Element 'PubmedArticle' at 0x777b00872e30>,,,,,,
"Parkinson's disease (PD) is a complex neurodegenerative disease with etiology rooted in genetic vulnerability and environmental factors. Here we combine quantitative epidemiologic study of pesticide exposures and PD with toxicity screening in dopaminergic neurons derived from PD patient induced pluripotent stem cells (iPSCs) to identify Parkinson's-relevant pesticides. Agricultural records enable investigation of 288 specific pesticides and PD risk in a comprehensive, pesticide-wide association study. We associate long-term exposure to 53 pesticides with PD and identify co-exposure profiles. We then employ a live-cell imaging screening paradigm exposing dopaminergic neurons to 39 PD-associated pesticides. We find that 10 pesticides are directly toxic to these neurons. Further, we analyze pesticides typically used in combinations in cotton farming, demonstrating that co-exposures result in greater toxicity than any single pesticide. We find trifluralin is a driver of toxicity to dopaminergic neurons and leads to mitochondrial dysfunction. Our paradigm may prove useful to mechanistically dissect pesticide exposures implicated in PD risk and guide agricultural policy.","[{'affiliation': 'Department of Neurology, UCLA David Geffen School of Medicine, Los Angeles, CA, USA. kimberlp@ucla.edu.', 'firstname': 'Kimberly C', 'initials': 'KC', 'lastname': 'Paul'}, {'affiliation': ""Division of Movement Disorders, Department of Neurology, Brigham and Women's Hospital and Harvard Medical School, Boston, MA, 02115, USA.\nDepartment of Stem Cell and Regenerative Biology, Harvard University, Cambridge, MA, USA."", 'firstname': 'Richard C', 'initials': 'RC', 'lastname': 'Krolewski'}, {'affiliation': ""Division of Movement Disorders, Department of Neurology, Brigham and Women's Hospital and Harvard Medical School, Boston, MA, 02115, USA."", 'firstname': 'Edinson', 'initials': 'E', 'lastname': 'Lucumi Moreno'}, {'affiliation': 'Prime Medicine, Inc, Cambridge, MA, USA.', 'firstname': 'Jack', 'initials': 'J', 'lastname': 'Blank'}, {'affiliation': 'Department of Stem Cell and Regenerative Biology, Harvard University, Cambridge, MA, USA.', 'firstname': 'Kristina M', 'initials': 'KM', 'lastname': 'Holton'}, {'affiliation': 'Recursion Pharmaceuticals, Salt Lake City, UT, USA.\nNash Family Department of Neuroscience at Mount Sinai, New York, NY, USA.', 'firstname': 'Tim', 'initials': 'T', 'lastname': 'Ahfeldt'}, {'affiliation': 'University of Arizona, Mel and Enid Zuckerman College of Public Health, Tucson, AZ, USA.', 'firstname': 'Melissa', 'initials': 'M', 'lastname': 'Furlong'}, {'affiliation': 'UCLA Center for Health Policy Research, Los Angeles, CA, USA.', 'firstname': 'Yu', 'initials': 'Y', 'lastname': 'Yu'}, {'affiliation': 'Department of Population and Public Health Sciences, Keck School of Medicine, University of Southern California, Los Angeles, CA, USA.', 'firstname': 'Myles', 'initials': 'M', 'lastname': 'Cockburn'}, {'affiliation': 'Department of Population and Public Health Sciences, Keck School of Medicine, University of Southern California, Los Angeles, CA, USA.', 'firstname': 'Laura K', 'initials': 'LK', 'lastname': 'Thompson'}, {'affiliation': 'Department of Stem Cell and Regenerative Biology, Harvard University, Cambridge, MA, USA.', 'firstname': 'Alexander', 'initials': 'A', 'lastname': 'Kreymerman'}, {'affiliation': 'Department of Stem Cell and Regenerative Biology, Harvard University, Cambridge, MA, USA.', 'firstname': 'Elisabeth M', 'initials': 'EM', 'lastname': 'Ricci-Blair'}, {'affiliation': 'Department of Stem Cell and Regenerative Biology, Harvard University, Cambridge, MA, USA.', 'firstname': 'Yu Jun', 'initials': 'YJ', 'lastname': 'Li'}, {'affiliation': 'Department of Stem Cell and Regenerative Biology, Harvard University, Cambridge, MA, USA.', 'firstname': 'Heer B', 'initials': 'HB', 'lastname': 'Patel'}, {'affiliation': ""Department of Stem Cell and Regenerative Biology, Harvard University, Cambridge, MA, USA.\nHarvard Stem Cell Institute, Cambridge, MA, USA.\nDivision of Cardiovascular Medicine, Department of Medicine, Brigham and Women's Hospital and Harvard Medical School, 75 Francis St, Boston, MA, 02115, USA."", 'firstname': 'Richard T', 'initials': 'RT', 'lastname': 'Lee'}, {'affiliation': 'Department of Neurology, UCLA David Geffen School of Medicine, Los Angeles, CA, USA.', 'firstname': 'Jeff', 'initials': 'J', 'lastname': 'Bronstein'}, {'affiliation': 'Department of Stem Cell and Regenerative Biology, Harvard University, Cambridge, MA, USA. lee_rubin@harvard.edu.\nHarvard Stem Cell Institute, Cambridge, MA, USA. lee_rubin@harvard.edu.', 'firstname': 'Lee L', 'initials': 'LL', 'lastname': 'Rubin'}, {'affiliation': ""Division of Movement Disorders, Department of Neurology, Brigham and Women's Hospital and Harvard Medical School, Boston, MA, 02115, USA. vkhurana@bwh.harvard.edu.\nBroad Institute of MIT and Harvard, Cambridge, MA, 02142, USA. vkhurana@bwh.harvard.edu."", 'firstname': 'Vikram', 'initials': 'V', 'lastname': 'Khurana'}, {'affiliation': 'Department of Neurology, UCLA David Geffen School of Medicine, Los Angeles, CA, USA. britz@ucla.edu.\nDepartment of Epidemiology, UCLA Fielding School of Public Health, Los Angeles, CA, USA. britz@ucla.edu.', 'firstname': 'Beate', 'initials': 'B', 'lastname': 'Ritz'}]",,© 2023. The Author(s).,10.1038/s41467-023-38215-z,Nature communications,[],,2023-05-17,"37193692
27751556
32318533
33381501
28882997
34732887
24290359
22764206
25986505
33545081
22056989
18035408
31902706
21447478
26857251
1603339
38309714
24158904
22110584
29895861
28860381
14593171
35688132
31243984
27143523
18818210
23519760
31425687
12428725
39079530
21658306
9603205
30344007
24050700
30446643
32013126
15790529
20542017
10385887
18465859
3264893
32919961
33841462
18761404
16406111
19050925
18245082
12642658
16672980
5359222
17119217
33558694
31173718
32619517
12843762
23658980
22645348",,A pesticide and iPSC dopaminergic neuron screen identifies and classifies Parkinson-relevant pesticides.,<Element 'PubmedArticle' at 0x777b0087b420>,,,,,,
"There is mixed evidence for an association between particulate matter air pollution and Parkinson's disease despite biological plausibility.
We studied the association between particulate air pollution, its components and Parkinson's disease (PD) risk.
We conducted a nested case-control study within the population of Finland using national registers. A total of 22,189 incident PD cases diagnosed between 1996 and 2015 were matched by age, sex and region with up to seven controls (n = 148,009) per case. Time weighted average air pollution exposure to particulate matter and its components was modelled at the residential addresses, accounting for move history, for the 16 years preceding diagnosis. Conditional logistic regression analysis was used to evaluate the association between air pollution and PD. Different exposure periods (6-16 years, 11-16 years, 5-10 years, 0-5 years) before the index date (date of PD diagnosis) were applied.
Time-weighted average exposures were relatively low at 12.1 ± 6.5 μg/m
Low-level particulate matter air pollution was not associated with increased risk of incident PD in this Finnish nationwide population. The observed weak inverse associations with specific particle components should be investigated further.","[{'affiliation': 'School of Pharmacy, University of Eastern Finland, P.O. Box 1627, 70211, Kuopio, Finland; Department of Health Security, Finnish Institute for Health and Welfare, P.O. Box 95, 70701, Kuopio, Finland. Electronic address: isabell.rumrich@uef.fi.', 'firstname': 'Isabell Katharina', 'initials': 'IK', 'lastname': 'Rumrich'}, {'affiliation': 'School of Pharmacy, University of Eastern Finland, P.O. Box 1627, 70211, Kuopio, Finland. Electronic address: julian.lin@uef.fi.', 'firstname': 'Julian', 'initials': 'J', 'lastname': 'Lin'}, {'affiliation': 'Department of Health Security, Finnish Institute for Health and Welfare, P.O. Box 95, 70701, Kuopio, Finland. Electronic address: antti.korhonen@thl.fi.', 'firstname': 'Antti', 'initials': 'A', 'lastname': 'Korhonen'}, {'affiliation': 'Department of Environmental Science, Aarhus University, Frederiksborgvej 399, 4000, Roskilde, Denmark. Electronic address: lmf@envs.au.dk.', 'firstname': 'Lise Marie', 'initials': 'LM', 'lastname': 'Frohn'}, {'affiliation': 'Department of Environmental Science, Aarhus University, Frederiksborgvej 399, 4000, Roskilde, Denmark. Electronic address: cag@envs.au.dk.', 'firstname': 'Camilla', 'initials': 'C', 'lastname': 'Geels'}, {'affiliation': 'Department of Environmental Science, Aarhus University, Frederiksborgvej 399, 4000, Roskilde, Denmark. Electronic address: jbr@envs.au.dk.', 'firstname': 'Jørgen', 'initials': 'J', 'lastname': 'Brandt'}, {'affiliation': 'School of Pharmacy, University of Eastern Finland, P.O. Box 1627, 70211, Kuopio, Finland. Electronic address: sirpa.hartikainen@uef.fi.', 'firstname': 'Sirpa', 'initials': 'S', 'lastname': 'Hartikainen'}, {'affiliation': 'Department of Health Security, Finnish Institute for Health and Welfare, P.O. Box 95, 70701, Kuopio, Finland. Electronic address: otto.hanninen@thl.fi.', 'firstname': 'Otto', 'initials': 'O', 'lastname': 'Hänninen'}, {'affiliation': 'School of Pharmacy, University of Eastern Finland, P.O. Box 1627, 70211, Kuopio, Finland. Electronic address: anna-maija.tolppanen@uef.fi.', 'firstname': 'Anna-Maija', 'initials': 'AM', 'lastname': 'Tolppanen'}]",,Copyright © 2023 The Authors. Published by Elsevier Inc. All rights reserved.,10.1016/j.envres.2023.115944,Environmental research,"['Air pollution', 'Long-term exposure', ""Parkinson's disease"", 'Particle component', 'Particulate matter', 'Register-based epidemiology']",,2023-04-23,37086879,Time-weighted average exposures were relatively low at 12.1 ± 6.5 μg/m,Long-term exposure to low-level particulate air pollution and Parkinson's disease diagnosis - A Finnish register-based study.,<Element 'PubmedArticle' at 0x777b008b8270>,,,,,,
"Neurodegenerative disease has a great adverse impact on population's death and disability worldwide. However, the association of air pollution and residential greenness with neurodegenerative disease and their potential mechanisms still remain uncertain.
We used data from a population-based prospective cohort in Ningbo, China. Exposure to PM
During the follow-up period, we identified a total of 617 incident neurodegenerative diseases, 301 PD and 182 AD. In single-exposure models, PM
In this prospective study, we found that exposure to higher residential greenness and lower concentrations of particulate matter were associated with lower risk of neurodegenerative disease, PD and AD. Residential greenness could modify the association of PM","[{'affiliation': 'Department of Public Health, Second Affiliated Hospital, Zhejiang University School of Medicine, Hangzhou 310058, China.', 'firstname': 'Zhanghang', 'initials': 'Z', 'lastname': 'Zhu'}, {'affiliation': ""Department of Public Health, and Department of Endocrinology of the Children's Hospital, Zhejiang University School of Medicine, National Clinical Research Center for Children's Health, Hangzhou 310058, China."", 'firstname': 'Zongming', 'initials': 'Z', 'lastname': 'Yang'}, {'affiliation': ""Department of Public Health, and Department of Endocrinology of the Children's Hospital, Zhejiang University School of Medicine, National Clinical Research Center for Children's Health, Hangzhou 310058, China."", 'firstname': 'Luhua', 'initials': 'L', 'lastname': 'Yu'}, {'affiliation': ""Department of Public Health, and Department of Endocrinology of the Children's Hospital, Zhejiang University School of Medicine, National Clinical Research Center for Children's Health, Hangzhou 310058, China."", 'firstname': 'Lisha', 'initials': 'L', 'lastname': 'Xu'}, {'affiliation': ""Department of Public Health, and Department of Endocrinology of the Children's Hospital, Zhejiang University School of Medicine, National Clinical Research Center for Children's Health, Hangzhou 310058, China."", 'firstname': 'Yonghao', 'initials': 'Y', 'lastname': 'Wu'}, {'affiliation': 'Department of Public Health, Second Affiliated Hospital, Zhejiang University School of Medicine, Hangzhou 310058, China.', 'firstname': 'Xinhan', 'initials': 'X', 'lastname': 'Zhang'}, {'affiliation': 'Department of Chronic Disease and Health Promotion, Yinzhou District Center for Disease Control and Prevention, Ningbo 315040, China.', 'firstname': 'Peng', 'initials': 'P', 'lastname': 'Shen'}, {'affiliation': 'Department of Chronic Disease and Health Promotion, Yinzhou District Center for Disease Control and Prevention, Ningbo 315040, China.', 'firstname': 'Hongbo', 'initials': 'H', 'lastname': 'Lin'}, {'affiliation': 'Yinzhou District Health Bureau of Ningbo, Ningbo, 315040, China.', 'firstname': 'Liming', 'initials': 'L', 'lastname': 'Shui'}, {'affiliation': 'Department of Public Health, Fourth Affiliated Hospital, Zhejiang University School of Medicine, Hangzhou 310058, China.', 'firstname': 'Mengling', 'initials': 'M', 'lastname': 'Tang'}, {'affiliation': 'Department of Public Health, Second Affiliated Hospital, Zhejiang University School of Medicine, Hangzhou 310058, China.', 'firstname': 'Mingjuan', 'initials': 'M', 'lastname': 'Jin'}, {'affiliation': ""Department of Public Health, and Department of Endocrinology of the Children's Hospital, Zhejiang University School of Medicine, National Clinical Research Center for Children's Health, Hangzhou 310058, China. Electronic address: wangjianbing@zju.edu.cn."", 'firstname': 'Jianbing', 'initials': 'J', 'lastname': 'Wang'}, {'affiliation': 'Department of Public Health, Second Affiliated Hospital, Zhejiang University School of Medicine, Hangzhou 310058, China. Electronic address: ck@zju.edu.cn.', 'firstname': 'Kun', 'initials': 'K', 'lastname': 'Chen'}]","In this prospective study, we found that exposure to higher residential greenness and lower concentrations of particulate matter were associated with lower risk of neurodegenerative disease, PD and AD. Residential greenness could modify the association of PM",Copyright © 2023 Elsevier B.V. All rights reserved.,10.1016/j.scitotenv.2023.163173,The Science of the total environment,"['Air pollution', 'Neurodegenerative disease', 'Prospective cohort study', 'Residential greenness']",,2023-04-02,37003317,"During the follow-up period, we identified a total of 617 incident neurodegenerative diseases, 301 PD and 182 AD. In single-exposure models, PM","Residential greenness, air pollution and incident neurodegenerative disease: A cohort study in China.",<Element 'PubmedArticle' at 0x777b006c88b0>,,,,,,
"Both of nanoplastics (NPs) and Tetrabromobisphenol A (TBBPA) are organic pollutants widely detected in the environment and organisms. The large specific surface area of NPs makes them ideal vectors for carrying various toxicants, such as organic pollutants, metals, or other nanomaterials, posing potential threats to human health. This study used ","[{'affiliation': 'School of Environmental and Chemical Engineering, Shanghai University, Nanchen Road 333, Shanghai 200444, China.', 'firstname': 'Kunming', 'initials': 'K', 'lastname': 'Zhao'}, {'affiliation': 'Department of Neurology, Yueyang Hospital of Integrated Traditional Chinese and Western Medicine, Shanghai University of Traditional Chinese Medicine, Ganhe Road 110, Shanghai 200080, China.', 'firstname': 'Ying', 'initials': 'Y', 'lastname': 'Zhang'}, {'affiliation': 'Department of Neurology, Yueyang Hospital of Integrated Traditional Chinese and Western Medicine, Shanghai University of Traditional Chinese Medicine, Ganhe Road 110, Shanghai 200080, China.', 'firstname': 'Mingyuan', 'initials': 'M', 'lastname': 'Liu'}, {'affiliation': 'Shanghai Joint Management and Development Center of Medical Affairs and Organizations, Beijing West Road 1477, Shanghai 200040, China.', 'firstname': 'Yuecheng', 'initials': 'Y', 'lastname': 'Huang'}, {'affiliation': 'School of Environmental and Chemical Engineering, Shanghai University, Nanchen Road 333, Shanghai 200444, China.', 'firstname': 'Siyan', 'initials': 'S', 'lastname': 'Wang'}, {'affiliation': 'School of Environmental and Chemical Engineering, Shanghai University, Nanchen Road 333, Shanghai 200444, China.', 'firstname': 'Jing', 'initials': 'J', 'lastname': 'An'}, {'affiliation': 'Shanghai Institute of Cerebrovascular Disease, Keyuan Road 1278, Shanghai 201203, China.', 'firstname': 'Yan', 'initials': 'Y', 'lastname': 'Wang'}, {'affiliation': 'School of Environmental and Chemical Engineering, Shanghai University, Nanchen Road 333, Shanghai 200444, China.', 'firstname': 'Yu', 'initials': 'Y', 'lastname': 'Shang'}]",,"© The Author(s) 2023. Published by Oxford University Press. All rights reserved. For Permissions, please email: journals.permissions@oup.com.",10.1093/toxres/tfac086,Toxicology research,"['Tetrabromobisphenol A', 'neurotoxicity', 'pink-1hop-1', 'polystyrene nanoplastics']",,2023-03-04,"36866216
28776036
31198029
29265806
29580559
32527833
30629421
31476765
32454310
26874248
32388295
35452728
32193107
33264963
35089039
32513186
32093039
34273852
32889289
33434826
35302003
35550135
23262324
33974200
29980040
28477480
33360189
29772426
31351299
15456914
22100034
30830211
34420170
18295390
23758580
31284110
32041069
33725607
4366476
31744693
23181424
27814532
24309271
34399343
34450372
28418071
29760524
10896158
23643800
27055180
33647619
17051205
30710828
6505679
19251702
9342387
34077728
23626584
29242286
33403278
30076829",,The joint effects of nanoplastics and TBBPA on neurodevelopmental toxicity in ,<Element 'PubmedArticle' at 0x777b006d1210>,,,,,,
"Assessing human exposure to commonly used, highly toxic, but non-persistent organophosphates (OPs) is challenging because these toxicants are readily biotransformed into dialkyl phosphates (DAPs) and other metabolites. Growing hair accumulates toxicants and their metabolites, which makes hair a valuable non-invasively sampled matrix that can be used to retrospectively examine chemical exposure. However, the efficient quantification of hydrophilic DAP compounds in hair is challenging due to complex hair matrix effects. To improve upon existing methods, we first examined the acid dissociation constants (pKa) of DAPs and amino acids (major components in hair) and identified the best pH conditions for minimizing matrix effects. We hypothesized that under basic pH conditions DAPs and amino acids would be negatively charged and have weak interactions favorable to DAP dissociation from the matrix. To test this, we compared the efficiency of various pH conditions of suitable solvents to extract six DAPs from hair samples, and we quantified these DAPs using liquid chromatography-tandem mass spectroscopy (LC-MS/MS). As expected, a basic extraction (methanol with 2% NH","[{'affiliation': 'Lamont Doherty Earth Observatory, Columbia University, Palisades, NY, USA.', 'firstname': 'Khue N', 'initials': 'KN', 'lastname': 'Nguyen'}, {'affiliation': 'Department of Environmental Health Sciences, Mailman School of Public Health, Columbia University, New York, NY, USA; NIEHS Center for Environmental Health and Justice in Northern Manhattan, Columbia University, New York, NY 10032, USA.', 'firstname': 'Roheeni', 'initials': 'R', 'lastname': 'Saxena'}, {'affiliation': 'Department of Environmental Health Sciences, Mailman School of Public Health, Columbia University, New York, NY, USA; NIEHS Center for Environmental Health and Justice in Northern Manhattan, Columbia University, New York, NY 10032, USA.', 'firstname': 'Diane B', 'initials': 'DB', 'lastname': 'Re'}, {'affiliation': 'Lamont Doherty Earth Observatory, Columbia University, Palisades, NY, USA; NIEHS Center for Environmental Health and Justice in Northern Manhattan, Columbia University, New York, NY 10032, USA. Electronic address: yanbz@ldeo.columbia.edu.', 'firstname': 'Beizhan', 'initials': 'B', 'lastname': 'Yan'}]",,Copyright © 2023 Elsevier B.V. All rights reserved.,"10.1016/j.jchromb.2023.123619
10.1016/j.neuro.2021.09.004
10.1016/j.tox.2022.153181
10.1016/j.toxlet.2011.10.021
10.1016/j.toxlet.2011.11.019
10.1016/j.chemosphere.2015.05.082
10.1289/ehp.6916
10.1016/j.envint.2021.106481
10.1016/j.envint.2019.104997
10.1007/s00216-016-9442-y
10.1289/ehp.5842
10.1007/s00204-016-1910-9
10.1016/j.envint.2020.105633
10.1080/13547500902792912
10.1016/j.forsciint.2014.12.003
10.1016/j.jchromb.2014.02.035
10.1016/j.jchromb.2010.02.021
10.1016/j.envint.2018.07.023
10.1016/j.aca.2011.10.029
10.1002/dta.1649
10.1016/j.jchromb.2005.12.012
10.1016/j.jchromb.2019.121810
10.1093/jat/24.8.678
10.1016/j.talanta.2020.121708
10.1016/j.jchromb.2020.122389
10.1007/s00216-019-01873-4
10.1021/ac049555t
10.1016/j.forsciint.2011.10.017
10.1016/j.envres.2016.02.011
10.1016/j.envres.2014.07.012
10.1016/j.envint.2019.104997
10.1080/21678421.2017.1406953
10.1016/j.envint.2021.106526
10.1289/ehp.6503
10.1016/j.envpol.2021.116920
10.1186/s41935-019-0119-5","Journal of chromatography. B, Analytical technologies in the biomedical and life sciences","['Dialkyl phosphates', 'ElectroSpray Ionization', 'Hair matrix', 'LC-MS/MS', 'Organophosphate pesticides', 'Solvent pH']",,2023-02-13,"36774786
38569063
34562505
35439576
22079616
22154536
26070147
15289166
33706039
31362151
26968562
12676618
28011991
32179318
19399659
25553512
24631817
20226747
30064054
22123113
24817049
16412711
31669632
11110021
33303158
33126070
31123781
15283573
22024651
26894816
25173049
31362151
29262737
33839549
14754573
33839620",,Rapid LC-MS/MS quantification of Organophosphate non-specific metabolites in hair using alkaline extraction approach.,<Element 'PubmedArticle' at 0x777b006f2930>,,,,,,
"Previous studies on particulate matter (PM) exposure and neurodegenerative disorders showed inconsistent results, and few studies systematically examined the long-term effect of PM on neurodegenerative diseases, including all-cause dementia, Alzheimer's disease, Parkinson's disease, vascular dementia, amyotrophic lateral sclerosis, and cognitive function decline. We systematically searched for published studies in PubMed, Embase, Cochrane Library, and Web of Science up to October 31, 2022. To facilitate a comparison of effect sizes from different studies, we standardized units across studies to a 10 μg/m","[{'affiliation': 'The Fifth Affiliated Hospital of Zhengzhou University, Zhengzhou, China.\nSchool of Public Health, Zhengzhou University, Zhengzhou, 450001, Henan, China.', 'firstname': 'Yuting', 'initials': 'Y', 'lastname': 'Gong'}, {'affiliation': 'The Third Affiliated Hospital of Zhengzhou University, Zhengzhou, China.', 'firstname': 'Xiaoan', 'initials': 'X', 'lastname': 'Zhang'}, {'affiliation': 'The Third Affiliated Hospital of Zhengzhou University, Zhengzhou, China.', 'firstname': 'Xin', 'initials': 'X', 'lastname': 'Zhao'}, {'affiliation': 'The Third Affiliated Hospital of Zhengzhou University, Zhengzhou, China.', 'firstname': 'Hui', 'initials': 'H', 'lastname': 'Chang'}, {'affiliation': 'NHC Key Laboratory of Birth Defects Prevention & Henan Key Laboratory of Population Defects Prevention, Zhengzhou, China.', 'firstname': 'Junxi', 'initials': 'J', 'lastname': 'Zhang'}, {'affiliation': 'The Fifth Affiliated Hospital of Zhengzhou University, Zhengzhou, China.', 'firstname': 'Zhan', 'initials': 'Z', 'lastname': 'Gao'}, {'affiliation': 'The Fifth Affiliated Hospital of Zhengzhou University, Zhengzhou, China.', 'firstname': 'Yang', 'initials': 'Y', 'lastname': 'Mi'}, {'affiliation': 'The Fifth Affiliated Hospital of Zhengzhou University, Zhengzhou, China.', 'firstname': 'Yao', 'initials': 'Y', 'lastname': 'Chen'}, {'affiliation': 'School of Public Health, Zhengzhou University, Zhengzhou, 450001, Henan, China. zhanghh@zzu.edu.cn.', 'firstname': 'Huanhuan', 'initials': 'H', 'lastname': 'Zhang'}, {'affiliation': 'Vanke School of Public Health, Tsinghua University, Beijing, China.', 'firstname': 'Cunrui', 'initials': 'C', 'lastname': 'Huang'}, {'affiliation': 'School of Public Health, Zhengzhou University, Zhengzhou, 450001, Henan, China.\nNHC Key Laboratory of Birth Defects Prevention & Henan Key Laboratory of Population Defects Prevention, Zhengzhou, China.', 'firstname': 'Zengli', 'initials': 'Z', 'lastname': 'Yu'}]",,"© 2023. The Author(s), under exclusive licence to Springer-Verlag GmbH Germany, part of Springer Nature.","10.1007/s11356-023-25731-0
10.3233/JAD-200765
10.1016/j.envint.2019.105448
10.1016/j.tins.2009.05.009
10.1016/j.neuro.2012.08.014
10.1097/EE9.0000000000000023
10.1186/s12940-019-0511-5
10.1016/j.envint.2017.08.020
10.3233/JAD-200614
10.3390/ijerph18010316
10.1016/S2468-2667(21)00249-8
10.1016/j.neuro.2015.11.008
10.1038/s41598-018-30568-6
10.1016/j.envint.2022.107118
10.1016/j.scitotenv.2018.11.218
10.3233/JAD-200483
10.1016/j.neuro.2013.09.004
10.1016/j.puhe.2019.09.020
10.1002/sim.1186
10.1016/j.envres.2018.10.008
10.1016/j.envres.2022.114261
10.1183/13993003.01963-2017
10.3233/Jad-200766
10.1093/gerona/glac016
10.3233/JAD-140855
10.1002/advs.202101251
10.1016/j.ijheh.2018.12.006
10.1289/ehp.1408973
10.1016/j.envint.2019.105440
10.1212/WNL.0000000000009314
10.1016/S0140-6736(20)30752-2
10.1016/j.scitotenv.2019.02.447
10.1016/j.envres.2022.113165
10.1016/j.envpol.2019b.07.094
10.1016/j.envint.2016.08.017
10.1016/j.envint.2019.105233
10.1159/000515162
10.1289/EHP135
10.1016/S0140-6736(20)30367-6
10.1073/pnas.1605941113
10.1016/j.envres.2020.110298
10.1016/j.envint.2018.07.015
10.1016/j.envint.2020.106376
10.1164/ajrccm.164.9.2101036
10.1016/j.envres.2021.112316
10.1289/EHP7425
10.1136/bmj.n71
10.1016/j.envres.2022.112895
10.3233/JAD-180631
10.1249/MSS.0000000000002888
10.1016/j.envpol.2020.116303
10.1016/j.envint.2021b.106645
10.1016/j.envres.2009.08.003
10.1016/S2542-5196(22)00001-8
10.1016/j.envint.2018.04.033
10.1016/j.envres.2015.06.009
10.1289/EHP1115
10.1289/EHP9018
10.1016/S2542-5196(20)30227-8
10.1038/s41467-021-27049-2
10.3390/ijerph16193767
10.1093/ije/dyy172
10.1016/j.envres.2020.109870
10.1111/jgs.17188
10.1016/j.envres.2019.108638
10.1007/s10653-019-00484-3
10.1016/j.envint.2021.107067
10.1016/j.dadm.2014.11.015
10.1038/s41598-022-22100-8
10.1001/jama.280.19.1690
10.1016/j.arr.2021.101504",Environmental science and pollution research international,"['Cognitive function', 'Meta-analysis', 'Neurodegenerative disease', 'Particulate matter']",,2023-02-11,36763275,,Global ambient particulate matter pollution and neurodegenerative disorders: a systematic review of literature and meta-analysis.,<Element 'PubmedArticle' at 0x777b00707380>,,,,,,
"Pesticide exposure has consistently been associated with Parkinson's disease (PD) onset. Yet, fewer epidemiologic studies have examined whether pesticides influence PD motor and non-motor symptom progression.
Using a geographic information system tool that integrates agricultural pesticide use reports and land use records to derive ambient exposures at residences and workplaces, we assessed associations between specific pesticides previously related to PD onset with PD symptom progression in two PD patient cohorts living in agricultural regions of California.
We calculated the pounds of pesticide applied agriculturally near each participant's residential or occupational addresses from 1974 to the year of PD diagnosis, using a geographic information system tool that links the California Pesticide Use Reports database to land use data. We examined 53 pesticides selected a priori as they have previously been associated with PD onset. We longitudinally followed two PD patient cohorts (PEG1 N = 242, PEG2 N = 259) for an average of 5.0 years (SD ± 3.5) and 2.7 years (SD ± 1.6) respectively and assessed PD symptoms using the movement disorder specialist-administered Unified Parkinson's disease Rating Scale part III (UPDRS), Mini-Mental State Examination (MMSE), and Geriatric Depression Scale (GDS). Weighted time-to-event regression models were implemented to estimate effects.
Ten agricultural pesticides, including copper sulfate (pentahydrate), 2-methyl-4-chlorophenoxyacetic acid (MCPA) dimethylamine salt, tribufos, sodium cacodylate, methamidophos, ethephon, propargite, bromoxynil octanoate, monosodium methanearsonate (MSMA), and dicamba, were associated with faster symptom progression. Among these pesticides, residential or workplace proximity to higher amounts of copper sulfate (pentahydrate) and MCPA (dimethylamine salt) was associated with all three progression endpoints (copper sulfate: HRs = 1.22-1.36, 95 % CIs = 1.03-1.73; MCPA: HRs = 1.27-1.35, 95 % CIs = 1.02-1.70).
Our findings suggest that pesticide exposure may not only be relevant for PD onset but also PD progression phenotypes. We have implicated ten specific pesticide active ingredients in faster PD motor and non-motor decline.","[{'affiliation': 'Department of Epidemiology, UCLA Fielding School of Public Health, Los Angeles, CA, USA.', 'firstname': 'Shiwen', 'initials': 'S', 'lastname': 'Li'}, {'affiliation': 'Department of Epidemiology, UCLA Fielding School of Public Health, Los Angeles, CA, USA; Department of Neurology, David Geffen School of Medicine, Los Angeles, CA, USA.', 'firstname': 'Beate', 'initials': 'B', 'lastname': 'Ritz'}, {'affiliation': 'Department of Epidemiology, UCLA Fielding School of Public Health, Los Angeles, CA, USA.', 'firstname': 'Yufan', 'initials': 'Y', 'lastname': 'Gong'}, {'affiliation': 'Department of Preventive Medicine, Keck School of Medicine, University of Southern California, CA, USA.', 'firstname': 'Myles', 'initials': 'M', 'lastname': 'Cockburn'}, {'affiliation': 'Department of Epidemiology, UCLA Fielding School of Public Health, Los Angeles, CA, USA.', 'firstname': 'Aline Duarte', 'initials': 'AD', 'lastname': 'Folle'}, {'affiliation': 'Department of Epidemiology, UCLA Fielding School of Public Health, Los Angeles, CA, USA.', 'firstname': 'Irish', 'initials': 'I', 'lastname': 'Del Rosario'}, {'affiliation': 'Department of Epidemiology, UCLA Fielding School of Public Health, Los Angeles, CA, USA.', 'firstname': 'Yu', 'initials': 'Y', 'lastname': 'Yu'}, {'affiliation': 'Department of Epidemiology, UCLA Fielding School of Public Health, Los Angeles, CA, USA.', 'firstname': 'Keren', 'initials': 'K', 'lastname': 'Zhang'}, {'affiliation': 'Department of Epidemiology, UCLA Fielding School of Public Health, Los Angeles, CA, USA.', 'firstname': 'Emily', 'initials': 'E', 'lastname': 'Castro'}, {'affiliation': 'Department of Neurology, David Geffen School of Medicine, Los Angeles, CA, USA.', 'firstname': 'Adrienne M', 'initials': 'AM', 'lastname': 'Keener'}, {'affiliation': 'Department of Neurology, David Geffen School of Medicine, Los Angeles, CA, USA.', 'firstname': 'Jeff', 'initials': 'J', 'lastname': 'Bronstein'}, {'affiliation': 'Department of Neurology, David Geffen School of Medicine, Los Angeles, CA, USA. Electronic address: kimberlp@ucla.edu.', 'firstname': 'Kimberly C', 'initials': 'KC', 'lastname': 'Paul'}]",,Copyright © 2022 The Authors. Published by Elsevier B.V. All rights reserved.,"10.1016/j.scitotenv.2022.160851
10.1016/j.biopha.2017.03.100
10.1289/ehp.7867.
10.1016/j.scitotenv.2020.140591.
10.1007/s00415-012-6557-8.
10.1016/S1474-4422(16)30230-7.
10.1186/1476-069X-7-50.
10.1007/s11064-008-9610-3
10.1016/j.envint.2017.07.001.
10.1093/toxsci/kfh038.
10.1016/S1474-4422(06)70373-8.
10.1093/aje/kwr003.
10.1016/j.parkreldis.2019.01.018
10.1016/j.atmosenv.2021.118612.
10.1016/j.neuro.2012.05.011
10.1001/archneur.56.1.33.
10.1002/mds.27947
10.1111/ejn.14094.
10.3389/fncel.2016.00293.
10.1016/j.neuroscience.2019.09.006.
10.1016/j.tox.2017.02.009
10.1016/j.jns.2011.01.003.
10.1136/jnnp.55.3.181.
10.1002/mds.20513.
10.1016/j.toxlet.2009.03.026.
10.1016/0895-4356(94)90122-8.
10.1016/j.ijbiomac.2020.06.274.
10.1016/j.jchas.2017.09.003.
10.1001/archneurol.2008.561.
10.1093/biostatistics/kxq013.
10.1016/s0304-3940(02)01168-0.
10.1155/2014/147251.
10.1016/j.neubiorev.2016.07.010.
10.1016/s0140-6736(87)90827-0.
10.3389/fphar.2020.00435.
10.1001/jamaneurol.2017.4206.
10.1101/2022.02.06.479305
10.1016/j.envint.2017.06.018.
10.1111/j.1468-1331.2008.02056.x.
10.1007/s00401-019-02033-9.
10.1196/annals.1371.074
10.1007/s40572-016-0083-2
10.1371/journal.pone.0036199.
10.1016/j.neuro.2017.04.010
10.1080/10298420290007574.
10.1186/s12940-020-00624-8.
10.1002/(SICI)1099-1166(199610)11:10&lt;915::AID-GPS411&gt;3.0.CO;2-H
10.1146/annurev-pathol-011110-130242.
10.1001/archneurol.2009.295.
10.3389/fphar.2012.00169.
10.1007/s11869-020-00829-3.
10.1016/j.parkreldis.2010.10.007.
10.1007/s00702-017-1686-y
10.1007/s12264-012-1050-z.
10.1016/j.etap.2012.06.014.
10.1016/j.yrtph.2018.05.005.
10.1300/J018v05n01_09.
10.1016/j.tox.2015.07.014.
10.1016/j.pharmthera.2011.10.006.",The Science of the total environment,"['Cognitive decline', 'Depression', 'Motor progression', ""Parkinson's disease"", 'Pesticide']",,2022-12-17,"36526213
28412655
15866758
32721662
22711157
27751556
18945337
18307039
28704700
14691213
16488379
21447478
30833231
22627180
9923759
31889341
10385887
30059179
28066188
31634513
28202386
21292280
1564476
15954133
19446248
7730909
32629061
19204152
20350957
12531458
24672633
27422450
2886715
32322208
29340614
28689109
18353132
31197504
17119217
26857251
22615757
28467894
12826488
32552814
21034221
20065131
23055972
21084211
28150045
22233888
22824501
29729297
26215101
22115751","Ten agricultural pesticides, including copper sulfate (pentahydrate), 2-methyl-4-chlorophenoxyacetic acid (MCPA) dimethylamine salt, tribufos, sodium cacodylate, methamidophos, ethephon, propargite, bromoxynil octanoate, monosodium methanearsonate (MSMA), and dicamba, were associated with faster symptom progression. Among these pesticides, residential or workplace proximity to higher amounts of copper sulfate (pentahydrate) and MCPA (dimethylamine salt) was associated with all three progression endpoints (copper sulfate: HRs = 1.22-1.36, 95 % CIs = 1.03-1.73; MCPA: HRs = 1.27-1.35, 95 % CIs = 1.02-1.70).",Proximity to residential and workplace pesticides application and the risk of progression of Parkinson's diseases in Central California.,<Element 'PubmedArticle' at 0x777b00738b30>,,,,,,
"The link between exposure to ambient air pollution and mortality from cardiorespiratory diseases is well established, while evidence on neurodegenerative disorders including Parkinson's Disease (PD) remains limited.
We examined the association between long-term exposure to ambient air pollution and PD mortality in seven European cohorts.
Within the project 'Effects of Low-Level Air Pollution: A Study in Europe' (ELAPSE), we pooled data from seven cohorts among six European countries. Annual mean residential concentrations of fine particulate matter (PM
Of 271,720 cohort participants, 381 died from PD during 19.7 years of follow-up. In single-pollutant analyses, we observed positive associations between PD mortality and PM
Long-term exposure to PM","[{'affiliation': 'Section of Environmental Health, Department of Public Health, University of Copenhagen, Copenhagen, Denmark.', 'firstname': 'Thomas', 'initials': 'T', 'lastname': 'Cole-Hunter'}, {'affiliation': 'Section of Environmental Health, Department of Public Health, University of Copenhagen, Copenhagen, Denmark.', 'firstname': 'Jiawei', 'initials': 'J', 'lastname': 'Zhang'}, {'affiliation': 'Section of Environmental Health, Department of Public Health, University of Copenhagen, Copenhagen, Denmark.', 'firstname': 'Rina', 'initials': 'R', 'lastname': 'So'}, {'affiliation': 'Department of Hygiene, Epidemiology and Medical Statistics, Medical School, National and Kapodistrian University of Athens, Athens, Greece.', 'firstname': 'Evangelia', 'initials': 'E', 'lastname': 'Samoli'}, {'affiliation': 'Section of Environmental Health, Department of Public Health, University of Copenhagen, Copenhagen, Denmark.', 'firstname': 'Shuo', 'initials': 'S', 'lastname': 'Liu'}, {'affiliation': 'Institute for Risk Assessment Sciences, Utrecht University, Utrecht, the Netherlands.', 'firstname': 'Jie', 'initials': 'J', 'lastname': 'Chen'}, {'affiliation': 'Institute for Risk Assessment Sciences, Utrecht University, Utrecht, the Netherlands; National Institute for Public Health and the Environment, Bilthoven, the Netherlands.', 'firstname': 'Maciej', 'initials': 'M', 'lastname': 'Strak'}, {'affiliation': 'Institute of Epidemiology, Helmholtz Zentrum München, Neuherberg, Germany.', 'firstname': 'Kathrin', 'initials': 'K', 'lastname': 'Wolf'}, {'affiliation': 'Institute of Epidemiology and Medical Biometry, Ulm University, Ulm, Germany.', 'firstname': 'Gudrun', 'initials': 'G', 'lastname': 'Weinmayr'}, {'affiliation': 'Department of Hygiene, Epidemiology and Medical Statistics, Medical School, National and Kapodistrian University of Athens, Athens, Greece.', 'firstname': 'Sophia', 'initials': 'S', 'lastname': 'Rodopolou'}, {'affiliation': 'Wolfson Institute of Population Health, Queen Mary University of London, United Kingdom.', 'firstname': 'Elizabeth', 'initials': 'E', 'lastname': 'Remfry'}, {'affiliation': 'Swiss Tropical and Public Health Institute, Basel, Switzerland; University of Basel, Basel, Switzerland.', 'firstname': 'Kees', 'initials': 'K', 'lastname': 'de Hoogh'}, {'affiliation': 'Institute of Environmental Medicine, Karolinska Institutet, Stockholm, Sweden; Centre for Occupational and Environmental Medicine, Region Stockholm, Stockholm, Sweden.', 'firstname': 'Tom', 'initials': 'T', 'lastname': 'Bellander'}, {'affiliation': 'Department of Environmental Science, Aarhus University, Roskilde, Denmark; iClimate, interdisciplinary Centre for Climate Change, Aarhus University, Roskilde, Denmark.', 'firstname': 'Jørgen', 'initials': 'J', 'lastname': 'Brandt'}, {'affiliation': 'Agency for Preventive and Social Medicine (aks), Bregenz, Austria.', 'firstname': 'Hans', 'initials': 'H', 'lastname': 'Concin'}, {'affiliation': 'Agency for Preventive and Social Medicine (aks), Bregenz, Austria; Department of Internal Medicine 3, LKH Feldkirch, Feldkirch, Austria.', 'firstname': 'Emanuel', 'initials': 'E', 'lastname': 'Zitt'}, {'affiliation': 'MRC Centre for Environment and Health, School of Public Health, Imperial College London, London, United Kingdom.', 'firstname': 'Daniela', 'initials': 'D', 'lastname': 'Fecht'}, {'affiliation': 'Department of Epidemiology, Lazio Region Health Service / ASL Roma 1, Rome, Italy; MRC Centre for Environment and Health, Environmental Research Group, School of Public Health, Imperial College London, London, United Kingdom.', 'firstname': 'Francesco', 'initials': 'F', 'lastname': 'Forastiere'}, {'affiliation': 'MRC Centre for Environment and Health, School of Public Health, Imperial College London, London, United Kingdom; Centre for Environmental Health and Sustainability & School of Geography, Geology and the Environment, University of Leicester, Leicester, United Kingdom.', 'firstname': 'John', 'initials': 'J', 'lastname': 'Gulliver'}, {'affiliation': 'Institute for Occupational, Social and Environmental Medicine, Centre for Health and Society, Medical Faculty, Heinrich Heine University Düsseldorf, Germany.', 'firstname': 'Barbara', 'initials': 'B', 'lastname': 'Hoffmann'}, {'affiliation': 'Danish Cancer Society Research Center, Copenhagen, Denmark.', 'firstname': 'Ulla A', 'initials': 'UA', 'lastname': 'Hvidtfeldt'}, {'affiliation': 'Institute for Medical Informatics, Biometry and Epidemiology, Medical Faculty, University of Duisburg-Essen, Essen, Germany.', 'firstname': 'Karl-Heinz', 'initials': 'KH', 'lastname': 'Jöckel'}, {'affiliation': 'Section of Epidemiology, Department of Public Health, University of Copenhagen, Copenhagen, Denmark; Statistics Denmark, Copenhagen, Denmark.', 'firstname': 'Laust H', 'initials': 'LH', 'lastname': 'Mortensen'}, {'affiliation': 'Department of Environmental Science, Aarhus University, Roskilde, Denmark; Global Centre for Clean Air Research (GCARE), University of Surrey, Guildford GU2 7XH, United Kingdom.', 'firstname': 'Matthias', 'initials': 'M', 'lastname': 'Ketzel'}, {'affiliation': 'Department of Global Public Health, Karolinska Institutet, Stockholm, Sweden; Centre for Epidemiology and Community Medicine, Region Stockholm, Stockholm, Sweden.', 'firstname': 'Diego', 'initials': 'D', 'lastname': 'Yacamán Méndez'}, {'affiliation': 'Institute of Environmental Medicine, Karolinska Institutet, Stockholm, Sweden.', 'firstname': 'Karin', 'initials': 'K', 'lastname': 'Leander'}, {'affiliation': 'Institute of Environmental Medicine, Karolinska Institutet, Stockholm, Sweden; Department of Cardiology, Danderyd University Hospital, Stockholm, Sweden.', 'firstname': 'Petter', 'initials': 'P', 'lastname': 'Ljungman'}, {'affiliation': 'University Paris-Saclay, UVSQ, Inserm, Gustave Roussy, ""Exposome and Heredity"" team, CESP UMR1018, 94805 Villejuif, France.', 'firstname': 'Elodie', 'initials': 'E', 'lastname': 'Faure'}, {'affiliation': 'University Paris-Saclay, UVSQ, Inserm, Gustave Roussy, ""Exposome and Heredity"" team, CESP UMR1018, 94805 Villejuif, France; Department of Public Health, National Cheng Kung University, Tainan, Taiwan.', 'firstname': 'Pei-Chen', 'initials': 'PC', 'lastname': 'Lee'}, {'affiliation': 'University Paris-Saclay, UVSQ, Inserm, Gustave Roussy, ""Exposome and Heredity"" team, CESP UMR1018, 94805 Villejuif, France.', 'firstname': 'Alexis', 'initials': 'A', 'lastname': 'Elbaz'}, {'affiliation': 'Department of Medical Epidemiology and Biostatistics, Karolinska Institutet, Stockholm, Sweden.', 'firstname': 'Patrik K E', 'initials': 'PKE', 'lastname': 'Magnusson'}, {'affiliation': 'Institute of Epidemiology and Medical Biometry, Ulm University, Ulm, Germany.', 'firstname': 'Gabriele', 'initials': 'G', 'lastname': 'Nagel'}, {'affiliation': 'Institute of Environmental Medicine, Karolinska Institutet, Stockholm, Sweden; Centre for Occupational and Environmental Medicine, Region Stockholm, Stockholm, Sweden.', 'firstname': 'Göran', 'initials': 'G', 'lastname': 'Pershagen'}, {'affiliation': 'Institute of Epidemiology, Helmholtz Zentrum München, Neuherberg, Germany; Ludwig Maximilians Universität München, München, Germany.', 'firstname': 'Annette', 'initials': 'A', 'lastname': 'Peters'}, {'affiliation': 'Department of Neurobiology, Care Sciences, and Society, Karolinska Institutet and Stockholm University, Stockholm, Sweden; Stockholm Gerontology Research Center, Stockholm, Sweden.', 'firstname': 'Debora', 'initials': 'D', 'lastname': 'Rizzuto'}, {'affiliation': 'Institute for Risk Assessment Sciences, Utrecht University, Utrecht, the Netherlands; Julius Center for Health Sciences and Primary Care, University Medical Center Utrecht, Utrecht University, Utrecht, the Netherlands.', 'firstname': 'Roel C H', 'initials': 'RCH', 'lastname': 'Vermeulen'}, {'affiliation': 'Institute for Medical Informatics, Biometry and Epidemiology, Medical Faculty, University of Duisburg-Essen, Essen, Germany.', 'firstname': 'Sara', 'initials': 'S', 'lastname': 'Schramm'}, {'affiliation': 'Institute of Environmental Medicine, Karolinska Institutet, Stockholm, Sweden; Department of Epidemiology, Lazio Region Health Service / ASL Roma 1, Rome, Italy.', 'firstname': 'Massimo', 'initials': 'M', 'lastname': 'Stafoggia'}, {'affiliation': 'Department of Hygiene, Epidemiology and Medical Statistics, Medical School, National and Kapodistrian University of Athens, Athens, Greece; MRC Centre for Environment and Health, Environmental Research Group, School of Public Health, Imperial College London, London, United Kingdom.', 'firstname': 'Klea', 'initials': 'K', 'lastname': 'Katsouyanni'}, {'affiliation': 'Institute for Risk Assessment Sciences, Utrecht University, Utrecht, the Netherlands.', 'firstname': 'Bert', 'initials': 'B', 'lastname': 'Brunekreef'}, {'affiliation': 'Institute for Risk Assessment Sciences, Utrecht University, Utrecht, the Netherlands.', 'firstname': 'Gerard', 'initials': 'G', 'lastname': 'Hoek'}, {'affiliation': 'Section of Environmental Health, Department of Public Health, University of Copenhagen, Copenhagen, Denmark.', 'firstname': 'Youn-Hee', 'initials': 'YH', 'lastname': 'Lim'}, {'affiliation': 'Section of Environmental Health, Department of Public Health, University of Copenhagen, Copenhagen, Denmark. Electronic address: zorana.andersen@sund.ku.dk.', 'firstname': 'Zorana J', 'initials': 'ZJ', 'lastname': 'Andersen'}]",Long-term exposure to PM,Copyright © 2022 The Authors. Published by Elsevier Ltd.. All rights reserved.,10.1016/j.envint.2022.107667,Environment international,"['Adults', 'Air pollution', 'Long-term exposure', 'Low-level exposure', 'Parkinson’s Disease', 'Pooled-cohort study']",,2022-12-15,36516478,"Of 271,720 cohort participants, 381 died from PD during 19.7 years of follow-up. In single-pollutant analyses, we observed positive associations between PD mortality and PM",Long-term air pollution exposure and Parkinson's disease mortality in a large pooled European cohort: An ELAPSE study.,<Element 'PubmedArticle' at 0x777b0075ea20>,,,,,,
The burden of disease attributed to the indoor exposure to sulfur dioxide (SO,"[{'affiliation': 'School of Public Health, Fudan University, Shanghai, China.\nKey Laboratory of Public Health Safety of the Ministry of Education, NHC Key Laboratory of Health Technology Assessment, Fudan University, Shanghai, China.', 'firstname': 'Zhuoru', 'initials': 'Z', 'lastname': 'Chen'}, {'affiliation': 'Department of Building Science, Tsinghua University, Beijing, China.', 'firstname': 'Ningrui', 'initials': 'N', 'lastname': 'Liu'}, {'affiliation': 'School of Public Health, Fudan University, Shanghai, China.\nKey Laboratory of Public Health Safety of the Ministry of Education, NHC Key Laboratory of Health Technology Assessment, Fudan University, Shanghai, China.', 'firstname': 'Hao', 'initials': 'H', 'lastname': 'Tang'}, {'affiliation': 'Anhui Provincial Center for Disease Control and Prevention, Hefei, China.', 'firstname': 'Xuehuan', 'initials': 'X', 'lastname': 'Gao'}, {'affiliation': 'Department of Building Science, Tsinghua University, Beijing, China.', 'firstname': 'Yinping', 'initials': 'Y', 'lastname': 'Zhang'}, {'affiliation': 'School of Public Health, Fudan University, Shanghai, China.\nKey Laboratory of Public Health Safety of the Ministry of Education, NHC Key Laboratory of Health Technology Assessment, Fudan University, Shanghai, China.', 'firstname': 'Haidong', 'initials': 'H', 'lastname': 'Kan'}, {'affiliation': 'School of Public Health, Peking University, Beijing, China.', 'firstname': 'Furong', 'initials': 'F', 'lastname': 'Deng'}, {'affiliation': 'Department of Building Science, Tsinghua University, Beijing, China.', 'firstname': 'Bin', 'initials': 'B', 'lastname': 'Zhao'}, {'affiliation': 'School of Environment and Natural Resources, Renmin University of China, Beijing, China.', 'firstname': 'Xiangang', 'initials': 'X', 'lastname': 'Zeng'}, {'affiliation': 'School of Environmental Science and Engineering, Tianjin University, Tianjin, China.', 'firstname': 'Yuexia', 'initials': 'Y', 'lastname': 'Sun'}, {'affiliation': 'School of Energy and Environment, Southeast University, Nanjing, China.', 'firstname': 'Hua', 'initials': 'H', 'lastname': 'Qian'}, {'affiliation': 'Institute for Health and Environment, Chongqing University of Science and Technology, Chongqing, China.', 'firstname': 'Wei', 'initials': 'W', 'lastname': 'Liu'}, {'affiliation': 'Department of Building Science, Tsinghua University, Beijing, China.', 'firstname': 'Jinhan', 'initials': 'J', 'lastname': 'Mo'}, {'affiliation': 'School of Energy and Environment, Southeast University, Nanjing, China.', 'firstname': 'Xiaohong', 'initials': 'X', 'lastname': 'Zheng'}, {'affiliation': 'School of Environment and Architecture, University of Shanghai for Science and Technology, Shanghai, China.', 'firstname': 'Chen', 'initials': 'C', 'lastname': 'Huang'}, {'affiliation': 'School of Environment and Architecture, University of Shanghai for Science and Technology, Shanghai, China.', 'firstname': 'Chanjuan', 'initials': 'C', 'lastname': 'Sun'}, {'affiliation': 'School of Public Health, Fudan University, Shanghai, China.\nKey Laboratory of Public Health Safety of the Ministry of Education, NHC Key Laboratory of Health Technology Assessment, Fudan University, Shanghai, China.\nShanghai Typhoon Institute/CMA, Shanghai Key Laboratory of Meteorology and Health, IRDR International Center of Excellence on Risk Interconnectivity and Governance on Weather/Climate Extremes Impact and Public Health, WMO/IGAC MAP-AQ Asian Office Shanghai, Fudan University, Shanghai, China.', 'firstname': 'Zhuohui', 'initials': 'Z', 'lastname': 'Zhao'}]",,© 2022 John Wiley & Sons A/S. Published by John Wiley & Sons Ltd.,10.1111/ina.13170,Indoor air,"['CO', 'Concentration-response relationship', 'NO2', 'O3', 'SO2', 'gaseous pollutants']",,2022-11-29,36437665,,"Health effects of exposure to sulfur dioxide, nitrogen dioxide, ozone, and carbon monoxide between 1980 and 2019: A systematic review and meta-analysis.",<Element 'PubmedArticle' at 0x777b00773b00>,,,,,,
"The chelating thiol dimercaptosuccinate (DMSA) and the traditional agent D-penicillamine (PSH) are effective in enhancing the urinary excretion of copper (Cu) and lead (Pb) in poisoned individuals. However, DMSA, PSH, EDTA (ethylenediamine tetraacetate), and deferoxamine (DFOA) are water-soluble agents with limited access to the central nervous system (CNS). Strategies for mobilization of metals such as manganese (Mn), iron (Fe), and Cu from brain deposits may require the combined use of two agents: one water-soluble agent to remove circulating metal into urine, in addition to an adjuvant shuttler to facilitate the brain-to-blood mobilization. The present review discusses the chemical basis of metal chelation and the ligand exchange of metal ions. To obtain increased excretion of Mn, Cu, and Fe, early experiences showed promising results for CaEDTA, PSH, and DFOA, respectively. Recent experiments have indicated that p-amino salicylate (PAS) plus CaEDTA may be a useful combination to remove Mn from binding sites in CNS, while the deferasirox-DFOA and the tetrathiomolybdate-DMSA combinations may be preferable to promote mobilization of Fe and Cu, respectively, from the CNS. Further research is requested to explore benefits of chelator combinations.","[{'affiliation': 'Department of Research, Innlandet Hospital Trust, P.O. Box 104, N-2381 Brumunddal, Norway.\nFaculty of Health and Social Sciences, Inland Norway University of Applied Sciences, P.O. Box 104, N-2418 Elverum, Norway.', 'firstname': 'Jan O', 'initials': 'JO', 'lastname': 'Aaseth'}, {'affiliation': 'Department of Life and Environmental Sciences, University of Cagliari, Cittadella Universitaria, 09042 Monserrato, Italy.', 'firstname': 'Valeria M', 'initials': 'VM', 'lastname': 'Nurchi'}]",,,"10.3390/biom12111713
10.1016/j.jtemb.2014.10.001
10.1016/j.envres.2017.03.003
10.1111/j.1471-4159.2010.07132.x
10.1016/j.neuint.2012.08.014
10.1155/2013/145345
10.1016/j.jtemb.2014.04.010
10.1016/j.neuro.2013.09.007
10.1016/j.molmed.2022.04.011
10.1016/j.neuro.2005.09.003
10.1016/j.jtemb.2014.05.007
10.1007/s10534-018-0131-5
10.1016/j.freeradbiomed.2020.07.017
10.1023/A:1021293818125
10.1002/brb3.2527
10.3390/cryst11040354
10.1038/s41598-018-31808-5
10.1002/ana.24136
10.1016/j.jtemb.2017.11.005
10.3233/BSI-130041
10.1177/00359157770700S307
10.1016/j.jinorgbio.2018.10.009
10.1016/j.jtemb.2016.03.010
10.2174/0929867328666210324161205
10.1039/C9DT02905B
10.1038/s41573-021-00139-y
10.1177/096032718300200214
10.1016/S0003-2670(01)84824-8
10.1016/0006-2952(75)90078-7
10.1016/S0003-2670(01)84834-0
10.1021/ja00905a001
10.1021/ed045p581
10.1039/C7MT00010C
10.1016/j.jtemb.2016.03.013
10.3389/fnagi.2019.00106
10.1111/j.1753-4887.1995.tb01548.x
10.1016/j.tips.2009.06.005
10.1016/j.ajhg.2012.01.017
10.1196/annals.1306.018
10.1097/nen.0b013e31812503cf
10.1007/s12017-009-8083-0
10.1016/j.jtemb.2020.126554
10.1186/2050-6511-14-23
10.1002/nbm.931
10.1016/j.inoche.2021.108582
10.1097/01.jom.0000204114.01893.3e
10.1039/C7NJ04648K
10.3390/biom12050714
10.1016/j.jinorgbio.2019.110717
10.1016/j.jtemb.2016.05.010
10.1016/j.neuroimage.2019.02.019
10.1038/nrn1537
10.1007/s00702-006-0449-y
10.1007/s007020200055
10.3390/molecules26113071
10.4084/mjhid.2020.011
10.1111/bjh.13512
10.1089/ars.2013.5593
10.1016/j.jtemb.2012.03.009
10.1046/j.1365-2141.2003.04240.x
10.1182/blood-2009-11-250308
10.1159/000494487
10.1002/pbc.25533
10.1182/blood-2014-07-586677
10.1007/s00702-010-0531-3
10.1007/s13593-018-0503-9
10.1039/b408464k
10.1212/WNL.59.8.1153
10.3389/fneur.2017.00503
10.2174/1567205013666160603001131
10.1016/j.lfs.2021.119899
10.3390/ijms22179461
10.1038/ng1293-344
10.3389/fnagi.2013.00044
10.1039/C2MT20151H
10.1002/1531-8257(199907)14:4<545::AID-MDS1001>3.0.CO;2-U
10.2165/00003088-198713050-00003
10.1080/14740338.2021.1956460
10.1007/s40261-022-01117-x
10.1016/j.cgh.2013.03.012
10.1080/00498254.2018.1443352
10.1001/archneur.60.3.379
10.1186/s12883-019-1585-y
10.1016/j.cell.2018.02.017
10.1038/s41598-018-19873-2
10.1080/10408398.2018.1548427",Biomolecules,"['DMSA', ""Parkinson's disease"", ""Wilson's disease"", 'chelating agents', 'copper', 'deferasirox', 'deferiprone', 'iron', 'manganese', 'neurodegenerative diseases', 'p-aminosalicylate']",,2022-11-25,"36421727
25457281
28282629
21138437
22982299
24369524
24894443
24148923
35610122
16271769
24954801
30030679
32745763
12539960
35212185
30213975
24623259
29173477
24926425
122660
30384011
27033472
14754439
33761850
31577287
33649582
6345341
811227
28685789
27150911
31191294
7494619
19729209
24209443
22341971
15105268
17882011
19657747
32480053
23594835
15617053
16766929
35625641
31369907
27365273
30739060
15496864
16604299
12111458
34063849
31934321
26033030
12745268
24251381
22565013
30855104
12670352
20421452
30504715
25820920
25934475
21165659
11695043
15568048
12391342
24159420
28993754
27335037
34450170
34502369
8298641
23986700
23076575
10435489
3319347
34259127
35102516
23542331
29460662
12633149
11819363
32593295
31456208
29526461
29362485
30570346
30855113",,"Chelation Combination-A Strategy to Mitigate the Neurotoxicity of Manganese, Iron, and Copper?",<Element 'PubmedArticle' at 0x777b0078a890>,,,,,,
"Pesticides have been widely used in agriculture for more than half a century. However, with thousands currently in use, most have not been adequately assessed for influence Parkinson's disease (PD).
Here we aimed to assess biologic plausibility of 70 pesticides implicated with PD through an agnostic pesticide-wide association study using a data mining approach linking toxicology and toxicogenomics databases.
We linked the 70 targeted pesticides to quantitative high-throughput screening assay findings from the Toxicology in the 21st Century (Tox21) program and pesticide-related genetic/disease information with the Comparative Toxicogenomics Database (CTD). We used the CTD to determine networks of genes each pesticide has been linked to and assess enrichment of relevant gene ontology (GO) annotations. With Tox21, we evaluated pesticide induced activity on a series of 43 nuclear receptor and stress response assays and two cytotoxicity assays.
Overall, 59 % of the 70 pesticides had chemical-gene networks including at least one PD gene/gene product. In total, 41 % of the pesticides had chemical-gene networks enriched for ≥ 1 high-priority PD GO terms. For instance, 23 pesticides had chemical-gene networks enriched for response to oxidative stress, 21 for regulation of neuron death, and twelve for autophagy, including copper sulfate, endosulfan and chlorpyrifos. Of the pesticides tested against the Tox21 assays, 79 % showed activity on ≥ 1 assay and 11 were toxic to the two human cell lines. The set of PD-associated pesticides showed more activity than expected on assays testing for xenobiotic homeostasis, mitochondrial membrane permeability, and genotoxic stress.
Overall, cross-database queries allowed us to connect a targeted set of pesticides implicated in PD via epidemiology to specific biologic targets relevant to PD etiology. This knowledge can be used to help prioritize targets for future experimental studies and improve our understanding of the role of pesticides in PD etiology.","[{'affiliation': 'Department of Neurology, David Geffen School of Medicine, Los Angeles, CA, USA. Electronic address: kimberlp@ucla.edu.', 'firstname': 'Kimberly C', 'initials': 'KC', 'lastname': 'Paul'}, {'affiliation': 'Department of Neurology, David Geffen School of Medicine, Los Angeles, CA, USA; Department of Epidemiology, UCLA Fielding School of Public Health, Los Angeles, CA, USA.', 'firstname': 'Beate', 'initials': 'B', 'lastname': 'Ritz'}]",,Copyright © 2022 The Authors. Published by Elsevier Ltd.. All rights reserved.,"10.1016/j.envint.2022.107613
10.1126/science.aan2683",Environment international,"['Chlorpyrifos', 'Copper sulfate', ""Parkinson's disease"", 'Pesticides', 'Tox21', 'Toxicogenomics']",,2022-11-18,"36395557
20150596
28327632
15866761
19595748
18845002
33068428
25461423
20049211
27137187
29688259
11874814
28531190
27518629
26811972
29377626
23950519
17116648
18342850
19076321
23144783
32318533
19907334
28935789
19549813
24057998
33140634
26857251
32919961
20708096
29859868
16271832
21968025
26884967
23603828
31974232","Overall, 59 % of the 70 pesticides had chemical-gene networks including at least one PD gene/gene product. In total, 41 % of the pesticides had chemical-gene networks enriched for ≥ 1 high-priority PD GO terms. For instance, 23 pesticides had chemical-gene networks enriched for response to oxidative stress, 21 for regulation of neuron death, and twelve for autophagy, including copper sulfate, endosulfan and chlorpyrifos. Of the pesticides tested against the Tox21 assays, 79 % showed activity on ≥ 1 assay and 11 were toxic to the two human cell lines. The set of PD-associated pesticides showed more activity than expected on assays testing for xenobiotic homeostasis, mitochondrial membrane permeability, and genotoxic stress.",Epidemiology meets toxicogenomics: Mining toxicologic evidence in support of an untargeted analysis of pesticides exposure and Parkinson's disease.,<Element 'PubmedArticle' at 0x777b007c39c0>,,,,,,
"Although the international community collectively seeks to reduce global temperature rise to less than 1.5°C before 2100, irreversible environmental changes have already occurred, and as the planet warms, these changes will continue to occur. As we witness the effects of a warming planet on human health, it is imperative that neurologists anticipate how the epidemiology and incidence of neurologic disease may change. In this review, we organized our analysis around 3 key themes related to climate change and neurologic health: extreme weather events and temperature fluctuations, emerging neuroinfectious diseases, and pollutant impacts. Across each of these themes, we appraised and reviewed recent literature relevant to neurologic disease and practice.
Studies were identified using search terms relating to climate change, pollutants, and neurologic disease in PubMed, OVID MEDLINE, EMBASE, PsycInfo, and gray literature. Studies published between 1990 and 2022 were included if they pertained to human incidence or prevalence of disease, were in English, and were relevant to neurologic disease.
We identified a total of 364 articles, grouped into the 3 key themes of our study: extreme weather events and temperature fluctuations (38 studies), emerging neuroinfectious diseases (37 studies), and pollutant impacts (289 studies). The included studies highlighted the relationships between neurologic symptom exacerbation and temperature variability, tick-borne infections and warming climates, and airborne pollutants and cerebrovascular disease incidence and severity.
Temperature extremes and variability both associated with stroke incidence and severity, migraine headaches, hospitalization in patients with dementia, and multiple sclerosis exacerbations. Exposure to airborne pollutants, especially PM2.5 and nitrates, associated with stroke incidence and severity, headaches, dementia risk, Parkinson disease, and MS exacerbation. Climate change has demonstrably expanded favorable conditions for zoonotic diseases beyond traditional borders and poses the risk of disease in new, susceptible populations. Articles were biased toward resource-rich regions, suggesting a discordance between where research occurs and where changes are most acute. As such, 3 key priorities emerged for further study: neuroinfectious disease risk mitigation, understanding the pathophysiology of airborne pollutants on the nervous system, and methods to improve delivery of neurologic care in the face of climate-related disruptions.","[{'affiliation': 'From the Lerner College of Medicine (S.L.), Cleveland Clinic, OH; and Neurological Institute (A.K.C., A.S., J.R., M.M., D.O., A.D.), Cleveland Clinic, OH.', 'firstname': 'Shreya', 'initials': 'S', 'lastname': 'Louis'}, {'affiliation': 'From the Lerner College of Medicine (S.L.), Cleveland Clinic, OH; and Neurological Institute (A.K.C., A.S., J.R., M.M., D.O., A.D.), Cleveland Clinic, OH.', 'firstname': 'Alise K', 'initials': 'AK', 'lastname': 'Carlson'}, {'affiliation': 'From the Lerner College of Medicine (S.L.), Cleveland Clinic, OH; and Neurological Institute (A.K.C., A.S., J.R., M.M., D.O., A.D.), Cleveland Clinic, OH.', 'firstname': 'Abhilash', 'initials': 'A', 'lastname': 'Suresh'}, {'affiliation': 'From the Lerner College of Medicine (S.L.), Cleveland Clinic, OH; and Neurological Institute (A.K.C., A.S., J.R., M.M., D.O., A.D.), Cleveland Clinic, OH.', 'firstname': 'Joshua', 'initials': 'J', 'lastname': 'Rim'}, {'affiliation': 'From the Lerner College of Medicine (S.L.), Cleveland Clinic, OH; and Neurological Institute (A.K.C., A.S., J.R., M.M., D.O., A.D.), Cleveland Clinic, OH.', 'firstname': 'MaryAnn', 'initials': 'M', 'lastname': 'Mays'}, {'affiliation': 'From the Lerner College of Medicine (S.L.), Cleveland Clinic, OH; and Neurological Institute (A.K.C., A.S., J.R., M.M., D.O., A.D.), Cleveland Clinic, OH.', 'firstname': 'Daniel', 'initials': 'D', 'lastname': 'Ontaneda'}, {'affiliation': 'From the Lerner College of Medicine (S.L.), Cleveland Clinic, OH; and Neurological Institute (A.K.C., A.S., J.R., M.M., D.O., A.D.), Cleveland Clinic, OH. adhawan@qmed.ca.', 'firstname': 'Andrew', 'initials': 'A', 'lastname': 'Dhawan'}]",,© 2023 American Academy of Neurology.,"10.1212/WNL.0000000000201630
10.1503/cmaj.130087
10.1056/nejme2113200
10.3402/gha.v2i0.2104
10.1016/s0140-6736(15)60854-6
10.1016/s0140-6736(17)32464-9
10.1016/s2542-5196(20)30081-4
10.1007/s11524-011-9607-0
10.1002/wcc.696
10.3390/ijerph17155344
10.1183/09031936.00074712
10.1016/s0140-6736(02)11274-8
10.1177/1352458517726866
10.1016/j.neuro.2011.12.001
10.1111/dmcn.14758
10.1016/S1474-4422(18)30499-X
10.1007/s00484-004-0207-5
10.1016/j.scitotenv.2018.07.080
10.1272/jnms.82.281
10.1016/j.neurol.2019.03.002
10.1161/strokeaha.114.007950
10.1007/s12012-016-9395-6
10.1136/heartjnl-2017-311821
10.1016/j.envres.2019.03.065
10.1136/bmjopen-2019-033571
10.1016/j.puhe.2014.06.008
10.1161/strokeaha.117.020042
10.1016/j.atherosclerosis.2020.08.035
10.1159/000515162
10.3233/jad-201388
10.1192/bjp.bp.111.100404
10.1016/j.scitotenv.2017.03.089
10.1177/0333102415570300
10.1212/01.wnl.0000344152.56020.94
10.1016/s0028-3843(14)60123-7
10.1111/epi.13776
10.1016/j.yebeh.2020.107487
10.1016/j.scitotenv.2020.137565
10.1371/journal.pmed.1003580
10.2298/vsp140121030v
10.1111/j.1600-0404.2010.01407.x
10.4415/ANN_16_03_11
10.1016/s1433-1128(04)80005-6
10.1111/ijd.13438
10.1016/s0140-6736(08)60800-4
10.1093/trstmh/trw012
10.1098/rsif.2012.0814
10.3201/eid0910.030182
10.3389/fcimb.2018.00090
10.1371/journal.pone.0000500
10.1002/rmv.566
10.1111/gcb.12534
10.1073/pnas.1307135110
10.1098/rspb.2016.2078",Neurology,[],,2022-11-18,"36384657
23382259
34491006
20052423
26111439
29096948
32353287
21861210
32722291
23314896
12401268
28805546
22178536
33300118
30879893
15138867
30743869
26823031
31030900
25669311
27990617
29101264
30953949
33444167
25132390
29523649
32980563
33882496
33459654
22661680
28342386
25653308
19273827
22212986
28480567
33323341
32145628
33901187
26043590
20636448
27698298
15146981
27696381
18514730
26956778
23221989
14609465
29623261
17551580
18183571
24574161
24019459
28179512","We identified a total of 364 articles, grouped into the 3 key themes of our study: extreme weather events and temperature fluctuations (38 studies), emerging neuroinfectious diseases (37 studies), and pollutant impacts (289 studies). The included studies highlighted the relationships between neurologic symptom exacerbation and temperature variability, tick-borne infections and warming climates, and airborne pollutants and cerebrovascular disease incidence and severity.","Impacts of Climate Change and Air Pollution on Neurologic Health, Disease, and Practice: A Scoping Review.",<Element 'PubmedArticle' at 0x777b005decf0>,,,,,,
"The prevalence of smell loss in Parkinson’s Disease (PD) patients greatly exceeds that of the characteristic motor symptoms defining the disease by several years. One hypothesis of the cause of PD states that it is initiated in the olfactory bulb — the critical first central processing stage of the olfactory system — and that the olfactory nerve might serve as an entry point to the OB for pathogens or environmental components. But what if there was no OB to start with? Recent data demonstrate that cortical, but not peripheral, blindness acts as a protective factor against schizophrenia and other psychotic disorders. We hypothesize that individuals with the rare diagnose Isolated Congential Anosmia (ICA) are immune to PD given that they are born without OBs. If true, it would strongly support the theory that PD might start in the bulb. However, if one could identify even one single PD patient with an established ICA diagnosis with non-existing OBs, a so-called black swan, this would effectively falsify the hypothesis. In this commentary, we model the likely occurrence of such potential comorbidity and we postulate that it is possible to find this black swan; a finding that would falsify a salient hypothesis within the PD research community.","[{'affiliation': 'Department of Clinical Neuroscience, Karolinska Institutet, Stockholm, Sweden. artin.arshamian@ki.se.', 'firstname': 'Artin', 'initials': 'A', 'lastname': 'Arshamian'}, {'affiliation': 'Department of Clinical Neuroscience, Karolinska Institutet, Stockholm, Sweden.\nDepartment of Neurology and Neurological Science, Stanford University, Stanford, USA.', 'firstname': 'Behzad', 'initials': 'B', 'lastname': 'Iravani'}, {'affiliation': 'Department of Clinical Neuroscience, Karolinska Institutet, Stockholm, Sweden. johan.lundstrom@ki.se.\nMonell Chemical Senses Center, Philadelphia, PA, USA. johan.lundstrom@ki.se.', 'firstname': 'Johan N', 'initials': 'JN', 'lastname': 'Lundström'}]",,,"10.1038/s41531-022-00425-5
10.1016/j.scog.2015.03.004
10.1016/j.schres.2018.06.061
10.1016/j.parkreldis.2008.12.005
10.1016/j.nbd.2011.10.026
10.1002/mds.20389
10.1016/S0197-4580(02)00065-9
10.1016/j.nbd.2016.12.013
10.1016/S0378-4274(97)03885-X
10.1016/j.neuroimage.2020.117005
10.1093/chemse/27.7.623
10.1038/s41531-018-0058-0
10.1038/s41598-017-02947-y
10.1111/j.1600-0404.1995.tb06998.x",NPJ Parkinson's disease,[],,2022-11-11,"36357427
26345525
30539775
19138875
22192366
15719425
12498954
28011307
9175852
33941622
11827889
32485304
12200342
30003140
28572688
7625148",,Is congenital anosmia protective for Parkinson's disease triggered by pathogenic entrance through the nose?,<Element 'PubmedArticle' at 0x777b005fd2b0>,,,,,,
"Since the 1960s, levodopa (LDA) has been the standard drug for treating of Parkinson's disease. In this study, a novel benzothiadiazole-based conjugated microporous polymer-coated graphene heterostructure (CMP-rGO) was synthesized and used to construct a sensitive photoelectrochemical (PEC) sensor capable of detecting LDA. Under optimal experimental conditions, the intensity of the photocurrent produced by the sensor was linear from 0.005 to 40 μM, and the limit of detection of the sensor was 0.0027 μM. The sensor showed good repeatability, stability, and selectivity for LDA detection. Finally, the constructed sensor was used to detect LDA in levodopa tablets, human serum samples, and urine samples and satisfactory results were obtained. Therefore, the PEC sensor provides a novel platform for the detection of LDA in real samples and broadens the applications of conjugated microporous polymers in PEC sensing.","[{'affiliation': 'College of Chemical and Biological Engineering, Guangxi Normal University for Nationalities, Chongzuo532200, China.\nPhotochemical Sensing and Regional Environmental Analysis Laboratory, Guangxi Normal University for Nationalities, Chongzuo532200, China.', 'firstname': 'Gang', 'initials': 'G', 'lastname': 'Xiang'}, {'affiliation': 'School of Pharmacy, Henan University of Traditional Chinese Medicine, Zhengzhou450046, China.', 'firstname': 'Xiansen', 'initials': 'X', 'lastname': 'He'}, {'affiliation': 'College of Mathematics, Physics and Electronic Information Engineering, Guangxi Normal University for Nationalities, Chongzuo532200, China.', 'firstname': 'Yuxia', 'initials': 'Y', 'lastname': 'Liu'}, {'affiliation': 'College of Chemical and Biological Engineering, Guangxi Normal University for Nationalities, Chongzuo532200, China.\nPhotochemical Sensing and Regional Environmental Analysis Laboratory, Guangxi Normal University for Nationalities, Chongzuo532200, China.', 'firstname': 'Qing', 'initials': 'Q', 'lastname': 'Huang'}, {'affiliation': 'College of Chemical and Biological Engineering, Guangxi Normal University for Nationalities, Chongzuo532200, China.\nPhotochemical Sensing and Regional Environmental Analysis Laboratory, Guangxi Normal University for Nationalities, Chongzuo532200, China.', 'firstname': 'Wei', 'initials': 'W', 'lastname': 'Huang'}, {'affiliation': 'College of Chemical and Biological Engineering, Guangxi Normal University for Nationalities, Chongzuo532200, China.\nPhotochemical Sensing and Regional Environmental Analysis Laboratory, Guangxi Normal University for Nationalities, Chongzuo532200, China.', 'firstname': 'Cuizhong', 'initials': 'C', 'lastname': 'Zhang'}, {'affiliation': 'College of Chemical and Biological Engineering, Guangxi Normal University for Nationalities, Chongzuo532200, China.\nPhotochemical Sensing and Regional Environmental Analysis Laboratory, Guangxi Normal University for Nationalities, Chongzuo532200, China.', 'firstname': 'Jinyun', 'initials': 'J', 'lastname': 'Peng'}]",,,10.1021/acsami.2c15516,ACS applied materials & interfaces,"['conjugated microporous polymer', 'graphene', 'heterostructures', 'levodopa', 'photoelectrochemical sensor']",,2022-11-04,36326124,,A Sensitive Photoelectrochemical Sensor for Levodopa Detection Using Benzothiadiazole-Based Conjugated Microporous Polymer-Coated Graphene Heterostructures.,<Element 'PubmedArticle' at 0x777b00601b20>,,,,,,
"Alterations in dopaminergic transmission are associated with neurological disorders, such as depression, autism, and Parkinson's disease. Exposure of rats to ambient fine (FP) or ultrafine (UFP) particles induces oxidative and inflammatory responses in the striatum, a neuronal nucleus with dense dopaminergic innervation and critically involved in the control of motor activity.","[{'affiliation': 'Departamento de Fisiología, Biofísica y Neurociencias, Centro de Investigación y de Estudios Avanzados del IPN, Ciudad de México, México.', 'firstname': 'María-de-Los-Angeles', 'initials': 'MD', 'lastname': 'Andrade-Oliva'}, {'affiliation': 'Departamento de Investigación de Toxicología y Medicina Ambiental, Instituto Nacional de Enfermedades Respiratorias Ismael Cosío Villegas, Ciudad de México, Mexico.', 'firstname': 'Yazmín', 'initials': 'Y', 'lastname': 'Debray-García'}, {'affiliation': 'Departamento de Fisiología, Biofísica y Neurociencias, Centro de Investigación y de Estudios Avanzados del IPN, Ciudad de México, México.', 'firstname': 'Guadalupe-Elide', 'initials': 'GE', 'lastname': 'Morales-Figueroa'}, {'affiliation': 'Departamento de Fisiología, Biofísica y Neurociencias, Centro de Investigación y de Estudios Avanzados del IPN, Ciudad de México, México.', 'firstname': 'Juan', 'initials': 'J', 'lastname': 'Escamilla-Sánchez'}, {'affiliation': 'Instituto de Ciencias de la Atmósfera y Cambio Climático, Universidad Nacional Autónoma de México, Ciudad Universitaria, Ciudad de México, Mexico.', 'firstname': 'Omar', 'initials': 'O', 'lastname': 'Amador-Muñoz'}, {'affiliation': 'Instituto Nacional de Investigaciones Nucleares, Ocoyoacac, Estado de México, México.', 'firstname': 'Raúl V', 'initials': 'RV', 'lastname': 'Díaz-Godoy'}, {'affiliation': 'Department of Environmental and Occupational Health, University of California, Irvine, Irvine, CA, USA.', 'firstname': 'Michael', 'initials': 'M', 'lastname': 'Kleinman'}, {'affiliation': 'Departamento de Fisiología, Biofísica y Neurociencias, Centro de Investigación y de Estudios Avanzados del IPN, Ciudad de México, México.', 'firstname': 'Benjamín', 'initials': 'B', 'lastname': 'Florán'}, {'affiliation': 'Departamento de Fisiología, Biofísica y Neurociencias, Centro de Investigación y de Estudios Avanzados del IPN, Ciudad de México, México.', 'firstname': 'José-Antonio', 'initials': 'JA', 'lastname': 'Arias-Montaño'}, {'affiliation': 'Departamento de Toxicología, Centro de Investigación y de Estudios Avanzados del IPN, Ciudad de México, Mexico.', 'firstname': 'Andrea', 'initials': 'A', 'lastname': 'De Vizcaya-Ruiz'}]",,,10.1080/08958378.2022.2140228,Inhalation toxicology,"['D2 receptor', 'Fine particles', 'air pollution', 'dopamine', 'motor activity', 'striatum', 'ultrafine particles']",,2022-11-04,36325922,,Effect of subchronic exposure to ambient fine and ultrafine particles on rat motor activity and ,<Element 'PubmedArticle' at 0x777b006091c0>,,,,,,
"Ambient air pollution is a pervasive and ubiquitous hazard, which has been linked to premature morbidity and a growing number of morbidity endpoints. Air pollution may be linked to neurodegeneration, and via this or other pathways, to neurodegenerative diseases. Emerging evidence suggests that air pollution may contribute to neurodegenerative diseases such as dementia, Parkinson's Disease (PD), Multiple Sclerosis (MS) and Motor Neuron Diseases (MND), although this evidence remains inconsistent and very limited for MS and MND. In addition, this evidence base is rapidly emerging and would benefit from a wide and critical synthesis, including a better understanding of heterogeneity.
In this paper, we present a protocol for a systematic review and meta-analysis and specify our methods a priori. The main aim of the planned systematic review is to answer the question of whether long-term exposure (>1 year) to ambient (outdoor) air pollution (exposure, compared to lower exposure) increases the risk of adult (population) incidence of neurodegenerative diseases (outcomes) in epidemiological observational studies (study design). Another aim is to meta-analyze the associations between long-term exposure to ambient air pollutants and the risk of the selected outcomes and assess the shape of exposure-response functions. To set the stage for the proposed work, we also overview the existing epidemiological evidence in this protocol, but do not critically evaluate it, as these results will be fully presented in the planned systematic review.
We will search the electronic databases Medline (via Ovid), Embase (via Ovid), Cochrane Library, Cinahl (via Ebscohost), Global Health (via Ebscohost), PsycINFO (via Ebscohost), Scopus, Web of Science (Core Collection), from inception to October 2022. Eligible studies must contain primary research investigating the link between 1-year + exposure to any outdoor air pollutant, from any source, and dementia, PD, MS, and MND, or dementia subtypes: Alzheimer's Disease, vascular dementia, and mixed dementia. The search strategy and eligibility criteria are pre-determined and described in full in this protocol.
Articles will be stored and screened using Rayyan QCRI. Title and abstract screening, full text review, data extraction, risk of bias assessment and data preparation for statistical analysis will be conducted independently by two reviewers using pre-defined forms and criteria, described in this protocol. All these steps will also be piloted and the forms and/or methods adapted if issues arise. Meta-analysis and assessment of the shape of the exposure-response functions will be conducted if four independent exposure-outcomes pairs are available, and the remainder of results will be synthesized in the forms of tables and via a narrative summary. Certainty in the body of evidence will be assessed using the OHAT approach. This protocol describes the planned analysis and synthesis a priori and serves to increase transparency and impact of this systematic review and meta-analysis.","[{'affiliation': 'MRC Epidemiology Unit, University of Cambridge School of Clinical Medicine, Cambridge CB2 0SL, United Kingdom. Electronic address: hrk38@medschl.cam.ac.uk.', 'firstname': 'Haneen', 'initials': 'H', 'lastname': 'Khreis'}, {'affiliation': 'University of Cambridge School of Clinical Medicine, Cambridge CB2 0SL, United Kingdom.', 'firstname': 'Christiaan', 'initials': 'C', 'lastname': 'Bredell'}, {'affiliation': 'University of Cambridge School of Clinical Medicine, Cambridge CB2 0SL, United Kingdom.', 'firstname': 'Kwan', 'initials': 'K', 'lastname': 'Wai Fung'}, {'affiliation': 'University of Cambridge School of Clinical Medicine, Cambridge CB2 0SL, United Kingdom.', 'firstname': 'Lucy', 'initials': 'L', 'lastname': 'Hong'}, {'affiliation': 'University of Cambridge School of Clinical Medicine, Cambridge CB2 0SL, United Kingdom.', 'firstname': 'Magdalena', 'initials': 'M', 'lastname': 'Szybka'}, {'affiliation': 'University of Cambridge Medical Library, University of Cambridge School of Clinical Medicine, Hills Rd, Cambridge CB2 0SP, United Kingdom.', 'firstname': 'Veronica', 'initials': 'V', 'lastname': 'Phillips'}, {'affiliation': 'MRC Epidemiology Unit, University of Cambridge School of Clinical Medicine, Cambridge CB2 0SL, United Kingdom.', 'firstname': 'Ali', 'initials': 'A', 'lastname': 'Abbas'}, {'affiliation': 'Section of Environmental and Health, Department of Public Health, University of Copenhagen, Øster Farimagsgade 5, 15 Øster Farimagsgade 5, 1014 Copenhagen, Denmark.', 'firstname': 'Youn-Hee', 'initials': 'YH', 'lastname': 'Lim'}, {'affiliation': 'Section of Environmental and Health, Department of Public Health, University of Copenhagen, Øster Farimagsgade 5, 15 Øster Farimagsgade 5, 1014 Copenhagen, Denmark.', 'firstname': 'Zorana', 'initials': 'Z', 'lastname': 'Jovanovic Andersen'}, {'affiliation': 'MRC Epidemiology Unit, University of Cambridge School of Clinical Medicine, Cambridge CB2 0SL, United Kingdom.', 'firstname': 'James', 'initials': 'J', 'lastname': 'Woodcock'}, {'affiliation': 'Cambridge Public Health, University of Cambridge, Cambridge CB2 0SR, United Kingdom.', 'firstname': 'Carol', 'initials': 'C', 'lastname': 'Brayne'}]",,Copyright © 2022 The Author(s). Published by Elsevier Ltd.. All rights reserved.,10.1016/j.envint.2022.107596,Environment international,"['Air pollution', 'Alzheimer’s disease', 'Dementia', 'Motor neuron disease', 'Multiple sclerosis', 'Neurodegenerative', 'Parkinson’s disease', 'Protocol']",,2022-10-30,36308811,,Impact of long-term air pollution exposure on incidence of neurodegenerative diseases: A protocol for a systematic review and exposure-response meta-analysis.,<Element 'PubmedArticle' at 0x777b00611620>,,,,,,
"Parkinson's disease (PD) is a progressive neurodegenerative disorder, and its global incidence is on the rise. There is increasing interest in understanding the role of air pollution in the development of human disease. Although the precise mechanisms are not understood, several epidemiological studies have reported a positive association between air pollution and the risk of PD. However, the various pollutants studied, endpoints measured, and differences in study design yield conflicting results. This review summarizes recent evidence regarding the relationship between particulate matter, ozone, nitrogen dioxide, sulfur dioxide, and carbon monoxide and PD. Limitations and challenges are also discussed, with suggestions for future work to understand the true effects of air pollution on PD.","[{'affiliation': 'Department of Neurology, National Center Hospital, National Center of Neurology and Psychiatry, Kodaira, Tokyo, Japan.', 'firstname': 'Yuji', 'initials': 'Y', 'lastname': 'Saitoh'}, {'affiliation': 'Department of Neurology, National Center Hospital, National Center of Neurology and Psychiatry, Kodaira, Tokyo, Japan.', 'firstname': 'Hidehiro', 'initials': 'H', 'lastname': 'Mizusawa'}]",,Copyright: © 2022 Annals of Indian Academy of Neurology.,10.4103/aian.aian_62_22,Annals of Indian Academy of Neurology,"['Air pollutant', ""Parkinson's disease"", 'air pollution', 'environmental factor']",,2022-10-11,"36213098
31409572
29131880
30879893
33848468
23575443
33887274
33476876
33065503
34181919
33010415
34242242
31964412
33091388
31776122
30124852
28300224
28809934
33999109
31786292
31103844
28886605
34385046
31770719
30606679
30577116
31894453
30391837
24792855
29379952
19297574
26474317
32788245
31706021
24050700",,Current Evidence for the Association between Air Pollution and Parkinson's Disease.,<Element 'PubmedArticle' at 0x777b006214e0>,,,,,,
"Autophagy is an important cellular process, involving the transportation of cytoplasmic contents in the double membrane vesicles to lysosomes for degradation. Autophagy disorder contributes to many diseases, such as immune dysfunction, cancers and nervous system diseases. Hydrogen sulfide (H","[{'affiliation': 'Institute of Chronic Disease Risks Assessment, Henan University, Jinming Avenue, Kaifeng 475004, China.', 'firstname': 'Huijie', 'initials': 'H', 'lastname': 'Zhao'}, {'affiliation': 'School of Basic Medical Sciences, Henan University, Kaifeng 475004, China.', 'firstname': 'Yihan', 'initials': 'Y', 'lastname': 'Yang'}, {'affiliation': 'School of Basic Medical Sciences, Henan University, Kaifeng 475004, China.', 'firstname': 'Huiyang', 'initials': 'H', 'lastname': 'Liu'}, {'affiliation': 'School of Basic Medical Sciences, Henan University, Kaifeng 475004, China.', 'firstname': 'Honggang', 'initials': 'H', 'lastname': 'Wang'}]",,,"10.3390/metabo12090879
10.15252/embj.2021108863
10.1016/j.bcp.2018.02.007
10.1177/1753466619890538
10.1016/j.biopha.2018.05.007
10.1016/j.ceb.2019.08.003
10.1002/cbic.202000661
10.3390/cells10061477
10.1111/jipb.13022
10.3389/fendo.2021.704620
10.2174/1573403X16666201014142446
10.1016/j.molimm.2021.12.003
10.1016/j.exer.2018.01.004
10.1186/s13046-021-02067-6
10.3390/ijms23116208
10.1155/2018/7687083
10.1097/CAD.0000000000000572
10.3389/fpls.2020.00565
10.1002/cbin.11137
10.3390/ijms23074035
10.3389/fcell.2021.634118
10.3390/ijms22168773
10.3389/fcell.2021.657478
10.3390/ijms22126181
10.3390/ijms22136715
10.3390/biom12071010
10.1186/s12929-019-0569-y
10.33549/physiolres.933996
10.1016/j.jhep.2019.01.026
10.1042/BCJ20210450
10.1016/j.plaphy.2020.11.045
10.1111/bph.14699
10.3390/biom10020323
10.1093/jxb/erz225
10.1016/j.ejmech.2020.112665
10.1016/j.arr.2021.101262
10.3390/ijms23137170
10.3389/fmolb.2021.681676
10.3389/fcell.2021.646723
10.1016/j.niox.2020.07.002
10.1007/s00415-019-09541-4
10.2174/1871527317666180627120501
10.1139/bcb-2016-0160
10.1021/acschemneuro.0c00517
10.1089/neu.2016.4871
10.1371/journal.pone.0087241
10.1007/s11064-020-03141-9
10.1074/jbc.M700492200
10.1080/15548627.2021.1888244
10.1016/j.neuint.2021.105192
10.3390/ijms222312881
10.1089/neu.2021.0466
10.1016/j.cbi.2018.02.028
10.1136/gutjnl-2017-313778
10.1152/ajpcell.00014.2020
10.1007/s10571-016-0369-9
10.1016/j.apsb.2020.10.018
10.1080/15548627.2020.1802089
10.1016/j.jss.2021.06.055
10.1111/ner.13113
10.1080/10790268.2019.1600837
10.1007/s11064-019-02893-3
10.1155/2020/3549704
10.1186/s12929-015-0135-1
10.1016/j.bbrc.2012.12.083
10.1016/j.yexcr.2011.08.020
10.1016/j.clp.2018.01.015
10.3390/ijms18020265
10.1021/cn500185g
10.3389/fphar.2020.00702
10.1016/j.bbi.2018.05.007
10.1242/bio.043653
10.1016/j.bbrc.2018.11.081
10.1080/15548627.2015.1017192
10.1152/ajpheart.00607.2020
10.1016/j.smrv.2017.03.005
10.1007/s12035-021-02446-2
10.3389/fncel.2020.00210
10.1007/s11064-021-03314-0
10.3389/fnins.2020.00169
10.3389/fpsyg.2019.00053
10.31887/DCNS.2018.20.1/nsartorius
10.1016/j.jocn.2017.09.022
10.1016/j.jpsychires.2020.07.045
10.1007/s40200-021-00750-1
10.1111/1440-1681.13201
10.1016/j.brainres.2016.12.018
10.1111/jnc.15516
10.31128/AJGP-07-21-6087
10.1007/s12640-021-00411-4
10.1155/2021/9926445
10.1126/scitranslmed.aah4066
10.1111/1440-1681.13587
10.1172/jci.insight.138088
10.1038/s41380-021-01284-x
10.1080/19768354.2019.1651766
10.1007/s11010-019-03519-6",Metabolites,"['Parkinson’s disease', 'autophagy', 'cognitive impairment', 'diabetes depression', 'hydrogen sulfide', 'traumatic brain injury']",,2022-09-24,"36144282
34459017
29438677
31771432
29800913
31480011
33080111
34204699
33058490
34335475
33059566
34952420
29326065
34429143
35682887
29682164
29099416
32547570
30958602
35409395
33796528
34445481
34079796
34201121
34201520
35883566
31630678
30904008
30711404
35029627
33272793
31051046
32085474
31087094
32795766
33516916
35806174
34055892
33816495
32682981
31563989
29952272
29370536
33170612
29108471
24466346
33063244
17337444
33570005
22399430
34560175
34884686
35102762
29567101
28877979
32813542
27038311
34386317
32722981
34399353
32114698
30977715
31630316
32774670
26149869
23274497
21925170
29747893
28134843
25230373
32477150
29751053
31315822
30448177
25951043
33064569
28760549
34278533
32754015
33914232
32218719
30733697
29946211
29066229
32891918
34178842
31660632
30531012
28017669
34532856
34713282
34495449
34221005
30381407
34494284
34494552
34489530
31700697
31173274
30877511",,The Role of Hydrogen Sulfide Targeting Autophagy in the Pathological Processes of the Nervous System.,<Element 'PubmedArticle' at 0x777b0062b2e0>,,,,,,
"Lead (Pb), an environmental neurotoxicant, is known to induce cognitive impairment. Neuroinflammation and oxidative stress in the brain tissue are common pathogenetic links to Pb-induced cognitive impairment. There are no existing biomarkers to evaluate Pb-reduced cognition. Plasma metabolites are the readout of the biological functions of the host, making it a potential biomarker for assessing heavy metal-induced cognitive impairment.
The present report aims to identify the plasma metabolite changes under conditions of high plasma Pb levels and low cognition.
We conducted a comparative plasma metabolomic analysis on two groups of adults those with low plasma Pb level and high cognition vs. those with high plasma Pb level and low cognition and identified 20 dysregulated metabolites. In addition, we found a significant reduction in docosahexaenoic acid, glycoursodeoxycholic acid, and arachidonic acid, and significant induction of p-cresol sulfate and phenylacetyl-l-glutamine. Gene Ontology enrichment analysis highlighted the importance of these plasma metabolites in brain functions and neurodegenerative diseases such as Parkinson's disease.
The findings of this report provide novel insights into the use of plasma metabolites to assess metal-induced cognitive impairment.","[{'affiliation': 'Key Laboratory of Environmental Pollution and Integrative Omics, Guilin Medical University, Education Department of Guangxi Zhuang Autonomous Region, Guilin, China.', 'firstname': 'Yuqin', 'initials': 'Y', 'lastname': 'Wang'}, {'affiliation': ""Department of Neurology (Area Two), Guigang City People's Hospital, The Eighth Affiliated Hospital of Guangxi Medical University, Guigang, China."", 'firstname': 'Yuan', 'initials': 'Y', 'lastname': 'Nong'}, {'affiliation': 'Key Laboratory of Environmental Pollution and Integrative Omics, Guilin Medical University, Education Department of Guangxi Zhuang Autonomous Region, Guilin, China.', 'firstname': 'Xing', 'initials': 'X', 'lastname': 'Zhang'}, {'affiliation': 'Department of Environmental Health and Occupational Medicine, School of Public Health, Guilin Medical University, Guilin, 541004, Guangxi, China.', 'firstname': 'Tingyu', 'initials': 'T', 'lastname': 'Mai'}, {'affiliation': 'Guangxi Key Laboratory of Tumor Immunology and Microenvironmental Regulation, Guilin Medical University, Guilin, China.', 'firstname': 'Jiansheng', 'initials': 'J', 'lastname': 'Cai'}, {'affiliation': 'Key Laboratory of Environmental Pollution and Integrative Omics, Guilin Medical University, Education Department of Guangxi Zhuang Autonomous Region, Guilin, China. Electronic address: liujiaqi@glmu.edu.cn.', 'firstname': 'Jiaqi', 'initials': 'J', 'lastname': 'Liu'}, {'affiliation': 'Key Laboratory of Environmental Pollution and Integrative Omics, Guilin Medical University, Education Department of Guangxi Zhuang Autonomous Region, Guilin, China. Electronic address: glmu_kengplai@yeah.net.', 'firstname': 'Keng Po', 'initials': 'KP', 'lastname': 'Lai'}, {'affiliation': 'Guilin Medical University, Guilin, China. Electronic address: glmcrapzz@163.com.', 'firstname': 'Zhiyong', 'initials': 'Z', 'lastname': 'Zhang'}]",,Copyright © 2022 Elsevier B.V. All rights reserved.,10.1016/j.cbi.2022.110143,Chemico-biological interactions,"['Brain', 'Cognitive impairment', 'Lead', 'Metabolites', 'Metabolome']",,2022-09-06,36063854,"We conducted a comparative plasma metabolomic analysis on two groups of adults those with low plasma Pb level and high cognition vs. those with high plasma Pb level and low cognition and identified 20 dysregulated metabolites. In addition, we found a significant reduction in docosahexaenoic acid, glycoursodeoxycholic acid, and arachidonic acid, and significant induction of p-cresol sulfate and phenylacetyl-l-glutamine. Gene Ontology enrichment analysis highlighted the importance of these plasma metabolites in brain functions and neurodegenerative diseases such as Parkinson's disease.",Comparative plasma metabolomic analysis to identify biomarkers for lead-induced cognitive impairment.,<Element 'PubmedArticle' at 0x777b0066bb50>,,,,,,
"Parkinson's disease (PD) is a neurodegenerative disorder with a complex etiology and increasing prevalence worldwide. As PD is influenced by a combination of genetic and environment/lifestyle factors in approximately 90% of cases, there is increasing interest in identification of the interindividual mechanisms underlying the development of PD as well as actionable lifestyle factors that can influence risk. This narrative review presents an outline of the genetic and environmental factors contributing to PD risk and explores the possible roles of cytosine methylation and hydroxymethylation in the etiology and/or as early-stage biomarkers of PD, with an emphasis on epigenome-wide association studies (EWAS) of PD conducted over the past decade. Specifically, we focused on variants in the ","[{'affiliation': ""Edwin S. H. Leong Healthy Aging Program, Faculty of Medicine, University of British Columbia, Vancouver, BC, Canada.\nDepartment of Medical Genetics, British Columbia Children's Hospital Research Institute, University of British Columbia, Vancouver, BC, Canada."", 'firstname': 'Samantha L', 'initials': 'SL', 'lastname': 'Schaffner'}, {'affiliation': ""Edwin S. H. Leong Healthy Aging Program, Faculty of Medicine, University of British Columbia, Vancouver, BC, Canada.\nDepartment of Medical Genetics, British Columbia Children's Hospital Research Institute, University of British Columbia, Vancouver, BC, Canada."", 'firstname': 'Michael S', 'initials': 'MS', 'lastname': 'Kobor'}]",,Copyright © 2022 Schaffner and Kobor.,"10.3389/fgene.2022.971298
10.1152/japplphysiol.00068.2010
10.1038/s41598-020-61671-2
10.3390/brainsci12020175
10.1016/S1474-4422(16)30230-7
10.1371/journal.pgen.1004663
10.1136/bmj.301.6761.1111
10.1016/j.cmet.2012.01.001
10.1038/81834
10.2217/epi.09.14
10.1038/nature05913
10.1016/j.ajpath.2015.10.004
10.1016/s1474-4422(19)30287-x
10.1038/nprot.2013.115
10.1002/ctm2.692
10.1038/s41586-019-1411-0
10.3389/fphar.2019.00126
10.1038/ng.3955
10.1186/s12864-017-4098-3
10.3233/JPD-181493
10.1212/01.WNL.0000151960.28687.93
10.1186/s13059-019-1702-7
10.1093/hmg/10.26.3101
10.1186/s13073-017-0466-5
10.1100/2012/489830
10.1152/physrev.00022.2010
10.3389/fnagi.2020.00186
10.1038/nature10983
10.1203/pdr.0b013e318045764c
10.1038/s41467-019-10461-0
10.1002/0471142727.mb0709s91
10.1016/j.isci.2020.100910
10.1016/j.neurobiolaging.2015.08.028
10.1101/gad.2037511
10.1038/mp.2016.242
10.1126/scitranslmed.aau2291
10.1074/jbc.C110.212589
10.1186/s12920-016-0164-y
10.1016/j.neubiorev.2019.06.018
10.1038/tp.2017.171
10.1002/ana.21717
10.1002/ana.20051
10.1016/j.exger.2012.11.011
10.4103/1735-1995.181989
10.1038/nmeth.1906
10.1002/ana.24335
10.3389/fnmol.2021.664912
10.1002/ana.410430320
10.1038/nature05919
10.15252/emmm.201505439
10.1186/s13148-019-0701-6
10.1016/j.apmr.2008.01.013
10.1016/j.neurobiolaging.2006.06.013
10.1016/j.ijheh.2020.113569
10.1007/s12031-016-0750-7
10.1007/s13668-019-0266-1
10.1186/s13059-016-0926-z
10.1371/journal.pgen.1002228
10.1038/ng.534
10.1186/s12868-020-00582-4
10.1002/ana.25441
10.1111/j.1460-9568.2010.07508.x
10.1038/nprot.2010.190
10.4161/epi.23924
10.1038/nn.3607
10.1093/eep/dvw016
10.1038/s41467-021-24425-w
10.3389/fgene.2021.640266
10.1080/15592294.2019.1588682
10.1093/ilar.53.3-4.289
10.1002/path.4326
10.1038/s41576-018-0004-3
10.1186/s13059-018-1601-3
10.1016/j.parkreldis.2020.03.017
10.1371/journal.pgen.1002142
10.1002/ajmg.a.20405
10.1016/j.ygeno.2014.08.019
10.1038/ng.298
10.1186/s13072-018-0245-6
10.3389/fcell.2018.00045
10.1523/JNEUROSCI.5634-10.2011
10.1006/jmbi.2001.5269
10.1111/acel.12349
10.1038/nrg3230
10.1523/JNEUROSCI.6119-09.2010
10.1016/j.neuron.2013.08.032
10.1016/j.ymthe.2018.08.019
10.1186/s12859-017-1611-2
10.1016/j.jchemneu.2018.12.005
10.3390/life12040502
10.1007/s10048-011-0308-3
10.1007/978-1-4939-7774-1_18
10.1001/jamaneurol.2020.5257
10.1214/12-aoas549
10.1073/pnas.1411269112
10.1101/cshperspect.a008888
10.1007/s40572-020-00268-3
10.1093/hmg/ddl243
10.3389/fgene.2018.00640
10.1038/nrg2732
10.1056/NEJM199810083391506
10.1126/science.6823561
10.1038/nrg.2017.32
10.1093/dnares/dsaa020
10.3389/fgene.2013.00132
10.1093/hmg/ddp012
10.18632/aging.101414
10.1186/s13059-020-01960-1
10.1073/pnas.1318906111
10.1093/bib/bbab024
10.1007/978-1-61779-612-8_23
10.1186/gm566
10.4161/15592294.2014.982445
10.1126/science.1237905
10.1016/j.euroneuro.2017.08.030
10.1186/s12864-016-2819-7
10.1093/bioinformatics/btt425
10.1289/ehp.7573
10.1186/s13059-016-1091-0
10.1186/s13059-016-0958-410.1186/s13059-016-0871-x
10.1001/jama.296.6.661
10.1523/jneurosci.15-09-05912.1995
10.1038/s41593-020-0690-y
10.1371/journal.pone.0025443
10.1093/bioinformatics/btu140
10.4161/epi.25865
10.1177/2470547017710764
10.1093/bioinformatics/btr313
10.1006/nbdi.2002.0507
10.1007/s12017-014-8332-8
10.1016/j.cmet.2014.12.014
10.1016/S0304-3940(97)00710-6
10.1186/s13059-021-02275-5
10.1016/S1474-4422(19)30320-5
10.1038/ng.3043
10.3389/fnmol.2021.752403
10.1093/jnen/nlw099
10.1038/cddis.2015.318
10.1016/j.nbd.2018.08.001
10.1093/hmg/ddx114
10.1186/s40035-019-0165-9
10.1074/jbc.M115.675488
10.1074/jbc.M404596200
10.2478/v10034-012-0018-7
10.1186/1471-2164-14-293
10.1186/s13059-016-1066-1
10.1093/hmg/ddy326
10.1126/science.274.5290.1197
10.1126/science.276.5321.2045
10.1093/ije/dyx225
10.1046/j.1471-4159.2001.00183.x
10.1371/journal.pgen.1003572
10.1017/S0317167100037823
10.1534/genetics.115.185967
10.1097/NPT.0000000000000245
10.1089/omi.2017.0181
10.1038/s41596-018-0103-9
10.1146/annurev-statistics-041715-033506
10.1289/ehp.0800277
10.1186/s12974-019-1483-7
10.3390/ijms222312989
10.1001/archneur.1992.00530280040020
10.1093/hmg/ddac104
10.1002/mds.26319
10.1126/science.277.5324.387
10.1007/s100480050083
10.1038/s41525-020-00145-w
10.1093/bioinformatics/bty1054
10.1186/s13072-017-0123-7
10.1186/s13059-016-1053-6
10.1186/1471-2164-15-145
10.1186/s12864-017-4091-x
10.1214/11-AOAS46310.1214/11-AOAS463
10.3389/fnins.2018.00005
10.1371/journal.pmed.1001779
10.1016/j.arr.2021.101543
10.1038/nn.2959
10.1289/ehp.1002839
10.1101/gr.171439.113
10.1097/FPC.0000000000000166
10.1038/s41467-020-15065-7
10.1136/oemed-2017-104787
10.1111/jnc.13249
10.1186/s13059-021-02347-6
10.1002/humu.21248
10.4324/9781315765471
10.1186/s13148-019-0621-5
10.3389/fgene.2018.00695
10.3389/fncel.2018.00112
10.1111/jnc.14787
10.1186/gb-2014-15-3-r49
10.1016/j.ygeno.2014.08.020
10.1186/s12859-017-1477-3
10.1007/s12640-015-9572-6
10.1101/gad.179184.111
10.1093/bioinformatics/btw527
10.1007/978-1-4939-7481-8_33
10.1186/s13059-019-1718-z
10.1007/s12035-021-02298-w
10.1038/s41467-017-02748-x
10.1016/j.brainres.2021.147749
10.2217/epi-2021-0490
10.3892/mmr.2019.10152
10.1007/s00401-011-0815-1
10.1371/journal.pone.0190160
10.1038/s41467-021-23993-1",Frontiers in genetics,"['DNA methylation', 'Parkinson’s disease', 'epigenetics', 'gene-environment interaction', 'neurodegeneration']",,2022-09-06,"36061205
20378707
32170143
35203939
27751556
25233095
2252919
22405075
11100151
22122642
17522671
26776077
31521533
24008380
35090094
31341302
30837884
28892059
28899360
30584168
15728289
31064398
11751692
28851441
22623900
22013209
32636740
22522925
17413843
31186427
20583099
32120069
26422361
21576262
28044062
31413141
21296890
26793951
31207254
28763057
19847896
14991823
23201423
27904575
22373907
25773351
34025350
9506559
17522677
26516212
31337434
18534554
16872721
32679516
27122151
30887425
27036880
21852959
20154674
32650713
30786044
21198979
21412275
23426267
24362762
29492296
34253716
33981329
30871403
23744968
24395592
29643443
30563547
32450545
21738488
14708097
25205305
19151715
30602389
29732371
21307242
11812148
25913071
22641018
20445061
24050399
30266652
28410574
30557654
35454993
22238121
29524144
33523105
25739960
22315721
32020534
16959795
30619465
20125086
9761807
6823561
28555657
32970817
23882278
19297401
29676998
32151270
24757058
33778867
22359306
25061481
25484259
23828890
27334613
22779053
23990412
16140634
27802833
26883014
16896109
7666176
32807949
22003392
24665129
23907097
29503977
21596793
12127150
25304910
25565211
9389595
33771206
31701892
25064009
35110995
28053004
26610207
30092270
28369321
31428316
26699403
15155744
24052743
23631413
27717381
30219847
8895469
9197268
29136149
11238711
23825961
3676917
27466229
30531383
29356624
30664679
27482531
19590691
31174552
34884790
1558515
35567546
26173746
9518366
10541595
33062306
30657866
28428825
27654999
24555763
28923016
23667412
29449798
25826379
34923167
22037496
21269927
24709820
26287939
32144264
29459480
26190401
33931130
20340137
30744671
30687383
29755323
31165472
24594098
25205307
28100166
26563996
22156206
27522082
29224168
31138268
33483902
29352183
34896331
35029129
31059019
21400129
29272304
34162876",,"DNA methylation as a mediator of genetic and environmental influences on Parkinson's disease susceptibility: Impacts of alpha-Synuclein, physical activity, and pesticide exposure on the epigenome.",<Element 'PubmedArticle' at 0x777b0067b7e0>,,,,,,
"Amyotrophic lateral sclerosis (ALS) is a fatal neurodegenerative disease. Limited evidence suggests ALS diagnosis may be associated with air pollution exposure and specifically traffic-related pollutants.
In this population-based case-control study, we used 3,937 ALS cases from the Danish National Patient Register diagnosed during 1989-2013 and matched on age, sex, year of birth, and vital status to 19,333 population-based controls free of ALS at index date. We used validated predictions of elemental carbon (EC), nitrogen oxides (NO x ), carbon monoxide (CO), and fine particles (PM 2.5 ) to assign 1-, 5-, and 10-year average exposures pre-ALS diagnosis at study participants' present and historical residential addresses. We used an adjusted Bayesian hierarchical conditional logistic model to estimate individual pollutant associations and joint and average associations for traffic-related pollutants (EC, NO x , CO).
For a standard deviation (SD) increase in 5-year average concentrations, EC (SD = 0.42 µg/m 3 ) had a high probability of individual association with increased odds of ALS (11.5%; 95% credible interval [CrI] = -1.0%, 25.6%; 96.3% posterior probability of positive association), with negative associations for NO x (SD = 20 µg/m 3 ) (-4.6%; 95% CrI = 18.1%, 8.9%; 27.8% posterior probability of positive association), CO (SD = 106 µg/m 3 ) (-3.2%; 95% CrI = 14.4%, 10.0%; 26.7% posterior probability of positive association), and a null association for nonelemental carbon fine particles (non-EC PM 2.5 ) (SD = 2.37 µg/m 3 ) (0.7%; 95% CrI = 9.2%, 12.4%). We found no association between ALS and joint or average traffic pollution concentrations.
This study found high probability of a positive association between ALS diagnosis and EC concentration. Further work is needed to understand the role of traffic-related air pollution in ALS pathogenesis.","[{'affiliation': 'From the Department of Environmental Health Sciences, Mailman School of Public Health, Columbia University, New York, NY.\nThe Earth Institute, Columbia University, New York, NY.', 'firstname': 'Robbie M', 'initials': 'RM', 'lastname': 'Parks'}, {'affiliation': 'From the Department of Environmental Health Sciences, Mailman School of Public Health, Columbia University, New York, NY.', 'firstname': 'Yanelli', 'initials': 'Y', 'lastname': 'Nunez'}, {'affiliation': 'Department of Epidemiology, Mailman School of Public Health, Columbia University, New York, NY.', 'firstname': 'Arin A', 'initials': 'AA', 'lastname': 'Balalian'}, {'affiliation': 'From the Department of Environmental Health Sciences, Mailman School of Public Health, Columbia University, New York, NY.\nDepartment of Biostatistics, Harvard TH Chan School of Public Health, Boston, MA.', 'firstname': 'Elizabeth A', 'initials': 'EA', 'lastname': 'Gibson'}, {'affiliation': 'Danish Cancer Society Research Center, Copenhagen, Denmark.', 'firstname': 'Johnni', 'initials': 'J', 'lastname': 'Hansen'}, {'affiliation': 'Danish Cancer Society Research Center, Copenhagen, Denmark.\nDepartment of Environmental Science, Aarhus University, Roskilde, Denmark.', 'firstname': 'Ole', 'initials': 'O', 'lastname': 'Raaschou-Nielsen'}, {'affiliation': 'Department of Environmental Science, Aarhus University, Roskilde, Denmark.\nGlobal Centre for Clean Air Research (GCARE), University of Surrey, Guildford, United Kingdom.', 'firstname': 'Matthias', 'initials': 'M', 'lastname': 'Ketzel'}, {'affiliation': 'Department of Environmental Science, Aarhus University, Roskilde, Denmark.', 'firstname': 'Jibran', 'initials': 'J', 'lastname': 'Khan'}, {'affiliation': 'Department of Environmental Science, Aarhus University, Roskilde, Denmark.\niClimate-interdisciplinary Center for Climate Change, Aarhus University, Aarhus, Denmark.', 'firstname': 'Jørgen', 'initials': 'J', 'lastname': 'Brandt'}, {'affiliation': 'Institute for Risk Assessment Sciences, Utrecht University, Utrecht, The Netherlands.', 'firstname': 'Roel', 'initials': 'R', 'lastname': 'Vermeulen'}, {'affiliation': 'Institute for Risk Assessment Sciences, Utrecht University, Utrecht, The Netherlands.', 'firstname': 'Susan', 'initials': 'S', 'lastname': 'Peters'}, {'affiliation': 'Department of Biostatistics, Mailman School of Public Health, Columbia University, New York, NY.', 'firstname': 'Jeff', 'initials': 'J', 'lastname': 'Goldsmith'}, {'affiliation': 'From the Department of Environmental Health Sciences, Mailman School of Public Health, Columbia University, New York, NY.', 'firstname': 'Diane B', 'initials': 'DB', 'lastname': 'Re'}, {'affiliation': 'Departments of Environmental Health and Epidemiology, T. H. Chan School of Public Health, Harvard University, Boston, MA.', 'firstname': 'Marc G', 'initials': 'MG', 'lastname': 'Weisskopf'}, {'affiliation': 'From the Department of Environmental Health Sciences, Mailman School of Public Health, Columbia University, New York, NY.', 'firstname': 'Marianthi-Anna', 'initials': 'MA', 'lastname': 'Kioumourtzoglou'}]",,"Copyright © 2022 Wolters Kluwer Health, Inc. All rights reserved.","10.1097/EDE.0000000000001536
10.1371/journal.pmed.1002856
10.1056/NEJM199312093292401
10.1289/EHP9131
10.1289/EHP1115
10.1136/bmj.n1904
10.1136/bmjopen-2016-014985
10.1136/oemed-2018-105110
10.1214/06-BA117A
10.1186/s12989-014-0073-1
10.1002/tox.22295
10.1002/em.21888","Epidemiology (Cambridge, Mass.)",[],,2022-08-10,"35944145
11386269
19922118
17574095
27510634
24126629
29052611
26515627
31361627
16522832
31335874
8325268
10784251
20458016
8179653
22981845
24886318
26151951
25978701
21864400
27448464
21172758
16835049
16293802
19672412
12883027
17463411
12676598
12573899
19716187
17220915
7595629
15096698
23797033
20234358
33555200
34181919
25544309
34498494
29989551
37092253
34470785
25870974
28063597
31462251
10766613
26604824
32211514
30870681
25946516
21775345
21227886
22918192
22214647
28320799
29941657
27742817
32308819
23612529
22850792
28547375
29852480
24244728
25497989
27298188
25042074
30892087
34677606
24648037
28520644
23482379
25532525","For a standard deviation (SD) increase in 5-year average concentrations, EC (SD = 0.42 µg/m 3 ) had a high probability of individual association with increased odds of ALS (11.5%; 95% credible interval [CrI] = -1.0%, 25.6%; 96.3% posterior probability of positive association), with negative associations for NO x (SD = 20 µg/m 3 ) (-4.6%; 95% CrI = 18.1%, 8.9%; 27.8% posterior probability of positive association), CO (SD = 106 µg/m 3 ) (-3.2%; 95% CrI = 14.4%, 10.0%; 26.7% posterior probability of positive association), and a null association for nonelemental carbon fine particles (non-EC PM 2.5 ) (SD = 2.37 µg/m 3 ) (0.7%; 95% CrI = 9.2%, 12.4%). We found no association between ALS and joint or average traffic pollution concentrations.",Long-term Traffic-related Air Pollutant Exposure and Amyotrophic Lateral Sclerosis Diagnosis in Denmark: A Bayesian Hierarchical Analysis.,<Element 'PubmedArticle' at 0x777b004e1710>,,,,,,
"Alzheimer's disease (AD) is a life-threatening neurodegenerative disease of the elderly. In recent observations, exposure to heavy metals environmental may increase the risk of AD. However, there are few studies on the causal relationship between heavy metal exposure and AD. In this study, we integrated two large-scale summaries of AD genome-wide association study (GWAS) datasets and a blood lead level GWAS dataset and performed the two-sample Mendelian randomization analysis to assess the causality of blood lead level and AD risk. The results showed that there is a significantly positive causality between blood lead level and AD risk both in the inverse-variance weighted (IVW) model and the weighted median estimator (WME) model. An independent additional verification also reached a consistent conclusion. These findings further confirm the conclusions of previous studies and improve the understanding of the relationship between AD pathogenesis and the toxicity of lead in environmental pollution.","[{'affiliation': 'Institute of Fungus Resources, College of Life Sciences, Guizhou University, Guiyang, China.\nDepartment of Environmental Engineering, Chongqing Vocational College of Resources and Environmental Protection, Chongqing, China.', 'firstname': 'Chunying', 'initials': 'C', 'lastname': 'Li'}, {'affiliation': 'Institute of Fungus Resources, College of Life Sciences, Guizhou University, Guiyang, China.', 'firstname': 'Yuwei', 'initials': 'Y', 'lastname': 'Zhang'}, {'affiliation': 'Basic Medical School, Guizhou University of Traditional Chinese Medicine, Guiyang, China.', 'firstname': 'Jiandong', 'initials': 'J', 'lastname': 'Liang'}, {'affiliation': 'Basic Medical School, Guizhou University of Traditional Chinese Medicine, Guiyang, China.', 'firstname': 'Changyan', 'initials': 'C', 'lastname': 'Wu'}, {'affiliation': 'Institute of Fungus Resources, College of Life Sciences, Guizhou University, Guiyang, China.', 'firstname': 'Xiao', 'initials': 'X', 'lastname': 'Zou'}]",,"Copyright © 2022 Li, Zhang, Liang, Wu and Zou.","10.3389/fnins.2022.880105
10.3233/JAD-200282
10.1172/JCI24761
10.2174/0929867325666171129124616
10.1093/nar/gky1120
10.1002/sim.4197
10.1002/gepi.21758
10.3390/toxics9090198
10.1038/nature11632
10.13227/j.hjkx.201912041
10.1177/1533317518794032
10.3233/JAD-181051
10.7554/eLife.34408
10.1097/EE9.0000000000000045
10.3389/fgene.2022.828827
10.1038/s41588-019-0358-2
10.1016/j.freeradbiomed.2010.07.028
10.3390/ijerph14121504
10.1681/ASN.2016010098
10.1002/gepi.22041
10.1016/j.marpolbul.2013.08.025
10.1093/hmg/ddv112",Frontiers in neuroscience,"['Alzheimer’s disease', 'Mendelian randomization', 'blood lead', 'heavy metal pollution', 'multigenomics']",,2022-08-09,"35937890
32651318
15931380
29189118
30445434
21432888
28527048
24114802
12689772
34564349
23128226
33124328
30134734
30776002
29846171
31342005
35356425
11964933
30820047
28635603
20696237
29207531
27486138
28317167
22945569
28338774
29686387
24084375
25820613",,Assessing the Association Between Lead Pollution and Risk of Alzheimer's Disease by Integrating Multigenomics.,<Element 'PubmedArticle' at 0x777b00518b80>,,,,,,
"Ferroptosis is a necrotic cell death caused by lipid oxidation that may be responsible for neural degeneration in Parkinson's disease. We assessed whether three neuronal cell lines are sensitive to killing by ferroptosis. Ferroptosis inducer erastin killed LUHMES neurons at sub-micromolar concentrations, whereas neuronal cells derived from SH-SY5Y cells or neural stem cells were at least 50-fold less sensitive. LUHMES differentiated neurons were likewise sensitive to killing by RSL3 or ML210, inhibitors of the glutathione peroxidase 4 enzyme (GPX4) that consumes GSH to detoxify lipid peroxides. Additional assays showed that erastin, RSL3, and ML210 increased lipid peroxide levels, and that LUHMES neurons were protected from both peroxide accumulation and cell death by ferrostatin-1. A possible role of iron was assessed by evaluating the effects of five metal chelators on cytotoxicity of erastin and RSL3. LUHMES neurons were protected from RSL3 by three of the chelators, 2,3-dimercapto-1-propanesulfonic acid (DMPS), deferoxiprone (DFX), and deferiprone (DFP). Collectively, these results demonstrate the vulnerability of LUHMES neurons to ferroptosis by chemical treatments that disrupt glutathione synthesis, lipid peroxide detoxification, or iron metabolism. The same vulnerabilities may occur in CNS neurons, which reportedly generate low levels of GSH and metallothioneins, limiting their ability to neutralize oxidative stresses and toxic metals. These results suggest a rationale and methods to search for environmental toxicants that may exploit these vulnerabilities and promote neurodegenerative diseases.","[{'affiliation': 'Division of Preclinical Innovation, National Center for Advancing Translational Sciences, National Institutes of Health, Rockville, MD, 20850, USA.', 'firstname': 'Zhi-Bin', 'initials': 'ZB', 'lastname': 'Tong'}, {'affiliation': 'Division of Preclinical Innovation, National Center for Advancing Translational Sciences, National Institutes of Health, Rockville, MD, 20850, USA.', 'firstname': 'Hyunhee', 'initials': 'H', 'lastname': 'Kim'}, {'affiliation': 'Division of Preclinical Innovation, National Center for Advancing Translational Sciences, National Institutes of Health, Rockville, MD, 20850, USA.', 'firstname': 'Lara', 'initials': 'L', 'lastname': 'El Touny'}, {'affiliation': 'Division of Preclinical Innovation, National Center for Advancing Translational Sciences, National Institutes of Health, Rockville, MD, 20850, USA.', 'firstname': 'Anton', 'initials': 'A', 'lastname': 'Simeonov'}, {'affiliation': 'Division of Preclinical Innovation, National Center for Advancing Translational Sciences, National Institutes of Health, Rockville, MD, 20850, USA. david.gerhold@nih.gov.', 'firstname': 'David', 'initials': 'D', 'lastname': 'Gerhold'}]",,© 2022. This is a U.S. Government work and not under copyright protection in the US; foreign copyright protection may apply.,"10.1007/s12640-022-00538-y
10.1111/j.1471-4159.1991.tb11444.x
10.1089/ars.2017.7132
10.14573/altex.1911111
10.18632/oncotarget.11687
10.1007/s00204-020-02970-5
10.1016/j.arr.2021.101263
10.1016/j.cell.2012.03.042
10.1515/BC.2003.059
10.1158/0008-5472.CAN-20-1641
10.1371/journal.pone.0044610
10.1007/s00204-020-02826-y
10.14573/altex.1309261
10.1002/mds.21684
10.1111/jon.12957
10.1523/JNEUROSCI.1746-05.2005
10.1007/978-1-0716-1495-2_10
10.1002/glia.21112
10.1016/j.freeradbiomed.2013.01.003
10.1111/j.1471-4159.2011.07255.x
10.1021/ja411006a
10.1074/jbc.M601567200
10.1002/jat.3334
10.1021/acs.chemrestox.7b00290
10.1016/j.jtemb.2014.12.012
10.1073/pnas.1603244113",Neurotoxicity research,"['Ferroptosis', 'LUHMES', 'Metal chelators', 'Neurodegeneration', 'Parkinson’s disease']",,2022-08-04,"35922689
1900527
28537421
32150624
27588473
33512557
33540042
22632970
12751781
33483374
22970265
32607613
24127042
18175393
34904328
16000623
34043196
21264950
2765907
23328732
21434924
24592866
16624809
27143523
29156121
25716300
27506793",,LUHMES Dopaminergic Neurons Are Uniquely Susceptible to Ferroptosis.,<Element 'PubmedArticle' at 0x777b0052b600>,,,,,,
"α-Synuclein (α-Syn) aggregates are key components of intracellular inclusion bodies characteristic of Parkinson's disease (PD) and other synucleinopathies. Metal ions have been considered as the important etiological factors in PD since their interactions with α-Syn alter the kinetics of fibrillation. In the present study, we have systematically explored the effects of Zn","[{'affiliation': 'Institute of Biochemistry and Biophysics, University of Tehran, Tehran, Iran.', 'firstname': 'Deyhim', 'initials': 'D', 'lastname': 'Atarod'}, {'affiliation': 'Institute of Biochemistry and Biophysics, University of Tehran, Tehran, Iran.', 'firstname': 'Fatemeh', 'initials': 'F', 'lastname': 'Mamashli'}, {'affiliation': 'Institute of Biochemistry and Biophysics, University of Tehran, Tehran, Iran.', 'firstname': 'Atiyeh', 'initials': 'A', 'lastname': 'Ghasemi'}, {'affiliation': 'Institute of Biochemistry and Biophysics, University of Tehran, Tehran, Iran.', 'firstname': 'Faezeh', 'initials': 'F', 'lastname': 'Moosavi-Movahedi'}, {'affiliation': 'Institute of Biochemistry and Biophysics, University of Tehran, Tehran, Iran.', 'firstname': 'Mitra', 'initials': 'M', 'lastname': 'Pirhaghi'}, {'affiliation': 'Institute of Biochemistry and Biophysics, University of Tehran, Tehran, Iran.', 'firstname': 'Hadi', 'initials': 'H', 'lastname': 'Nedaei'}, {'affiliation': 'Belozersky Institute of Physico-Chemical Biology, Lomonosov Moscow State University, Moscow, Russia, 119991.', 'firstname': 'Vladimir', 'initials': 'V', 'lastname': 'Muronetz'}, {'affiliation': 'Institute of Biochemistry and Biophysics, University of Tehran, Tehran, Iran.\nNational Institute of Agronomic and Environmental Research, 44316, Nantes, France.', 'firstname': 'Thomas', 'initials': 'T', 'lastname': 'Haertlé'}, {'affiliation': 'Department Biochemistry of Neurodegenerative Diseases, Institute of Biochemistry and Pathobiochemistry, Ruhr University Bochum, Bochum, Germany.\nCluster of Excellence RESOLV, Ruhr University Bochum, Bochum, Germany.', 'firstname': 'Jörg', 'initials': 'J', 'lastname': 'Tatzelt'}, {'affiliation': 'Institute of Biochemistry and Biophysics, University of Tehran, Tehran, Iran. ghriazi@ut.ac.ir.', 'firstname': 'Gholamhossein', 'initials': 'G', 'lastname': 'Riazi'}, {'affiliation': 'Institute of Biochemistry and Biophysics, University of Tehran, Tehran, Iran. saboury@ut.ac.ir.', 'firstname': 'Ali Akbar', 'initials': 'AA', 'lastname': 'Saboury'}]",,© 2022. The Author(s).,"10.1038/s41598-022-15472-4
10.1016/0014-5793(94)00395-5
10.1038/42166
10.1002/pro.3684
10.1136/jnnp.52.2.185
10.1056/NEJMra1311488
10.1073/pnas.0407881102
10.1021/bi961799n
10.1016/j.biochi.2020.01.004
10.1038/s41467-018-03111-4
10.1074/jbc.M105343200
10.1110/ps.0230903
10.1016/j.bbrc.2007.05.060
10.1007/BF00703209
10.1021/ja711415b
10.1021/ja0618649
10.1016/j.jinorgbio.2012.06.011
10.1074/jbc.M101181200
10.1110/ps.04879704
10.1038/s41598-018-20320-5
10.1016/j.ijbiomac.2015.06.030
10.1038/nprot.2006.202
10.1021/acs.jpcb.1c08796
10.1038/nprot.2015.024
10.1021/bi991447r
10.1110/ps.9.10.1960
10.2147/IJN.S212387
10.1016/j.bbamem.2021.183776
10.1016/j.molstruc.2020.128079
10.1021/ja803494v
10.1021/ic1016752
10.1038/srep41051
10.1038/s41467-020-16564-3
10.1007/s00401-016-1538-0
10.1038/s41467-021-21937-3
10.1038/emboj.2011.86
10.1002/chem.202101592
10.1016/s0022-2836(02)00775-1
10.1016/j.bbamem.2020.183251
10.1016/0003-2697(89)90046-8
10.3390/polym12030517
10.1021/bi002555c
10.1371/journal.pone.0187841
10.1177/37.8.2666510
10.1016/j.taap.2016.10.021",Scientific reports,[],,2022-07-14,"35831343
8194594
9278044
31306510
2823957
25587949
15767574
8901511
31945397
29459792
11553618
12649428
17531952
6845984
18465859
16866548
22832069
11312271
15537754
29382893
26102331
17406547
35090112
25654756
10704204
11106169
31417259
34547253
18693689
20964419
28112214
32499486
26820848
33753734
21441896
34165838
12217698
32113849
2729542
32121059
11352739
29131828
2666510
27984132",,Bivalent metal ions induce formation of α-synuclein fibril polymorphs with different cytotoxicities.,<Element 'PubmedArticle' at 0x777b0053fbf0>,,,,,,
"Living in greener areas is associated with slower cognitive decline and reduced dementia risk among older adults, but the evidence with neurodegenerative disease mortality is scarce. We studied the association between residential surrounding greenness and neurodegenerative disease mortality in older adults.
We used data from the 2001 Belgian census linked to mortality register data during 2001-2014. We included individuals aged 60 years or older and residing in the five largest Belgian urban areas at baseline (2001). Exposure to residential surrounding greenness was assessed using the 2006 Normalized Difference Vegetation Index (NDVI) within 500-m from residence. We considered all neurodegenerative diseases and four specific outcomes: Alzheimer's disease, vascular dementia, unspecified dementia, and Parkinson's disease. We fitted Cox proportional hazard models to obtain hazard ratios (HR) and 95% confidence intervals (CI) of the associations between one interquartile range (IQR) increment in surrounding greenness and neurodegenerative disease mortality outcomes, adjusted for census-based covariates. Furthermore, we evaluated the potential role of 2010 air pollution (PM
From 1,134,502 individuals included at baseline, 6.1% died from neurodegenerative diseases during follow-up. After full adjustment, one IQR (0.22) increment of surrounding greenness was associated with a 4-5% reduction in premature mortality from all neurodegenerative diseases, Alzheimer's disease, vascular and unspecified dementia [e.g., for Alzheimer's disease mortality: HR 0.95 (95%CI: 0.93, 0.98)]. No association was found with Parkinson's disease mortality. Main associations remained for all neurodegenerative disease mortality when accounting for air pollution, but not for the majority of specific mortality outcomes. Associations were strongest in the lower educated and residents from most deprived neighbourhoods.
Living near greener spaces may reduce the risk of neurodegenerative disease mortality among older adults, potentially independent from air pollution. Socioeconomically disadvantaged groups may experience the greatest beneficial effect.","[{'affiliation': 'Interface Demography, Department of Sociology, Vrije Universiteit Brussel, Brussels, Belgium. lucia.rodriguez.loureiro@vub.be.', 'firstname': 'Lucía', 'initials': 'L', 'lastname': 'Rodriguez-Loureiro'}, {'affiliation': 'Interface Demography, Department of Sociology, Vrije Universiteit Brussel, Brussels, Belgium.', 'firstname': 'Sylvie', 'initials': 'S', 'lastname': 'Gadeyne'}, {'affiliation': 'Interface Demography, Department of Sociology, Vrije Universiteit Brussel, Brussels, Belgium.', 'firstname': 'Mariska', 'initials': 'M', 'lastname': 'Bauwelinck'}, {'affiliation': 'Flemish Institute for Technological Research (VITO), Mol, Belgium.', 'firstname': 'Wouter', 'initials': 'W', 'lastname': 'Lefebvre'}, {'affiliation': 'Belgian Interregional Environment Agency (IRCELINE), Brussels, Belgium.', 'firstname': 'Charlotte', 'initials': 'C', 'lastname': 'Vanpoucke'}, {'affiliation': 'Department of Family Medicine and Population Health, Social Epidemiology and Health Policy, University of Antwerp, Wilrijk, Belgium.\nInstitute for Environment and Sustainable Development (IMDO), University of Antwerp, Antwerp, Belgium.', 'firstname': 'Lidia', 'initials': 'L', 'lastname': 'Casas'}]",,© 2022. The Author(s).,"10.1186/s12940-022-00863-x
10.1016/S1474-4422(18)30499-X
10.1016/S0140-6736(16)32399-6
10.1289/ehp.1509824
10.1289/EHP8716
10.1007/s40572-020-00264-7
10.1016/S2542-5196(19)30215-3
10.1097/EDE.0000000000000549
10.1136/jech.2010.128116
10.1093/ageing/afv137
10.1186/s12940-020-0565-4
10.3390/ijerph16162828
10.3233/JAD-201179
10.1016/j.amepre.2016.11.020
10.1016/j.envres.2017.02.017
10.1289/EHP2875
10.1016/j.socscimed.2017.10.038
10.1097/EE9.0000000000000040
10.1016/j.envres.2020.109520
10.1016/j.envint.2020.106102
10.3390/ijerph15030430
10.1289/ehp.1510363
10.1016/j.envint.2019.105341
10.1186/s12940-021-00769-0
10.1016/j.envpol.2021.118372
10.1016/S0140-6736(20)30367-6
10.1016/j.ijheh.2018.12.006
10.1289/EHP1115
10.3390/ijerph18052563
10.1016/j.healthplace.2021.102603
10.1136/bmjopen-2017-018969
10.1016/j.envint.2020.106365
10.1016/j.rse.2017.06.031
10.1289/EHP3857
10.1039/b612607n
10.1097/EDE.0000000000000283
10.1016/j.envint.2017.08.012
10.18637/jss.v059.i05
10.1037/a0020761
10.18637/jss.v045.i03
10.1146/annurev-publhealth-032315-021402
10.1001/jamapsychiatry.2017.0660
10.3233/JAD-180768
10.3233/JAD-180501
10.1016/j.socscimed.2018.04.051
10.1016/j.envres.2017.06.028
10.1016/j.landurbplan.2011.07.003
10.1016/j.envpol.2012.10.021
10.1016/j.landurbplan.2010.05.006
10.1016/S0140-6736(15)60854-6
10.3233/JAD-210089
10.1016/S1474-4422(16)30230-7
10.1016/j.envint.2017.07.001
10.1016/S0140-6736(08)61689-X
10.1016/S2468-2667(20)30190-0",Environmental health : a global access science source,"['Air pollution', 'Dementia', 'Greenness', 'Long-term exposure', 'Mortality', 'Neurodegenerative disease']",,2022-05-08,"35525977
30879893
28063597
26863687
34558969
27525811
21515547
26464419
31964412
33814426
28082001
28254708
29128786
33778335
32344208
32979811
27074702
31783239
34261495
34656679
32738937
30606679
34166885
33444880
17075619
25774607
28863390
26917999
20954780
26653405
28514478
30320592
30372678
29727748
28672128
23194646
26111439
33780372
27751556
28704700
18994663","From 1,134,502 individuals included at baseline, 6.1% died from neurodegenerative diseases during follow-up. After full adjustment, one IQR (0.22) increment of surrounding greenness was associated with a 4-5% reduction in premature mortality from all neurodegenerative diseases, Alzheimer's disease, vascular and unspecified dementia [e.g., for Alzheimer's disease mortality: HR 0.95 (95%CI: 0.93, 0.98)]. No association was found with Parkinson's disease mortality. Main associations remained for all neurodegenerative disease mortality when accounting for air pollution, but not for the majority of specific mortality outcomes. Associations were strongest in the lower educated and residents from most deprived neighbourhoods.",Long-term exposure to residential greenness and neurodegenerative disease mortality among older adults: a 13-year follow-up cohort study.,<Element 'PubmedArticle' at 0x777b00563330>,,,,,,
"Assessment of occupational pesticide exposure in epidemiological studies of chronic diseases is challenging. Biomonitoring of current pesticide levels might not correlate with past exposure relevant to disease aetiology, and indirect methods often rely on workers' imperfect recall of exposures, or job titles. We investigated how the applied exposure assessment method influenced risk estimates for some chronic diseases. In three meta-analyses the influence of exposure assessment method type on the summary risk ratio (sRR) of prostate cancer (PC) (25 articles), non-Hodgkin's lymphoma (NHL) (29 articles) and Parkinson's disease (PD) (32 articles) was investigated. Exposure assessment method types analysed were: group-level assessments (eg, job titles), self-reported exposures, expert-level assessments (eg, job-exposure matrices) and biomonitoring (eg, blood, urine). Additionally, sRRs were estimated by study design, publication year period and geographic location where the study was conducted. Exposure assessment method types were not associated with statistically significant different sRRs across any of the health outcomes. Heterogeneity in results varied from high in cancer studies to moderate and low in PD studies. Overall, case-control designs showed significantly higher sRR estimates than prospective cohort designs. Later NHL publications showed significantly higher sRR estimates than earlier. For PC, studies from North America showed significantly higher sRR estimates than studies from Europe. We conclude that exposure assessment method applied in studies of occupational exposure to pesticides appears not to have a significant effect on risk estimates for PC, NHL and PD. In systematic reviews of chronic health effects of occupational exposure to pesticides, epidemiological study design, publication year and geographic location, should primarily be considered.","[{'affiliation': 'Institute for Risk Assessment Sciences, Utrecht University, Utrecht, Netherlands j.p.g.ohlander@uu.nl.', 'firstname': 'Johan', 'initials': 'J', 'lastname': 'Ohlander'}, {'affiliation': 'Institute for Risk Assessment Sciences, Utrecht University, Utrecht, Netherlands.', 'firstname': 'Samuel', 'initials': 'S', 'lastname': 'Fuhrimann'}, {'affiliation': 'Institute of Occupational Medicine (IOM), Edinburgh, UK.\nCentre for Occupational and Environmental Health, School of Health Sciences, Faculty of Biology, Medicine and Health, The University of Manchester, Manchester, UK.', 'firstname': 'Ioannis', 'initials': 'I', 'lastname': 'Basinas'}, {'affiliation': 'Institute of Occupational Medicine (IOM), Edinburgh, UK.\nInstitute of Biological Chemistry, Biophysics and Bioengineering, Heriot Watt University, Edinburgh, UK.', 'firstname': 'John W', 'initials': 'JW', 'lastname': 'Cherrie'}, {'affiliation': 'Institute of Occupational Medicine (IOM), Edinburgh, UK.', 'firstname': 'Karen S', 'initials': 'KS', 'lastname': 'Galea'}, {'affiliation': 'Centre for Occupational and Environmental Health, School of Health Sciences, Faculty of Biology, Medicine and Health, The University of Manchester, Manchester, UK.', 'firstname': 'Andrew C', 'initials': 'AC', 'lastname': 'Povey'}, {'affiliation': 'Centre for Occupational and Environmental Health, School of Health Sciences, Faculty of Biology, Medicine and Health, The University of Manchester, Manchester, UK.', 'firstname': 'Martie', 'initials': 'M', 'lastname': 'van Tongeren'}, {'affiliation': 'Health and Safety Executive, Harpur Hill, Buxton, UK.', 'firstname': 'Anne-Helen', 'initials': 'AH', 'lastname': 'Harding'}, {'affiliation': 'Health and Safety Executive, Harpur Hill, Buxton, UK.', 'firstname': 'Kate', 'initials': 'K', 'lastname': 'Jones'}, {'affiliation': 'Institute for Risk Assessment Sciences, Utrecht University, Utrecht, Netherlands.', 'firstname': 'Roel', 'initials': 'R', 'lastname': 'Vermeulen'}, {'affiliation': 'Institute for Risk Assessment Sciences, Utrecht University, Utrecht, Netherlands.', 'firstname': 'Anke', 'initials': 'A', 'lastname': 'Huss'}, {'affiliation': 'Institute for Risk Assessment Sciences, Utrecht University, Utrecht, Netherlands.', 'firstname': 'Hans', 'initials': 'H', 'lastname': 'Kromhout'}]",,© Author(s) (or their employer(s)) 2022. Re-use permitted under CC BY-NC. No commercial re-use. See rights and permissions. Published by BMJ.,"10.1136/oemed-2021-108046
10.1016/j.toxlet.2011.08.008
10.1016/S0003-4878(00)00093-4
10.1136/oemed-2019-106348
10.1136/oemed-2019-105880
10.1007/s10552-005-0443-y
10.1136/oem.60.9.634
10.1007/s10552-015-0643-z
10.15430/JCP.2019.24.2.91
10.1136/oemed-2014-102692
10.1186/1476-069X-11-5
10.1177/1557988312458792
10.1093/ije/dyz017
10.1016/j.mrrev.2019.02.001
10.1016/S1047-2797(97)00120-8
10.1002/(SICI)1097-0274(199704)31:4&lt;442::AID-AJIM10&gt;3.0.CO;2-#
10.3390/ijerph110404449
10.1007/s10552-007-9061-1
10.1016/j.envpol.2017.08.028
10.1016/j.annepidem.2017.03.003
10.3390/ijerph16030337
10.5271/sjweh.3641
10.1016/j.yrtph.2018.05.005
10.3109/10408444.2013.798719
10.1289/ehp.1103881
10.1016/j.envint.2012.05.004
10.1212/WNL.0b013e318294b3c8
10.1080/19338244.2018.1492894
10.1136/bmj.327.7414.557
10.1016/j.cct.2015.09.002
10.1007/s10552-019-01140-y
10.1038/bjc.1996.418
10.1093/oxfordjournals.aje.a008750
10.5271/sjweh.997
10.1002/pros.20713
10.1093/occmed/kqr067
10.1038/bjc.1987.234
10.1016/0045-6535(89)90148-3
10.1196/annals.1371.036
10.1080/10428190290021560
10.1212/WNL.42.7.1328
10.1212/WNL.40.8.1218
10.1093/ije/dyx225
10.1016/j.envres.2020.110186
10.1002/mds.21009
10.1002/mds.10440
10.1159/000026185
10.1186/1471-2377-11-83
10.1002/1531-8257(199911)14:6&lt;928::AID-MDS1004&gt;3.0.CO;2-Z
10.1186/s12940-019-0488-0
10.1093/aje/kws225
10.1136/oem.53.10.652
10.1136/oemed-2014-102170
10.5271/sjweh.3142
10.1093/annweh/wxy080
10.5271/sjweh.3894
10.1136/oem.2008.041566
10.1038/sj.jea.7500232
10.1038/srep25768
10.1016/j.envint.2021.106825
10.1016/j.ejca.2006.10.008",Occupational and environmental medicine,"['agriculture', 'epidemiology', 'meta-analysis', 'occupational health', 'pesticides']",,2022-04-09,"35393289
21925579
11378147
32201387
32098789
16596288
12937183
26245248
31360689
26644457
22284215
22948300
30880337
31342895
9465996
9093659
24762670
17874193
28810201
28476329
30691095
28379585
29729297
23844699
22389202
22698719
23713084
30474499
12958120
26343745
30805813
8761387
8633620
16804620
18247399
20192575
19753293
21709170
3689667
8162585
17119216
12148884
1620342
2381528
29136149
32919961
16773614
12815659
9778597
21733194
10584666
31170989
23171882
8943828
25104429
21240453
30239580
32356897
19221114
12198579
27185567
34461377
17134891",,"Impact of occupational pesticide exposure assessment method on risk estimates for prostate cancer, non-Hodgkin's lymphoma and Parkinson's disease: results of three meta-analyses.",<Element 'PubmedArticle' at 0x777b00587240>,,,,,,
"There has been increasing interest in the neurological impact of particulate matter (PM). However, its association with the incidence of Parkinson's disease (PD) remains unclear. We selected 313,355 participants satisfying inclusion criteria from the National Health Insurance Service-National Sample Cohort based on the nationwide population of South Korea, and followed them up from January 2007 through December 2015. Individual-level long-term PM exposure was assessed as the five time-varying average concentrations estimated for the previous 1, 2, 3, 4 and 5 years on each year (until censored or event occurred) at the district-level residential addresses of participants using a previously validated prediction model. Incident PD was defined as the first diagnosis accompanied by anti-PD medication prescription from 2007 through 2015. Time-varying Cox proportional hazards models were employed to estimate the hazard ratio (HR) of incident PD for long-term PM exposure, adjusting for individual- and area-level covariates. During the 8 years (2,745,389 person-years) of follow-up for a total of 313,355 participants (mean [range] age, 48.9 [19-87] years; 169,571 males [54.1%]), 2621 participants (0.8%) developed PD. The HR of incident PD per interquartile range (3.3 μg/m","[{'affiliation': 'Department of Health Administration and Management, College of Medical Sciences, Soonchunhyang University, Asan-si, Chungcheongnam-do, South Korea; Department of Software Convergence, Soonchunhyang University Graduate School, Asan-si, Chungcheongnam-do, South Korea.', 'firstname': 'Hyewon', 'initials': 'H', 'lastname': 'Lee'}, {'affiliation': 'Department of Cancer Control and Population Health, Graduate School of Cancer Science and Policy, National Cancer Center, Goyang-si, Gyeonggi-do, South Korea; Environmental Health Research Division, National Institute of Environmental Research, Incheon, South Korea.', 'firstname': 'Ok-Jin', 'initials': 'OJ', 'lastname': 'Kim'}, {'affiliation': 'Data Management and Statistics Institute, Dongguk University Ilsan Hospital, Goyang-si, Gyeonggi-do, South Korea.', 'firstname': 'Jiyun', 'initials': 'J', 'lastname': 'Jung'}, {'affiliation': 'Department of Neuropsychiatry, Seoul National University Bundang Hospital, Seongnam-si, Gyeonggi-do, South Korea; Department of Psychiatry, Seoul National University, College of Medicine, Seoul, South Korea. Electronic address: wmyung@snu.ac.kr.', 'firstname': 'Woojae', 'initials': 'W', 'lastname': 'Myung'}, {'affiliation': 'Department of Cancer Control and Population Health, Graduate School of Cancer Science and Policy, National Cancer Center, Goyang-si, Gyeonggi-do, South Korea. Electronic address: sykim@ncc.re.kr.', 'firstname': 'Sun-Young', 'initials': 'SY', 'lastname': 'Kim'}]",,Copyright © 2022 Elsevier Inc. All rights reserved.,10.1016/j.envres.2022.113165,Environmental research,"['Cohort study', 'Fine particulate matter', 'Long-term exposure', 'Parkinson disease']",,2022-04-02,35364040,,Long-term exposure to particulate air pollution and incidence of Parkinson's disease: A nationwide population-based cohort study in South Korea.,<Element 'PubmedArticle' at 0x777b005ad710>,,,,,,
"Environmental exposures to agrochemicals and nutritional factors may be associated with Parkinson's Disease (PD). None of the studies to date has examined the combined effects of diet and agricultural chemical exposure together. To address these research gaps, we aimed to assess the association of nutritional factors and agrochemical exposure with the risk of PD. A hospital-based case-control study was conducted. Multivariable logistic regressions were used to estimate the association of nutritional and agrochemical exposures with PD, adjusting for gender, age, socio-economic status, head injury, family history, smoking, metals exposure, and α-synuclein gene polymorphism. Weighted Quantile Sum (WQS) regression was applied to examine the effect of dietary components as a mixture. We recruited 347 cases and 389 controls. Parent history of PD (OR = 4.15, 95%CI: 2.10, 8.20), metals exposure (OR = 2.50, 95%CI: 1.61-3.89), SNCA rs356219 polymorphism (OR = 1.39, 95%CI: 1.04-1.87 for TC vs. TT; OR = 2.17, 95%CI: 1.43-3.28 for CC vs. TT), agrochemical exposures (OR = 2.11, 95%CI: 1.41-3.16), and being born in the Brescia province (OR = 1.83, 95%CI: 1.17-2.90) were significantly associated with PD. Conversely, fish intake and coffee consumption had a protective effect. The study confirmed the role of environmental exposures in the genesis of PD. Fish intake and coffee consumption are protective factors even when agricultural chemical exposures exist. Genetic factors and metals exposure were confirmed as risk factors for PD.","[{'affiliation': 'School of Medicine and Surgery, University of Milano-Bicocca, 20090 Monza, Italy.', 'firstname': 'Michael', 'initials': 'M', 'lastname': 'Belingheri'}, {'affiliation': 'Department of Environmental Medicine and Public Health, Icahn School of Medicine at Mount Sinai, New York, NY 10029, USA.', 'firstname': 'Yueh-Hsiu Mathilda', 'initials': 'YM', 'lastname': 'Chiu'}, {'affiliation': 'Department of Medical and Surgical Specialties, Radiological Sciences and Public Health, University of Brescia, 25123 Brescia, Italy.', 'firstname': 'Stefano', 'initials': 'S', 'lastname': 'Renzetti'}, {'affiliation': 'Department of Surgery, Icahn School of Medicine at Mount Sinai, New York, NY 10029, USA.', 'firstname': 'Deepika', 'initials': 'D', 'lastname': 'Bhasin'}, {'affiliation': 'Department of Environmental Medicine and Public Health, Icahn School of Medicine at Mount Sinai, New York, NY 10029, USA.', 'firstname': 'Chi', 'initials': 'C', 'lastname': 'Wen'}, {'affiliation': 'Department of Medical and Surgical Specialties, Radiological Sciences and Public Health, University of Brescia, 25123 Brescia, Italy.', 'firstname': 'Donatella', 'initials': 'D', 'lastname': 'Placidi'}, {'affiliation': 'Department of Medical and Surgical Specialties, Radiological Sciences and Public Health, University of Brescia, 25123 Brescia, Italy.', 'firstname': 'Manuela', 'initials': 'M', 'lastname': 'Oppini'}, {'affiliation': 'Department of Medical and Surgical Specialties, Radiological Sciences and Public Health, University of Brescia, 25123 Brescia, Italy.', 'firstname': 'Loredana', 'initials': 'L', 'lastname': 'Covolo'}, {'affiliation': 'Department of Clinical and Experimental Sciences, University of Brescia, 25123 Brescia, Italy.', 'firstname': 'Alessandro', 'initials': 'A', 'lastname': 'Padovani'}, {'affiliation': 'Department of Medical and Surgical Specialties, Radiological Sciences and Public Health, University of Brescia, 25123 Brescia, Italy.\nDepartment of Environmental Health Sciences, School of Public Health and Social Work, Florida International University, Miami, FL 11200, USA.', 'firstname': 'Roberto G', 'initials': 'RG', 'lastname': 'Lucchini'}]",,,"10.3390/ijerph19063309
10.1093/hmg/ddp012
10.1016/S1474-4422(06)70471-9
10.1016/j.mcp.2016.11.001
10.3389/fnmol.2018.00391
10.1126/science.276.5321.2045
10.3389/fneur.2020.556337
10.3389/fncel.2015.00124
10.3389/fneur.2019.00218
10.1002/ana.20904
10.1002/ajim.20494
10.1038/s41370-018-0081-6
10.1016/j.yrtph.2018.05.005
10.1016/j.biopha.2017.03.100
10.1212/WNL.0b013e318294b3c8
10.1016/j.neuro.2019.07.007
10.1016/S1474-4422(16)30230-7
10.1080/07315724.2019.1683379
10.7759/cureus.10921
10.3389/fnagi.2014.00036
10.1001/jama.283.20.2674
10.1093/ajcn/86.5.1486
10.1093/advances/nmaa053
10.1371/journal.pone.0243612
10.1002/ana.410390113
10.1002/1531-8257(199901)14:1<28::AID-MDS1007>3.0.CO;2-O
10.1002/1531-8257(199901)14:1<21::AID-MDS1006>3.0.CO;2-Y
10.1002/mds.27720
10.1016/j.envres.2020.110186
10.3390/ijerph17051584
10.1007/s12017-009-8108-8
10.1016/j.jtemb.2012.04.023
10.1016/j.scitotenv.2015.02.072
10.1007/s11356-013-1473-8
10.3389/fgene.2018.00664
10.1016/j.neuro.2012.01.007
10.1093/toxsci/kfv252
10.1212/01.CON.0000436152.24038.e0
10.1212/WNL.47.5.1113
10.1212/WNL.47.1.1
10.1212/WNL.0b013e31827f0fd1
10.1212/01.wnl.0000324625.00404.15
10.1016/j.neuro.2012.01.005
10.1007/s13253-014-0180-3
10.1016/j.mex.2019.11.008
10.1016/j.scitotenv.2020.143123
10.1038/jes.2014.70
10.4236/jep.2012.35047
10.1017/S0007114512000955
10.1212/01.WNL.0000166038.67153.9F
10.1212/WNL.0000000000004057",International journal of environmental research and public health,"['Parkinson’s Disease', 'SNCA polymorphism', 'agricultural chemical exposure', 'metals exposure', 'nutritional factors']",,2022-03-26,"35328997
19297401
16713924
26236139
27818248
30410434
9197268
33362685
25914621
30941085
16802290
17918215
30337680
29729297
28412655
23713084
31377220
27751556
31829802
33062461
24639650
10819950
17991663
32427314
33332388
8572672
9918341
9918340
31091353
32919961
32121433
20012385
22664337
25777956
23338992
30619481
22285144
26628504
24092286
8909416
8710059
23359374
18725592
22322213
30505142
31871919
33160660
25335867
27818841
22716925
15985568
28596209",,"Relationships of Nutritional Factors and Agrochemical Exposure with Parkinson's Disease in the Province of Brescia, Italy.",<Element 'PubmedArticle' at 0x777b005c10d0>,,,,,,
"Current evidence shows inconsistencies about ambient air pollution (AAP) exposure as a risk factor for Parkinson's disease (PD). We performed meta-analyses to estimate the pooled risk of PD due to AAP exposure. We performed a systematic search in PubMed, Google Scholar, The Cochrane Library, and J-GATEPLUS databases for peer-reviewed epidemiological studies reporting the risk of PD due to exposure to PM","[{'affiliation': 'Department of Environmental Health and Epidemiology, ICMR-National Institute for Research in Environmental Health (NIREH), Bhopal, India.', 'firstname': 'Vikas', 'initials': 'V', 'lastname': 'Dhiman'}, {'affiliation': 'Department of Environmental Health and Epidemiology, ICMR-National Institute for Research in Environmental Health (NIREH), Bhopal, India.', 'firstname': 'Tanwi', 'initials': 'T', 'lastname': 'Trushna'}, {'affiliation': 'Department of Biostatistics and Bioinformatics, ICMR-National Institute for Research in Environmental Health (NIREH), Bhopal, India.', 'firstname': 'Dharma', 'initials': 'D', 'lastname': 'Raj'}, {'affiliation': 'ICMR-National Institute for Research in Environmental Health (NIREH), Bhopal, India.', 'firstname': 'Rajnarayan Ramshankar', 'initials': 'RR', 'lastname': 'Tiwari'}]",,,10.1080/09603123.2022.2047903,International journal of environmental health research,"['Air pollution', 'Parkinson’s disease', 'epidemiology', 'meta-Analysis', 'risk']",,2022-03-10,35262433,,Is ambient air pollution a risk factor for Parkinson's disease? A meta-analysis of epidemiological evidence.,<Element 'PubmedArticle' at 0x777b003e5a80>,,,,,,
"Air pollution may cause inflammatory and oxidative stress damage to the brain, leading to neurodegenerative disease. The association between air pollution and dementia, and modification by apolipoprotein E genotype 4 (APOE-ε4) has yet to be fully investigated.
To examine associations of air pollution with three types of incident dementias (Alzheimer's disease (AD), frontotemporal dementia (FTD), and vascular dementia (VAD)), and their potential modification by APOE-ε4 genotype.
The UK Biobank enrolled >500,000 participants (2006-2010) with ongoing follow-up. We used annual averages of air pollution (PM
Our sample included 187,194 individuals (including N = 680 AD, N = 377 VAD, N = 63 FTD) with a mean follow-up of 7.04 years. We observed consistent associations of PM
PM","[{'affiliation': 'Department of Epidemiology & Biostatistics, University of Arizona Mel and Enid Zuckerman College of Public Health, Tucson, AZ, USA. Electronic address: klparra@email.arizona.edu.', 'firstname': 'Kimberly L', 'initials': 'KL', 'lastname': 'Parra'}, {'affiliation': ""Departments of Psychology and Psychiatry, Neuroscience and Physiological Sciences Graduate Interdisciplinary Programs, BIO5 Institute, and Evelyn F. McKnight Brain Institute, University of Arizona, Tucson, AZ, USA; Arizona Alzheimer's Consortium, Phoenix, AZ, USA."", 'firstname': 'Gene E', 'initials': 'GE', 'lastname': 'Alexander'}, {'affiliation': 'Department of Biological Sciences, Human and Evolutionary Biology Section, University of Southern California, Los Angeles, CA, USA.', 'firstname': 'David A', 'initials': 'DA', 'lastname': 'Raichlen'}, {'affiliation': 'Department of Epidemiology & Biostatistics, University of Arizona Mel and Enid Zuckerman College of Public Health, Tucson, AZ, USA.', 'firstname': 'Yann C', 'initials': 'YC', 'lastname': 'Klimentidis'}, {'affiliation': 'Department of Community, Environment, and Policy, Division of Environmental Health Sciences, University of Arizona Mel and Enid Zuckerman College of Public Health, Tucson, AZ, USA.', 'firstname': 'Melissa A', 'initials': 'MA', 'lastname': 'Furlong'}]",,Published by Elsevier Inc.,"10.1016/j.envres.2022.112895
10.1016/j.envint.2021
10.1016/j.envres.2018.06.008
10.1016/S0140-6736(15)00461-4
10.1016/j.atmosenv.2013.02.037
10.1038/s41586-018-0579-z
10.1038/tp.2016.280
10.1016/j.jalz.2019.07.014
10.1136/bmjopen-2018-022404
10.1186/s12940-019-0511-5
10.1016/j.envint.2017.08.020
10.1016/S0140-6736(16)32399-6
10.1016/j.envres.2016.01.018
10.1126/science.8346443
10.1016/j.envint.2020.105546
10.1093/eurpub/cku145
10.1038/s41598-018-30568-6
10.3390/ijerph17249581
10.1016/j.atmosenv.2012.08.038
10.1093/aje/kwx246
10.1155/2012/782462
10.1001/jamaneurol.2019.4914
10.1093/ije/dyz154
10.1016/j.neurobiolaging.2019.05.006
10.3233/JAD-140855
10.1016/S0140-6736(16)00378-0
10.1186/s12877-016-0342-y
10.1289/ehp.1408973
10.1016/j.envint.2019.105440
10.1097/MCP.0000000000000248
10.1016/S0140-6736(17)32345-0
10.1038/nrneurol.2012.263
10.1016/j.envint.2020
10.1100/2012/125818
10.1289/ehp.1408322
10.1371/journal.pone.0198283
10.3233/JAD-181037
10.3233/JAD180631
10.1016/j.neuro.2016.06.004
10.1016/j.jalz.2012.11.007
10.1016/j.jacc.2018.07.099
10.1016/j.envres.2015.06.009
10.3233/JAD-201005
10.1289/EHP9018
10.1016/j.envres.2020.109870
10.1371/journal.pmed.1001779
10.1080/08958370590912888
10.1289/EHP8716
10.1002/sim.4067
10.1007/s10654-01900499-1
10.1016/j.neurobiolaging.2017.01.007
10.1016/j.dadm.2014.11.015
10.1016/j.scitotenv.2020.142524
10.1093/gerona/glab231
10.97/EE9.0000000000000122
10.1186/s12940-020-0565-4",Environmental research,"['Air pollution', ""Alzheimer's"", 'Apolipoprotein E4', 'Dementia', 'Nitrogen oxides', 'Particulate matter']",,2022-02-13,"35149105
34537521
29909174
26595641
30305743
28140404
31619348
30206085
31399053
28917207
28063597
26945620
8346443
32151419
25201901
30108252
33371391
28641372
22523490
32227140
31347651
31207469
25310992
27233746
27729011
25978701
31926436
26761628
29056410
23296339
33484961
23251098
26305859
29897947
31450491
30775976
27328897
23305823
30336830
26092807
33459717
34347531
32739624
25826379
15804941
34558969
21225900
30806901
28212893
27239507
33065503
34383042
33778355
31964412","Our sample included 187,194 individuals (including N = 680 AD, N = 377 VAD, N = 63 FTD) with a mean follow-up of 7.04 years. We observed consistent associations of PM",Exposure to air pollution and risk of incident dementia in the UK Biobank.,<Element 'PubmedArticle' at 0x777b003f5710>,,,,,,
"Olfactory impairment is increasingly common with older age, which may be in part explained by cumulative effects of exposure to inhaled toxins. However, population-based studies investigating the relationship between air pollution and olfactory ability are scarce.
We aimed to investigate associations between exposure to common air pollutants and longitudinal change in odor identification.
Our study of 2,468 participants (
Participants showed significant decline in odor identification ability for each year in the study {
Our results suggest an association between air pollution exposure and subsequent olfactory decline. We speculate that cumulative effects of airborne pollutants on the olfactory system may be one underlying cause of olfactory impairment in aging. https://doi.org/10.1289/EHP9563.","[{'affiliation': 'Aging Research Center, Department of Neurobiology, Care Sciences and Society, Karolinska Institute and Stockholm University, Stockholm, Sweden.', 'firstname': 'Ingrid A', 'initials': 'IA', 'lastname': 'Ekström'}, {'affiliation': 'Aging Research Center, Department of Neurobiology, Care Sciences and Society, Karolinska Institute and Stockholm University, Stockholm, Sweden.\nStockholm Gerontology Research Center, Stockholm, Sweden.', 'firstname': 'Debora', 'initials': 'D', 'lastname': 'Rizzuto'}, {'affiliation': 'Aging Research Center, Department of Neurobiology, Care Sciences and Society, Karolinska Institute and Stockholm University, Stockholm, Sweden.', 'firstname': 'Giulia', 'initials': 'G', 'lastname': 'Grande'}, {'affiliation': 'Institute of Environmental Medicine (IMM), Karolinska Institute, Stockholm, Sweden.\nCenter for Occupational and Environmental Health, Stockholm Region, Stockholm, Sweden.', 'firstname': 'Tom', 'initials': 'T', 'lastname': 'Bellander'}, {'affiliation': 'Aging Research Center, Department of Neurobiology, Care Sciences and Society, Karolinska Institute and Stockholm University, Stockholm, Sweden.\nStockholm Gerontology Research Center, Stockholm, Sweden.', 'firstname': 'Erika J', 'initials': 'EJ', 'lastname': 'Laukka'}]",,,"10.1289/EHP9563
10.1002/alr.21829
10.1371/journal.pmed.1001430
10.1289/EHP136
10.1016/j.envres.2016.09.012
10.1016/j.envres.2018.06.008
10.1016/j.tins.2009.05.009
10.1093/chemse/28.5.423
10.1016/j.etp.2009.02.117
10.1080/01926230390226645
10.1093/gerona/glw233
10.1016/j.jad.2013.12.026
10.1093/chemse/bju069
10.1212/WNL.0000000000001132
10.1002/ana.24447
10.1002/ana.21327
10.1055/s-0028-1124025
10.1038/nrneurol.2012.80
10.3389/fpsyg.2014.00020
10.1126/science.6505700
10.1093/gerona/glaa221
10.1111/jgs.14770
10.1007/s12603-019-1241-7
10.1001/jamaneurol.2019.4914
10.3233/jad-200852
10.1111/ggi.13621
10.1093/chemse/bjj019
10.1007/s00405-006-0173-0
10.1093/chemse/22.1.39
10.1186/1471-2202-13-122
10.1007/BF03324546
10.1155/2019/3128231
10.1037/a0030829
10.3389/fenvs.2014.00069
10.1186/s40478-018-0517-1
10.1016/j.neuro.2011.12.001
10.1016/j.jalz.2018.06.3060
10.1016/j.neuroscience.2010.05.012
10.1080/08958370490439597
10.1016/S0269-7491(98)80026-2
10.1177/20416695211020331
10.1289/ehp.1408322
10.1093/gerona/glz265
10.1161/01.CIR.103.23.2810
10.1513/pats.201005-035RN
10.1371/journal.pone.0107541
10.1016/j.envres.2009.08.003
10.1016/j.intell.2016.08.007
10.1093/ageing/afv075
10.1002/lary.21416
10.3390/ijerph14070742
10.1093/gerona/glx054
10.1016/S0140-6736(13)60898-3
10.1513/pats.201003-027RN
10.1002/alr.22357
10.1017/S1355617713001409
10.1002/lary.23365",Environmental health perspectives,[],,2022-02-10,"35139319
27620703
23637576
27285588
27692900
29909174
19716187
15626250
12826538
19297138
14692621
28003375
24445134
25550307
25471394
26031760
18232016
19214935
22584158
24570664
6505700
32886741
28326534
31560033
32227140
33579834
30968523
16354742
17021776
9056084
23046643
15195992
30915369
23276211
29471869
22178536
30114414
20472036
15204759
34249327
26305859
31724031
11401937
21364221
25271633
19733348
27932854
26082178
21298645
28686215
28444135
23849322
21364227
31365791
24451436
22552846",Participants showed significant decline in odor identification ability for each year in the study {,Environmental Air Pollution and Olfactory Decline in Aging.,<Element 'PubmedArticle' at 0x777b0041a700>,,,,,,
,"[{'affiliation': 'Department of Chemical and Environmental Technology, Rey Juan Carlos University, Madrid, Spain.', 'firstname': 'Rafael A', 'initials': 'RA', 'lastname': 'Garcia-Munoz'}, {'affiliation': 'Department of Chemical & Process Engineering, University of Strathclyde, Glasgow, UK.', 'firstname': 'Joseph', 'initials': 'J', 'lastname': 'McConnell'}, {'affiliation': 'Department of Chemical and Environmental Technology, Rey Juan Carlos University, Madrid, Spain.', 'firstname': 'Victoria', 'initials': 'V', 'lastname': 'Morales'}, {'affiliation': 'Department of Chemical and Environmental Technology, Rey Juan Carlos University, Madrid, Spain.', 'firstname': 'Raul', 'initials': 'R', 'lastname': 'Sanz'}]",,,10.4103/1673-5374.332143,Neural regeneration research,[],,2022-01-13,"35017428
34149364
32926630
30066406
33885286
33989370
25825926
30579984
30584160
24611007",,Designing nanocarriers to overcome the limitations in conventional drug administration for Parkinson's disease.,<Element 'PubmedArticle' at 0x777b0044db70>,,,,,,
"Earlier longitudinal reviews on environmental and occupational toxins and Parkinson's disease (PD) risk have limitations. This study aimed to determine the strength of association between three types of toxic occupational exposures and the occurrence of PD by diagnostic methods.
A search was conducted of EMBASE, PubMed/Medline, Toxnet, LILACS, and Cochrane Library databases for longitudinal studies that assessed toxic occupational exposure, Parkinsonian, or related disorders, diagnosed by International Classification of Diseases (ICD) codes, medical records, or confirmation by a neurologist/nurse, and published in the English language from January 1990 to July 2021. Pooled risk ratios (RR) estimates were produced using random-effects models. Systematic review with meta-analysis synthesized the results. Study quality, heterogeneity, and publication bias were examined. High-quality articles that met the inclusion criteria were analyzed.
Twenty-four articles were used in the analyses. The pooled RR for electromagnetic exposure and PD were (RR=1.03, 95% confidence interval [CI] 0.91-1.16) while the pooled RR between PD and metal and pesticide exposure were (RR=1.07, 95% CI 0.92-1.24) and (RR=1.41, 95% CI 1.20-1.65), respectively. Pooled RR for methods of diagnosis and their associations with PD were: confirmation by a neurologist or nurse (RR=2.17, 95% CI 1.32-3.54); ICD codes (RR=1.14, 95% CI 1.03-1.26), and medical records (RR=1.06, 95% CI 0.92-1.21).
Our systematic review provides robust evidence that toxic occupational exposures are significant risk factors for PD especially those diagnosed by neurologists or nurses using standardized methods.","[{'affiliation': 'School of Health Sciences, College of New Caledonia, Prince George, BC, Canada.', 'firstname': 'Tamara', 'initials': 'T', 'lastname': 'Chambers-Richards'}, {'affiliation': 'School of Public Health, University of Saskatchewan, Saskatoon, SK, Canada.', 'firstname': 'Yingying', 'initials': 'Y', 'lastname': 'Su'}, {'affiliation': 'Saskatchewan Cancer Agency, Saskatoon, SK, Canada.', 'firstname': 'Batholomew', 'initials': 'B', 'lastname': 'Chireh'}, {'affiliation': 'School of Public Health, University of Saskatchewan, Saskatoon, SK, Canada.\nDepartment of Psychiatry, University of Saskatchewan, Saskatoon, SK, Canada.', 'firstname': 'Carl', 'initials': 'C', 'lastname': ""D'Arcy""}]",,"© 2021 Walter de Gruyter GmbH, Berlin/Boston.","10.1515/reveh-2021-0111
10.1016/S1474-4422(17)30299-5
10.1212/wnl.0000000000000929
10.1016/j.envint.2012.05.004
10.1016/s1474-4422(18)30355-7
10.1146/annurev.neuro.22.1.123
10.1136/oemed-2014-102209
10.1007/s10654-011-9581-6
10.1212/wnl.48.3.650
10.1093/occmed/kql109
10.1002/mds.25150
10.1371/journal.pone.0151841
10.1289/ehp.8095
10.1159/000323797
10.1212/wnl.0b013e318294b3c8
10.1212/wnl.48.6.1583
10.3390/ijerph16030337
10.3109/10408444.2013.798719
10.1016/j.yrtph.2018.05.005
10.1212/wnl.0b013e3182698ced
10.3390/ijerph120707348
10.1001/jama.283.15.2008
10.1016/s0895-4356(02)00571-1
10.1038/sj.ebd.6400375
10.1016/j.jclinepi.2009.06.005
10.1016/0197-2456(86)90046-2
10.1002/sim.1186
10.1136/bmj.315.7109.629
10.1097/01.jom.0000161730.25913.bf
10.1289/ehp.1307218
10.1016/j.neuro.2006.01.005
10.1097/00001648-200009000-00009
10.1289/ehp.5885
10.1093/aje/kwq303
10.1136/oem.2006.031559
10.1093/occmed/kqu105
10.1093/aje/kwf216
10.1016/j.parkreldis.2011.06.009
10.1007/s00420-017-1224-0
10.1136/oem.58.9.582
10.1001/archneur.59.11.1787
10.5271/sjweh.3176
10.1002/mds.25125
10.1016/j.parkreldis.2005.06.010
10.1002/ana.20904
10.1093/aje/kwk024
10.1002/ajim.20178
10.1097/01.EDE.0000078446.76859.c9
10.1097/00001648-199807000-00009
10.5271/sjweh.3641
10.1016/j.parkreldis.2014.12.017
10.1016/j.cbi.2010.06.003
10.1080/19338244.2018.1492894",Reviews on environmental health,"['Parkinson’s disease (PD)', 'meta-analysis', 'occupational exposure', 'systematic review', 'toxic']",,2021-11-20,34796708,"Twenty-four articles were used in the analyses. The pooled RR for electromagnetic exposure and PD were (RR=1.03, 95% confidence interval [CI] 0.91-1.16) while the pooled RR between PD and metal and pesticide exposure were (RR=1.07, 95% CI 0.92-1.24) and (RR=1.41, 95% CI 1.20-1.65), respectively. Pooled RR for methods of diagnosis and their associations with PD were: confirmation by a neurologist or nurse (RR=2.17, 95% CI 1.32-3.54); ICD codes (RR=1.14, 95% CI 1.03-1.26), and medical records (RR=1.06, 95% CI 0.92-1.21).",Exposure to toxic occupations and their association with Parkinson's disease: a systematic review with meta-analysis.,<Element 'PubmedArticle' at 0x777b00460d60>,,,,,,
"Dementia is a challenging neurodegenerative disease. This systematic review aimed to summarize natural, physical, and social environmental factors that are associated with age-related cognitive impairment and dementia.
We systematically searched PubMed, EMBASE, Web of Science, and PsychINFO till January 11, 2021 for observational studies. The hazard ratio (HR), relative risk (RR), and odds ratio (OR) with 95% confidence interval (CI) were aggregated using random-effects methods. The quality of evidence for each association was evaluated.
Of the 48,399 publications identified, there were 185 suitable for review across 44 environmental factors. Meta-analyses were performed for 22 factors. With high-to-moderate quality of evidence, risks were suggested in exposure to PM
This review highlights that air pollutions, especially PM","[{'affiliation': 'Department of Neurology, Qingdao Municipal Hospital, Qingdao University, China.', 'firstname': 'Yong-Li', 'initials': 'YL', 'lastname': 'Zhao'}, {'affiliation': 'Department of Neurology, Qingdao Municipal Hospital, Qingdao University, China.', 'firstname': 'Yi', 'initials': 'Y', 'lastname': 'Qu'}, {'affiliation': 'Department of Neurology, Qingdao Municipal Hospital, Qingdao University, China.', 'firstname': 'Ya-Nan', 'initials': 'YN', 'lastname': 'Ou'}, {'affiliation': 'Department of Neurology and Institute of Neurology, Huashan Hospital, State Key Laboratory of Medical Neurobiology and MOE Frontier Center for Brain Science, Shanghai Medical College, Fudan University, Shanghai, China.', 'firstname': 'Ya-Ru', 'initials': 'YR', 'lastname': 'Zhang'}, {'affiliation': 'Department of Neurology, Qingdao Municipal Hospital, Qingdao University, China. Electronic address: dr.tanlan@163.com.', 'firstname': 'Lan', 'initials': 'L', 'lastname': 'Tan'}, {'affiliation': 'Department of Neurology and Institute of Neurology, Huashan Hospital, State Key Laboratory of Medical Neurobiology and MOE Frontier Center for Brain Science, Shanghai Medical College, Fudan University, Shanghai, China. Electronic address: jintai_yu@fudan.edu.cn.', 'firstname': 'Jin-Tai', 'initials': 'JT', 'lastname': 'Yu'}]",,Copyright © 2021. Published by Elsevier B.V.,10.1016/j.arr.2021.101504,Ageing research reviews,"['Cognitive impairment', 'Dementia', 'Environment', 'Meta-analysis', 'Modifiable factors', 'Observational studies']",,2021-11-11,34755643,"Of the 48,399 publications identified, there were 185 suitable for review across 44 environmental factors. Meta-analyses were performed for 22 factors. With high-to-moderate quality of evidence, risks were suggested in exposure to PM",Environmental factors and risks of cognitive impairment and dementia: A systematic review and meta-analysis.,<Element 'PubmedArticle' at 0x777b00472fc0>,,,,,,
"Parkinson's disease (PD) is a rare, neurodegenerative disease with various occupational and environmental risk factors. Exposure to specific pesticides contributes significantly to the incidence of PD. However, it is difficult to measure the level of pesticide exposure in workers. This study presents the first case recognized the work-relatedness between PD and pesticide exposure.
A 68-year-old male was diagnosed with PD after working with pesticides at a tomato greenhouse for 12 years and 5 months. From the results of a field study, it was reasonable to assume that the patient had been exposed to a significant level of various insecticides. In the present report, we described the first accepted case of work-relatedness between PD and exposure to pesticides. The evaluation was conducted using the following steps: we ruled out other possible risk factors including additional occupational history and personal risk factors, we assessed the work environment, surveyed possible exposures, found proper epidemiological evidence, and calculated the probability of causation. The work-relatedness was determined through the review of epidemiological evidence and estimation of exposure situation and level, and biological plausibility. We also decided work-relatedness based on the exposure of PD related pesticides with identified biologically plausible and the presumption that the exposure level would be high due to the working process.
In this case, the field study and epidemiological results supported the work-relatedness of PD and exposure to pesticides. Moreover, the results of previous studies have confirmed a causal relationship between exposure to pesticides and PD.","[{'affiliation': 'Department of Occupational and Environmental Medicine, Hanyang University Hospital, Seoul, Korea.\nDepartment of Public Health Science, Graduate School of Public Health, Institute of Health and Environment, Seoul National University, Seoul, Korea.', 'firstname': 'Yangwoo', 'initials': 'Y', 'lastname': 'Kim'}, {'affiliation': 'Department of Occupational and Environmental Medicine, College of Medicine, Hanyang University, Seoul, Korea.', 'firstname': 'Inah', 'initials': 'I', 'lastname': 'Kim'}, {'affiliation': 'Occupational Safety and Health Research Institute, Korea Occupational Safety and Health Agency, Incheon, Korea.', 'firstname': 'Jung-Min', 'initials': 'JM', 'lastname': 'Sung'}, {'affiliation': 'Department of Occupational and Environmental Medicine, Hanyang University Hospital, Seoul, Korea.\nDepartment of Occupational and Environmental Medicine, College of Medicine, Hanyang University, Seoul, Korea.', 'firstname': 'Jaechul', 'initials': 'J', 'lastname': 'Song'}]",,Copyright © 2021 Korean Society of Occupational & Environmental Medicine.,10.35371/aoem.2021.33.e6,Annals of occupational and environmental medicine,"['Occupational exposure, Farmers', 'Parkinson disease', 'Pesticides']",,2021-11-11,"34754467
30584159
31752705
27751556
27598189
28185034
28327632
29730746
24710392
21491489
1933245
30479777
29992029
31543970
31543963
22953196
29026062
32082586
15527877
11148228
20403794
22965675
15985567
29276632
25164196
23995985
15822177
19481804
21658306
21269927
25514659
31992750
11022853
22389202
29729297
17116648
18373838
25104429
27722929
31816899
6823561
26063352
22835925",,Parkinson's disease in a worker exposed to insecticides at a greenhouse.,<Element 'PubmedArticle' at 0x777b0047eac0>,,,,,,
"Recent advances in ultrasound (US) have shown its great potential in biomedical applications as diagnostic and therapeutic tools. The coupling of US-assisted drug delivery systems with nanobiomaterials possessing tailor-made functions has been shown to remove the limitations of conventional drug delivery systems. The low-frequency US has significantly enhanced the targeted drug delivery effect and efficacy, reducing limitations posed by conventional treatments such as a limited therapeutic window. The acoustic cavitation effect induced by the US-mediated microbubbles (MBs) has been reported to replace drugs in certain acute diseases such as ischemic stroke. This review briefly discusses the US principles, with particular attention to the recent advancements in drug delivery applications. Furthermore, US-assisted drug delivery coupled with nanobiomaterials to treat different diseases (cancer, neurodegenerative disease, diabetes, thrombosis, and COVID-19) are discussed in detail. Finally, this review covers the future perspectives and challenges on the applications of US-mediated nanobiomaterials.","[{'affiliation': 'Continental-NTU Corporate Lab, Nanyang Technological University, 50 Nanyang Drive, Singapore 637553, Singapore; Department of Chemical and Environmental Engineering, Faculty of Science and Engineering, University of Nottingham Malaysia, Jalan Broga, Semenyih 43500, Selangor Darul Ehsan, Malaysia.', 'firstname': 'Sze', 'initials': 'S', 'lastname': 'Shin Low'}, {'affiliation': 'School of Engineering and Physical Sciences, Heriot-Watt University Malaysia, No. 1, Jalan Venna P5/2, Precinct 5, Putrajaya 62200, Malaysia.', 'firstname': 'Chang', 'initials': 'C', 'lastname': 'Nong Lim'}, {'affiliation': 'Department of Mechanical, Materials and Manufacturing Engineering, University of Nottingham Ningbo China, 199 Taikang East Road, Ningbo 315100, Zhejiang, China.', 'firstname': 'Maxine', 'initials': 'M', 'lastname': 'Yew'}, {'affiliation': 'School of Mechanical Engineering and Automation, Harbin Institute of Technology, Shenzhen, Shenzhen 518055, Guangdong, China.', 'firstname': 'Wai', 'initials': 'W', 'lastname': 'Siong Chai'}, {'affiliation': 'Biofunctional Molecule Exploratory (BMEX) Research Group, School of Pharmacy, Monash University Malaysia, Jalan Lagoon Selatan, Bandar Sunway 47500, Selangor Darul Ehsan, Malaysia; Advanced Engineering Platform, Monash University Malaysia, Jalan Lagoon Selatan, Bandar Sunway 47500, Selangor Darul Ehsan, Malaysia; Institute of Pharmaceutics, College of Pharmaceutical Sciences, Zhejiang University, 866 Yuhangtang Road, Hangzhou 310058, Zhejiang, China. Electronic address: low.liangee@monash.edu.', 'firstname': 'Liang Ee', 'initials': 'LE', 'lastname': 'Low'}, {'affiliation': 'Petroleum and Chemical Engineering, Faculty of Engineering, Universiti Teknologi Brunei, Jalan Tungku Link Gadong, Bandar Seri Begawan, BE1410, Brunei Darussalam. Electronic address: manickam.sivakumar@utb.edu.bn.', 'firstname': 'Sivakumar', 'initials': 'S', 'lastname': 'Manickam'}, {'affiliation': 'Advanced Engineering Platform, Monash University Malaysia, Jalan Lagoon Selatan, Bandar Sunway 47500, Selangor Darul Ehsan, Malaysia; Chemical Engineering Discipline, School of Engineering, Monash University Malaysia, Jalan Lagoon Selatan, Bandar Sunway 47500, Selangor Darul Ehsan, Malaysia.', 'firstname': 'Beng', 'initials': 'B', 'lastname': 'Ti Tey'}, {'affiliation': 'Department of Chemical and Environmental Engineering, Faculty of Science and Engineering, University of Nottingham Malaysia, Jalan Broga, Semenyih 43500, Selangor Darul Ehsan, Malaysia. Electronic address: PauLoke.Show@nottingham.edu.my.', 'firstname': 'Pau Loke', 'initials': 'PL', 'lastname': 'Show'}]",,Copyright © 2021 The Authors. Published by Elsevier B.V. All rights reserved.,10.1016/j.ultsonch.2021.105805,Ultrasonics sonochemistry,"['COVID-19', 'Disease', 'Drug delivery', 'Nanobiomaterial', 'Ultrasound']",,2021-10-28,"34706321
29560283
28435467
30287795
33106619
33341708
33823489
30229771
30001989
28069192
31824930
29204925
30109147
34452096
28159329
32638706
30528729
33517820
21472065
19605664
19168766
19018767
21172736
24150417
34356867
21193706
26011326
8059482
21495672
16843514
11001372
26486350
2470713
15302020
25582025
27807500
25728459
30881202
10863551
1409375
7562407
10835253
11288100
11835204
11879737
11785688
20064753
23453629
25438846
24882525
15925878
20687276
19854563
20888024
9737524
16741187
24631377
11113277
17434661
21700942
21343824
23408755
28342566
29561558
27622835
30347751
23845926
33986662
33789692
30573951
20951750
32957611
32215400
32028170
33594996
31712157
25822929
32154811
32112852
28094959
30192126
32540759
32396928
32985876
26416649
31846757
33723412
20696194
23158532
21441137
23773778
30773375
22823944
16373632
18356546
19559452
32719362
2813349
11526905
24255016
20405100
32757969
21376230
31304563
26456489
26848553
32469636
25172387
26947349
26706240
17505825
20358282
16833832
26273879
22790600
31919853
15751858
12808463
19610320
34027535
26891768
21899536
29316272
24351827
33083711
21725300
23475916
22225300
31998060
26673558
32104455
29939694
17894368
15548777
21150788
14605109
15322299
15972204
19226340
7143059
15947262
11839413
29436310
14507228
2913579
1438012
3510926
2813262
7638603
15629020
9795005
1717221
9741898
12628319
15742939
15584695
10837562
22353619
26646254
28347531
32187834
32185921
32614385
32432996
32694793
33501950
32493791
32049601
32049600
32073353
32298149
31418060
30372119
31670665
30616416
24936303
32166346
32167853
32198775
32333544
32227492
32360111
32756065
32671086
32369390
32822239
29729196
25374726
26833864
32387262
32731913
32380908
24667643
28149636
26603572
31564456
22784036",,Recent ultrasound advancements for the manipulation of nanobiomaterials and nanoformulations for drug delivery.,<Element 'PubmedArticle' at 0x777b00496570>,,,,,,
"This study was conducted as a pilot project to evaluate the feasibility of building an integrate dementia platform converging preexisting dementia cohorts from several variable levels. The following four cohorts were used to develop this pilot platform: 1) Clinical Research Center for Dementia of South Korea (CREDOS), 2) Korean Brain Aging Study for Early Diagnosis and Prediction of Alzheimer's disease (K-BASE), 3) Environmental Pollution-induced Neurological Effects (EPINEF) study, and 4) a prospective registry in Dementia Platform Korea project (DPKR). A total of 29916 patients were included in the platform with 348 integrated variables. Among participants, 13.9%, 31.5%, and 44.2% of patients had normal cognition, mild cognitive impairment, and dementia, respectively. The mean age was 72.4 years. Females accounted for 65.7% of all patients. Those with college or higher education and those without problems in reading or writing accounted for 12.3% and 46.8%, respectively. Marital status, cohabitation, family history of Parkinson's disease, smoking and drinking status, physical activity, sleep status, and nutrition status had rates of missing information of 50% or more. Although individual cohorts were of the same domain and of high quality, we found there were several barriers to integrating individual cohorts, including variability in study variables and measurements. Although many researchers are trying to combine pre-existing cohorts, the process of integrating past data has not been easy. Therefore, it is necessary to establish a protocol with considerations for data integration at the cohort establishment stage.","[{'affiliation': 'Department of Digital Health, SAIHST, Sungkyunkwan University, Seoul, Korea.\nCenter for Clinical Epidemiology, Samsung Medical Center, Seoul, Korea.', 'firstname': 'Minwoong', 'initials': 'M', 'lastname': 'Kang'}, {'affiliation': 'Department of Digital Health, SAIHST, Sungkyunkwan University, Seoul, Korea.\nNeuroscience Center, Samsung Medical Center, Seoul, Korea.', 'firstname': 'Bo Kyoung', 'initials': 'BK', 'lastname': 'Cheon'}, {'affiliation': 'Neuroscience Center, Samsung Medical Center, Seoul, Korea.', 'firstname': 'Min Jung', 'initials': 'MJ', 'lastname': 'Hahn'}, {'affiliation': 'Department of Digital Health, SAIHST, Sungkyunkwan University, Seoul, Korea.\nNeuroscience Center, Samsung Medical Center, Seoul, Korea.\nDepartment of Neurology, Samsung Medical Center, Sungkyunkwan University School of Medicine, Seoul, Korea.', 'firstname': 'Sang Won', 'initials': 'SW', 'lastname': 'Seo'}, {'affiliation': 'Department of Digital Health, SAIHST, Sungkyunkwan University, Seoul, Korea.\nCenter for Clinical Epidemiology, Samsung Medical Center, Seoul, Korea.\nDepartment of Clinical Research Design and Evaluation, SAIHST, Sungkyunkwan University, Seoul, Korea.', 'firstname': 'Juhee', 'initials': 'J', 'lastname': 'Cho'}, {'affiliation': 'Department of Digital Health, SAIHST, Sungkyunkwan University, Seoul, Korea.\nCenter for Research Resource Standardization, Samsung Medical Center, Seoul, Korea.', 'firstname': 'Soo-Yong', 'initials': 'SY', 'lastname': 'Shin'}, {'affiliation': 'Neuroscience Center, Samsung Medical Center, Seoul, Korea.\nDepartment of Neurology, Samsung Medical Center, Sungkyunkwan University School of Medicine, Seoul, Korea.', 'firstname': 'Duk L', 'initials': 'DL', 'lastname': 'Na'}, {'affiliation': 'Department of Preventive Medicine, Yonsei University College of Medicine, Seoul, Korea.', 'firstname': 'Jaelim', 'initials': 'J', 'lastname': 'Cho'}, {'affiliation': 'Department of Neurology, Inha University School of Medicine, Incheon, Korea.', 'firstname': 'Seong Hye', 'initials': 'SH', 'lastname': 'Choi'}, {'affiliation': 'Center for Clinical Epidemiology, Samsung Medical Center, Seoul, Korea.\nDepartment of Clinical Research Design and Evaluation, SAIHST, Sungkyunkwan University, Seoul, Korea. dbee.kang@skku.edu.', 'firstname': 'Danbee', 'initials': 'D', 'lastname': 'Kang'}]",,© Copyright: Yonsei University College of Medicine 2021.,10.3349/ymj.2021.62.11.1062,Yonsei medical journal,"['Dementia', 'cohort', 'database', 'platform']",,2021-10-22,"34672140
31334330
25217787
26194313
25349910
25349916
28576507
32328990
26523894
26318022
26049147
30862124
32783831
15018695
7183759
11773223
21901299
15240928
19561437
29799981
29980228
30584137
20402986
10890289",,Developing a Dementia Platform Databank Using Multiple Existing Cohorts.,<Element 'PubmedArticle' at 0x777b002f4040>,,,,,,
"Dementia is a neurodegenerative disease with no cure that can begin up to 20 years before its diagnosis. A key priority in patients with dementia is the identification of early modifiable factors that can slow the progression of the disease. Community pharmacies are suitable points for cognitive-impairment screening because of their proximity to patients. Therefore, the continuous training of professionals working in pharmacies directly impacts the public health of the population. The main purpose of this study was to assess community pharmacists' knowledge of dementia-related factors. Thus, we conducted a cross-sectional study of 361 pharmacists via an online questionnaire that quizzed their knowledge of a list of dementia-related factors, which we later arranged into the A-to-Z Dementia Knowledge List. We found that younger participants had a better knowledge of risk factors associated with dementia. The risk factors most often identified were a family history of dementia followed by social isolation. More than 40% of the respondents did not identify herpes labialis, sleep more than 9 h per day, and poor hearing as risk factors. A higher percentage of respondents were better able to identify protective factors than risk factors. The least known protective factors were internet use, avoidance of pollution, and the use of anti-inflammatory drugs. Pharmacists' knowledge of dementia-related factors should be renewed with the aim of enhancing their unique placement to easily implement cognitive-impairment screening.","[{'affiliation': 'Cátedra DeCo MICOF-CEU UCH, Universidad Cardenal Herrera-CEU, 46115 Valencia, Spain.\nMuy Ilustre Colegio Oficial de Farmacéuticos, 46003 Valencia, Spain.', 'firstname': 'Hernán', 'initials': 'H', 'lastname': 'Ramos'}, {'affiliation': 'Cátedra DeCo MICOF-CEU UCH, Universidad Cardenal Herrera-CEU, 46115 Valencia, Spain.\nDepartment of Pharmacy, Universidad Cardenal Herrera-CEU, CEU Universities, 46115 Valencia, Spain.', 'firstname': 'Lucrecia', 'initials': 'L', 'lastname': 'Moreno'}, {'affiliation': 'Cátedra DeCo MICOF-CEU UCH, Universidad Cardenal Herrera-CEU, 46115 Valencia, Spain.\nMuy Ilustre Colegio Oficial de Farmacéuticos, 46003 Valencia, Spain.', 'firstname': 'María', 'initials': 'M', 'lastname': 'Gil'}, {'affiliation': 'Cátedra DeCo MICOF-CEU UCH, Universidad Cardenal Herrera-CEU, 46115 Valencia, Spain.', 'firstname': 'Gemma', 'initials': 'G', 'lastname': 'García-Lluch'}, {'affiliation': 'Cátedra DeCo MICOF-CEU UCH, Universidad Cardenal Herrera-CEU, 46115 Valencia, Spain.\nMuy Ilustre Colegio Oficial de Farmacéuticos, 46003 Valencia, Spain.', 'firstname': 'José', 'initials': 'J', 'lastname': 'Sendra-Lillo'}, {'affiliation': 'Cátedra DeCo MICOF-CEU UCH, Universidad Cardenal Herrera-CEU, 46115 Valencia, Spain.\nEmbedded Systems and Artificial Intelligence Group, Universidad Cardenal Herrera-CEU, CEU Universities, 46115 Valencia, Spain.', 'firstname': 'Mónica', 'initials': 'M', 'lastname': 'Alacreu'}]",,,"10.3390/ijerph18199934
10.1016/S0140-6736(20)30367-6
10.3233/JAD-201609
10.3233/JAD-160826
10.1038/s41398-018-0336-y
10.1093/cvr/cvab164
10.1016/S2666-7568(21)00150-1
10.3390/ijms21124306
10.1016/j.brainres.2017.06.032
10.3389/fphar.2018.01232
10.1016/j.jalz.2017.09.006
10.3389/fphar.2021.579489
10.1017/ipm.2020.52
10.2196/jmir.7981
10.4414/smw.2017.14407
10.3390/nu10101560
10.1002/jcsm.12534
10.1186/s12889-020-09274-4
10.1186/s12877-019-1280-2
10.1212/WNL.0000000000010643
10.1007/s40520-019-01225-3
10.1093/gerona/glz244
10.30773/pi.2019.0275
10.1371/journal.pone.0222505
10.1186/s13195-020-00606-5
10.1007/s41999-019-00185-1
10.1371/journal.pone.0232961
10.1111/acps.12336
10.3233/JAD-161252
10.3233/JAD-180285
10.1016/j.jstrokecerebrovasdis.2018.06.036
10.1001/jamaneurol.2019.1148
10.1111/joim.13134
10.3233/JAD-201176
10.1002/jmv.1890330403
10.1007/s13311-018-0611-x
10.1038/s41598-019-41218-w
10.1016/j.neuron.2018.05.023
10.1016/j.bbi.2019.10.014
10.1038/d41586-020-03084-9
10.1007/s00784-020-03764-w
10.11919/j.issn.1002-0829.217059
10.1590/1980-549720190012
10.20944/preprints202006.0150.v1
10.3390/jcm10040604
10.1212/WNL.0000000000007231
10.1186/s13643-017-0632-2
10.1111/jgs.15446
10.1073/pnas.1811537116
10.3233/JAD-180631
10.1016/j.neurobiolaging.2018.06.012
10.3389/fphar.2019.00860
10.1007/s11096-016-0380-8
10.1093/heapro/daz063
10.1186/1471-2318-13-2",International journal of environmental research and public health,"['cognitive impairment', 'dementia', 'knowledge', 'pharmaceutical drugs', 'pharmacist', 'protective factors', 'risk factors']",,2021-10-14,"34639242
32738937
33967045
27911314
30659169
33964140
36097999
32560306
28687259
30420808
29055814
33986659
32434603
29070481
28322422
30347863
32134208
32787809
31638906
32878992
31124057
31613323
32450620
31527913
32252806
31186819
32396544
25219393
28527210
30412485
30087076
31107515
32583471
33216039
1649907
29488144
30894595
29937276
31626972
33149296
33469718
29719346
30892475
33562749
30867271
29258596
29873398
30670647
30775976
30025291
31474852
27655307
31292603
23282030",,Pharmacists' Knowledge of Factors Associated with Dementia: The A-to-Z Dementia Knowledge List.,<Element 'PubmedArticle' at 0x777b002ff8d0>,,,,,,
"Growing epidemiological evidence suggests that air pollution may increase the risk of cognitive decline and neurodegenerative disease. A hallmark of neurodegeneration and an important diagnostic biomarker is volume reduction of a key brain structure, the hippocampus. We aimed to investigate the possibility that outdoor air nitrogen dioxide (NO","[{'affiliation': 'Environmental, Genetic and Nutritional Epidemiology Research Center (CREAGEN); Department of Biomedical, Metabolic and Neural Sciences, University of Modena and Reggio Emilia, Modena, Italy; Medical Physics Unit, Azienda Ospedaliero-Universitaria di Modena, Modena, Italy.', 'firstname': 'Erica', 'initials': 'E', 'lastname': 'Balboni'}, {'affiliation': 'Environmental, Genetic and Nutritional Epidemiology Research Center (CREAGEN); Department of Biomedical, Metabolic and Neural Sciences, University of Modena and Reggio Emilia, Modena, Italy.', 'firstname': 'Tommaso', 'initials': 'T', 'lastname': 'Filippini'}, {'affiliation': ""Barcelonaβeta Brain Research Center (BBRC), Pasqual Maragall Foundation, Barcelona, Spain; Unit of Nutrition and Cancer, Cancer Epidemiology Research Program, Catalan Institute of Oncology (ICO) - Bellvitge Biomedical Research Institute (IDIBELL). L'Hospitalet de Llobregat, Barcelona, Spain; Department of Epidemiology, Harvard T. H. Chan School of Public Health, Boston, MA, USA."", 'firstname': 'Marta', 'initials': 'M', 'lastname': 'Crous-Bou'}, {'affiliation': 'Barcelona Institute for Global Health (ISGlobal), Barcelona, Spain; Department of Experimental and Health Sciences, Pompeu Fabra University, Barcelona, Spain; Spanish Consortium for Research on Epidemiology and Public Health, Instituto de Salud Carlos III, Madrid, Spain; Department of Child and Adolescent Psychiatry, Erasmus MC, University Medical Centre, Rotterdam, The Netherlands.', 'firstname': 'Mònica', 'initials': 'M', 'lastname': 'Guxens'}, {'affiliation': 'Department of Sociology, Brigham Young University, Provo, UT, USA.', 'firstname': 'Lance D', 'initials': 'LD', 'lastname': 'Erickson'}, {'affiliation': 'Environmental, Genetic and Nutritional Epidemiology Research Center (CREAGEN); Department of Biomedical, Metabolic and Neural Sciences, University of Modena and Reggio Emilia, Modena, Italy; Department of Epidemiology, Boston University School of Public Health, Boston, MA, USA. Electronic address: marco.vinceti@unimore.it.', 'firstname': 'Marco', 'initials': 'M', 'lastname': 'Vinceti'}]",,Copyright © 2021 The Authors. Published by Elsevier Inc. All rights reserved.,10.1016/j.envres.2021.111976,Environmental research,"['Hippocampal volume', 'Magnetic resonance imaging', 'Neuroimaging', 'Nitrogen dioxide', 'Particulate matter']",,2021-09-04,34478724,,The association between air pollutants and hippocampal volume from magnetic resonance imaging: A systematic review and meta-analysis.,<Element 'PubmedArticle' at 0x777b00323e20>,,,,,,
"There is increasing interest in the health effects of air pollution. However, the relationships between ozone exposure and mortality attributable to neurological diseases remain unclear.
To assess associations of long-term exposure to ozone with death from Parkinson's disease, dementia, stroke, and multiple sclerosis.
Our analyses were based on the 2001 Canadian Census Health and Environment Cohort. Census participants were linked with vital statistics records through 2016, resulting in a cohort of 3.5 million adults/51,045,700 person-years, with 8,500/51,300/43,300/1,300 deaths from Parkinson's/dementia/stroke/multiple sclerosis, respectively. Ten-year average ozone concentrations estimated by chemical transport models and adjusted by ground measurements were assigned to subjects based on postal codes. Cox proportional hazards models were used to calculate hazard ratios (HRs) for deaths from the four neurological diseases, adjusting for eight common demographic and socioeconomic factors, seven environmental indexes, and six contextual covariates.
The fully adjusted HRs for Parkinson's, dementia, stroke, and multiple sclerosis mortalities related to one interquartile range increase in ozone (10.1 ppb), were 1.09 (95% confidence interval 1.04-1.14), 1.08 (1.06-1.10), 1.06 (1.04-1.09), and 1.35 (1.20-1.51), respectively. The covariates did not influence significance of the ozone-mortality associations, except airshed (i.e., broad region of Canada). During the period of 2001-2016, 5.66%/5.01%/ 3.77%/19.11% of deaths from Parkinson's/dementia/stroke/multiple sclerosis, respectively, were attributable to ozone exposure.
We found positive associations between ozone exposure and mortality due to Parkinson's, dementia, stroke, and multiple sclerosis.","[{'affiliation': 'Division of Clinical Epidemiology, McGill University Health Center, Montreal, QC, Canada.', 'firstname': 'Naizhuo', 'initials': 'N', 'lastname': 'Zhao'}, {'affiliation': 'Health Stataistics Division, Statistics Canada, Ottawa, ON, Canada.', 'firstname': 'Lauren', 'initials': 'L', 'lastname': 'Pinault'}, {'affiliation': 'Health Stataistics Division, Statistics Canada, Ottawa, ON, Canada.', 'firstname': 'Olaniyan', 'initials': 'O', 'lastname': 'Toyib'}, {'affiliation': 'School of Sustainability, Arizona State University, AZ, USA.', 'firstname': 'Jennifer', 'initials': 'J', 'lastname': 'Vanos'}, {'affiliation': 'Health Stataistics Division, Statistics Canada, Ottawa, ON, Canada.', 'firstname': 'Michael', 'initials': 'M', 'lastname': 'Tjepkema'}, {'affiliation': 'Population Studies Division, Environmental Health Science & Research Bureau, Health Canada, Ottawa, ON, Canada. Electronic address: sabit.cakmak@canada.ca.', 'firstname': 'Sabit', 'initials': 'S', 'lastname': 'Cakmak'}]",,Crown Copyright © 2021. Published by Elsevier Ltd. All rights reserved.,10.1016/j.envint.2021.106817,Environment international,"['Dementia', 'Mortality', 'Multiple sclerosis', 'Ozone exposure', 'Parkinson’s', 'Stroke']",,2021-08-14,34385046,"The fully adjusted HRs for Parkinson's, dementia, stroke, and multiple sclerosis mortalities related to one interquartile range increase in ozone (10.1 ppb), were 1.09 (95% confidence interval 1.04-1.14), 1.08 (1.06-1.10), 1.06 (1.04-1.09), and 1.35 (1.20-1.51), respectively. The covariates did not influence significance of the ozone-mortality associations, except airshed (i.e., broad region of Canada). During the period of 2001-2016, 5.66%/5.01%/ 3.77%/19.11% of deaths from Parkinson's/dementia/stroke/multiple sclerosis, respectively, were attributable to ozone exposure.",Long-term ozone exposure and mortality from neurological diseases in Canada.,<Element 'PubmedArticle' at 0x777b00340180>,,,,,,
"Medical cannabis represents a potential route of pesticide exposure to susceptible populations. We compared the qualifying conditions for medical use and pesticide testing requirements of cannabis in 33 states and Washington, D.C. Movement disorders were the most common neurological category of qualifying conditions, including epilepsy, certain symptoms of multiple sclerosis, Parkinson's Disease, and any cause of symptoms leading to seizures or spasticity. Different approaches of pesticide regulation were implemented in cannabis and cannabis-derived products. Six states imposed the strictest U.S. EPA tolerances (i.e. maximum residue levels) for food commodities on up to 400 pesticidal active ingredients in cannabis, while pesticide testing was optional in three states. Dimethomorph showed the largest variation in action levels, ranging from 0.1 to 60 ppm in 5 states. We evaluated the potential connections between insecticides, cannabinoids, and seizure using the Comparative Toxicogenomics Database. Twenty-two insecticides, two cannabinoids, and 63 genes were associated with 674 computationally generated chemical-gene-phenotype-disease (CGPD) tetramer constructs. Notable functional clusters included oxidation-reduction process (183 CGPD-tetramers), synaptic signaling pathways (151), and neuropeptide hormone activity (46). Cholinergic, dopaminergic, and retrograde endocannabinoid signaling pathways were linked to 10 genetic variants of epilepsy patients. Further research is needed to assess human health risk of cannabinoids and pesticides in support of a national standard for cannabis pesticide regulations.","[{'affiliation': 'School of Mathematical and Natural Sciences, Arizona State University - West Campus, Glendale, AZ 85306.\nPharmacology and Toxicology Program, Arizona State University - West Campus, Glendale, AZ 85306.', 'firstname': 'Dorina V', 'initials': 'DV', 'lastname': 'Pinkhasova'}, {'affiliation': 'Pharmacology and Toxicology Program, Arizona State University - West Campus, Glendale, AZ 85306.', 'firstname': 'Laura E', 'initials': 'LE', 'lastname': 'Jameson'}, {'affiliation': 'Pharmacology and Toxicology Program, Arizona State University - West Campus, Glendale, AZ 85306.', 'firstname': 'Kendra D', 'initials': 'KD', 'lastname': 'Conrow'}, {'affiliation': 'ASU Library Data Science and Analytics, Arizona State University, Tempe, AZ 85281.', 'firstname': 'Michael P', 'initials': 'MP', 'lastname': 'Simeone'}, {'affiliation': 'Department of Biological Sciences, North Carolina State University, Raleigh, NC 27695.', 'firstname': 'Allan Peter', 'initials': 'AP', 'lastname': 'Davis'}, {'affiliation': 'Department of Biological Sciences, North Carolina State University, Raleigh, NC 27695.', 'firstname': 'Thomas C', 'initials': 'TC', 'lastname': 'Wiegers'}, {'affiliation': 'Department of Biological Sciences, North Carolina State University, Raleigh, NC 27695.\nCenter for Human Health and the Environment, North Carolina State University, Raleigh, NC 27695.', 'firstname': 'Carolyn J', 'initials': 'CJ', 'lastname': 'Mattingly'}, {'affiliation': 'School of Mathematical and Natural Sciences, Arizona State University - West Campus, Glendale, AZ 85306.\nPharmacology and Toxicology Program, Arizona State University - West Campus, Glendale, AZ 85306.', 'firstname': 'Maxwell C K', 'initials': 'MCK', 'lastname': 'Leung'}]",,,"10.1016/j.crtox.2021.02.007
10.1186/s12974-018-1247-9
10.1289/EHP5265
10.1289/EHP5785
10.1186/s12954-016-0119-9",Current research in toxicology,"['cannabis', 'contaminant', 'database', 'pesticide', 'regulation', 'seizure']",,2021-07-27,"34308371
19741148
33998854
30715980
28496355
29019083
33068428
32663284
24854329
30037344
29953631
31621879
14642724
23185404
27828947
27226047
29741288
22339381
18515270
19033363
19131956
17899491
32469819
25413634
31315019
30668982
32799136
33013414
23108552
31021196
31430176
28861489
27793174
17805420
32791846
24859075
28173984
23737769
26073205
28217094",,Regulatory Status of Pesticide Residues in Cannabis: Implications to Medical Use in Neurological Diseases.,<Element 'PubmedArticle' at 0x777b00343920>,,,,,,
"3,4-dihydroxyphenyl-L-alanine (L-DOPA) is a preferred drug for Parkinson's disease, with an increasing demand worldwide that mainly relies on costly and environmentally problematic chemical synthesis. Yet, biological L-DOPA production is unfeasible at the industrial scale due to its low L-DOPA yield and high production cost. In this study, low-cost ","[{'affiliation': ""Key Laboratory of Biomedical Information Engineering of the Ministry of Education, Department of Biological Science and Bioengineering, School of Life Science and Technology, Xi'an Jiaotong University, Xi'an 710049, China."", 'firstname': 'Jiping', 'initials': 'J', 'lastname': 'Zhao'}, {'affiliation': ""Institute of Bio-Agriculture of Shaanxi Province, Xi'an 710043, China."", 'firstname': 'Ganqiao', 'initials': 'G', 'lastname': 'Ran'}, {'affiliation': ""Key Laboratory of Biomedical Information Engineering of the Ministry of Education, Department of Biological Science and Bioengineering, School of Life Science and Technology, Xi'an Jiaotong University, Xi'an 710049, China."", 'firstname': 'Mengmeng', 'initials': 'M', 'lastname': 'Xu'}, {'affiliation': ""Key Laboratory of Biomedical Information Engineering of the Ministry of Education, Department of Biological Science and Bioengineering, School of Life Science and Technology, Xi'an Jiaotong University, Xi'an 710049, China."", 'firstname': 'Xiaoyun', 'initials': 'X', 'lastname': 'Lu'}, {'affiliation': ""Key Laboratory of Biomedical Information Engineering of the Ministry of Education, Department of Biological Science and Bioengineering, School of Life Science and Technology, Xi'an Jiaotong University, Xi'an 710049, China."", 'firstname': 'Dan', 'initials': 'D', 'lastname': 'Tan'}]",,,"10.3390/molecules26133778
10.2135/cropsci2018.03.0172
10.1007/s00726-010-0768-z
10.1186/s12934-019-1122-0
10.4236/apd.2013.23016
10.1007/s00253-020-10949-6
10.1556/1326.2020.00760
10.1007/s00253-014-6215-4
10.1016/j.procbio.2012.08.018
10.1007/s12010-019-03164-1
10.1007/s10295-011-0973-0
10.1186/1472-6750-7-50
10.1016/j.jbiotec.2004.08.016
10.1111/j.1742-4658.2010.07621.x
10.1034/j.1600-0749.2002.02012.x
10.3390/nano8060438
10.1016/S0141-0229(97)00195-6
10.1016/S0141-0229(02)00182-5
10.1007/s00253-019-09851-7
10.1038/srep26612
10.1128/JB.01723-08
10.1016/j.copbio.2017.10.008
10.1016/j.tibtech.2020.11.010
10.1016/j.ymben.2019.10.007
10.1016/j.biortech.2011.05.068
10.1016/j.ymben.2018.03.018
10.1016/j.ymben.2017.09.004
10.1186/1475-2859-10-88
10.1016/j.biotechadv.2010.06.005
10.1016/j.molcatb.2009.09.014
10.1016/j.biortech.2019.121730
10.1016/j.nbt.2011.05.007
10.1002/bip.360340510
10.1038/nbt1183-784
10.1016/j.ymben.2014.09.001
10.1038/nmeth.1318
10.1371/journal.pone.0005553
10.1016/j.ymben.2014.02.006
10.1021/bc8001979
10.1099/00207713-44-4-774
10.1007/s00253-016-8085-4
10.1038/nprot.2006.468
10.1016/S0021-9258(18)74509-2","Molecules (Basel, Switzerland)","['Halomonas bluephagenesis', 'L-DOPA', 'immobilization', 'polyhydroxyalkanoates', 'tyrosinase']",,2021-07-03,"34206459
20963458
31023316
33067683
25432672
31729696
21512819
17705832
15639092
20345903
12028580
29914085
31127354
27222167
19270094
29169056
33431229
31678427
21680179
29609045
28918285
22040376
20600783
31279520
21664502
8068328
25217798
19363495
19436741
24566041
18778091
28105486
17406544",,Cost-Effective Production of L-DOPA by Tyrosinase-Immobilized Polyhydroxyalkanoate Nanogranules in Engineered ,<Element 'PubmedArticle' at 0x777b00360950>,,,,,,
"Long-term exposure to fine particulate matter (PM
To characterize the association between specific PM
We obtained data on hospitalizations from the New York Department of Health Statewide Planning and Research Cooperative System (2000-2014) to calculate annual first PD hospitalization counts in New York State per county. We used well-validated prediction models at 1 km
We observed a total of 197,545 PD first hospitalizations in NYS from 2000 to 2014. The annual average count per county was 212 first hospitalizations. The RR (95% confidence interval) for PD aggravation was 1.06 (1.03, 1.10) per one standard deviation (SD) increase in nitrate concentrations and 1.06 (1.04, 1.09) for the corresponding increase in OM concentrations. We also found a nonlinear inverse association between PD aggravation and BC at concentrations above the 96th percentile. We found a marginal association with SS and no association with sulfate or soil exposure.
In this study, we detected associations between the PM","[{'affiliation': 'Department of Environmental Health Sciences, Columbia University Mailman School of Public Health, New York, NY, USA. Electronic address: yn2295@cumc.columbia.edu.', 'firstname': 'Yanelli', 'initials': 'Y', 'lastname': 'Nunez'}, {'affiliation': 'Department of Epidemiology and Neurology, Columbia University, New York, NY, USA.', 'firstname': 'Amelia K', 'initials': 'AK', 'lastname': 'Boehme'}, {'affiliation': 'Department of Environmental Health Sciences, Columbia University Mailman School of Public Health, New York, NY, USA.', 'firstname': 'Maggie', 'initials': 'M', 'lastname': 'Li'}, {'affiliation': 'Department of Biostatistics, Columbia University Mailman School of Public Health, New York, NY, USA.', 'firstname': 'Jeff', 'initials': 'J', 'lastname': 'Goldsmith'}, {'affiliation': 'Department of Environmental Health, Harvard T.H. Chan School of Public Health, Boston, MA, USA.', 'firstname': 'Marc G', 'initials': 'MG', 'lastname': 'Weisskopf'}, {'affiliation': 'Department of Environmental Health Sciences, Columbia University Mailman School of Public Health, New York, NY, USA.', 'firstname': 'Diane B', 'initials': 'DB', 'lastname': 'Re'}, {'affiliation': 'Department of Environmental Health Sciences, Columbia University Mailman School of Public Health, New York, NY, USA.', 'firstname': 'Ana', 'initials': 'A', 'lastname': 'Navas-Acien'}, {'affiliation': 'Department of Energy, Environmental & Chemical Engineering, Washington University at St. Louis, MO, USA; Department of Physics and Atmospheric Science, Dalhousie University, Halix, Nova Scotia, Canada.', 'firstname': 'Aaron', 'initials': 'A', 'lastname': 'van Donkelaar'}, {'affiliation': 'Department of Energy, Environmental & Chemical Engineering, Washington University at St. Louis, MO, USA; Department of Physics and Atmospheric Science, Dalhousie University, Halix, Nova Scotia, Canada.', 'firstname': 'Randall V', 'initials': 'RV', 'lastname': 'Martin'}, {'affiliation': 'Department of Environmental Health Sciences, Columbia University Mailman School of Public Health, New York, NY, USA.', 'firstname': 'Marianthi-Anna', 'initials': 'MA', 'lastname': 'Kioumourtzoglou'}]","In this study, we detected associations between the PM",Copyright © 2021. Published by Elsevier Inc.,10.1016/j.envres.2021.111554,Environmental research,"['Air pollution', 'Epidemiology', 'Long-term exposures', 'Neurodegenerative diseases', 'PM2.5 chemical composition', ""Parkinson's disease""]",,2021-06-29,"34181919
21890573
22194192
25227730
23850585
17637911
18079763
27567860
22389181
30169957
28063597
26945620
26724585
20801209
23380027
17445792
30577116
26349946
10656852
25926123
27105081
11002600
24776070
21463978
25947314
25738903
25978701
24410940
25951420
28300224
27614945
22456598
27285422
19679711
22850792
28919116
33555200
23983860
17366813
25294559
19711119
25807066
17520052
21172758
26151951
17415791
8875828
33091388
30124852
18006900
24517544
31103844
28150045
30698001
33010415
20959505
31649797
29331891","We observed a total of 197,545 PD first hospitalizations in NYS from 2000 to 2014. The annual average count per county was 212 first hospitalizations. The RR (95% confidence interval) for PD aggravation was 1.06 (1.03, 1.10) per one standard deviation (SD) increase in nitrate concentrations and 1.06 (1.04, 1.09) for the corresponding increase in OM concentrations. We also found a nonlinear inverse association between PD aggravation and BC at concentrations above the 96th percentile. We found a marginal association with SS and no association with sulfate or soil exposure.",Parkinson's disease aggravation in association with fine particle components in New York State.,<Element 'PubmedArticle' at 0x777b00382930>,,,,,,
"Neurotrophic factors (NTFs) are small secreted proteins that support the development, maturation and survival of neurons. NTFs injected into the brain rescue and regenerate certain neuronal populations lost in neurodegenerative diseases, demonstrating the potential of NTFs to cure the diseases rather than simply alleviating the symptoms. NTFs (as the vast majority of molecules) do not pass through the blood-brain barrier (BBB) and therefore, are delivered directly into the brain of patients using costly and risky intracranial surgery. The delivery efficacy and poor diffusion of some NTFs inside the brain are considered the major problems behind their modest effects in clinical trials. Thus, there is a great need for NTFs to be delivered systemically thereby avoiding intracranial surgery. Nanoparticles (NPs), particles with the size dimensions of 1-100 nm, can be used to stabilize NTFs and facilitate their transport through the BBB. Several studies have shown that NTFs can be loaded into or attached onto NPs, administered systemically and transported to the brain. To improve the NP-mediated NTF delivery through the BBB, the surface of NPs can be functionalized with specific ligands such as transferrin, insulin, lactoferrin, apolipoproteins, antibodies or short peptides that will be recognized and internalized by the respective receptors on brain endothelial cells. In this review, we elaborate on the most suitable NTF delivery methods and envision ""ideal"" NTF for Parkinson's disease (PD) and clinical trial thereof. We shortly summarize clinical trials of four NTFs, glial cell line-derived neurotrophic factor (GDNF), neurturin (NRTN), platelet-derived growth factor (PDGF-BB), and cerebral dopamine neurotrophic factor (CDNF), that were tested in PD patients, focusing mainly on GDNF and CDNF. We summarize current possibilities of NP-mediated delivery of NTFs to the brain and discuss whether NPs have impact in improving the properties of NTFs and delivery across the BBB. Emerging delivery approaches and future directions of NTF-based nanomedicine are also discussed.","[{'affiliation': 'Institute of Biotechnology, HiLIFE, University of Helsinki, Helsinki, Finland.\nLaboratory of Environmental Toxicology, National Institute of Chemical Physics and Biophysics, Tallinn, Estonia.', 'firstname': 'Olesja', 'initials': 'O', 'lastname': 'Bondarenko'}, {'affiliation': 'Institute of Biotechnology, HiLIFE, University of Helsinki, Helsinki, Finland.', 'firstname': 'Mart', 'initials': 'M', 'lastname': 'Saarma'}]",,Copyright © 2021 Bondarenko and Saarma.,"10.3389/fncel.2021.682597
10.1038/nrn1824
10.1038/nrn812
10.1007/s12035-016-9762-0
10.1517/17425247.2015.1069815
10.3233/JPD-202004
10.1038/s41586-018-0087-1
10.1016/j.nbd.2016.03.027
10.1083/jcb.201009136
10.1007/s11095-016-1958-5
10.1038/mp.2017.61
10.1002/ana.21995
10.1007/s43440-020-00120-3
10.1016/j.ejpb.2005.11.006
10.1021/acs.nanolett.0c00571
10.1016/j.jconrel.2012.01.043
10.1111/j.1471-4159.2008.05492.x
10.1016/j.brainres.2006.01.083
10.1002/adma.201801362
10.1016/j.jconrel.2020.12.034
10.1016/j.stem.2020.01.010
10.1016/j.biomaterials.2016.09.015
10.1002/mds.23793
10.1038/nm850
10.1016/j.neuropharm.2018.05.014
10.1023/A:1018983904537
10.1002/mds.27724
10.1007/s12035-017-0728-7
10.2147/IJN.S61940
10.1016/j.ejpb.2013.03.034
10.1016/0304-3940(94)90218-6
10.1523/jneurosci.15-02-01567.1995
10.1002/jgm.1361
10.1007/s11095-013-1005-8
10.1177/0963689719840290
10.1038/s41467-019-11762-0
10.1038/nnano.2008.30
10.1002/adfm.201703982
10.1016/S0142-9612(03)00601-X
10.1159/000017069
10.1016/j.biomaterials.2009.08.049
10.1016/j.jconrel.2017.09.001
10.1161/01.STR.0000066869.45310.50
10.1038/s41565-018-0179-y
10.1093/brain/awt192
10.1038/384467a0
10.1101/2020.09.22.307744
10.1371/journal.pbio.0050039
10.1016/j.addr.2013.08.008
10.1016/S0168-3659(97)00061-8
10.1371/journal.pgen.1005710
10.1080/10611860903112842
10.1002/ana.20737
10.1038/nrn3550
10.1002/jez.1401160206
10.1038/nm1746
10.1016/j.jconrel.2016.05.052
10.1016/j.jconrel.2020.02.044
10.1126/science.8493557
10.1016/j.nbd.2019.104696
10.1016/j.nbd.2016.07.009
10.1038/nature05957
10.1021/jacs.0c09390
10.1016/S0006-8993(02)03222-5
10.1038/nrn3505
10.1039/c2nr31657a
10.3389/fnagi.2020.593572
10.1016/S1474-4422(08)70065-6
10.1021/acs.nanolett.7b00616
10.1016/j.mcn.2007.06.011
10.1038/nrd1033
10.1038/nnano.2012.207
10.1126/scitranslmed.3003594
10.1038/s41578-021-00281-4
10.1016/j.bpj.2017.06.052
10.1016/S0006-3495(93)81324-9
10.1016/j.neuron.2013.10.061
10.1212/WNL.60.1.69
10.1038/s41598-020-75253-9
10.1001/archneur.1991.00530160037011
10.1038/s41583-019-0257-7
10.1172/JCI79635
10.1385/JMN:20:2:173
10.3109/07853890.2012.663927
10.1016/j.biomaterials.2012.06.063
10.1007/s12035-015-9234-y
10.1016/j.jconrel.2020.04.054
10.1002/ana.410260107
10.1038/nbt.3835
10.3389/fnins.2020.570409
10.1016/j.expneurol.2006.07.015
10.1016/j.jconrel.2016.05.044
10.1056/nejmoa1915872
10.1016/j.biomaterials.2018.05.028
10.1186/s12951-015-0075-7
10.1038/s41565-020-0737-y
10.3390/ijms21186575
10.3171/jns.2005.102.2.0216
10.3389/fchem.2018.00360
10.1016/j.colsurfb.2008.07.004
10.1016/j.cytogfr.2011.05.001
10.1038/nrneurol.2017.188
10.1002/adma.201200634
10.1038/s41591-021-01257-1
10.1016/j.biomaterials.2006.12.021
10.1371/journal.pone.0056186
10.2165/00003088-200140120-00003
10.1038/nrd1632
10.1016/j.jconrel.2018.12.036
10.1016/j.expneurol.2010.12.013
10.1523/JNEUROSCI.0833-09.2009
10.1002/ana.24436
10.1038/s41467-020-17029-3
10.1093/brain/awz023
10.1016/j.jconrel.2011.08.017
10.1073/pnas.96.1.254
10.4103/1673-5374.180747
10.1016/j.isci.2020.101810
10.1006/exnr.1994.1076
10.1039/c5nr01172h
10.2147/IJN.S259134
10.3233/JPD-2011-0003
10.1002/anie.201802309
10.1021/acs.nanolett.0c01806
10.1016/j.cell.2020.03.024
10.1039/c9nr08194a",Frontiers in cellular neuroscience,"['Parkinson’s disease', 'brain-derived neurotrophic factor', 'cerebral dopamine neurotrophic factor', 'dopamine neurons', 'endoplasmic reticulum stress', 'glial cell line-derived neurotrophic factor', 'nanomedicine', 'neuroinflammation']",,2021-06-22,"34149364
16371949
11988777
26897372
26289676
32508331
29769670
27063798
21200028
27299311
28397840
20517933
32700249
16497494
32208704
22353619
18489712
16703672
30066406
33370576
32059808
27697668
21661048
12669033
29857941
10554098
31145831
28866799
24920904
23639739
7891873
7869118
19554623
23703371
30947516
31439844
18654486
29785179
14609682
9701676
29206030
19765819
28887135
12677018
29988049
23884810
8945474
36739529
17298183
17110063
23981489
26681446
19694610
16429411
23985834
14824426
18391963
27235980
32112852
8493557
31783118
27425895
17611540
33315369
12363411
23674053
23079862
33364933
18387850
28511006
17702601
12612647
23212421
22932224
28755756
7508761
24411731
12525720
33106562
2012510
31907406
25689258
12794311
23305235
22795856
26041662
32376461
2549846
28398344
33408604
16962582
27208862
32402162
29804001
25880565
32669664
32911810
15739547
30177965
18722754
21689963
29377008
22610659
33649496
17240442
23526931
11735609
15688077
30579984
21185834
19641128
26061140
32591530
30808022
21872624
9874805
27212923
33299977
8200435
26503908
32922005
23939256
29575461
32510957
32272060
31730144",,"Neurotrophic Factors in Parkinson's Disease: Clinical Trials, Open Challenges and Nanoparticle-Mediated Delivery to the Brain.",<Element 'PubmedArticle' at 0x777b0039e700>,,,,,,
"The reconnection of the scientific community with phenotypic drug discovery has created exciting new possibilities to develop therapies for diseases with highly complex biology. It promises to revolutionise fields such as neurodegenerative disease and regenerative medicine, where the development of new drugs has consistently proved elusive. Arguably, the greatest challenge in readopting the phenotypic drug discovery approach exists in establishing a crucial chain of translatability between phenotype and benefit to patients in the clinic. This remains a key stumbling block for the field which needs to be overcome in order to fully realise the potential of phenotypic drug discovery. Excellent quality chemical probes and chemistry-based target deconvolution techniques will be a crucial part of this process. In this review, we discuss the current capabilities of chemical probes and chemistry-based target deconvolution methods and evaluate the next advances necessary in order to fully support phenotypic screening approaches in drug discovery.","[{'affiliation': 'School of Natural and Environmental Sciences, Newcastle University Bedson Building Newcastle upon Tyne NE1 7RU UK kate.madden@newcastle.ac.uk.\nMedicinal Chemistry, Monash Institute of Pharmaceutical Sciences, Monash University Parkville Victoria 3052 Australia manuela.jorg@monash.edu.', 'firstname': 'Manuela', 'initials': 'M', 'lastname': 'Jörg'}, {'affiliation': 'School of Natural and Environmental Sciences, Newcastle University Bedson Building Newcastle upon Tyne NE1 7RU UK kate.madden@newcastle.ac.uk.\nMedicinal Chemistry, Monash Institute of Pharmaceutical Sciences, Monash University Parkville Victoria 3052 Australia manuela.jorg@monash.edu.', 'firstname': 'Katrina S', 'initials': 'KS', 'lastname': 'Madden'}]",,This journal is © The Royal Society of Chemistry.,10.1039/d1md00022e,RSC medicinal chemistry,[],,2021-06-15,"34124668
28858338
18971340
28800248
23511784
26620403
18559613
23060265
20823850
21701501
30032033
26401762
15340390
21715677
21587251
20237469
20168317
20130565
25033736
27616293
18936753
27131606
26091267
31082225
33062159
22409666
31231030
24080259
23983234
25033734
29686618
28685762
26109101
27616293
31562255
25653139
24524933
27034412
19070883
9083258
18072586
32311374
19171922
10838414
21828073
26024842
26818440
31227747
23951090
28591653
28827786
27475716
27110630
32636524
0
28391362
33426535
29256493
32678871
27233291
33138918
33077832
27296278
30534474
31171693
32745950
31733898
21639131
18646744
31987936
29667823
26924984
27045664
31174272
26924521
27560178
31769920
27487177
26482930
15183333
26962875
29736720
32645448
31734566
26787137
27427232
26441648
32091207
0
28647086
33287212
23508189
23796909
29683660
25630223
26115575
21077692
17917669
31958029
26272035
30392561
23337810
32971235
21426066
21091654
30035545
23850704
23903212
21532551
28697345
26196764
26933732
28647086
32375076
32881363
23508172
32551991
21068722
20871596
21568322
31261804
32945676
11278324
18436192
15897240
27166145
20615965
25038787
26724334
32691820
19573791
23734587
25979488
27860833
33319586
23628794
24220853
32788590
32561299
27098809
30128068
32109778
27723264
15975926
27347648
21664307
28557180
21941435
31755636
32786811
22667687
19583257
17227860
11102872
18366325
20147750
18217751
25686004
26511518
15123283
22639623
23281006
31060360
31087097
23828940
27669419
31767405
25278616
29706543
30925293
26379230
30846556
28652855
32127489
21358739
23235874
31778323
33334221
32222318
35519875",,The right tools for the job: the central role for next generation chemical probes and chemistry-based target deconvolution methods in phenotypic drug discovery.,<Element 'PubmedArticle' at 0x777b001e8d60>,,,,,,
"Cognitive impairment is a common non-motor symptom in Parkinson's Disease (PD) and an important source of patient disability and caregiver burden. The timing, profile and rate of cognitive decline varies widely among individuals with PD and can range from normal cognition to mild cognitive impairment (PD-MCI) and dementia (PDD). Beta-amyloid and tau brain accumulation, oxidative stress and neuroinflammation are reported risk factors for cognitive impairment. Traumatic brain injury and pesticide and tobacco exposure have also been described. Genetic risk factors including genes such as ","[{'affiliation': ""Edmond J. Safra Program in Parkinson's Disease and the Morton and Gloria Shulman Movement Disorders Clinic, Toronto Western Hospital, University Health Network, Toronto, ON M5T2S8, Canada."", 'firstname': 'Paulina', 'initials': 'P', 'lastname': 'Gonzalez-Latapi'}, {'affiliation': 'Parkinson and Other Movement Disorders Center, Department of Neurosciences, University of California San Diego, La Jolla, CA 92093, USA.', 'firstname': 'Ece', 'initials': 'E', 'lastname': 'Bayram'}, {'affiliation': 'Parkinson and Other Movement Disorders Center, Department of Neurosciences, University of California San Diego, La Jolla, CA 92093, USA.', 'firstname': 'Irene', 'initials': 'I', 'lastname': 'Litvan'}, {'affiliation': ""Edmond J. Safra Program in Parkinson's Disease and the Morton and Gloria Shulman Movement Disorders Clinic, Toronto Western Hospital, University Health Network, Toronto, ON M5T2S8, Canada."", 'firstname': 'Connie', 'initials': 'C', 'lastname': 'Marras'}]",,,"10.3390/bs11050074
10.1212/01.WNL.0000036610.36834.E0
10.1016/j.parkreldis.2011.01.003
10.1002/ana.20102
10.1002/mds.26424
10.1002/mds.27670
10.1002/mds.27802
10.1001/jamaneurol.2017.2248
10.1002/mds.27616
10.1002/mds.27189
10.1093/brain/awz111
10.1093/brain/aww291
10.1212/WNL.0000000000007453
10.1212/01.wnl.0000187889.17253.b1
10.1177/0891988714532015
10.1007/s00415-009-5268-2
10.1212/WNL.0000000000000066
10.1212/WNL.0b013e3181f39d0e
10.1002/mds.23823
10.1016/j.parkreldis.2014.01.009
10.1002/gps.4261
10.1159/000341998
10.1002/mds.23388
10.1212/WNL.0b013e31829c5c86
10.1002/mds.27002
10.1002/mds.21956
10.1002/mds.21507
10.1002/mds.24893
10.1002/mds.27617
10.1080/13803395.2015.1087465
10.2174/1570159X14666151208112754
10.1002/mds.27233
10.1002/mds.26084
10.1002/mds.110
10.1212/WNL.0000000000003634
10.1002/mds.27902
10.1212/WNL.56.6.730
10.1002/mdc3.13122
10.3233/JPD-130304
10.1002/mds.20974
10.1212/WNL.0000000000002001
10.1007/s00415-019-09197-0
10.1016/j.parkreldis.2020.09.028
10.1002/mds.25499
10.1016/j.parkreldis.2011.10.014
10.1155/2015/916971
10.1002/ajmg.b.32549
10.1002/ana.24777
10.1371/journal.pone.0167749
10.1002/ana.24781
10.1007/s11910-018-0860-4
10.1002/mds.27989
10.1002/mds.25647
10.1016/S1474-4422(08)70117-0
10.1111/ene.14115
10.1002/mds.27352
10.1001/jamaneurol.2013.488
10.1016/j.parkreldis.2013.09.025
10.1371/journal.pone.0133002
10.1016/j.jocn.2014.08.032
10.1212/WNL.0000000000001609
10.1080/13825585.2012.690366
10.1212/WNL.0000000000003288
10.1016/j.ajpath.2013.12.007
10.1007/s00415-014-7560-z
10.1186/alzrt255
10.1002/mds.27867
10.1093/brain/awy146
10.1136/jnnp-2019-321111
10.1159/000094871
10.1002/mds.23287
10.1016/j.parkreldis.2013.03.009
10.1016/j.jns.2014.05.052
10.1002/mds.22594
10.1002/mds.25282
10.1186/1471-2377-14-113
10.1212/WNL.54.10.1916
10.1007/s00401-003-0705-2
10.1002/ana.20635
10.1007/s007020200027
10.1001/archneurol.2012.1608
10.1093/brain/awr031
10.1111/bpa.12182
10.1016/j.parkreldis.2013.05.010
10.1007/s00702-007-0856-8
10.1111/nan.12648
10.1016/j.brainres.2011.02.052
10.1002/ana.23659
10.1016/j.parkreldis.2016.03.006
10.1002/mdc3.13143
10.1002/mds.24939
10.1002/mds.27665
10.1016/S1474-4422(06)70537-3
10.1111/ene.13797
10.1212/WNL.0000000000001716
10.1212/WNL.0b013e3182a43e45
10.1002/mds.27492
10.1016/j.archger.2011.06.022
10.3988/jcn.2019.15.4.517
10.1212/WNL.0000000000000842
10.2147/NDT.S182123
10.1111/j.1468-1331.2006.01092.x
10.1097/NEN.0b013e3181d88e63
10.1007/s10048-007-0116-y
10.1371/journal.pone.0018660
10.3233/JPD-191900
10.1016/j.molmed.2013.01.002
10.1016/j.jns.2011.12.008
10.1212/WNL.0000000000005475
10.1016/j.parkreldis.2018.08.023
10.1017/S0317167100012981
10.1093/aje/kwm127
10.1159/000327748
10.1007/s11357-016-9871-8
10.3233/JAD-2011-110587
10.1016/j.parkreldis.2007.11.001
10.1016/j.parkreldis.2014.03.016
10.1111/ene.12533
10.1016/j.pneurobio.2005.06.004
10.1016/j.jalz.2014.06.016
10.1016/j.bbi.2013.07.007
10.1093/brain/aws009
10.1097/FBP.0000000000000505
10.3389/fcell.2020.548283
10.1002/mds.26513
10.1001/jamaneurol.2016.1948
10.1002/ana.20882
10.1034/j.1600-0404.2003.00128.x
10.1016/j.apmr.2013.08.298
10.1016/B978-0-444-63521-1.00030-3
10.1016/j.parkreldis.2016.05.024
10.1001/archneurol.2009.195
10.3390/ijerph13090881
10.1002/ana.10028
10.1212/WNL.0b013e3181d55f38
10.1002/mds.20029
10.1002/mds.27577
10.1080/13607863.2015.1090393
10.1007/s00415-020-10189-8
10.1093/brain/awu201
10.3233/JPD-150762
10.1007/s00415-009-0119-8
10.1136/jnnp-2013-305277
10.1001/archneurol.2011.17
10.1002/mds.24946
10.1001/jamaneurol.2014.1455
10.3389/fpsyt.2016.00089
10.1086/425589
10.1038/sj.mp.4001973
10.1002/mds.20118
10.1093/brain/awp245
10.1038/nature19766
10.1523/JNEUROSCI.0348-04.2004
10.1111/j.1468-1331.2009.02706.x
10.1016/j.neulet.2013.12.051
10.1371/journal.pone.0038469
10.1016/j.jocn.2011.03.015
10.1159/000352033
10.1016/j.neurobiolaging.2014.08.023
10.1097/PSY.0b013e3181d14633
10.1016/j.bandc.2008.09.008
10.11138/fneur/2016.31.1.025
10.1002/mds.26291
10.1111/j.1600-0404.2010.01338.x
10.1016/j.physbeh.2004.07.034
10.1016/S0024-3205(03)00115-2
10.1152/jn.01158.2006
10.3233/JAD-2010-100897
10.1007/s13668-019-0271-4
10.1016/j.ctim.2020.102366
10.3390/nu13020429
10.3389/fneur.2018.00909
10.1186/s12877-016-0405-0
10.1080/1028415X.2020.1840117
10.3233/JPD-130206
10.3233/JPD-171122
10.3233/JAD-2010-101428
10.1093/aje/kwf074
10.1002/ana.10277
10.1016/j.parkreldis.2018.02.016
10.1186/s12883-019-1427-y
10.1212/WNL.0000000000004568","Behavioral sciences (Basel, Switzerland)","['Parkinson’s disease', 'clinical profile', 'dementia', 'mild cognitive impairment', 'risk factors']",,2021-06-03,"34068064
12473757
21310647
15174009
26474316
30919499
31412427
28973176
30735573
29063713
31111143
28082300
30944240
16237129
24789732
19690907
24363137
20855849
21661055
24495708
25676160
23038420
20925068
23794682
28605056
18307261
17542011
22275317
30653248
26602176
26644155
29168899
25449653
30216541
28108638
31743500
11274306
33553493
24296865
16721732
26362285
30635723
32987359
23674458
22104010
26421210
28548708
27632223
28030538
27717005
29884970
32073681
24243757
18539534
31686421
29644727
23835509
24183678
26171861
25595960
25925983
22670852
27708128
24625392
25380583
24987465
31660655
29878075
31444276
16899997
20818673
23643469
24928081
19795497
23408705
24884485
10822429
12687392
16240351
11956955
22825369
21596773
25103200
23746454
18301958
32720329
21376022
23037886
27010070
33553496
22322798
30869825
16914401
30169897
26156514
23935177
30468694
21763014
31591841
25171928
31447560
16420403
20418782
18196299
21533026
32333549
23375873
22265943
29626177
30193817
23250131
17584757
21677446
26820749
21765209
18321759
24725754
25104282
16081203
25239737
23911592
22344583
31625975
33262983
26853899
27400367
16718702
12956856
24581909
25701902
27260791
19752299
27598189
11761476
20220126
15197698
30653734
26416159
32865628
25080285
27061069
19308307
23781007
21403021
22344634
25178429
27242557
15457404
17325717
15300652
19812213
27680698
15128854
19538209
24394906
22859933
22001244
24051673
25444596
20223924
19006643
27027891
26148003
20199518
15642600
12628445
17625057
20847399
30949921
32444045
33525638
30483205
28086755
33151126
24081441
28984616
21157028
12196314
12205639
29449185
31412802
28954882",,"Cognitive Impairment in Parkinson's Disease: Epidemiology, Clinical Profile, Protective and Risk Factors.",<Element 'PubmedArticle' at 0x777b0022a2a0>,,,,,,
"Though growing evidence has linked air pollution to Parkinson's disease (PD), the results remain inconsistent. Less is known about the relevance of road proximity and surrounding green. We aimed to investigate the individual and joint associations of air pollution, road proximity and surrounding green with the incidence of PD in a prospective cohort study.
We used data from a prospective cohort of 47,516 participants recruited from July 2015 to January 2018 in Ningbo, China. Long-term exposure to particulate matter with aerodynamic diameter ≤2.5 μm (PM
In single-exposure models, PM
We found that PM","[{'affiliation': 'Department of Epidemiology and Biostatistics, Zhejiang University School of Public Health, Hangzhou, Zhejiang, China.', 'firstname': 'Zhebin', 'initials': 'Z', 'lastname': 'Yu'}, {'affiliation': 'Department of Epidemiology and Biostatistics, Zhejiang University School of Public Health, Hangzhou, Zhejiang, China.', 'firstname': 'Fang', 'initials': 'F', 'lastname': 'Wei'}, {'affiliation': 'Department of Epidemiology and Biostatistics, Zhejiang University School of Public Health, Hangzhou, Zhejiang, China.', 'firstname': 'Xinhan', 'initials': 'X', 'lastname': 'Zhang'}, {'affiliation': 'Department of Epidemiology and Biostatistics, Zhejiang University School of Public Health, Hangzhou, Zhejiang, China.', 'firstname': 'Mengyin', 'initials': 'M', 'lastname': 'Wu'}, {'affiliation': 'The Center for Disease Control and Prevention of Yinzhou District, Ningbo, Zhejiang, China.', 'firstname': 'Hongbo', 'initials': 'H', 'lastname': 'Lin'}, {'affiliation': 'Health Commission of Ningbo, Zhejiang, China.', 'firstname': 'Liming', 'initials': 'L', 'lastname': 'Shui'}, {'affiliation': 'Department of Epidemiology and Biostatistics, Zhejiang University School of Public Health, Hangzhou, Zhejiang, China; Department of Epidemiology and Biostatistics, And Cancer Institute of the Second Affiliated Hospital, Zhejiang University School of Medicine, Zhejiang, China.', 'firstname': 'Mingjuan', 'initials': 'M', 'lastname': 'Jin'}, {'affiliation': ""Department of Epidemiology and Biostatistics, Zhejiang University School of Public Health, Hangzhou, Zhejiang, China; Department of Epidemiology and Biostatistics, And National Clinical Research Center for Child Health of the Children's Hospital, Zhejiang University School of Medicine, Zhejiang, China."", 'firstname': 'Jianbing', 'initials': 'J', 'lastname': 'Wang'}, {'affiliation': 'Department of Epidemiology and Biostatistics, Zhejiang University School of Public Health, Hangzhou, Zhejiang, China. Electronic address: tangml@zju.edu.cn.', 'firstname': 'Mengling', 'initials': 'M', 'lastname': 'Tang'}, {'affiliation': 'Department of Epidemiology and Biostatistics, Zhejiang University School of Public Health, Hangzhou, Zhejiang, China; Department of Epidemiology and Biostatistics, And Cancer Institute of the Second Affiliated Hospital, Zhejiang University School of Medicine, Zhejiang, China. Electronic address: ck@zju.edu.cn.', 'firstname': 'Kun', 'initials': 'K', 'lastname': 'Chen'}]",,Copyright © 2021 Elsevier Inc. All rights reserved.,10.1016/j.envres.2021.111170,Environmental research,"['Air pollution', 'Cohort study', 'Greenness', ""Parkinson's disease"", 'Road proximity']",,2021-04-23,33887274,"In single-exposure models, PM","Air pollution, surrounding green, road proximity and Parkinson's disease: A prospective cohort study.",<Element 'PubmedArticle' at 0x777b0029a840>,,,,,,
"Exposure to occupational manganese (Mn) is associated with neurotoxic brain injury, manifesting primarily as parkinsonism. The association between environmental Mn exposure and parkinsonism is unclear. To characterize the association between environmental Mn exposure and parkinsonism, we performed population-based sampling of residents older than 40 in Meyerton, South Africa (N = 621) in residential settlements adjacent to a large Mn smelter and in a comparable non-exposed settlement in Ethembalethu, South Africa (N = 95) in 2016-2020.
A movement disorders specialist examined all participants using the Unified Parkinson Disease Rating Scale motor subsection part 3 (UPDRS3). Participants also completed an accelerometry-based kinematic test and a grooved pegboard test. We compared performance on the UPDRS3, grooved pegboard, and the accelerometry-based kinematic test between the settlements using linear regression, adjusting for covariates. We also measured airborne PM
Mean PM
Environmental airborne Mn exposures at levels substantially lower than current occupational exposure thresholds in the United States may be associated with clinical parkinsonism.","[{'affiliation': 'Department of Neurology, Washington University School of Medicine, 660 South Euclid Avenue, Campus Box 8111, 63110, St. Louis, Missouri, USA. racetteb@wustl.edu.\nSchool of Public Health, Faculty of Health Sciences, University of the Witwatersrand, 7 York Road, 2193, Parktown, South Africa. racetteb@wustl.edu.', 'firstname': 'Brad A', 'initials': 'BA', 'lastname': 'Racette'}, {'affiliation': 'School of Public Health, Faculty of Health Sciences, University of the Witwatersrand, 7 York Road, 2193, Parktown, South Africa.\nResearch Department of Infection & Population Health, UCL Institute for Global Health, University College London, London, UK.', 'firstname': 'Gill', 'initials': 'G', 'lastname': 'Nelson'}, {'affiliation': 'Department of Neurology, Washington University School of Medicine, 660 South Euclid Avenue, Campus Box 8111, 63110, St. Louis, Missouri, USA.', 'firstname': 'Wendy W', 'initials': 'WW', 'lastname': 'Dlamini'}, {'affiliation': 'Department of Energy, Environmental, and Chemical Engineering, Washington University, Campus Box 1180, One Brookings Drive, 63130, St. Louis, Missouri, USA.', 'firstname': 'Pradeep', 'initials': 'P', 'lastname': 'Prathibha'}, {'affiliation': 'Department of Energy, Environmental, and Chemical Engineering, Washington University, Campus Box 1180, One Brookings Drive, 63130, St. Louis, Missouri, USA.', 'firstname': 'Jay R', 'initials': 'JR', 'lastname': 'Turner'}, {'affiliation': 'Department of Neurology, Washington University School of Medicine, 660 South Euclid Avenue, Campus Box 8111, 63110, St. Louis, Missouri, USA.', 'firstname': 'Mwiza', 'initials': 'M', 'lastname': 'Ushe'}, {'affiliation': 'Department of Family Medicine & Public Health, University of California, 9500 Gilman Drive, # 0725, La Jolla, 92093-0725, San Diego, California, USA.', 'firstname': 'Harvey', 'initials': 'H', 'lastname': 'Checkoway'}, {'affiliation': 'Departments of Biostatistics and Environmental and Occupational Health Sciences, University of Washington, Box 357232, Washington,, 98195, Seattle, USA.', 'firstname': 'Lianne', 'initials': 'L', 'lastname': 'Sheppard'}, {'affiliation': 'Department of Neurology, Washington University School of Medicine, 660 South Euclid Avenue, Campus Box 8111, 63110, St. Louis, Missouri, USA.', 'firstname': 'Susan Searles', 'initials': 'SS', 'lastname': 'Nielsen'}]",,,"10.1186/s12940-021-00712-3
10.1289/ehp.00108s3429
10.2741/4665
10.1002/ajim.4700110308
10.1002/ajim.20407
10.1016/j.neuro.2017.06.011
10.1212/WNL.0000000000003533
10.1016/j.neuro.2017.08.013
10.1016/j.ijheh.2011.10.005
10.1002/ajim.20494
10.1016/j.neuro.2014.05.006
10.1016/j.scitotenv.2015.09.084
10.1016/j.neuro.2017.09.012
10.1016/j.ncl.2020.07.008
10.1016/j.neuro.2012.01.007
10.1093/aje/kwq303
10.1212/WNL.0000000000006163
10.1097/JOM.0000000000001915
10.1212/WNL.0b013e3182152830
10.1016/j.neuro.2009.05.001
10.1002/mds.22445
10.1016/j.parkreldis.2015.01.018
10.1002/mds.23893
10.1016/j.parkreldis.2014.02.022
10.1002/mds.23740
10.1016/j.aca.2007.08.014
10.1214/ss/1177013607
10.1002/ana.10277
10.1002/mds.25863
10.1001/archneur.64.7.990
10.1002/ajim.23060
10.1016/j.neuro.2011.07.011
10.1016/j.neuro.2017.07.004
10.1289/ehp.1002192
10.1016/j.neuro.2013.12.008
10.1016/j.tox.2013.09.008",Environmental health : a global access science source,"['Case control studies', 'Manganese', 'Parkinson disease', 'Parkinsonism']",,2021-03-17,"33722243
10852840
8329316
29293455
3578289
17096374
28648949
28031394
28873337
22112744
10385894
10385895
17918215
24881811
26437342
28965701
33040869
22285144
20959505
30097475
32472844
21471467
19465050
1733453
19133661
25703990
21953789
24661464
21538531
17870279
12205639
24590499
17620489
32617145
31647574
21840336
28694016
20876035
24374477
24060432",Mean PM,Severity of parkinsonism associated with environmental manganese exposure.,<Element 'PubmedArticle' at 0x777b002a6c50>,,,,,,
(1) ,"[{'affiliation': 'Department of Biomedical, Metabolic and Neural Sciences, CREAGEN Environmental, Genetic and Nutritional Epidemiology Research Center, University of Modena and Reggio Emilia, 41125 Modena, Italy.', 'firstname': 'Tommaso', 'initials': 'T', 'lastname': 'Filippini'}, {'affiliation': 'Neurology Unit, Department of Neuroscience, S. Agostino Estense Hospital, Azienda Ospedaliero Universitaria di Modena, 41126 Modena, Italy.', 'firstname': 'Jessica', 'initials': 'J', 'lastname': 'Mandrioli'}, {'affiliation': 'Department of Biomedical, Metabolic and Neural Sciences, CREAGEN Environmental, Genetic and Nutritional Epidemiology Research Center, University of Modena and Reggio Emilia, 41125 Modena, Italy.', 'firstname': 'Carlotta', 'initials': 'C', 'lastname': 'Malagoli'}, {'affiliation': 'DIEF Department of Engineering ""Enzo Ferrari,"" University of Modena and Reggio Emilia, 41125 Modena, Italy.', 'firstname': 'Sofia', 'initials': 'S', 'lastname': 'Costanzini'}, {'affiliation': 'TerrAria s.r.l., 20125 Milan, Italy.', 'firstname': 'Andrea', 'initials': 'A', 'lastname': 'Cherubini'}, {'affiliation': 'TerrAria s.r.l., 20125 Milan, Italy.', 'firstname': 'Giuseppe', 'initials': 'G', 'lastname': 'Maffeis'}, {'affiliation': 'Department of Biomedical, Metabolic and Neural Sciences, CREAGEN Environmental, Genetic and Nutritional Epidemiology Research Center, University of Modena and Reggio Emilia, 41125 Modena, Italy.\nDepartment of Epidemiology, Boston University School of Public Health, Boston, MA 02118, USA.', 'firstname': 'Marco', 'initials': 'M', 'lastname': 'Vinceti'}]",,,"10.3390/ijerph18030973
10.1038/nrdp.2017.71
10.1097/WCO.0000000000000730
10.1080/21678421.2017.1281961
10.1136/jnnp-2016-314495
10.3109/21678421.2013.865752
10.1016/j.envint.2018.04.008
10.1039/D0MT00051E
10.1016/j.neuro.2019.09.015
10.3390/ijerph17030857
10.1186/s12940-017-0297-2
10.1016/j.envres.2020.109530
10.1016/j.envres.2020.110292
10.11138/FNeur/2016.31.1.007
10.3390/ijerph16030337
10.1016/j.envres.2019.108742
10.1080/21678421.2017.1332078
10.1590/S1415-790X2011000400005
10.1289/EHP2882
10.1016/j.envpol.2014.12.010
10.1289/EHP1115
10.1159/000489664
10.1016/j.neuro.2013.05.016
10.1016/j.envres.2017.02.025
10.1080/146608200300079536
10.1016/j.envres.2016.06.002
10.1016/j.scitotenv.2015.09.051
10.1007/s10654-012-9727-1
10.1186/s13195-017-0323-1
10.3390/atmos9020038
10.1016/j.scitotenv.2017.07.196
10.1289/EHP4381
10.1016/j.scitotenv.2020.143355
10.1089/ars.2020.8096
10.1289/EHP5131
10.1016/j.envres.2020.110095
10.1016/j.envres.2009.08.003
10.1289/ehp.1409313
10.1016/j.envres.2020.110386
10.3233/JAD-200320
10.1136/jnnp-2018-319779
10.1002/ajim.20178
10.1371/journal.pone.0080993
10.1093/aje/kwi343
10.1016/j.neuro.2011.12.001
10.1186/1743-8977-7-12
10.1016/j.cbi.2019.108762
10.1016/j.neuro.2015.11.008
10.2174/0929867324666161123091314
10.1007/s11356-013-2294-5
10.1016/j.jtemb.2016.12.012
10.3390/ijerph17082882
10.1007/BF01999568
10.1007/s10072-019-04067-z
10.1016/j.neuro.2020.09.003
10.1007/s10072-020-04957-7
10.1289/EHP7133
10.1016/j.scitotenv.2020.140278",International journal of environmental research and public health,"['amyotrophic lateral sclerosis', 'case-control study', 'environmental factors', 'geographical information system', 'particulate matter', 'vehicular traffic']",,2021-01-28,"33499343
28980624
31361627
28152620
28285264
24863640
29677557
32373852
31585128
32019087
26583610
25709501
28851431
32335431
33027627
27027889
30691095
31629180
28569083
22218657
29483062
25544309
29989551
29852480
23732511
28242563
11464847
27309722
26410719
22892901
29258624
28803195
31017485
33187703
32403947
31596602
32846176
19733348
26151951
33129851
32651321
30850472
15940722
24244728
16269579
22178536
20478040
31348917
26610921
27881068
24234816
28089071
32331298
9239528
31578652
32941938
33280067
33215932
32758963",,Risk of Amyotrophic Lateral Sclerosis and Exposure to Particulate Matter from Vehicular Traffic: A Case-Control Study.,<Element 'PubmedArticle' at 0x777b000ca570>,,,,,,
"Agent Orange is a powerful herbicide that contains dioxin and was used during the Vietnam War. Although prior studies have found that Agent Orange exposure is associated with increased risk of a wide range of conditions, including neurologic disorders (eg, Parkinson disease), metabolic disorders (eg, type 2 diabetes), and systemic amyloidosis, the association between Agent Orange and dementia remains unclear.
To examine the association between Agent Orange exposure and incident dementia diagnosis in US veterans of the Vietnam era.
This cohort study included Veterans Health Administration data from October 1, 2001, and September 30, 2015, with up to 14 years of follow-up. Analyses were performed from July 2018 to October 2020. A 2% random sample of US veterans of the Vietnam era who received inpatient or outpatient Veterans Health Administration care, excluding those with dementia at baseline, those without follow-up visits, and those with unclear Agent Orange exposure status.
Presumed Agent Orange exposure documented in electronic health record.
Fine-Gray competing risk models were used to compare the time to dementia diagnosis (with age as the time scale) for veterans with vs without presumed Agent Orange exposure (as per medical records), adjusting for demographic variables and medical and psychiatric comorbidities.
The total sample was 511 189 individuals; after exclusions, 316 351 were included in analyses. Veterans were mostly male (n = 309 889 [98.0%]) and had a mean (SD) age of 62 (6.6) years; 38 121 (12.1%) had presumed Agent Orange exposure. Prevalence of most conditions, including Parkinson disease, diabetes, and amyloidosis, was similar at baseline among veterans with and without Agent Orange exposure. After adjusting for demographic variables and comorbidities, veterans exposed to Agent Orange were nearly twice as likely as those not exposed to receive a dementia diagnosis over a mean (SD) of 5.5 (3.8) years of follow-up (1918 of 38 121 [5.0%] vs 6886 of 278 230 [2.5%]; adjusted hazard ratio: 1.68 [95% CI, 1.59-1.77]). Veterans with Agent Orange exposure developed dementia at a mean of 1.25 years earlier (at a mean [SD] age of 67.5 [7.0] vs 68.8 [8.0] years).
Veterans with Agent Orange exposure were nearly twice as likely to be diagnosed with dementia, even after adjusting for the competing risk of death, demographic variables, and medical and psychiatric comorbidities. Additional studies are needed to examine potential mechanisms underlying the association between Agent Orange exposure and dementia.","[{'affiliation': 'San Francisco Veterans Affairs Health Care System, San Francisco, California.\nNorthern California Institute for Research and Education-The Veterans Health Research Institute, San Francisco.', 'firstname': 'Steven', 'initials': 'S', 'lastname': 'Martinez'}, {'affiliation': 'San Francisco Veterans Affairs Health Care System, San Francisco, California.\nDepartment of Psychiatry and Behavioral Sciences, University of California, San Francisco, San Francisco.\nDepartment of Neurology, University of California, San Francisco, San Francisco.\nDepartment of Epidemiology & Biostatistics, University of California, San Francisco, San Francisco.', 'firstname': 'Kristine', 'initials': 'K', 'lastname': 'Yaffe'}, {'affiliation': 'San Francisco Veterans Affairs Health Care System, San Francisco, California.\nNorthern California Institute for Research and Education-The Veterans Health Research Institute, San Francisco.', 'firstname': 'Yixia', 'initials': 'Y', 'lastname': 'Li'}, {'affiliation': 'San Francisco Veterans Affairs Health Care System, San Francisco, California.\nDepartment of Psychiatry and Behavioral Sciences, University of California, San Francisco, San Francisco.\nDivision of Geriatrics, Department of Medicine, University of California, San Francisco, San Francisco.', 'firstname': 'Amy L', 'initials': 'AL', 'lastname': 'Byers'}, {'affiliation': 'San Francisco Veterans Affairs Health Care System, San Francisco, California.\nNorthern California Institute for Research and Education-The Veterans Health Research Institute, San Francisco.', 'firstname': 'Carrie B', 'initials': 'CB', 'lastname': 'Peltz'}, {'affiliation': 'San Francisco Veterans Affairs Health Care System, San Francisco, California.\nDepartment of Psychiatry and Behavioral Sciences, University of California, San Francisco, San Francisco.\nDepartment of Epidemiology & Biostatistics, University of California, San Francisco, San Francisco.', 'firstname': 'Deborah E', 'initials': 'DE', 'lastname': 'Barnes'}]",,,"10.1001/jamaneurol.2020.5011
10.1289/ehp.7219
10.1212/WNL.0000000000000616
10.1001/archgenpsychiatry.2010.61
10.1016/j.jalz.2014.04.014
10.1159/000087345
10.1001/jama.1988.03720110023029
10.1038/sj.jea.7500201
10.1016/j.envres.2014.04.027
10.1210/clinem/dgz083
10.1111/j.1468-1331.2006.01618.x
10.1212/01.WNL.0000149519.47454.F2
10.1016/S0161-813X(01)00051-1",JAMA neurology,[],,2021-01-26,"33492338
15345337
24966406
20530010
24924672
16088141
3343772
11859432
24906069
31633183
17250732
15668425
11577806","The total sample was 511 189 individuals; after exclusions, 316 351 were included in analyses. Veterans were mostly male (n = 309 889 [98.0%]) and had a mean (SD) age of 62 (6.6) years; 38 121 (12.1%) had presumed Agent Orange exposure. Prevalence of most conditions, including Parkinson disease, diabetes, and amyloidosis, was similar at baseline among veterans with and without Agent Orange exposure. After adjusting for demographic variables and comorbidities, veterans exposed to Agent Orange were nearly twice as likely as those not exposed to receive a dementia diagnosis over a mean (SD) of 5.5 (3.8) years of follow-up (1918 of 38 121 [5.0%] vs 6886 of 278 230 [2.5%]; adjusted hazard ratio: 1.68 [95% CI, 1.59-1.77]). Veterans with Agent Orange exposure developed dementia at a mean of 1.25 years earlier (at a mean [SD] age of 67.5 [7.0] vs 68.8 [8.0] years).",Agent Orange Exposure and Dementia Diagnosis in US Veterans of the Vietnam Era.,<Element 'PubmedArticle' at 0x777b000f7790>,,,,,,
"The etiology of Parkinson's disease (PD) remains unknown. To approach the issue of PD's risk factors from a new perspective, we hypothesized that coupling the geographic distribution of PD with spatial statistics may provide new insights into environmental epidemiology research. The aim of this case-control study was to examine the spatial dependence of PD prevalence in the Canton of Geneva, Switzerland (population = 474,211).
PD cases were identified through Geneva University Hospitals, private neurologists and nursing homes medical records (n = 1115). Controls derived from a population-based study (n = 12,614) and a comprehensive population census dataset (n = 237,771). All individuals were geographically localized based on their place of residence. Spatial Getis-Ord Gi* statistics were used to identify clusters of high versus low disease prevalence. Confounder-adjustment was performed for age, sex, nationality and income. Tukey's honestly significant difference was used to determine whether nitrogen dioxide and particulate matters PM
Confounder-adjustment greatly reduced greatly the spatial association. Characteristics of the geographic space influenced PD prevalence in 6% of patients. PD hotspots were concentrated in the urban centre. There was a significant difference in mean annual nitrogen dioxide and PM
PD prevalence exhibited a spatial dependence for a small but significant proportion of patients. A positive association was detected between PD clusters and air pollution. Our data emphasize the multifactorial nature of PD and support a link between PD and air pollution.","[{'affiliation': 'Division of Neurology, Geneva University Hospitals, 1211, Geneva 14, Switzerland; Faculty of Medicine, University of Geneva, CMU, 1211, Geneva 4, Switzerland. Electronic address: Vanessa.FleuryNissen@hcuge.ch.', 'firstname': 'Vanessa', 'initials': 'V', 'lastname': 'Fleury'}, {'affiliation': 'Unit of Population Epidemiology, Division of Primary Care Medicine, Department of Primary Care Medicine, Geneva University Hospitals, 1211, Geneva 14, Switzerland; Geographic Information Research and Analysis in Population Health (GIRAPH) Group, Geneva University Hospitals, Geneva and Ecole Polytechnique Fédérale de Lausanne (EPFL), 1015, Lausanne, Switzerland; Laboratory of Geographical Information Systems (LASIG), School of Architecture, Civil and Environmental Engineering (ENAC), Ecole Polytechnique Fédérale de Lausanne (EPFL), 1015, Lausanne, Switzerland.', 'firstname': 'Rebecca', 'initials': 'R', 'lastname': 'Himsl'}, {'affiliation': 'Geographic Information Research and Analysis in Population Health (GIRAPH) Group, Geneva University Hospitals, Geneva and Ecole Polytechnique Fédérale de Lausanne (EPFL), 1015, Lausanne, Switzerland; Laboratory of Geographical Information Systems (LASIG), School of Architecture, Civil and Environmental Engineering (ENAC), Ecole Polytechnique Fédérale de Lausanne (EPFL), 1015, Lausanne, Switzerland; La Source, School of Nursing, University of Applied Sciences and Arts Western Switzerland (HES-SO), Lausanne, Switzerland.', 'firstname': 'Stéphane', 'initials': 'S', 'lastname': 'Joost'}, {'affiliation': 'Division of Neurology, Geneva University Hospitals, 1211, Geneva 14, Switzerland; Department of Psychiatry, University of Cambridge, UK.', 'firstname': 'Nicolas', 'initials': 'N', 'lastname': 'Nicastro'}, {'affiliation': 'Division of Neurology, Geneva University Hospitals, 1211, Geneva 14, Switzerland.', 'firstname': 'Matthieu', 'initials': 'M', 'lastname': 'Bereau'}, {'affiliation': 'Faculty of Medicine, University of Geneva, CMU, 1211, Geneva 4, Switzerland; Unit of Population Epidemiology, Division of Primary Care Medicine, Department of Primary Care Medicine, Geneva University Hospitals, 1211, Geneva 14, Switzerland; Geographic Information Research and Analysis in Population Health (GIRAPH) Group, Geneva University Hospitals, Geneva and Ecole Polytechnique Fédérale de Lausanne (EPFL), 1015, Lausanne, Switzerland.', 'firstname': 'Idris', 'initials': 'I', 'lastname': 'Guessous'}, {'affiliation': 'Division of Neurology, Geneva University Hospitals, 1211, Geneva 14, Switzerland; Faculty of Medicine, University of Geneva, CMU, 1211, Geneva 4, Switzerland.', 'firstname': 'Pierre R', 'initials': 'PR', 'lastname': 'Burkhard'}]",PD prevalence exhibited a spatial dependence for a small but significant proportion of patients. A positive association was detected between PD clusters and air pollution. Our data emphasize the multifactorial nature of PD and support a link between PD and air pollution.,Copyright © 2021 The Authors. Published by Elsevier Ltd.. All rights reserved.,10.1016/j.parkreldis.2020.12.013,Parkinsonism & related disorders,"['Air pollution', 'Environment', 'Epidemiology', ""Parkinson's disease"", 'Prevalence', 'Spatial dependence']",,2021-01-22,33476876,Confounder-adjustment greatly reduced greatly the spatial association. Characteristics of the geographic space influenced PD prevalence in 6% of patients. PD hotspots were concentrated in the urban centre. There was a significant difference in mean annual nitrogen dioxide and PM,Geospatial analysis of individual-based Parkinson's disease data supports a link with air pollution: A case-control study.,<Element 'PubmedArticle' at 0x777b0010d710>,,,,,,
"Traffic-related air pollution is ubiquitous and almost impossible to avoid. It is important to understand the role that traffic-related air pollution may play in neurodegenerative diseases, such as dementia, Alzheimer's disease, and Parkinson's disease, particularly among older populations and at-risk groups. There is a growing interest in this area among the environmental epidemiology literature and the body of evidence identifying this role is emerging and strengthening. This review focuses on the principal components of traffic-related air pollutants (particulate matter and nitrogen oxides) and the epidemiological evidence of their contribution to common neurodegenerative diseases. All studies reported are currently observational in nature and there are mixed findings depending on the study design, assessment of traffic-related air pollutant levels, assessment of the neurodegenerative disease outcome, time period of assessment, and the role of confounding environmental factors and at-risk genetic characteristics. All current studies have been conducted in income-rich countries where traffic-related air pollution levels are relatively low. Additional longer-term studies are needed to confirm the levels of risk, consider other contributing environmental factors and to be conducted in settings where air pollution exposures are higher and at-risk populations reside and work. Better understanding of these relationships will help inform the development of preventive measures and reduce chronic cognitive and physical health burdens (cost, quality of life) at personal and societal levels.","[{'affiliation': 'Mary MacKillop Institute for Health Research, Australian Catholic University, Melbourne, Australia.', 'firstname': 'Rachel', 'initials': 'R', 'lastname': 'Tham'}, {'affiliation': 'IUF-Leibniz Institute for Environmental Medicine, Duesseldorf, Germany.', 'firstname': 'Tamara', 'initials': 'T', 'lastname': 'Schikowski'}]",,,10.3233/JAD-200813,Journal of Alzheimer's disease : JAD,"['Air pollution', 'Alzheimer’s disease', 'Parkinson’s disease', 'dementia', 'mild cognitive impairment']",,2020-12-29,33361591,,The Role of Traffic-Related Air Pollution on Neurodegenerative Diseases in Older People: An Epidemiological Perspective.,<Element 'PubmedArticle' at 0x777b00115440>,,,,,,
"Dementia is arguably the most pressing public health challenge of our age. Since dementia does not have a cure, identifying risk factors that can be controlled has become paramount to reduce the personal, societal and economic burden of dementia. The relationship between exposure to air pollution and effects on cognitive function, cognitive decline and dementia has stimulated increasing scientific interest in the past few years. This review of the literature critically examines the available epidemiological evidence of associations between exposure to ambient air pollutants, cognitive performance, acceleration of cognitive decline, risk of developing dementia, neuroimaging and neurological biomarker studies, following Bradford Hill guidelines for causality. The evidence reviewed has been consistent in reporting associations between chronic exposure to air pollution and reduced global cognition, as well as impairment in specific cognitive domains including visuo-spatial abilities. Cognitive decline and dementia incidence have also been consistently associated with exposure to air pollution. The neuro-imaging studies reviewed report associations between exposure to air pollution and white matter volume reduction. Other reported effects include reduction in gray matter, larger ventricular volume, and smaller corpus callosum. Findings relating to ischemic (white matter hyperintensities/silent cerebral infarcts) and hemorrhagic (cerebral microbleeds) markers of cerebral small vessel disease have been heterogeneous, as have observations on hippocampal volume and air pollution. The few studies available on neuro-inflammation tend to report associations with exposure to air pollution. Several effect modifiers have been suggested in the literature, but more replication studies are required. Traditional confounding factors have been controlled or adjusted for in most of the reviewed studies. Additional confounding factors have also been considered, but the inclusion of these has varied among the different studies. Despite all the efforts to adjust for confounding factors, residual confounding cannot be completely ruled out, especially since the factors affecting cognition and dementia are not yet fully understood. The available evidence meets many of the Bradford Hill guidelines for causality. The reported associations between a range of air pollutants and effects on cognitive function in older people, including the acceleration of cognitive decline and the induction of dementia, are likely to be causal in nature. However, the diversity of study designs, air pollutants and endpoints examined precludes the attribution of these adverse effects to a single class of pollutant and makes meta-analysis inappropriate.","[{'affiliation': 'Universitat Jaume I, Perinatal Epidemiology, Environmental Health and Clinical Research, School of Medicine, Castellon, Spain; Environmental Research Group, MRC Centre for Environment and Health, Imperial College London, UK; ISGlobal Barcelona Institute for Global Health, Barcelona Biomedical Research Park, Barcelona, Spain; Division of Environmental Health & Risk Management, School of Geography, Earth & Environmental Sciences, University of Birmingham, Birmingham, UK. Electronic address: delgado@uji.es.', 'firstname': 'Juana Maria', 'initials': 'JM', 'lastname': 'Delgado-Saborit'}, {'affiliation': 'Air Quality and Public Health Group, Environmental Hazards and Emergencies Department, Centre for Radiation, Chemical and Environmental Hazards, Public Health England, Didcot, UK.', 'firstname': 'Valentina', 'initials': 'V', 'lastname': 'Guercio'}, {'affiliation': 'Air Quality and Public Health Group, Environmental Hazards and Emergencies Department, Centre for Radiation, Chemical and Environmental Hazards, Public Health England, Didcot, UK.', 'firstname': 'Alison M', 'initials': 'AM', 'lastname': 'Gowers'}, {'affiliation': 'Department of Mathematics, University of Exeter, UK.', 'firstname': 'Gavin', 'initials': 'G', 'lastname': 'Shaddick'}, {'affiliation': 'Department of Neurodegenerative Disease, Dementia Research Centre, University College London, Institute of Neurology, London, UK.', 'firstname': 'Nick C', 'initials': 'NC', 'lastname': 'Fox'}, {'affiliation': 'Institute of Clinical Neurosciences, University of Bristol, School of Medicine, Level 2 Learning and Research, Southmead Hospital, Bristol, UK.', 'firstname': 'Seth', 'initials': 'S', 'lastname': 'Love'}]",,Copyright © 2020 The Authors. Published by Elsevier B.V. All rights reserved.,10.1016/j.scitotenv.2020.143734,The Science of the total environment,"['Air pollution', 'Cognitive function', 'Dementia', 'NO(2)', 'O(3)', 'PM']",,2020-12-20,33340865,,"A critical review of the epidemiological evidence of effects of air pollution on dementia, cognitive function and cognitive decline in adult population.",<Element 'PubmedArticle' at 0x777b00117b00>,,,,,,
"Pyrethroid pesticide exposures may be associated with the onset of depression in later life via disruption of dopaminergic, serotonergic, and neurological functioning. We sought to investigate the association between living near agricultural pyrethroid pesticide applications and depression measures in central California, using two waves (PEG 1&2, total N = 1,654) of a case control study of Parkinson's disease (PD). At enrollment, participants self-reported history of use of depression medications and dates of MD-diagnosed depression and anxiety. Participants also completed a Geriatric Depression Scale-Short Form upon enrollment. We used the California Pesticide Use Registry to assign estimated ambient pyrethroid pesticide exposures at participant's home addresses over the 5 years before the index date (date of outcome, or an age-matched year for participants without the outcome). We used logistic and linear regression to evaluate associations between living near any pyrethroid applications over the 5-year index period and measures of depression and anxiety. We also evaluated modification by study wave and PD status. We observed associations of pyrethroids with depression, depression medications, and anxiety (adjusted odds ratio [aOR] depression = 1.54, 95% confidence interval [CI] 1.14, 2.07; aOR depression medications = 1.68, 95% CI 1.25, 2.25; aOR anxiety = 1.60, 95% CI 1.17, 2.18). However, we observed no associations with mild/moderate depressive symptoms according to the GDS score at enrollment (aOR = 1.04, 95% CI 0.77, 1.42). We did not observe a consistent modification of the pyrethroid-depression associations by study wave and PD status. Ambient pyrethroid pesticide exposures may be associated with measures of depression in later life.","[{'affiliation': 'Department of Community, Environment, and Policy, University of Arizona Mel and Enid Zuckerman College of Public Health, Tucson, Arizona.', 'firstname': 'Melissa A', 'initials': 'MA', 'lastname': 'Furlong'}, {'affiliation': 'Department of Epidemiology, UCLA Fielding School of Public Health, Los Angeles, California.', 'firstname': 'Kimberly C', 'initials': 'KC', 'lastname': 'Paul'}, {'affiliation': 'Department of Preventive Medicine, Keck School of Medicine, University of Southern California, California.', 'firstname': 'Myles', 'initials': 'M', 'lastname': 'Cockburn'}, {'affiliation': 'Department of Neurology, David Geffen School of Medicine, Los Angeles, California.', 'firstname': 'Jeff', 'initials': 'J', 'lastname': 'Bronstein'}, {'affiliation': 'Department of Community, Environment, and Policy, University of Arizona Mel and Enid Zuckerman College of Public Health, Tucson, Arizona.\nDepartment of Epidemiology, UCLA Fielding School of Public Health, Los Angeles, California.\nDepartment of Preventive Medicine, Keck School of Medicine, University of Southern California, California.\nDepartment of Neurology, David Geffen School of Medicine, Los Angeles, California.', 'firstname': 'Adrienne', 'initials': 'A', 'lastname': 'Keener'}, {'affiliation': 'Department of Epidemiology, UCLA Fielding School of Public Health, Los Angeles, California.', 'firstname': 'Irish Del', 'initials': 'ID', 'lastname': 'Rosario'}, {'affiliation': 'Department of Epidemiology, UCLA Fielding School of Public Health, Los Angeles, California.', 'firstname': 'Aline Duarte', 'initials': 'AD', 'lastname': 'Folle'}, {'affiliation': 'Department of Epidemiology, UCLA Fielding School of Public Health, Los Angeles, California.\nDepartment of Neurology, David Geffen School of Medicine, Los Angeles, California.', 'firstname': 'Beate', 'initials': 'B', 'lastname': 'Ritz'}]",,"Copyright © 2020 The Authors. Published by Wolters Kluwer Health, Inc. on behalf of The Environmental Epidemiology. All rights reserved.",10.1097/EE9.0000000000000123,"Environmental epidemiology (Philadelphia, Pa.)","['Agriculture', 'Depression', 'Mental health', 'Pesticides', 'Pyrethroids']",,2020-12-19,"33336137
24229653
25275407
30825691
25461423
28811173
24906048
16002376
27350176
23422404
1603339
26857251
10521885
8014251
17987654
20664293
17140720
17317096
31606407
11792535
19748499
28250046
27524288
25192380
32679516
25515376",,Ambient Pyrethroid Pesticide Exposures in Adult Life and Depression in Older Residents of California's Central Valley.,<Element 'PubmedArticle' at 0x777b00127380>,,,,,,
"Viliuisk encephalomyelitis (VE) is a rare endemic neurodegenerative disease occurring in the Yakut population of Northeastern Siberia. The main clinical features of VE are spasticity, dysarthria, dementia, central paresis and paralysis, and cortical atrophy observed via MRI. Many hypotheses have been proposed regarding its etiology, including infectious agents, genetics, environmental factors, and immunopathology. Each of these hypotheses has been supported to some extent by epidemiological and experimental data. Nevertheless, none of them has been decisively proven. Gut microbiome is one of the factors that might be involved in VE pathogenesis.
Here we performed a pilot survey of the stool microbiomes of Yakut subjects with VE (n = 6) and without VE (n = 11). 16S rRNA sequencing showed that in comparison with the control group, the Yakuts with VE had increased proportions of Methanobrevibacter and Christensenella, which are reported to be linked to body mass index, metabolism, dietary habits and potentially to neurodegenerative disorders. The identified associations suggest that the microbiome may be involved in VE. Overall, the Yakut microbiome was quite specific in comparison with other populations, such as metropolitan Russians and native inhabitants of the Canadian Arctic.
Describing the gut microbiome of indigenous human populations will help to elucidate the impact of dietary and environmental factors on microbial community structure and identify risks linked to the lifestyles of such groups as well as endemic diseases.","[{'affiliation': 'Center for Precision Genome Editing and Genetic Technologies for Biomedicine, Institute of Gene Biology of Russian Academy of Science, Vavilova Str. 34/5, 119334, Moscow, Russian Federation.\nMoscow Institute of Physics and Technology, Kerchenskaya Str. 1A, Moscow, Russian Federation, 117303.', 'firstname': 'Veronika', 'initials': 'V', 'lastname': 'Kuznetsova'}, {'affiliation': 'Center for Precision Genome Editing and Genetic Technologies for Biomedicine, Institute of Gene Biology of Russian Academy of Science, Vavilova Str. 34/5, 119334, Moscow, Russian Federation. a.tyakht@gmail.com.\nAtlas Biomed Group - Knomics LLC, Tintagel House, 92 Albert Embankment, Lambeth, London, SE1 7TY, UK. a.tyakht@gmail.com.', 'firstname': 'Alexander', 'initials': 'A', 'lastname': 'Tyakht'}, {'affiliation': 'Sechenov First Moscow State Medical University, Trubetskaya Str. 8-2, 119991, Moscow, Russian Federation.', 'firstname': 'Lyudmila', 'initials': 'L', 'lastname': 'Akhmadishina'}, {'affiliation': 'Atlas Biomed Group - Knomics LLC, Tintagel House, 92 Albert Embankment, Lambeth, London, SE1 7TY, UK.', 'firstname': 'Vera', 'initials': 'V', 'lastname': 'Odintsova'}, {'affiliation': 'Center for Precision Genome Editing and Genetic Technologies for Biomedicine, Institute of Gene Biology of Russian Academy of Science, Vavilova Str. 34/5, 119334, Moscow, Russian Federation.\nAtlas Biomed Group - Knomics LLC, Tintagel House, 92 Albert Embankment, Lambeth, London, SE1 7TY, UK.', 'firstname': 'Natalia', 'initials': 'N', 'lastname': 'Klimenko'}, {'affiliation': 'Federal Research and Clinical Centre of Physical-Chemical Medicine of Federal Medical Biological Agency, Malaya Pirogovskaya Str. 1a, 119435, Moscow, Russian Federation.', 'firstname': 'Elena', 'initials': 'E', 'lastname': 'Kostryukova'}, {'affiliation': 'Moscow Institute of Physics and Technology, Kerchenskaya Str. 1A, Moscow, Russian Federation, 117303.\nFederal Research and Clinical Centre of Physical-Chemical Medicine of Federal Medical Biological Agency, Malaya Pirogovskaya Str. 1a, 119435, Moscow, Russian Federation.', 'firstname': 'Maria', 'initials': 'M', 'lastname': 'Vakhitova'}, {'affiliation': 'Institute of Fundamental Medicine and Biology, Kazan Federal University, K. Marx Str. 18, 420012, Kazan, Russian Federation.', 'firstname': 'Tatyana', 'initials': 'T', 'lastname': 'Grigoryeva'}, {'affiliation': 'Institute of Fundamental Medicine and Biology, Kazan Federal University, K. Marx Str. 18, 420012, Kazan, Russian Federation.', 'firstname': 'Sergey', 'initials': 'S', 'lastname': 'Malanin'}, {'affiliation': 'Research Center of Medical Institute, M.K. Ammosov North-Eastern Federal University, Belinsky Str. 58, 677027, Yakutsk, Russian Federation.', 'firstname': 'Vsevolod', 'initials': 'V', 'lastname': 'Vladimirtsev'}, {'affiliation': 'Research Center of Medical Institute, M.K. Ammosov North-Eastern Federal University, Belinsky Str. 58, 677027, Yakutsk, Russian Federation.', 'firstname': 'Raisa', 'initials': 'R', 'lastname': 'Nikitina'}, {'affiliation': 'Chumakov Institute of Poliomyelitis and Viral Encephalitides (FSBSI ""Chumakov FSC R&D IBP RAS), prem. 8, k.17, pos. Institut Poliomyelita, poselenie Moskovskiy, 108819, Moscow, Russian Federation.', 'firstname': 'Viktor', 'initials': 'V', 'lastname': 'Volok'}, {'affiliation': 'Research Center of Medical Institute, M.K. Ammosov North-Eastern Federal University, Belinsky Str. 58, 677027, Yakutsk, Russian Federation.', 'firstname': 'Vladimir', 'initials': 'V', 'lastname': 'Osakovskiy'}, {'affiliation': 'Research Center of Medical Institute, M.K. Ammosov North-Eastern Federal University, Belinsky Str. 58, 677027, Yakutsk, Russian Federation.', 'firstname': 'Tatiana', 'initials': 'T', 'lastname': 'Sivtseva'}, {'affiliation': 'Research Center of Medical Institute, M.K. Ammosov North-Eastern Federal University, Belinsky Str. 58, 677027, Yakutsk, Russian Federation.', 'firstname': 'Fyodor', 'initials': 'F', 'lastname': 'Platonov'}, {'affiliation': 'Atlas Biomed Group - Knomics LLC, Tintagel House, 92 Albert Embankment, Lambeth, London, SE1 7TY, UK.\nITMO University, Kronverkskiy pr. 49, 197101, Saint-Petersburg, Russian Federation.', 'firstname': 'Dmitry', 'initials': 'D', 'lastname': 'Alexeev'}, {'affiliation': 'Sechenov First Moscow State Medical University, Trubetskaya Str. 8-2, 119991, Moscow, Russian Federation.\nChumakov Institute of Poliomyelitis and Viral Encephalitides (FSBSI ""Chumakov FSC R&D IBP RAS), prem. 8, k.17, pos. Institut Poliomyelita, poselenie Moskovskiy, 108819, Moscow, Russian Federation.', 'firstname': 'Galina', 'initials': 'G', 'lastname': 'Karganova'}]",,,"10.1186/s13023-020-01612-4
10.1111/j.1365-2990.1997.tb01204.x
10.1002/rmv.585
10.1111/j.1365-2370.2004.00459.x
10.1093/brain/115.4.961
10.1016/j.jns.2017.11.030
10.1097/EDE.0b013e3181c30fd2
10.1007/s10517-017-3700-7
10.1093/nutrit/nuw023
10.1016/j.cell.2013.11.024
10.1038/ncomms4654
10.1186/s40168-017-0370-7
10.1016/j.cub.2015.10.060
10.1073/pnas.1005963107
10.1038/nature11053
10.1038/nrgastro.2016.4
10.1186/1471-2148-13-127
10.1093/molbev/msx226
10.1128/AEM.03006-05
10.1186/s40168-018-0470-z
10.3390/nu10050576
10.1038/nmeth.f.303
10.1186/s13073-016-0331-y
10.4161/gmic.28685
10.1186/s12866-015-0403-y
10.1093/femsec/fix153
10.1016/j.nmni.2018.10.009
10.4056/sigs.5631022
10.1016/j.nmni.2016.07.013
10.1038/nature12506
10.1038/srep28797
10.1371/journal.pone.0179739
10.1016/j.chom.2016.04.017
10.3390/nu11030547
10.1128/mbio.03235-19
10.1002/mds.27581
10.1002/mds.26942
10.1038/s41598-018-23261-1
10.1016/j.cell.2014.09.053
10.1016/j.mcp.2020.101570",Orphanet journal of rare diseases,"['16S rRNA sequencing', 'Gut microbiome', 'Methanobrevibacter', 'Microbiome-gut-brain axis', 'Viliuisk encephalomyelitis', 'Yakuts']",,2020-11-22,"33218345
9223130
18613213
15182325
1393513
29249384
20010208
28429209
28893978
27346372
27773355
27634977
28220542
24315484
25448230
31068777
30746447
24736369
29145891
26671671
20679230
22699611
26828918
21848128
23782551
28962010
28070563
24036685
30450127
28289731
16820507
29773078
29738477
20383131
30035234
27412252
24691073
25879663
29126267
30555706
25197469
27621824
23985870
27356770
28636668
27173935
30836671
32019803
30576008
28195358
29559675
25417156
32304824","Here we performed a pilot survey of the stool microbiomes of Yakut subjects with VE (n = 6) and without VE (n = 11). 16S rRNA sequencing showed that in comparison with the control group, the Yakuts with VE had increased proportions of Methanobrevibacter and Christensenella, which are reported to be linked to body mass index, metabolism, dietary habits and potentially to neurodegenerative disorders. The identified associations suggest that the microbiome may be involved in VE. Overall, the Yakut microbiome was quite specific in comparison with other populations, such as metropolitan Russians and native inhabitants of the Canadian Arctic.",Gut microbiome signature of Viliuisk encephalomyelitis in Yakuts includes an increase in microbes linked to lean body mass and eating behaviour.,<Element 'PubmedArticle' at 0x777b00139580>,,,,,,
"Synthetic insecticides are effective in controlling insect pests but can also harm nontarget organisms and the environment. During the last 40 years, there has been an increasing interest in alternative insecticides, particularly those derived from plants, commonly known as botanical insecticides. However, commercially available botanical insecticides remain limited. Rotenone is one of the earliest identified compounds and was used as fish poison and pest management. Due to its link with Parkinson disease, the use of rotenone was banned in many developed countries. Rotenone used to be isolated from ","[{'affiliation': 'A Key Laboratory of Natural Pesticide and Chemical Biology, Ministry of Education, South China Agricultural University, Guangzhou 510642, China.\nDepartment of Environmental Horticulture and Mid-Florida Research and Education Center, Institute of Food and Agricultural Sciences, University of Florida, Apopka, FL 32703, USA.', 'firstname': 'Peiwen', 'initials': 'P', 'lastname': 'Zhang'}, {'affiliation': 'A Key Laboratory of Natural Pesticide and Chemical Biology, Ministry of Education, South China Agricultural University, Guangzhou 510642, China.', 'firstname': 'Deqiang', 'initials': 'D', 'lastname': 'Qin'}, {'affiliation': 'Department of Environmental Horticulture and Mid-Florida Research and Education Center, Institute of Food and Agricultural Sciences, University of Florida, Apopka, FL 32703, USA.', 'firstname': 'Jianjun', 'initials': 'J', 'lastname': 'Chen'}, {'affiliation': 'A Key Laboratory of Natural Pesticide and Chemical Biology, Ministry of Education, South China Agricultural University, Guangzhou 510642, China.', 'firstname': 'Zhixiang', 'initials': 'Z', 'lastname': 'Zhang'}]",,,"10.3390/insects11100721
10.1146/annurev-ento-010715-023646
10.1017/S0021859605005708
10.1016/j.chemosphere.2016.12.129
10.1016/j.ecolind.2018.04.038
10.1002/ps.1470
10.1146/annurev-ento-011019-025010
10.1007/s12571-014-0343-7
10.1007/s13593-019-0583-1
10.1111/brv.12440
10.3389/fpls.2015.00381
10.1016/j.sciaf.2019.e00239
10.5897/AJPAC2018.0760
10.22004/ag.econ.171886
10.1016/j.phytochem.2012.02.025
10.3390/molecules19021432
10.1016/S0031-9422(02)00078-X
10.4314/nvj.v28i3.3564
10.1158/1940-6207.CAPR-08-0237
10.1016/S0959-8049(02)00192-2
10.1021/jf60169a053
10.1016/j.sajb.2018.11.024
10.1111/j.1744-7348.2005.00006.x
10.1155/2019/6704834
10.1016/S0031-9422(00)90838-0
10.1016/S0031-9422(00)83511-6
10.1590/1678-4324-2018180028
10.1073/pnas.95.7.3380
10.1096/fj.201700288R
10.1021/jf3032217
10.1007/BF02897179
10.5455/spatula.20150625013601
10.1016/S0031-9422(97)00405-6
10.1021/jf00019a026
10.1016/S0031-9422(00)80128-4
10.1016/0031-9422(86)80039-5
10.1021/np50055a035
10.1017/S1742758400007025
10.1016/j.phytol.2009.01.002
10.2298/JSC140425082S
10.7324/JAPS.2012.2735
10.1002/ptr.6657
10.1016/S0367-326X(99)00046-5
10.1021/np970236p
10.1016/0031-9422(89)80057-3
10.3923/ajb.2012.112.122
10.1186/1472-6882-11-33
10.1007/s10340-012-0467-5
10.1016/S0031-9422(00)95025-8
10.1126/science.73.1890.315-a
10.1002/j.1537-2197.1940.tb14684.x
10.1016/S0031-9422(98)00178-2
10.1021/jf981188x
10.1021/np100378d
10.1603/0022-0493-96.3.811
10.1016/S0167-8809(00)00261-9
10.1515/znc-2002-5-602
10.30750/ijpbr.2.1.18
10.1039/P19810002491
10.5530/pj.2017.6.116
10.1093/chromsci/bmz041
10.1016/j.peptides.2011.12.020
10.22488/okstate.17.100076
10.1016/j.fct.2008.11.002
10.1021/jf60182a048
10.1080/02705060.1999.9663661
10.1523/JNEUROSCI.23-34-10756.2003
10.1289/ehp.1002839
10.1564/v27_oct_10
10.3389/fpls.2018.01425
10.1371/journal.pone.0143530
10.1080/01904160701554997
10.1155/2014/902820
10.1023/A:1004266205502
10.1007/978-81-322-2006-0_9
10.1017/S1742758400020348
10.1021/jf60096a002
10.1146/annurev.ento.51.110104.151146
10.3390/plants8120597
10.1016/j.chroma.2007.11.060
10.2174/157341212798995467
10.1002/cncr.32069",Insects,"['Tephrosia vogelii', 'botanical pesticides', 'deguelin', 'insects', 'rotenolone', 'rotenone', 'tephrosin']",,2020-10-25,"33096762
26473315
28061345
18022796
31594414
29971903
26150820
22483325
24473207
12031428
19336726
12460790
5487090
9520374
28687609
22970736
32147928
9322358
21513544
17811584
11711058
10552508
21510635
12852621
12132677
31251318
22244814
19032969
14645467
21269927
30323823
26599609
16332203
31842487
18082754
30933320",,Plants in the Genus ,<Element 'PubmedArticle' at 0x777b0015f790>,,,,,,
"Although long-term exposure to particulate matter<2.5 μm (PM
We constructed daily zipcode counts of hospital admissions of Medicare beneficiaries older than 65 across the United-States (2000-2014). We obtained daily PM
We observed significant increases in all-cause hospital admissions (2.53% in PD and 2.49% in AD/dementia) attributable to high PM
We found Medicare beneficiaries with CDBD to be at higher risk of being admitted to the hospital following acute exposure to PM","[{'affiliation': 'Department of Environmental Medicine and Public Health, Icahn School of Medicine at Mount Sinai, New York, NY, USA. Electronic address: maayan.yitshak-sade@mssm.edu.', 'firstname': 'Maayan', 'initials': 'M', 'lastname': 'Yitshak-Sade'}, {'affiliation': 'Department of Biostatistics, Harvard T.H. Chan School of Public Health, Boston, MA, USA.', 'firstname': 'Rachel', 'initials': 'R', 'lastname': 'Nethery'}, {'affiliation': 'Exposure, Epidemiology, and Risk Program, Department of Environmental Health, Harvard T.H. Chan School of Public Health, Boston, MA, USA.', 'firstname': 'Joel D', 'initials': 'JD', 'lastname': 'Schwartz'}, {'affiliation': 'Department of Statistics, Informatics and Applications, University of Florence, Florence, Italy.', 'firstname': 'Fabrizia', 'initials': 'F', 'lastname': 'Mealli'}, {'affiliation': 'Department of Biostatistics, Harvard T.H. Chan School of Public Health, Boston, MA, USA; Exposure, Epidemiology, and Risk Program, Department of Environmental Health, Harvard T.H. Chan School of Public Health, Boston, MA, USA.', 'firstname': 'Francesca', 'initials': 'F', 'lastname': 'Dominici'}, {'affiliation': 'Research Center for Public Health, School of Medicine, Tsinghua University, Beijing, China.', 'firstname': 'Qian', 'initials': 'Q', 'lastname': 'Di'}, {'affiliation': 'Department of Psychology, Concordia University, Montreal, QC, Canada.', 'firstname': 'Yara', 'initials': 'Y', 'lastname': 'Abu Awad'}, {'affiliation': 'Department of Neurology, Soroka University Medical Center, Beer Sheva, Israel.', 'firstname': 'Gal', 'initials': 'G', 'lastname': 'Ifergane'}, {'affiliation': 'Department of Biostatistics, Harvard T.H. Chan School of Public Health, Boston, MA, USA.', 'firstname': 'Antonella', 'initials': 'A', 'lastname': 'Zanobetti'}]",We found Medicare beneficiaries with CDBD to be at higher risk of being admitted to the hospital following acute exposure to PM,Copyright © 2020 Elsevier B.V. All rights reserved.,10.1016/j.scitotenv.2020.142524,The Science of the total environment,"['Dementia', 'PM(2.5)', ""Parkinson's disease"", 'Particulate air pollution']",,2020-10-17,"33065503
21818162
28528896
28187788
18349428
15527881
29279932
27023334
28657878
30577116
29440198
25978701
28300224
27810678
28768298
0
30935305
22235087
9382394
31776122
29929325
24886318
18498638",We observed significant increases in all-cause hospital admissions (2.53% in PD and 2.49% in AD/dementia) attributable to high PM,PM,<Element 'PubmedArticle' at 0x777b0018ee80>,,,,,,
"In the last few years, neurodegenerative diseases like Alzheimer's disease (AD) and Parkinson's disease (PD) have attracted attention due to their high prevalence worldwide. Environmental factors may be one of the biggest reasons for these diseases related to neuronal dysfunctions. Most of neuronal disorders are strongly associated with pre- and postnatal exposure to environmental toxins released from industries. Some of the neurotoxic metals such as lead, aluminum, mercury, manganese, cadmium, and arsenic as well as some pesticides and metal-based nanoparticles have been involved in AD and PD due to their ability to produce senile/amyloid plaques and NFTs which are the main feature of these neuronal dysfunctions. Exposure to solvents is also majorly responsible for neurodegenerative disorders. The present review highlights the impact of omnipresent heavy metals with some other neurotoxins on human health and how they give rise to neuronal dysfunctions which in turn causes socio-economic consequences due to increasing pollution worldwide. Graphical abstract.","[{'affiliation': 'Department of Pharmacognosy, Delhi Pharmaceutical Sciences and Research University, Sector-3, MB road, Pushp Vihar, New Delhi, 110017, India.', 'firstname': 'Supriya', 'initials': 'S', 'lastname': 'Sharma'}, {'affiliation': 'Department of Pharmaceutical Chemistry, Delhi Pharmaceutical Sciences and Research University, Sector-3, MB road, Pushp Vihar, New Delhi, 110017, India.', 'firstname': 'Sharad', 'initials': 'S', 'lastname': 'Wakode'}, {'affiliation': 'Department of Pharmaceutical Chemistry, Delhi Pharmaceutical Sciences and Research University, Sector-3, MB road, Pushp Vihar, New Delhi, 110017, India.', 'firstname': 'Anjali', 'initials': 'A', 'lastname': 'Sharma'}, {'affiliation': 'Department of Pharmaceutical Chemistry, Delhi Pharmaceutical Sciences and Research University, Sector-3, MB road, Pushp Vihar, New Delhi, 110017, India.', 'firstname': 'Nisha', 'initials': 'N', 'lastname': 'Nair'}, {'affiliation': 'Department of Pharmacognosy, Delhi Pharmaceutical Sciences and Research University, Sector-3, MB road, Pushp Vihar, New Delhi, 110017, India.', 'firstname': 'Mahaveer', 'initials': 'M', 'lastname': 'Dhobi'}, {'affiliation': 'Department of Pharmacoinformatics, National Institute of Pharmaceutical Education and Research, Kolkata, 163, Maniktala Main road, Kolkata, 700054, India.', 'firstname': 'Mushtaq Ahmad', 'initials': 'MA', 'lastname': 'Wani'}, {'affiliation': 'Department of Pharmacology, College of Clinical Pharmacy, Imam Abdulrahman Bin Faisal University, P.O.BOX 1982, Damman, 31441, Saudi Arabia. fhpottoo@iau.edu.sa.', 'firstname': 'Faheem Hyder', 'initials': 'FH', 'lastname': 'Pottoo'}]",,,"10.1007/s11356-020-10950-6
10.3109/21691401.2014.980507",Environmental science and pollution research international,"['Alzheimer’s disease (AD)', 'Environmental factors', 'Neurodegeneration', 'Neurotoxins', 'Parkinson’s disease (PD)', 'Socio-economic aspects']",,2020-10-01,32996088,,Effect of environmental toxicants on neuronal functions.,<Element 'PubmedArticle' at 0x777b001a2070>,,,,,,
"To explore the risk factors for idiopathic REM sleep behavior disorder (RBD) in a community population in Beijing.
Participants aged 55 years and above were recruited from the Beijing Longitudinal Study on Aging II cohort. We identified individuals with possible RBD (pRBD) using the validated RBD Questionnaire-Hong Kong in 2010. A series of environmental, lifestyle, and other potential risk factors were assessed via standardized questionnaires in 2009. Multivariable logistic regression analysis was performed to investigate the association between the studied factors and pRBD.
Of 7,225 participants who were free of parkinsonism and dementia, 219 (3.0%) individuals were considered as having pRBD. Participants with pRBD reported more nonmotor and motor symptoms of Parkinson disease (PD) with adjusted odds ratios (ORs) ranging from 1.10 to 4.40. Participants with pRBD were more likely to report a family history of parkinsonism or dementia (OR 3.03, 95% confidence interval [CI] 1.23-7.46). There was a significant association between pRBD and self-reported hyperlipidemia (OR 1.51, 95% CI 1.09-2.10), ever smoking (OR 1.79, 95% CI 1.20-2.65), prior carbon monoxide (CO) poisoning (OR 2.30, 95% CI 1.39-3.83), and nonoccupational exposure to pesticides (OR 2.21, 95% CI 1.40-3.50).
Our study replicated previously reported associations between pRBD and hyperlipidemia, smoking, pesticide exposure, and several prodromal PD symptoms. We also found previously unreported links with a positive family history of parkinsonism or dementia and CO poisoning. Risk factor profiles for pRBD partially resemble those defined for PD, but also differ in distinct ways.","[{'affiliation': ""From the Department of Neurology and Neurobiology, National Clinical Research Center for Geriatric Disorders (H.Z.), Department of Neurobiology, Key Laboratory of Ministry of Education for Neurodegenerative Diseases (Y.C.), and Department of Neurology (Y.L., W.M., E.X.), Xuanwu Hospital of Capital Medical University (P.C.); Key Laboratory of Ministry of Education for Neurodegenerative Diseases (Z.G.) and Department of Neurology, Neurobiology, and Geriatrics, National Clinical Research Center for Geriatric Disorders, Clinical and Research Center for Parkinson's Disease (P.C.), Parkinson Disease Center of Beijing Institute for Brain Disorders, Beijing Key Laboratory on Parkinson's Disease, China; Integrated Program in Neuroscience (C.Y.), McGill University; and Department of Neurology (R.B.P.), Montreal General Hospital, Canada."", 'firstname': 'Hui', 'initials': 'H', 'lastname': 'Zhang'}, {'affiliation': ""From the Department of Neurology and Neurobiology, National Clinical Research Center for Geriatric Disorders (H.Z.), Department of Neurobiology, Key Laboratory of Ministry of Education for Neurodegenerative Diseases (Y.C.), and Department of Neurology (Y.L., W.M., E.X.), Xuanwu Hospital of Capital Medical University (P.C.); Key Laboratory of Ministry of Education for Neurodegenerative Diseases (Z.G.) and Department of Neurology, Neurobiology, and Geriatrics, National Clinical Research Center for Geriatric Disorders, Clinical and Research Center for Parkinson's Disease (P.C.), Parkinson Disease Center of Beijing Institute for Brain Disorders, Beijing Key Laboratory on Parkinson's Disease, China; Integrated Program in Neuroscience (C.Y.), McGill University; and Department of Neurology (R.B.P.), Montreal General Hospital, Canada."", 'firstname': 'Zhuqin', 'initials': 'Z', 'lastname': 'Gu'}, {'affiliation': ""From the Department of Neurology and Neurobiology, National Clinical Research Center for Geriatric Disorders (H.Z.), Department of Neurobiology, Key Laboratory of Ministry of Education for Neurodegenerative Diseases (Y.C.), and Department of Neurology (Y.L., W.M., E.X.), Xuanwu Hospital of Capital Medical University (P.C.); Key Laboratory of Ministry of Education for Neurodegenerative Diseases (Z.G.) and Department of Neurology, Neurobiology, and Geriatrics, National Clinical Research Center for Geriatric Disorders, Clinical and Research Center for Parkinson's Disease (P.C.), Parkinson Disease Center of Beijing Institute for Brain Disorders, Beijing Key Laboratory on Parkinson's Disease, China; Integrated Program in Neuroscience (C.Y.), McGill University; and Department of Neurology (R.B.P.), Montreal General Hospital, Canada."", 'firstname': 'Chun', 'initials': 'C', 'lastname': 'Yao'}, {'affiliation': ""From the Department of Neurology and Neurobiology, National Clinical Research Center for Geriatric Disorders (H.Z.), Department of Neurobiology, Key Laboratory of Ministry of Education for Neurodegenerative Diseases (Y.C.), and Department of Neurology (Y.L., W.M., E.X.), Xuanwu Hospital of Capital Medical University (P.C.); Key Laboratory of Ministry of Education for Neurodegenerative Diseases (Z.G.) and Department of Neurology, Neurobiology, and Geriatrics, National Clinical Research Center for Geriatric Disorders, Clinical and Research Center for Parkinson's Disease (P.C.), Parkinson Disease Center of Beijing Institute for Brain Disorders, Beijing Key Laboratory on Parkinson's Disease, China; Integrated Program in Neuroscience (C.Y.), McGill University; and Department of Neurology (R.B.P.), Montreal General Hospital, Canada."", 'firstname': 'Yanning', 'initials': 'Y', 'lastname': 'Cai'}, {'affiliation': ""From the Department of Neurology and Neurobiology, National Clinical Research Center for Geriatric Disorders (H.Z.), Department of Neurobiology, Key Laboratory of Ministry of Education for Neurodegenerative Diseases (Y.C.), and Department of Neurology (Y.L., W.M., E.X.), Xuanwu Hospital of Capital Medical University (P.C.); Key Laboratory of Ministry of Education for Neurodegenerative Diseases (Z.G.) and Department of Neurology, Neurobiology, and Geriatrics, National Clinical Research Center for Geriatric Disorders, Clinical and Research Center for Parkinson's Disease (P.C.), Parkinson Disease Center of Beijing Institute for Brain Disorders, Beijing Key Laboratory on Parkinson's Disease, China; Integrated Program in Neuroscience (C.Y.), McGill University; and Department of Neurology (R.B.P.), Montreal General Hospital, Canada."", 'firstname': 'Yuan', 'initials': 'Y', 'lastname': 'Li'}, {'affiliation': ""From the Department of Neurology and Neurobiology, National Clinical Research Center for Geriatric Disorders (H.Z.), Department of Neurobiology, Key Laboratory of Ministry of Education for Neurodegenerative Diseases (Y.C.), and Department of Neurology (Y.L., W.M., E.X.), Xuanwu Hospital of Capital Medical University (P.C.); Key Laboratory of Ministry of Education for Neurodegenerative Diseases (Z.G.) and Department of Neurology, Neurobiology, and Geriatrics, National Clinical Research Center for Geriatric Disorders, Clinical and Research Center for Parkinson's Disease (P.C.), Parkinson Disease Center of Beijing Institute for Brain Disorders, Beijing Key Laboratory on Parkinson's Disease, China; Integrated Program in Neuroscience (C.Y.), McGill University; and Department of Neurology (R.B.P.), Montreal General Hospital, Canada."", 'firstname': 'Wei', 'initials': 'W', 'lastname': 'Mao'}, {'affiliation': ""From the Department of Neurology and Neurobiology, National Clinical Research Center for Geriatric Disorders (H.Z.), Department of Neurobiology, Key Laboratory of Ministry of Education for Neurodegenerative Diseases (Y.C.), and Department of Neurology (Y.L., W.M., E.X.), Xuanwu Hospital of Capital Medical University (P.C.); Key Laboratory of Ministry of Education for Neurodegenerative Diseases (Z.G.) and Department of Neurology, Neurobiology, and Geriatrics, National Clinical Research Center for Geriatric Disorders, Clinical and Research Center for Parkinson's Disease (P.C.), Parkinson Disease Center of Beijing Institute for Brain Disorders, Beijing Key Laboratory on Parkinson's Disease, China; Integrated Program in Neuroscience (C.Y.), McGill University; and Department of Neurology (R.B.P.), Montreal General Hospital, Canada."", 'firstname': 'Erhe', 'initials': 'E', 'lastname': 'Xu'}, {'affiliation': ""From the Department of Neurology and Neurobiology, National Clinical Research Center for Geriatric Disorders (H.Z.), Department of Neurobiology, Key Laboratory of Ministry of Education for Neurodegenerative Diseases (Y.C.), and Department of Neurology (Y.L., W.M., E.X.), Xuanwu Hospital of Capital Medical University (P.C.); Key Laboratory of Ministry of Education for Neurodegenerative Diseases (Z.G.) and Department of Neurology, Neurobiology, and Geriatrics, National Clinical Research Center for Geriatric Disorders, Clinical and Research Center for Parkinson's Disease (P.C.), Parkinson Disease Center of Beijing Institute for Brain Disorders, Beijing Key Laboratory on Parkinson's Disease, China; Integrated Program in Neuroscience (C.Y.), McGill University; and Department of Neurology (R.B.P.), Montreal General Hospital, Canada."", 'firstname': 'Ronald B', 'initials': 'RB', 'lastname': 'Postuma'}, {'affiliation': ""From the Department of Neurology and Neurobiology, National Clinical Research Center for Geriatric Disorders (H.Z.), Department of Neurobiology, Key Laboratory of Ministry of Education for Neurodegenerative Diseases (Y.C.), and Department of Neurology (Y.L., W.M., E.X.), Xuanwu Hospital of Capital Medical University (P.C.); Key Laboratory of Ministry of Education for Neurodegenerative Diseases (Z.G.) and Department of Neurology, Neurobiology, and Geriatrics, National Clinical Research Center for Geriatric Disorders, Clinical and Research Center for Parkinson's Disease (P.C.), Parkinson Disease Center of Beijing Institute for Brain Disorders, Beijing Key Laboratory on Parkinson's Disease, China; Integrated Program in Neuroscience (C.Y.), McGill University; and Department of Neurology (R.B.P.), Montreal General Hospital, Canada. pbchan@hotmail.com."", 'firstname': 'Piu', 'initials': 'P', 'lastname': 'Chan'}]","Our study replicated previously reported associations between pRBD and hyperlipidemia, smoking, pesticide exposure, and several prodromal PD symptoms. We also found previously unreported links with a positive family history of parkinsonism or dementia and CO poisoning. Risk factor profiles for pRBD partially resemble those defined for PD, but also differ in distinct ways.",© 2020 American Academy of Neurology.,10.1212/WNL.0000000000010610,Neurology,[],,2020-08-14,"32788245
3820495
19109537
23347909
24587002
28215267
26819459
30587514
29216391
30007509
27321607
19945912
24938584
11234459
8552118
11087780
22505763
23904674
25660814
30761606
25767079
26401515
31658403
20846907
12498954
29170501
26475692
28472425
28615430
22561644
18682443
20610699
29173994
25984676
26060630
22744670
9065542
10323318
28273718
20877387
23562390","Of 7,225 participants who were free of parkinsonism and dementia, 219 (3.0%) individuals were considered as having pRBD. Participants with pRBD reported more nonmotor and motor symptoms of Parkinson disease (PD) with adjusted odds ratios (ORs) ranging from 1.10 to 4.40. Participants with pRBD were more likely to report a family history of parkinsonism or dementia (OR 3.03, 95% confidence interval [CI] 1.23-7.46). There was a significant association between pRBD and self-reported hyperlipidemia (OR 1.51, 95% CI 1.09-2.10), ever smoking (OR 1.79, 95% CI 1.20-2.65), prior carbon monoxide (CO) poisoning (OR 2.30, 95% CI 1.39-3.83), and nonoccupational exposure to pesticides (OR 2.21, 95% CI 1.40-3.50).",Risk factors for possible REM sleep behavior disorders: A community-based study in Beijing.,<Element 'PubmedArticle' at 0x777afffe8cc0>,,,,,,
"Tobacco use was observed to be associated with a lower risk of Parkinson disease (PD) in previous epidemiologic studies, with nicotine as a potential candidate. The association between dietary nicotine and PD risk has, however, not been examined in prospective studies yet.
We aimed to examine prospectively the association between dietary nicotine intake and subsequent PD risk among never-smokers.
The current study was based on never-smoker participants from 2 large prospective cohorts: the Nurses' Health Study (n = 31,615) and the Health Professionals Follow-up Study (n = 19,523). The studies contained information on dietary nicotine intake from 1986 from validated FFQs. Dietary nicotine intake was calculated based on consumption of peppers, tomatoes, processed tomatoes, potatoes, and tea. Incident cases of PD were identified via questionnaires and subsequently confirmed by reviewing medical records. We used Cox proportional hazard models to calculate cohort-specific HRs, and used fixed-effects models to calculate the pooled HR.
During 26 y of follow-up, we identified 601 incident PD cases (296 women and 305 men). After adjusting for potential covariates, the pooled HR for the highest compared with the lowest quintile of dietary nicotine intake was 0.70 (95% CI: 0.51, 0.94). The significant inverse association was, however, only observed in women (adjusted HR: 0.64; 95% CI: 0.42, 0.96), not in men (adjusted HR: 0.77; 95% CI: 0.50, 1.20). Further adjusting for environmental tobacco smoke exposure, family history of PD, and use of ibuprofen generated similar significant results in women. Consistently, greater consumption of peppers was associated with lower risk of PD (adjusted HR for ≥5 times/wk compared with ≤3 times/mo: 0.49; 95% CI: 0.25, 0.94) in women but not in men (adjusted HR: 1.04; 95% CI: 0.57, 1.90).
Women with greater dietary nicotine intake had a lower risk of PD than those with lower intake.","[{'affiliation': 'Department of Nutritional Sciences, The Pennsylvania State University, University Park, PA, USA.', 'firstname': 'Chaoran', 'initials': 'C', 'lastname': 'Ma'}, {'affiliation': 'Department of Nutrition, Harvard TH Chan School of Public Health, Boston, MA, USA.', 'firstname': 'Samantha', 'initials': 'S', 'lastname': 'Molsberry'}, {'affiliation': 'Department of Nutrition, Harvard TH Chan School of Public Health, Boston, MA, USA.', 'firstname': 'Yanping', 'initials': 'Y', 'lastname': 'Li'}, {'affiliation': 'Department of Neurology, Massachusetts General Hospital, Boston, MA, USA.', 'firstname': 'Michael', 'initials': 'M', 'lastname': 'Schwarzschild'}, {'affiliation': ""Department of Nutrition, Harvard TH Chan School of Public Health, Boston, MA, USA.\nDepartment of Epidemiology, Harvard TH Chan School of Public Health, Boston, MA, USA.\nChanning Division of Network Medicine, Brigham and Women's Hospital and Harvard Medical School, Boston, MA, USA."", 'firstname': 'Alberto', 'initials': 'A', 'lastname': 'Ascherio'}, {'affiliation': 'Department of Nutritional Sciences, The Pennsylvania State University, University Park, PA, USA.', 'firstname': 'Xiang', 'initials': 'X', 'lastname': 'Gao'}]",,Copyright © The Author(s) on behalf of the American Society for Nutrition 2020.,10.1093/ajcn/nqaa186,The American journal of clinical nutrition,"['Parkinson disease', 'cohort', 'dietary nicotine', 'neurodegenerative disease', 'prospective study']",,2020-07-30,"32725131
10202534
28931491
11761476
12205639
17620489
26272284
11087780
16007624
22095755
19131566
16832110
2303820
1494911
22573395
25896935
10552617
16894067
23661325
8320406
4014201
24448787
21368281
22513989
22491871
17991663
20220126
17339584
28680589
20590830
12580337
12769610
17409284
16759874
24753353
22611310
25882059
8601954
21355099
21367874
1632423","During 26 y of follow-up, we identified 601 incident PD cases (296 women and 305 men). After adjusting for potential covariates, the pooled HR for the highest compared with the lowest quintile of dietary nicotine intake was 0.70 (95% CI: 0.51, 0.94). The significant inverse association was, however, only observed in women (adjusted HR: 0.64; 95% CI: 0.42, 0.96), not in men (adjusted HR: 0.77; 95% CI: 0.50, 1.20). Further adjusting for environmental tobacco smoke exposure, family history of PD, and use of ibuprofen generated similar significant results in women. Consistently, greater consumption of peppers was associated with lower risk of PD (adjusted HR for ≥5 times/wk compared with ≤3 times/mo: 0.49; 95% CI: 0.25, 0.94) in women but not in men (adjusted HR: 1.04; 95% CI: 0.57, 1.90).",Dietary nicotine intake and risk of Parkinson disease: a prospective study.,<Element 'PubmedArticle' at 0x777b00000720>,,,,,,
"Serum polychlorinated biphenyls (PCBs) have been associated with some chronic diseases, but little evidence exists on their possible relationship with neurodegenerative diseases. We aimed to assess the relationship between PCB exposure and the occurrence of dementia and Parkinson disease in a prospective cohort study in a highly polluted area (Brescia-Caffaro).
PCB exposure was assessed by measuring serum levels of 24 congeners. Data on the onset of dementia and Parkinson disease were retrieved by the Brescia Health Protection Agency Database. We used Poisson regression models adjusted for possible confounders to calculate rate ratios (RRs). A mediation analysis was performed to evaluate the mediatory role of cardiovascular diseases.
699 subjects without neurologic diseases at baseline were enrolled (48.1% males, 63.2 years of mean age) in 2001-2013 and followed up to 2018. During a mean follow-up of 8.8 years, 36 and 20 subjects developed dementia and Parkinson disease. Subjects in the 2nd and 3rd tertiles of the total PCBs distribution, compared with those in the 1st tertile, had a higher risk of dementia (RR = 2.30 and RR = 4.35). The estimates for Parkinson disease included the null value with wide confidence intervals. In the mediation analysis, the association between PCB exposure and dementia was dominated by the direct pathway and not by the hypertension-mediated pathway.
We observed a positive association between total PCBs serum levels and the onset of dementia not mediated by hypertension. For Parkinson, the unstable risk estimates did not allow to draw a conclusion on a possible association.","[{'affiliation': 'Department of Public Health Sciences, Karolinska Institutet, Italy; ATS Brescia (Brescia Health Protection Agency), Italy; Department of Medical and Surgical Specialties Radiological Sciences and Public Health, Unit of Hygiene, Epidemiology, and Public Health, University of Brescia, Italy. Electronic address: elena.raffetti@ki.se.', 'firstname': 'Elena', 'initials': 'E', 'lastname': 'Raffetti'}, {'affiliation': 'Department of Medical and Surgical Specialties Radiological Sciences and Public Health, Unit of Hygiene, Epidemiology, and Public Health, University of Brescia, Italy.', 'firstname': 'Francesco', 'initials': 'F', 'lastname': 'Donato'}, {'affiliation': 'Department of Medical and Surgical Specialties Radiological Sciences and Public Health, Institute of Occupational Health and Industrial Hygiene, University of Brescia, Italy.', 'firstname': 'Giuseppe', 'initials': 'G', 'lastname': 'De Palma'}, {'affiliation': 'ATS Brescia (Brescia Health Protection Agency), Italy.', 'firstname': 'Lucia', 'initials': 'L', 'lastname': 'Leonardi'}, {'affiliation': 'ATS Brescia (Brescia Health Protection Agency), Italy.', 'firstname': 'Claudio', 'initials': 'C', 'lastname': 'Sileo'}, {'affiliation': 'ATS Brescia (Brescia Health Protection Agency), Italy.', 'firstname': 'Michele', 'initials': 'M', 'lastname': 'Magoni'}]",,Copyright © 2020 Elsevier Ltd. All rights reserved.,10.1016/j.chemosphere.2020.127522,Chemosphere,"['Cohort study', 'Dementia', 'PCBs', 'Parkinson disease']",,2020-07-28,32712378,"699 subjects without neurologic diseases at baseline were enrolled (48.1% males, 63.2 years of mean age) in 2001-2013 and followed up to 2018. During a mean follow-up of 8.8 years, 36 and 20 subjects developed dementia and Parkinson disease. Subjects in the 2nd and 3rd tertiles of the total PCBs distribution, compared with those in the 1st tertile, had a higher risk of dementia (RR = 2.30 and RR = 4.35). The estimates for Parkinson disease included the null value with wide confidence intervals. In the mediation analysis, the association between PCB exposure and dementia was dominated by the direct pathway and not by the hypertension-mediated pathway.",Polychlorinated biphenyls (PCBs) and risk of dementia and Parkinson disease: A population-based cohort study in a North Italian highly polluted area.,<Element 'PubmedArticle' at 0x777b0001ce50>,,,,,,
"Multiple studies have suggested that various pesticides are associated with a higher risk of developing Parkinson's disease (PD) and may influence the progression of the disease. However, the evidence regarding the impact of pesticide exposure on mortality among patients with PD is equivocal. This study examines whether pesticide exposure influences the risk of mortality among patients with PD in Southern Brazil.
A total of 150 patients with idiopathic PD were enrolled from 2008 to 2013 and followed until 2019. In addition to undergoing a detailed neurologic evaluation, patients completed surveys regarding socioeconomic status and environmental exposures.
Twenty patients (13.3%) reported a history of occupational pesticide exposure with a median duration of exposure of 10 years (mean = 13.1, SD = 11.2). Patients with a history of occupational pesticide exposure had higher UPDRS-III scores, though there were no significant differences in regards to age, sex, disease duration, Charlson Comorbidity Index, and age at symptom onset. Patients with occupational pesticide exposure were more than twice as likely to die than their unexposed PD counterparts (HR = 2.32, 95% CI [1.15, 4.66], p = 0.018). Occupational pesticide exposure was also a significant predictor of death in a cox-proportional hazards model which included smoking and caffeine intake history (HR = 2.23, 95% CI [1.09, 4.59], p = 0.03)) and another which included several measures of socioeconomic status (HR = 3.91, 95% CI [1.32, 11.58], p = 0.01).
In this prospective cohort study, we found an increased all-cause mortality risk in PD patients with occupational exposure to pesticides. More studies are needed to further analyze this topic with longer follow-up periods, more detailed exposure information, and more specific causes of mortality.","[{'affiliation': 'Serviço de Neurologia, Hospital de Clínicas de Porto Alegre, Universidade Federal do Rio Grande do Sul, R. Ramiro Barcelos, 2350 - Santa Cecilia, Porto Alegre, RS, 90040-060, Brazil. marcio.s.medeiros@gmail.com.', 'firstname': 'Márcio', 'initials': 'M', 'lastname': 'Schneider Medeiros'}, {'affiliation': 'Department of Global Health, University of Texas Southwestern Medical Center, Dallas, TX, USA.', 'firstname': 'Sumanth', 'initials': 'S', 'lastname': 'P Reddy'}, {'affiliation': 'Department of Health Policy and Management, Johns Hopkins Bloomberg School of Public Health, Baltimore, MD, USA.', 'firstname': 'Mariana', 'initials': 'M', 'lastname': 'P Socal'}, {'affiliation': 'Serviço de Neurologia, Hospital de Clínicas de Porto Alegre, Universidade Federal do Rio Grande do Sul, R. Ramiro Barcelos, 2350 - Santa Cecilia, Porto Alegre, RS, 90040-060, Brazil.\nDepartamento de Farmacologia, Universidade Federal do Rio Grande do Sul, Porto Alegre, RS, Brazil.', 'firstname': 'Artur Francisco', 'initials': 'AF', 'lastname': 'Schumacher-Schuh'}, {'affiliation': 'Departamento de Neurologia, Universidade Federal de Ciências da Saúde de Porto Alegre, Porto Alegre, RS, Brazil.', 'firstname': 'Carlos Roberto', 'initials': 'CR', 'lastname': 'Mello Rieder'}]","In this prospective cohort study, we found an increased all-cause mortality risk in PD patients with occupational exposure to pesticides. More studies are needed to further analyze this topic with longer follow-up periods, more detailed exposure information, and more specific causes of mortality.",,"10.1186/s12940-020-00624-8
10.3389/fneur.2019.00218
10.1016/B978-0-444-62627-1.00013-5
10.1016/j.envint.2017.06.018
10.4103/ijoem.IJOEM_45_18
10.1080/19338244.2018.1492894
10.1212/WNL.0b013e318294b3c8
10.5271/sjweh.3641
10.1006/enrs.2001.4264
10.1289/ehp.1103881
10.1016/j.envint.2012.05.004
10.1002/mds.25898
10.1136/oemed-2014-102209
10.1093/ije/29.2.323
10.2217/pgs.12.149
10.1093/gerona/53A.5.M337
10.1093/oxfordjournals.aje.a009034
10.1016/j.yrtph.2018.05.005
10.1371/journal.pone.0131809
10.1080/19485561003727372
10.1590/S0034-89101992000600008
10.1097/MD.0000000000004337
10.15585/mmwr.mm6627a2
10.3233/JAD-2010-091525
10.1002/mds.21706
10.1002/ana.10277
10.1002/mds.25076
10.1002/mds.27577
10.1186/s40035-017-0090-8
10.1017/cjn.2015.244",Environmental health : a global access science source,"['Environmental exposure', 'Mortality', 'Occupational exposure', 'Parkinson', 'Pesticides']",,2020-06-20,"32552814
30941085
26563792
28689109
30319227
30474499
27598189
23713084
11022853
28379585
11437458
22389202
22698719
31342891
30558363
24821648
25713156
10817132
31395775
23171335
9754138
8982025
29729297
26153885
20589989
1342534
1641443
27472716
28704346
20182023
17712848
14579122
12205639
22927157
30653734
28680589
26189779","Twenty patients (13.3%) reported a history of occupational pesticide exposure with a median duration of exposure of 10 years (mean = 13.1, SD = 11.2). Patients with a history of occupational pesticide exposure had higher UPDRS-III scores, though there were no significant differences in regards to age, sex, disease duration, Charlson Comorbidity Index, and age at symptom onset. Patients with occupational pesticide exposure were more than twice as likely to die than their unexposed PD counterparts (HR = 2.32, 95% CI [1.15, 4.66], p = 0.018). Occupational pesticide exposure was also a significant predictor of death in a cox-proportional hazards model which included smoking and caffeine intake history (HR = 2.23, 95% CI [1.09, 4.59], p = 0.03)) and another which included several measures of socioeconomic status (HR = 3.91, 95% CI [1.32, 11.58], p = 0.01).",Occupational pesticide exposure and the risk of death in patients with Parkinson's disease: an observational study in southern Brazil.,<Element 'PubmedArticle' at 0x777b000308b0>,,,,,,
"This paper demonstrates that ginseng mixtures and individual ginseng chemical constituents commonly induce hormetic dose responses in numerous biological models for endpoints of biomedical and clinical relevance, typically providing a mechanistic framework. The principal focus of ginseng hormesis-related research has been directed toward enhancing neuroprotection against conditions such as Alzheimer's and Parkinson's Diseases, stroke damage, as well as enhancing spinal cord and peripheral neuronal damage repair and reducing pain. Ginseng was also shown to reduce symptoms of diabetes, prevent cardiovascular system damage, protect the kidney from toxicities due to immune suppressant drugs, and prevent corneal damage, amongst other examples. These findings complement similar hormetic-based chemoprotective reports for other widely used dietary-type supplements such as curcumin, ginkgo biloba, and green tea. These findings, which provide further support for the generality of the hormetic dose response in the biomedical literature, have potentially important public health and clinical implications.","[{'affiliation': 'Department of Environmental Health Sciences, School of Public Health and Health Sciences, University of Massachusetts, Amherst, MA 01003, USA.', 'firstname': 'Edward J', 'initials': 'EJ', 'lastname': 'Calabrese'}]",,,"10.3390/molecules25112719
10.1191/0960327102ht217oa
10.1038/s41514-017-0013-z
10.1016/j.yrtph.2011.06.003
10.1016/j.envpol.2013.07.046
10.1016/j.phrs.2015.12.021
10.1897/07-541.1
10.3109/10408444.2013.808172
10.1016/j.fct.2019.04.053
10.1016/j.arr.2020.101019
10.1016/S0742-8413(99)00025-0
10.1590/S0100-879X2004001200012
10.1016/j.ejphar.2016.10.017
10.1016/j.jgr.2016.08.011
10.1016/j.jgr.2016.04.001
10.1248/bpb.25.1550
10.1038/sj.bjp.0702052
10.1111/j.1476-5381.1995.tb15023.x
10.1016/j.jep.2016.06.017
10.1016/j.jep.2014.07.009
10.1002/jnr.22811
10.1006/exnr.2001.7841
10.1038/srep41082
10.1016/j.jep.2007.03.010
10.1016/j.ejphar.2019.172801
10.3390/nu9090931
10.1179/016164107X159144
10.1038/aps.2009.6
10.1139/cjpp-2013-0377
10.1631/jzus.B1600355
10.1021/np070135j
10.1177/0963689719825615
10.3892/mmr.2017.7737
10.1111/j.1834-7819.2012.01672.x
10.1007/s11655-014-1856-9
10.5713/ajas.15.0678
10.1111/j.1745-7254.2005.00019.x
10.1111/j.1471-4159.2009.06051.x
10.1016/j.jep.2009.09.038
10.1371/journal.pone.0182933
10.1210/jcem.87.8.8717
10.1016/S0304-3940(96)13148-7
10.1038/nm0498-447
10.1016/S0960-0760(03)00043-8
10.3109/13880209.2010.521514
10.1155/2017/6473506
10.1016/j.neuroscience.2012.06.027
10.1038/s41401-018-0154-z
10.3390/molecules24061102
10.1002/jccs.201600783
10.1016/j.jns.2016.12.036
10.1002/cbf.1554
10.1016/j.bcp.2013.05.006
10.1080/10286021003689791
10.1080/15287394.2015.1085943
10.1002/jcb.29150
10.1142/S0192415X80000220
10.1016/0047-6374(95)01618-A
10.1016/j.neuropharm.2017.12.012
10.1038/sj.npp.1300388
10.1002/(SICI)1097-4547(19980815)53:4<426::AID-JNR4>3.0.CO;2-8
10.3390/molecules19033012
10.1089/107632700320748
10.1089/ten.tea.2007.0342
10.1002/glia.20951
10.1002/jbm.a.32511
10.1016/j.cbi.2008.08.012
10.1016/j.brainres.2010.07.091
10.1155/2011/767930
10.1007/s12272-012-0717-3
10.1007/s11033-010-0558-4
10.1155/2014/149195
10.1155/2015/171306
10.1016/j.lfs.2006.10.021
10.1677/JOE-08-0104
10.1016/j.bbrc.2015.09.064
10.1002/ptr.2339
10.1016/j.ejphar.2013.01.048
10.1038/sj.bjp.0706794
10.1155/2019/2684108
10.1016/j.phrs.2019.104599
10.1248/yakushi1947.108.10_971
10.1016/j.ejphar.2014.02.024
10.1248/bpb.b13-00771
10.1089/jmf.2013.3031
10.1016/j.lfs.2019.05.033
10.1159/000044911
10.1159/000045277
10.1211/0022357022449
10.1016/j.bbagen.2007.06.008
10.1248/bpb.31.1923
10.1016/j.neuropharm.2011.05.029
10.1016/j.jep.2012.05.057
10.3390/ijms160714395
10.1016/j.jgr.2018.12.002
10.1016/j.jchromb.2007.04.014
10.1016/j.jgr.2016.12.013
10.1021/jf901503a
10.1016/j.neuropharm.2008.01.003
10.1159/000448001
10.1016/j.biopha.2018.10.018
10.1248/bpb.31.748
10.4014/jmb.1908.08047
10.1016/j.jgr.2014.04.003
10.1039/C6FO00123H
10.3389/fphar.2018.00662
10.1007/s10571-015-0177-7
10.3390/molecules24152687
10.1016/j.jgr.2013.10.001
10.3390/molecules24244438
10.1016/j.jgr.2019.05.013
10.4142/jvs.2017.18.3.387
10.1016/j.ijbiomac.2018.03.158
10.1016/j.jgr.2015.10.002
10.1007/s12035-018-1308-1
10.14348/molcells.2015.0116
10.1080/10408440802003991
10.1016/j.jgr.2014.06.001
10.1016/S0006-2952(99)00212-9
10.1016/j.jgr.2016.05.002
10.1016/j.jgr.2018.11.007
10.1111/j.1742-7843.2006.pto_284.x
10.1142/S0192415X08006028
10.1271/bbb.58.855
10.1271/bbb.60.1000
10.1016/S0940-2993(97)80104-2
10.1021/jf021046+
10.1016/j.fct.2013.05.025
10.1038/labinvest.2014.101
10.1159/000349921
10.1016/j.biopha.2019.108970
10.1142/S0192415X87000047
10.1186/1550-2783-9-23
10.1016/S0254-6272(16)30030-9
10.1016/j.jep.2017.12.033
10.1021/jf502990n
10.1186/s12906-019-2536-2
10.1016/j.taap.2004.06.023
10.3390/cells7120270
10.1016/j.envpol.2008.07.028
10.1039/c0np00057d
10.1186/1749-8546-7-2
10.5142/jgr.2013.37.45
10.3892/ijmm.2013.1552
10.1093/jn/133.11.3603
10.1016/j.jgr.2018.04.005
10.1371/journal.pone.0144733","Molecules (Basel, Switzerland)","['Alzheimer’s Disease', 'Parkinson’s Disease', 'aging', 'biphasic', 'ginseng', 'hormesis', 'hormetic', 'neuroprotection', 'preconditioning', 'wound healing']",,2020-06-18,"32545419
12102503
28944077
21699952
23992683
26757428
18275256
23875765
31047936
31931153
32728352
10442826
15558193
27756603
29021694
28701863
30825295
12499638
9786496
7582543
27288754
25046825
22434648
11822886
28112228
17467211
31738935
28837087
17509226
19262553
24873669
28471118
17663584
30675799
29039576
22624755
25491536
26954154
26109949
15659115
19476546
19799986
28813475
12161497
8945754
9546791
12711016
21438847
29204248
22728092
30262824
30897756
28131165
19326380
23688497
20419536
26529404
31209925
7211745
8523901
29241654
15010693
9710262
24662068
10941207
18925830
19998481
19536828
18805406
20682297
22013385
22864749
21113666
25120573
26074986
30988756
17129589
18550785
26381176
26507878
18803235
23399764
16770323
31662773
31857242
3246641
24613976
24789999
25396716
31102746
9496738
9933756
14980007
17659841
18827356
21664366
22683911
26114390
30976171
25374589
17526438
23976968
29348725
19694436
18291427
27441690
30372878
18379076
31693840
25378991
27161858
29973885
25776135
31344860
24748832
31817172
32095099
27586470
29604355
27746684
30117105
26255830
18568864
25535476
10571242
28701868
30976170
16445594
18543393
8695898
9455679
12670191
23743120
25111692
23594788
31103823
207289
3687838
22607394
27400477
29277608
25665731
31182089
15667834
30545139
18790554
21258738
22314249
31308807
23717156
24212564
14608081
31308819
26650753",,"Hormesis and Ginseng: Ginseng Mixtures and Individual Constituents Commonly Display Hormesis Dose Responses, Especially for Neuroprotective Effects.",<Element 'PubmedArticle' at 0x777b00049b20>,,,,,,
"Dementia is a syndrome of cognitive and functional decline, commonly occurring in later life as a result of neurodegenerative and cerebrovascular processes beginning earlier in the life course. An excess of free radicals has an essential role in neurodegenerative diseases and aging. This paper aims to review the effects of noise and carbon monoxide as a risk factor in Alzheimer's disease as well as the role of free radicals in the progress of Alzheimer's disease. Articles included in this review were identified through a search of the databases PubMed, Scopus, and Google Scholar using the search terms Alzheimer's disease, dementia, noise, reactive oxygen species, and Carbon Monoxide. The literature search was restricted to the years 1982 to 2020 and articles published in the English language. The metabolism rate of the body is very high when exposed to noise and carbon monoxide; this leads to overproduction of reactive oxygen species and oxidative stress conditions. Oxidative stress has an essential role in the mechanisms concerned in Alzheimer's disease. In addition to the consequences of noise and a chemical substance on the auditory system, they also have non-auditory effects that affect the brain and induced neurodegenerative disease.","[{'affiliation': 'Department of Audiology, School of Rehabilitation Sciences, Babol University of Medical Sciences, Mazandaran, Iran.', 'firstname': 'Fereshteh', 'initials': 'F', 'lastname': 'Bagheri'}, {'affiliation': 'School of Behavioral Sciences and Mental Health (Tehran Institute of Psychiatry), Iran University of Medical Sciences, Tehran, Iran.', 'firstname': 'Vahid', 'initials': 'V', 'lastname': 'Rashedi'}]",,,10.4103/2045-9912.285562,Medical gas research,"[""Alzheimer's disease"", 'auditory system', 'carbon monoxide', 'dementia', 'free radicals', 'noise', 'older adults', 'oxidative stress', 'reactive oxygen species']",,2020-06-17,"32541134
27501488
23849337
16244388
9554432
27836585
29936225
30978359
17638679
24758548
12678928
12689362
16299704
7201348
9618550
17141991
7610900
10436315
17544162
26251361
30784814
23899629
22971273
14748735
14624024
9168248
9814551
27392670
10657533
12031889
16481110
30771409
25774610
30561536
18482592
16389797
11372513
9950394
28854940
15746226
19252780
14978898
29247614
30578768
19259965
30935305
29909174
10575125
3403384
30685358
29080524
23000246
24949886
30210334
17289803
17127365
19239419
11375752
11375746
17508283
29692267
18565274
21357903
18289026
21504121
16611085
22950912
18539391
9546346
25345484
30577562
20013193
12814808
26898423
9572310
11733217
15295589
10939564
12572666
17145558
22149654
15231237
8937831
21944860
23432181
16188294
21272192
14499458
19733555
11369506
18547271
10880853
16399211
17034348
19076432
15111312",,Simultaneous exposure to noise and carbon monoxide increases the risk of Alzheimer's disease: a literature review.,<Element 'PubmedArticle' at 0x777b00093240>,,,,,,
"Parkinson's disease (PD) is a neurodegenerative disease, mostly presenting with characteristic motor symptoms. Organochlorines (OC) are a class of widely-used pesticides that have been included among the list of environmental factors incriminated in PD pathogenesis. However, most studies reporting this association are based on questionnaires, and few have reported exposure data.
To examine the relationship between OC blood concentrations and PD risk.
In the present study, we studied the concentrations of 8 OC compounds (hexachlorobenzene, heptachlor, hepachlor epoxide, c-chlordane, a-chlordane, p,p'-DDE, DDD, DDT) in 104 Greek PD patients and 110 healthy controls.
All substances studied were present in at least one sample. The most frequently detected (above the level of quantification) pesticides were p,p'-DDE (n = 214, 100 % of both groups) and hexachlorobenzene, HCB (n = 189, cases 46.5 %, controls 53.5 %). Higher levels of DDE were detected among PD patients in comparison to controls by using logistic regression analysis to control for confounders [Odds Ratio, OR (95 % confidence interval, C.I.)]: 2.592,(1.29-5.21)], whilst lower levels of HCB were detect among PD patients [OR,95 %CI:0.176(0.09-0.35)].
Our data suggest that exposure to specific OCs is related to the risk of PD. Further studies, using real exposure data, are needed in order to confirm and extend these findings.","[{'affiliation': 'Department of Neurology, Laboratory of Neurogenetics, University of Thessaly, University Hospital of Larissa, Larissa, Greece.', 'firstname': 'Efthimios', 'initials': 'E', 'lastname': 'Dardiotis'}, {'affiliation': 'Department of Neurology, Laboratory of Neurogenetics, University of Thessaly, University Hospital of Larissa, Larissa, Greece.', 'firstname': 'Athina-Maria', 'initials': 'AM', 'lastname': 'Aloizou'}, {'affiliation': 'Department of Neurology, Laboratory of Neurogenetics, University of Thessaly, University Hospital of Larissa, Larissa, Greece.', 'firstname': 'Evagelos', 'initials': 'E', 'lastname': 'Sakalakis'}, {'affiliation': 'Department of Neurology, Laboratory of Neurogenetics, University of Thessaly, University Hospital of Larissa, Larissa, Greece.', 'firstname': 'Vasileios', 'initials': 'V', 'lastname': 'Siokas'}, {'affiliation': 'Department of Hygiene and Epidemiology, Faculty of Medicine, University of Thessaly, 22 Papakyriazi Street, 41222, Larissa, Greece.', 'firstname': 'Michalis', 'initials': 'M', 'lastname': 'Koureas'}, {'affiliation': 'Department of Neurology, Laboratory of Neurogenetics, University of Thessaly, University Hospital of Larissa, Larissa, Greece.', 'firstname': 'Georgia', 'initials': 'G', 'lastname': 'Xiromerisiou'}, {'affiliation': 'Department of Microbiology, Medical School, University of Thessaly, Larissa, Greece.', 'firstname': 'Efthymia', 'initials': 'E', 'lastname': 'Petinaki'}, {'affiliation': 'Swiss Centre for Applied Human Toxicology, University of Basel, CH‑4055, Basel, Switzerland.', 'firstname': 'Martin', 'initials': 'M', 'lastname': 'Wilks'}, {'affiliation': 'Center of Toxicology Science & Research, Medical School, University of Crete, 71003, Heraklion, Crete, Greece.', 'firstname': 'Aristidis', 'initials': 'A', 'lastname': 'Tsatsakis'}, {'affiliation': 'Department of Hygiene and Epidemiology, Faculty of Medicine, University of Thessaly, 22 Papakyriazi Street, 41222, Larissa, Greece.', 'firstname': 'Christos', 'initials': 'C', 'lastname': 'Hadjichristodoulou'}, {'affiliation': '1stDepartment of Neurology, National and Kapodistrian University of Athens, School of Medicine, Eginition Hospital, 72-74 Vas.Sophias Ave, 11528, Athens, Greece.', 'firstname': 'Leonidas', 'initials': 'L', 'lastname': 'Stefanis'}, {'affiliation': 'Department of Neurology, Laboratory of Neurogenetics, University of Thessaly, University Hospital of Larissa, Larissa, Greece.\nDepartment of Neurology, Medical School, University of Cyprus, Nicosia, Cyprus.', 'firstname': 'Georgios M', 'initials': 'GM', 'lastname': 'Hadjigeorgiou'}]",,© 2020 Published by Elsevier B.V.,"10.1016/j.toxrep.2020.03.011
10.1016/j.tox.2012.12.016
10.1212/wnl.0000000000001012
10.1016/j.toxlet.2014.01.039
10.1016/j.tox.2012.11.021
10.3390/jcm8091295
10.1007/s00415-005-0918-5
10.1136/jnnp.2007.131045
10.1002/mds.26424
10.3389/fneur.2018.00156
10.1016/j.clineuro.2018.09.039
10.1111/j.1365-2990.2008.00952.x
10.1126/science.276.5321.2045
10.1006/exnr.1998.6776
10.1002/ana.410360119
10.1016/j.neuro.2008.03.001
10.1001/archneurol.2009.89
10.1002/ana.21717
10.1016/j.tips.2008.03.007
10.1212/WNL.0b013e3181d76a93
10.1016/j.neuro.2012.05.011
10.1016/j.toxrep.2018.10.003
10.1007/s10158-006-0036-9
10.1016/j.lfs.2015.11.006
10.1016/b978-0-444-62627-1.00009-3
10.1016/j.neuro.2004.07.010
10.1007/s12010-016-2214-5
10.1016/j.toxrep.2017.03.001
10.1016/j.taap.2011.07.022
10.1016/j.envint.2018.04.008
10.1016/j.toxrep.2019.06.004
10.1016/j.tox.2018.10.012
10.1016/j.fct.2018.12.043
10.1016/j.toxrep.2018.10.001
10.1016/j.envres.2016.04.015
10.1016/j.chemosphere.2007.02.043
10.1080/1047322X.1990.10389587
10.1093/bmb/ldl018
10.1016/j.toxrep.2019.08.001
10.1155/2013/371034
10.1289/ehp.1103881
10.1016/s0014-5793(01)02597-2
10.1016/s0891-5849(01)00726-2
10.1074/jbc.M114.585703
10.4414/smw.2015.14204
10.1007/s12031-018-1204-1
10.1016/s0005-2728(09)91004-0
10.1111/jnc.13731
10.1016/s0378-4274(02)00401-0
10.1016/j.pharep.2017.06.013
10.1001/jama.1963.03700020038009
10.1016/j.envres.2006.11.007
10.1016/j.chemosphere.2006.01.033
10.1080/00039899909602243
10.1002/mds.27594
10.1515/reveh.2007.22.3.213
10.1016/0013-9351(75)90033-x
10.1016/j.envint.2015.12.015
10.1590/0004-282x20130060
10.1111/jrh.12154
10.1002/ana.20904
10.1016/j.biopha.2017.03.100
10.1016/j.toxlet.2020.03.005
10.3390/jcm9020430
10.1016/j.toxlet.2019.07.026",Toxicology reports,"['AD, Alzheimer’s disease', 'Environmental factors', 'OC, organochlorines', 'PD', 'PD, Parkinson’s disease', 'Parkinson’s disease', 'organochlorines']",,2020-05-20,"32426240
23295711
25326098
26236139
24503016
23246862
31450861
15999234
18344392
26474316
29628907
30308319
18447897
9197268
2381528
9527905
10706031
7517654
18455239
19597089
8628466
19847896
18453001
20350979
22627180
30338225
17206406
26549647
26563787
16112328
27591882
28959635
21851830
28691715
29677557
31293901
30359673
30594548
30450285
2841426
27107243
17408721
7539361
17242039
31463204
15736686
25101650
23936670
22389202
11445065
11728820
25425650
26561744
30415446
1932040
27546335
12523960
29128804
109142
14018209
6487543
17189629
16497358
625756
2590490
4459243
10094287
30597605
18078005
1213019
26720637
23857610
16357589
26515233
16802290
12011297
2505694
28412655
32145396
32033365
31386889","All substances studied were present in at least one sample. The most frequently detected (above the level of quantification) pesticides were p,p'-DDE (n = 214, 100 % of both groups) and hexachlorobenzene, HCB (n = 189, cases 46.5 %, controls 53.5 %). Higher levels of DDE were detected among PD patients in comparison to controls by using logistic regression analysis to control for confounders [Odds Ratio, OR (95 % confidence interval, C.I.)]: 2.592,(1.29-5.21)], whilst lower levels of HCB were detect among PD patients [OR,95 %CI:0.176(0.09-0.35)].",Organochlorine pesticide levels in Greek patients with Parkinson's disease.,<Element 'PubmedArticle' at 0x777b000b7ec0>,,,,,,
"Organophosphorus pesticides (OPs) are widely used for controlling pests worldwide. The inhibitory effects of these pesticides on acetylcholinesterase lead to neurotoxic damages. The oxidative stress is responsible for several neurological diseases, including Parkinson's disease, seizure, depression, and Alzheimer's disease. Strong evidence suggests that dysfunction of mitochondria and oxidative stress are involved in neurological diseases. OPs can disturb the function of mitochondria by inducing oxidative stress. In the present study, we tried to highlight the role of dysfunction of mitochondria and the induction of oxidative stress in the neurotoxicity induced by OPs. Additionally, the amelioration of OP-induced oxidative damage and mitochondrial dysfunctional through the chemical and natural antioxidants have been discussed.","[{'affiliation': 'Cardiovascular Diseases Research Center, Birjand University of Medical Sciences, Birjand, Iran.', 'firstname': 'Tahereh', 'initials': 'T', 'lastname': 'Farkhondeh'}, {'affiliation': 'Medical Toxicology and Drug Abuse Research Center (MTDRC), Birjand University of Medical Sciences(BUMS), Birjand, Iran.\nRocky Mountain Poison and Drug Safety, Denver Health, Denver, CO, USA.', 'firstname': 'Omid', 'initials': 'O', 'lastname': 'Mehrpour'}, {'affiliation': 'Neuroscience Research Center, Mashhad University of Medical Sciences, Mashhad, Iran.\nDepartment of Neuroscience, Faculty of Medicine, Mashhad University of Medical Sciences, Mashhad, Iran.', 'firstname': 'Fatemeh', 'initials': 'F', 'lastname': 'Forouzanfar'}, {'affiliation': 'Student Research Committee, Birjand University of Medical Sciences, Birjand, Iran.', 'firstname': 'Babak', 'initials': 'B', 'lastname': 'Roshanravan'}, {'affiliation': 'Healthy Ageing Research Centre, Neyshabur University of Medical Sciences, Neyshabur, Iran. samarghandians1@nums.ac.ir.', 'firstname': 'Saeed', 'initials': 'S', 'lastname': 'Samarghandian'}]",,,10.1007/s11356-020-09045-z,Environmental science and pollution research international,"['Antioxidant', 'Mitochondria', 'Neurodegeneration', 'Neurotoxicity', 'Organophosphate pesticides', 'Oxidative stress']",,2020-05-03,32358751,,Oxidative stress and mitochondrial dysfunction in organophosphate pesticide-induced neurotoxicity and its amelioration: a review.,<Element 'PubmedArticle' at 0x777affefb470>,,,,,,
"The etiology and pathogenesis of Parkinson's disease (PD) have not yet been clearly described. Both genetic and environmental factors contribute to the onset and progression of PD. Some pesticides have been demonstrated to be associated with PD by many previous studies and experiments, and an increasing number of researchers have paid attention to this area in recent years. This paper aims to explore the knowledge structure, analyze the current research hot spots, and discuss the research trend through screening and summarizing the present literature. Based on 1767 articles from the Web of Science Core Collection and PubMed database, this study carried out the analysis from the keywords, cited references, countries, authors, and some other aspects by using Citespace. The hot topics, valuable articles, and productive authors in this research field could be found after that. To the best of our knowledge, this is the first study to specifically visualize the relationship between pesticide exposure and PD, and forecast research tendency in the future.","[{'affiliation': 'Research Center for Environment and Health, Zhongnan University of Economics and Law, Wuhan, China.\nDepartment of Neurology, Renmin Hospital of Wuhan University, Wuhan, China.\nSchool of Information and Safety Engineering, Zhongnan University of Economics and Law, Wuhan, China.', 'firstname': 'Chaoyang', 'initials': 'C', 'lastname': 'Liu'}, {'affiliation': 'Research Center for Environment and Health, Zhongnan University of Economics and Law, Wuhan, China.\nSchool of Information and Safety Engineering, Zhongnan University of Economics and Law, Wuhan, China.', 'firstname': 'Zehua', 'initials': 'Z', 'lastname': 'Liu'}, {'affiliation': 'Department of Neurology, Renmin Hospital of Wuhan University, Wuhan, China.', 'firstname': 'Zhentao', 'initials': 'Z', 'lastname': 'Zhang'}, {'affiliation': 'Research Center for Environment and Health, Zhongnan University of Economics and Law, Wuhan, China.\nSchool of Information and Safety Engineering, Zhongnan University of Economics and Law, Wuhan, China.', 'firstname': 'Yanan', 'initials': 'Y', 'lastname': 'Li'}, {'affiliation': 'Research Center for Environment and Health, Zhongnan University of Economics and Law, Wuhan, China.\nSchool of Information and Safety Engineering, Zhongnan University of Economics and Law, Wuhan, China.', 'firstname': 'Ruying', 'initials': 'R', 'lastname': 'Fang'}, {'affiliation': 'Research Center for Environment and Health, Zhongnan University of Economics and Law, Wuhan, China.\nSchool of Information and Safety Engineering, Zhongnan University of Economics and Law, Wuhan, China.', 'firstname': 'Fei', 'initials': 'F', 'lastname': 'Li'}, {'affiliation': 'Research Center for Environment and Health, Zhongnan University of Economics and Law, Wuhan, China.\nSchool of Information and Safety Engineering, Zhongnan University of Economics and Law, Wuhan, China.', 'firstname': 'Jingdong', 'initials': 'J', 'lastname': 'Zhang'}]",,"Copyright © 2020 Liu, Liu, Zhang, Li, Fang, Li and Zhang.","10.3389/fpubh.2020.00091
10.1186/s13033-016-0079-1
10.1016/j.parkreldis.2015.08.020
10.1002/mds.27447
10.1002/mds.20609
10.1155/2018/6838965
10.3389/fncel.2018.00485
10.1016/j.neuron.2014.12.007
10.1016/j.cell.2016.11.018
10.1186/s40035-015-0042-0
10.1038/nsmb.3433
10.3389/fncel.2018.00417
10.1007/s00401-018-01956-z
10.1176/jnp.14.2.223
10.1093/hmg/ddm159
10.1212/WNL.52.9.1876
10.1289/ehp.8095
10.1126/science.6823561
10.1016/j.neuro.2018.12.009
10.3233/JPD-140424
10.1016/j.bbadis.2013.03.019
10.1002/ana.20051
10.1016/j.brainres.2016.11.020
10.1016/j.mad.2018.04.004
10.1002/asi.20317
10.1109/ACCESS.2018.2873696
10.1517/14712598.2012.674507
10.3390/ijerph16010029
10.3390/ijerph15102181
10.1016/j.ijhm.2016.10.006
10.2147/JPR.S132808
10.1080/09669582.2017.1329310
10.1016/j.jclepro.2019.119534
10.3390/app6010011
10.3892/etm.2014.2099
10.3791/50892
10.1007/s11064-010-0176-5
10.1080/10715760802513733
10.1289/ehp.1002839
10.1038/81834
10.1006/exnr.2002.8072
10.1093/aje/kwp006
10.1007/s10654-011-9574-5
10.1006/nbdi.2002.0507
10.1016/j.nbd.2009.01.016
10.1016/j.cbi.2010.06.003
10.1038/cdd.2009.217
10.1007/s00441-004-0937-z
10.1016/j.tips.2004.01.007
10.3389/fgene.2018.00701
10.1111/febs.12401
10.1186/1744-9081-9-13
10.1371/journal.pone.0008762
10.3390/su10113830
10.1371/journal.pone.0162099
10.1080/15376516.2017.1333553
10.1016/j.brainresbull.2017.07.012
10.1089/ars.2016.6711
10.3390/ijerph13090881
10.1016/j.tox.2018.09.009
10.1016/j.envint.2017.04.010
10.2174/0929867324666170526122654
10.1016/j.neuro.2016.04.003
10.1016/j.parkreldis.2010.11.011
10.1093/toxsci/kfx086
10.1186/1750-1326-7-49
10.1016/j.redox.2019.101134
10.1016/j.ab.2010.08.011
10.3969/j.issn.1673-5374.2012.05.001
10.1007/s11095-013-1005-8
10.1007/s00204-017-2133-4
10.1371/journal.pone.0151841",Frontiers in public health,"[""Parkinson's disease"", 'bibliometric', 'citespace', 'knowledge mapping', 'pesticide exposure']",,2020-04-23,"32318533
27313660
26318964
30145805
16007641
30050705
30618632
25611507
27912057
26464797
28671665
30555300
30721408
11983801
17911161
10371537
16451848
6823561
30605763
25633843
23562983
14991823
27876560
29630901
22443895
30583598
30301209
28479858
25574233
24335747
20455021
18985485
21269927
11100151
12504863
19270050
21505849
12127150
19385059
20542017
20094060
15258850
15019266
30740124
23789887
23497442
20098733
27611317
28532211
28751178
27788593
27598189
30266654
28779877
28552054
27058967
21167764
28460087
23017109
30798073
20705047
25774170
23703371
29209747
27055126",,A Scientometric Analysis and Visualization of Research on Parkinson's Disease Associated With Pesticide Exposure.,<Element 'PubmedArticle' at 0x777afff06430>,,,,,,
[,"[{'affiliation': 'Department of Radiology, University of Michigan, Ann Arbor, MI, USA.\nCurium Pharma, Nuclear Medicine Manufacturing, Noblesville, IN, USA.', 'firstname': 'Andrew V', 'initials': 'AV', 'lastname': 'Mossine'}, {'affiliation': 'Department of Medicinal Chemistry, University of Michigan, Ann Arbor, MI, USA.', 'firstname': 'Sean S', 'initials': 'SS', 'lastname': 'Tanzey'}, {'affiliation': 'Department of Radiology, University of Michigan, Ann Arbor, MI, USA.', 'firstname': 'Allen F', 'initials': 'AF', 'lastname': 'Brooks'}, {'affiliation': 'Department of Chemistry, University of Michigan, Ann Arbor, MI, USA.\nGordon Center for Medical Imaging, Massachusetts General Hospital, Harvard Medical School, Cambridge, MA, USA.', 'firstname': 'Katarina J', 'initials': 'KJ', 'lastname': 'Makaravage'}, {'affiliation': 'Department of Chemistry, University of Michigan, Ann Arbor, MI, USA.\nTakeda Pharmaceuticals International Co., Process Chemistry, Boston, MA, USA.', 'firstname': 'Naoko', 'initials': 'N', 'lastname': 'Ichiishi'}, {'affiliation': 'Department of Medicinal Chemistry, University of Michigan, Ann Arbor, MI, USA.\nEnvironmental Analysis Branch, US Army Corps of Engineers, Detroit, MI, USA.', 'firstname': 'Jason M', 'initials': 'JM', 'lastname': 'Miller'}, {'affiliation': 'Department of Radiology, University of Michigan, Ann Arbor, MI, USA.', 'firstname': 'Bradford D', 'initials': 'BD', 'lastname': 'Henderson'}, {'affiliation': 'AbbVie Deustschland GmbH & Co. KG Ludwigschafen, Ludwigshafen, Germany.', 'firstname': 'Thomas', 'initials': 'T', 'lastname': 'Erhard'}, {'affiliation': 'AbbVie Deustschland GmbH & Co. KG Ludwigschafen, Ludwigshafen, Germany.', 'firstname': 'Christian', 'initials': 'C', 'lastname': 'Bruetting'}, {'affiliation': 'AbbVie Translational Imaging, North Chicago, IL, USA.', 'firstname': 'Marc B', 'initials': 'MB', 'lastname': 'Skaddan'}, {'affiliation': 'Department of Chemistry, University of Michigan, Ann Arbor, MI, USA. mssanfor@umich.edu.', 'firstname': 'Melanie S', 'initials': 'MS', 'lastname': 'Sanford'}, {'affiliation': 'Department of Radiology, University of Michigan, Ann Arbor, MI, USA. pjhscott@umich.edu.\nDepartment of Medicinal Chemistry, University of Michigan, Ann Arbor, MI, USA. pjhscott@umich.edu.', 'firstname': 'Peter J H', 'initials': 'PJH', 'lastname': 'Scott'}]",,,10.1038/s41596-020-0305-9,Nature protocols,[],,2020-04-10,"32269382
18426240
26966122
24987698
6604227
25366711
26187216
29511385
24931352
2158953
18278215
29564384
19433364
26011311
23658219
19759110
25379166
25474722
26751274
30054961
24890658
25007318
30980032
28981159
24916101
26568457
27718581
22053044
23061667
27487221
24063629
24160267
30605563
27241832
25500826
29244780
27943464
31536095
26020118
23786461
29143408
13129233
28331174
25708748
27578168
27908969
28511073
28385087
29751990
30084043
29257860
30362376",,Synthesis of high-molar-activity [,<Element 'PubmedArticle' at 0x777afff34310>,,,,,,
"The two major causes of Parkinson's disease (PD) are genetic susceptibility and exposure to agricultural pesticides. Access to 23,224 individuals' hospital primary discharge diagnoses of PD allowed the mapping of cases against known crop distributions and pesticides. Our main objective was to map PD risks (cases per 10,000 people) against crops and their pesticides. The ZIP Code address locations, and the 2000 and 2010 census data, were used to map the risks of PD throughout Louisiana and in relation to United States Department of Agriculture (USDA)-recorded crops. The introduction of glyphosate-resistant crops appears to have initiated the PD disappearance from northeastern parishes on the west bank of the Mississippi river. Rice and sugar cane are seemingly unassociated with PD, as is the Mississippi itself, except for Jefferson and St. Charles Parishes, which are essentially urban or industrial. The present major PD-affected areas are associated with commercial forests, woodlands, and pastures, and thus with certain arbor-pastoral pesticides, 2,4-D, chlorpyrifos, and paraquat. Human populations at maximum risk are those living in areas of moderate and high aquifer-recharge potential. The levels of estimated pesticide exposure in these recharge areas we were able to access were of variable use, but significant amounts of 2,4-D were being used.","[{'affiliation': 'Department of Environmental Sciences, College of the Coast & Environment, Louisiana State University, Baton Rouge, LA 70803, USA.', 'firstname': 'Martin E', 'initials': 'ME', 'lastname': 'Hugh-Jones'}, {'affiliation': 'Cartographic Section, Louisiana Geological Survey, Louisiana State University, Baton Rouge, LA 70803, USA.', 'firstname': 'R Hampton', 'initials': 'RH', 'lastname': 'Peele'}, {'affiliation': 'Department of Environmental Sciences, College of the Coast & Environment, Louisiana State University, Baton Rouge, LA 70803, USA.', 'firstname': 'Vincent L', 'initials': 'VL', 'lastname': 'Wilson'}]",,,"10.3390/ijerph17051584
10.1001/archneur.62.3.378
10.1289/ehp.7570
10.1289/ehp.7573
10.1016/j.sleep.2012.10.009
10.1371/journal.pone.0089741
10.1016/j.sleep.2012.10.015
10.5665/sleep.6102
10.1016/S0197-4580(02)00065-9
10.1016/j.pneurobio.2011.03.005
10.1001/archneur.55.7.969
10.1016/j.jns.2007.06.024
10.1007/s10654-011-9581-6
10.1007/s11064-016-2052-4
10.1016/j.neuro.2012.05.011
10.3109/00207451003668374
10.1289/ehp.0900852
10.1007/s10654-017-0229-z
10.1155/2015/576564
10.1614/WT-D-15-00027.1
10.1017/wet.2017.83",International journal of environmental research and public health,"['2,4-D', 'agricultural ecology', 'agricultural pesticides', 'aquifer recharge', 'chlorpyrifos', 'paraquat', 'pastures', 'woodland']",,2020-03-04,"32121433
0
15767502
16140639
16140634
23347909
24587002
23474058
27306265
12498954
21439347
9678315
17673256
21626386
27613618
22627180
20402575
20049211
28185034
26357584",,"Parkinson's Disease in Louisiana, 1999-2012: Based on Hospital Primary Discharge Diagnoses, Incidence, and Risk in Relation to Local Agricultural Crops, Pesticides, and Aquifer Recharge.",<Element 'PubmedArticle' at 0x777afff4b3d0>,,,,,,
"The brain is the body's control center, so when a disease affects it, the outcomes are devastating. Alzheimer's and Parkinson's disease, and multiple sclerosis are brain diseases that cause a large number of human deaths worldwide. Curcumin has demonstrated beneficial effects on brain health through several mechanisms such as antioxidant, amyloid β-binding, anti-inflammatory, tau inhibition, metal chelation, neurogenesis activity, and synaptogenesis promotion. The therapeutic limitation of curcumin is its bioavailability, and to address this problem, new nanoformulations are being developed. The present review aims to summarize the general bioactivity of curcumin in neurological disorders, how functional molecules are extracted, and the different types of nanoformulations available.","[{'affiliation': 'Student Research Committee, School of Medicine, Bam University of Medical Sciences, Bam 44340847, Iran.', 'firstname': 'Bahare', 'initials': 'B', 'lastname': 'Salehi'}, {'affiliation': 'Department of Clinical Pharmacy, University of Medicine and Pharmacy of Craiova, 200349 Craiova, Romania.', 'firstname': 'Daniela', 'initials': 'D', 'lastname': 'Calina'}, {'affiliation': 'Department of Toxicology, University of Medicine and Pharmacy of Craiova, 200349 Craiova, Romania.', 'firstname': 'Anca Oana', 'initials': 'AO', 'lastname': 'Docea'}, {'affiliation': 'Department of Natural Products Research, Dr. Koirala Research Institute for Biotechnology and Biodiversity, Kathmandu 44600, Nepal.', 'firstname': 'Niranjan', 'initials': 'N', 'lastname': 'Koirala'}, {'affiliation': 'Department of Natural Products Research, Dr. Koirala Research Institute for Biotechnology and Biodiversity, Kathmandu 44600, Nepal.', 'firstname': 'Sushant', 'initials': 'S', 'lastname': 'Aryal'}, {'affiliation': 'Italian National Research Council, Rome (CNR), 98158 Messina, Italy.', 'firstname': 'Domenico', 'initials': 'D', 'lastname': 'Lombardo'}, {'affiliation': 'Department of Environmental and Chemical Engineering, University of Calabria, 87036 Rende (CS), Italy.', 'firstname': 'Luigi', 'initials': 'L', 'lastname': 'Pasqua'}, {'affiliation': 'Phytochemistry Research Center, Shahid Beheshti University of Medical Sciences, Tehran 1991953381, Iran.', 'firstname': 'Yasaman', 'initials': 'Y', 'lastname': 'Taheri'}, {'affiliation': 'Facultad de Medicina, Universidad del Azuay, 14-008 Cuenca, Ecuador.', 'firstname': 'Carla', 'initials': 'C', 'lastname': 'Marina Salgado Castillo'}, {'affiliation': 'Department of Nutrition and Dietetics, Faculty of Pharmacy, University of Concepcion, Concepcion 4070386, Chile.\nUnidad de Desarrollo Tecnológico, Universidad de Concepción UDT, Concepcion 4070386, Chile.', 'firstname': 'Miquel', 'initials': 'M', 'lastname': 'Martorell'}, {'affiliation': 'Faculty of Medicine, University of Porto, Alameda Prof. HernâniMonteiro, 4200-319 Porto, Portugal.\nInstitute for Research and Innovation in Health (i3S), University of Porto, 4200-135 Porto, Portugal.', 'firstname': 'Natália', 'initials': 'N', 'lastname': 'Martins'}, {'affiliation': 'Department of Agricultural and Environmental Sciences, Milan State University, 20133 Milan, Italy.', 'firstname': 'Marcello', 'initials': 'M', 'lastname': 'Iriti'}, {'affiliation': 'Department of Agriculture and Food Systems, The University of Melbourne, Melbourne 3010, Australia.', 'firstname': 'Hafiz Ansar Rasul', 'initials': 'HAR', 'lastname': 'Suleria'}, {'affiliation': 'Zabol Medicinal Plants Research Center, Zabol University of Medical Sciences, Zabol 61615-585, Iran.', 'firstname': 'Javad', 'initials': 'J', 'lastname': 'Sharifi-Rad'}]",,,"10.3390/jcm9020430
10.1007/s00018-008-7452-4
10.1016/B978-0-12-815461-8.00002-5
10.1016/j.bcp.2008.08.008
10.1111/j.1440-1681.2011.05648.x
10.1007/978-0-387-46401-5_3
10.3390/molecules24071393
10.1053/j.jrn.2011.03.002
10.1016/j.nutres.2012.09.002
10.1155/2018/9698258
10.1002/ptr.4639
10.1002/14651858.CD008424.pub2
10.1007/978-0-387-46401-5_8
10.1155/2015/248529
10.1002/biof.1533
10.1093/aje/kwj267
10.18632/oncotarget.24369
10.3233/JAD-160289
10.1016/j.jamda.2016.12.071
10.1179/1476830511Y.0000000035
10.1016/j.freeradbiomed.2008.04.008
10.3390/molecules24132454
10.3390/app9163387
10.3390/molecules24101854
10.1158/1940-6207.CAPR-10-0098
10.1007/s00204-017-1939-4
10.1016/j.biopha.2019.109278
10.1155/2014/394264
10.3390/ijms19061637
10.1016/j.canlet.2013.02.032
10.1002/mnfr.201300724
10.1002/ptr.6257
10.1034/j.1600-0773.2003.920106.x
10.1016/j.chemphys.2008.02.065
10.1021/ja991446m
10.1016/j.foodchem.2010.09.063
10.1016/j.phrs.2017.08.004
10.1080/13813450802033958
10.3233/JAD-170512
10.2174/1567205053585882
10.1080/10715760500233113
10.1016/j.freeradbiomed.2007.11.011
10.1016/j.intimp.2010.08.013
10.1007/s10072-017-3149-5
10.1007/s00251-017-0992-8
10.2147/IJN.S162087
10.2174/1567202615666180731100224
10.1186/s12974-018-1247-9
10.1007/s11011-014-9537-0
10.1186/s12872-018-0768-6
10.1016/j.taap.2018.03.020
10.1111/j.1471-4159.2010.06630.x
10.1016/j.biomaterials.2016.10.032
10.1146/annurev.nutr.012809.104755
10.3109/00207454.2012.657380
10.1038/labinvest.2014.42
10.1007/s11010-013-1844-y
10.1016/S0027-5107(01)00183-X
10.3233/JAD-170188
10.1111/joim.12191
10.1212/WNL.57.6.985
10.1017/S1041610201007852
10.1016/j.biomaterials.2010.01.142
10.1021/ja405239v
10.1007/s12035-016-9802-9
10.1016/S1734-1140(11)70629-6
10.1111/j.1747-0285.2007.00557.x
10.1021/la4020459
10.1016/j.bbrc.2017.11.114
10.1016/j.neurobiolaging.2004.09.019
10.1126/sciadv.aaw6404
10.1016/j.neulet.2013.09.008
10.3109/10799893.2013.848891
10.1124/jpet.102.035048
10.1186/s13195-015-0139-9
10.3389/fncel.2018.00258
10.1016/j.neulet.2015.03.045
10.3390/biology8030051
10.3389/fphar.2016.00261
10.3233/JAD-2006-10101
10.3390/jcm8091295
10.1016/j.neuropharm.2012.01.028
10.1111/imm.12922
10.3390/jcm8111815
10.3390/ijms19123824
10.1155/2013/484613
10.1016/j.cnr.2006.09.006
10.1089/ars.2011.4082
10.1016/j.cbi.2008.05.003
10.1016/j.neuroscience.2019.02.020
10.1155/2015/527209
10.1002/ardp.201400266
10.1590/1806-9061-2018-0868
10.3892/ol.2019.9933
10.1016/j.ydbio.2016.10.010
10.5414/NP300588
10.1002/humu.23038
10.1242/dev.115568
10.1039/c1np00051a
10.1371/journal.pone.0031211
10.1016/j.tips.2009.05.002
10.1039/C5CS00088B
10.1177/1934578X0900400121
10.1016/j.biopha.2017.01.072
10.2174/138955710791330891
10.1016/j.fct.2012.04.002
10.1007/s10549-009-0612-x
10.3892/etm.2017.4256
10.1186/s40199-017-0175-z
10.1016/j.toxrep.2017.07.001
10.2174/138945011794815356
10.1016/j.ejpb.2010.12.006
10.1021/mp700113r
10.1016/j.ijpharm.2006.09.025
10.1007/s00280-006-0355-x
10.1016/j.fct.2019.02.041
10.1021/jf104402t
10.1186/1477-3155-5-3
10.1016/S0378-5173(02)00323-X
10.3389/fphar.2016.00485
10.1016/j.ejmech.2014.04.050
10.1002/cncr.21300
10.2147/IJN.S183117
10.1016/j.colsurfb.2012.04.017
10.1016/j.foodchem.2014.01.012
10.1208/s12249-015-0337-6
10.1007/s13346-018-0570-0
10.3233/JAD-160355
10.1016/j.jddst.2019.05.042
10.1016/j.biomaterials.2009.09.104
10.1016/j.fct.2017.11.051
10.1055/s-0043-104633
10.4103/1673-5374.200799
10.1039/C9NR01255A
10.1016/j.biomaterials.2014.12.005
10.1016/j.jphotobiol.2018.11.008
10.1038/nbt.3330
10.1016/j.nano.2019.01.016
10.1111/j.1471-4159.2007.04613.x
10.1016/j.ejmech.2014.06.034
10.1016/j.dyepig.2018.12.003
10.4103/0972-2327.40220
10.1016/j.foodchem.2017.07.075
10.1016/j.pharmthera.2015.06.010
10.1016/j.neuroscience.2018.09.028
10.1186/scrt500
10.1016/j.jalz.2016.02.010
10.1074/jbc.M404751200
10.1016/j.ejmech.2018.12.016
10.3389/fnmol.2015.00024
10.3389/fimmu.2017.01805
10.1016/j.brainres.2007.05.071
10.1017/S0007114516001203
10.1016/j.jagp.2017.10.010
10.1016/j.jneuroim.2013.01.002
10.3389/fphar.2012.00014
10.1016/j.nbd.2019.02.015
10.1073/pnas.0701267104
10.1016/j.pneurobio.2015.10.004
10.1021/acschemneuro.6b00207
10.1016/j.biopha.2016.12.010
10.4049/jimmunol.168.12.6506
10.1016/j.neuropharm.2015.07.013
10.1016/S0731-7085(96)02024-9
10.1007/978-0-387-46401-5_20
10.1021/acschemneuro.8b00510
10.1155/2019/3702518
10.1517/17425247.5.2.155
10.1016/j.foodchem.2011.01.059
10.1016/j.ijpharm.2011.06.030
10.3233/JAD-2012-112141
10.1021/acs.molpharmaceut.5b00611
10.1016/j.ijpharm.2012.07.062
10.1021/mp900306x
10.1016/j.colsurfb.2013.03.059
10.1016/j.cbi.2012.05.011
10.1186/s11671-018-2759-z
10.1016/j.ejpb.2007.03.022
10.1039/C9CP02195G
10.1126/scitranslmed.3003594
10.1016/j.addr.2015.09.012
10.1007/s12274-018-2104-y
10.1016/j.jcis.2010.10.024
10.1371/journal.pone.0032616
10.1021/acs.molpharmaceut.6b00738
10.18632/oncotarget.20944
10.1016/j.cocis.2010.10.003
10.1155/2018/9103120
10.1615/CritRevTherDrugCarrierSyst.v26.i6.10
10.1007/978-3-662-04496-4
10.1016/j.bbagen.2016.04.022
10.3390/nano6070125
10.3390/pharmaceutics10040191
10.1016/j.biopha.2018.04.055
10.15171/apb.2015.043
10.1016/j.ejpb.2014.05.004
10.3390/molecules24061170
10.1155/2017/4164872
10.3233/JAD-190083
10.3109/10717544.2015.1049719
10.1016/j.jconrel.2007.12.018
10.2147/IJN.S68861
10.2147/IJN.S117210
10.3109/21691401.2014.953633
10.1016/j.bbamem.2016.08.001
10.1016/j.colsurfb.2018.06.031
10.1523/JNEUROSCI.0284-14.2014
10.1016/j.nano.2012.11.004
10.1016/j.biomaterials.2013.03.097
10.1016/j.nano.2015.10.021
10.1016/j.ejps.2010.03.007
10.1016/S0165-6147(00)01447-4
10.2174/1389203033487306
10.4172/2157-7439.1000171
10.1016/j.nano.2011.06.015
10.1016/j.drudis.2019.05.004
10.1016/j.colsurfa.2017.11.071
10.1021/acsomega.7b01935
10.2147/ijn.s61823
10.3390/molecules21121748
10.4172/2157-7439.1000270
10.1186/alzrt170
10.1208/s12248-012-9444-4
10.3390/pharmaceutics10040181
10.2147/IJN.S149022
10.1016/j.ejps.2017.12.008
10.4172/2157-7439.1000393
10.1016/j.biomaterials.2013.10.075
10.2174/1389557516666160321113620
10.1016/j.jconrel.2018.03.014
10.3390/molecules23010047
10.1039/C9NA00249A
10.1039/C3RA44257H
10.2174/0929867311320200007
10.3390/pharmaceutics10040250
10.1016/j.ijpharm.2016.09.042
10.1080/21691401.2017.1290648",Journal of clinical medicine,"['curcumin', 'liposomes', 'nanocarriers', 'nanocurcumin', 'neurological disorders']",,2020-02-09,"32033365
18324353
18775680
22118895
17569207
30970601
21742514
23146777
29743988
22407780
23076948
17569212
26180581
31185140
16870699
29535835
27802223
28236605
22334236
18457678
31277407
31091784
21372035
28204864
31387004
24995293
29857538
23435377
24402825
30575152
12710595
28811228
18484280
29332042
15974909
16298737
18166164
20828641
29079885
28478481
29872296
30062967
30037344
24788895
29490624
29571711
20132469
27810639
20420526
22248035
24614199
24096700
11506818
16565925
28527218
24605808
11571321
12003250
20181392
24116384
26910813
22180352
17718715
24004419
29175324
15748781
31249873
24035895
24188406
12490568
26286145
30186116
25818332
31252572
27594837
16988474
31450861
22361232
29513402
31683787
30513656
24455696
18060039
22122400
18547552
30825584
26167193
25243820
31789237
30944612
27746167
23380462
27363716
25926357
21979811
22359574
17569212
19540003
25964104
19370883
28152473
20370702
22521445
19898931
28565851
28416008
28959664
20955148
21147222
17999464
19803548
17112692
17051370
30836108
21322563
17439648
12204572
28066239
24780594
16092118
30587974
22609589
24518344
26040724
30117120
28731428
19853292
29191727
28264204
28400796
30942233
25617135
30504054
26348965
30759369
17472706
30961872
24980117
19966973
28873542
26129625
30268781
25928248
27179961
15590663
30553144
26136655
29312321
17617388
27102361
29246725
23380586
22363284
30951849
17652175
26542398
27642670
28011382
12055272
26211978
9278892
17569224
30335941
18248316
27158367
25214079
21729743
22426019
26618861
22890189
20230014
23668985
22704994
30350003
17481869
31134980
22932224
26456916
21044788
22403681
27744707
29113362
20402623
27138452
28335253
30340327
29677547
26504751
24833004
30934561
28567323
31156160
26066035
18313785
25678787
27799765
25222036
27521487
29975909
25319699
23220328
23628475
26711963
20298779
10689363
12678851
21722618
31102731
30023865
25061290
27999408
23537472
23229335
30304861
30271147
29248558
27699139
24331706
26996622
29550399
29295564
36133588
23627934
30513731
27633279
28278578",,Curcumin's Nanomedicine Formulations for Therapeutic Application in Neurological Diseases.,<Element 'PubmedArticle' at 0x777afff68630>,,,,,,
"Mercury (Hg) is widely recognized as a neurotoxic metal, besides it can also act as a proinflammatory agent and immunostimulant, depending on individual exposure and susceptibility. Mercury exposure may arise from internal body pathways, such as via dental amalgams, preservatives in drugs and vaccines, and seafood consumption, or even from external pathways, i.e., occupational exposure, environmental pollution, and handling of metallic items and cosmetics containing Hg. In susceptible individuals, chronic low Hg exposure may trigger local and systemic inflammation, even exacerbating the already existing autoimmune response in patients with autoimmunity. Mercury exposure can trigger dysfunction of the autoimmune responses and aggravate immunotoxic effects associated with elevated serum autoantibodies titers. The purpose of the present review is to provide a critical overview of the many issues associated with Hg exposure and autoimmunity. In addition, the paper focuses on individual susceptibility and other health effects of Hg.","[{'affiliation': 'Council for Nutritional and Environmental Medicine, Mo i Rana, Norway. Electronic address: bjorklund@conem.org.', 'firstname': 'Geir', 'initials': 'G', 'lastname': 'Bjørklund'}, {'affiliation': 'Department of Chemistry and Pharmacy, University of Sassari, Sassari, Italy.', 'firstname': 'Massimiliano', 'initials': 'M', 'lastname': 'Peana'}, {'affiliation': 'Razi Vaccine and Serum Research Institute, Agricultural Research, Education and Extension Organization (AREEO), Karaj, Iran.', 'firstname': 'Maryam', 'initials': 'M', 'lastname': 'Dadar'}, {'affiliation': 'Department of Neurosciences, Biomedicine and Movement Sciences, University of Verona, Verona, Italy; CONEM Scientific Secretary, Verona, Italy.', 'firstname': 'Salvatore', 'initials': 'S', 'lastname': 'Chirumbolo'}, {'affiliation': 'Research Department, Innlandet Hospital Trust, Brumunddal, Norway.', 'firstname': 'Jan', 'initials': 'J', 'lastname': 'Aaseth'}, {'affiliation': 'Faculty of Medicine, University of Porto, Porto, Portugal; Institute for Research and Innovation in Health (I3S), University of Porto, Porto, Portugal.', 'firstname': 'Natália', 'initials': 'N', 'lastname': 'Martins'}]",,Copyright © 2020 Elsevier Inc. All rights reserved.,10.1016/j.clim.2020.108352,"Clinical immunology (Orlando, Fla.)","['Acrodynia', 'Allergy', 'Autism', 'Autoimmunity', 'Chronic fatigue syndrome', 'Delayed-type hypersensitivity', 'Lupus', 'Mercury', 'Multiple sclerosis', 'Neurodegenerative disease']",,2020-02-08,32032765,,Mercury-induced autoimmunity: Drifting from micro to macro concerns on autoimmune disorders.,<Element 'PubmedArticle' at 0x777affddffb0>,,,,,,
"Emerging evidence links road proximity and air pollution with cognitive impairment. Joint effects of noise and greenness have not been evaluated. We investigated associations between road proximity and exposures to air pollution, and joint effects of noise and greenness, on non-Alzheimer's dementia, Parkinson's and Alzheimer's disease and multiple sclerosis within a population-based cohort.
We assembled administrative health database cohorts of 45-84 year old residents (N ~ 678,000) of Metro Vancouver, Canada. Cox proportional hazards models were built to assess associations between exposures and non-Alzheimer's dementia and Parkinson's disease. Given reduced case numbers, associations with Alzheimer's disease and multiple sclerosis were evaluated in nested case-control analyses by conditional logistic regression.
Road proximity was associated with all outcomes (e.g. non-Alzheimer's dementia hazard ratio: 1.14, [95% confidence interval: 1.07-1.20], for living < 50 m from a major road or < 150 m from a highway). Air pollutants were associated with incidence of Parkinson's disease and non-Alzheimer's dementia (e.g. Parkinson's disease hazard ratios of 1.09 [1.02-1.16], 1.03 [0.97-1.08], 1.12 [1.05-1.20] per interquartile increase in fine particulate matter, Black Carbon, and nitrogen dioxide) but not Alzheimer's disease or multiple sclerosis. Noise was not associated with any outcomes while associations with greenness suggested protective effects for Parkinson's disease and non-Alzheimer's dementia.
Road proximity was associated with incidence of non-Alzheimer's dementia, Parkinson's disease, Alzheimer's disease and multiple sclerosis. This association may be partially mediated by air pollution, whereas noise exposure did not affect associations. There was some evidence of protective effects of greenness.","[{'affiliation': 'School of Population and Public Health, Faculty of Medicine, The University of British Columbia, 2206 East Mall, Vancouver, British Columbia, V6T 1Z3, Canada.', 'firstname': 'Weiran', 'initials': 'W', 'lastname': 'Yuchi'}, {'affiliation': 'School of Population and Public Health, Faculty of Medicine, The University of British Columbia, 2206 East Mall, Vancouver, British Columbia, V6T 1Z3, Canada.', 'firstname': 'Hind', 'initials': 'H', 'lastname': 'Sbihi'}, {'affiliation': 'School of Population and Public Health, Faculty of Medicine, The University of British Columbia, 2206 East Mall, Vancouver, British Columbia, V6T 1Z3, Canada.', 'firstname': 'Hugh', 'initials': 'H', 'lastname': 'Davies'}, {'affiliation': 'School of Population and Public Health, Faculty of Medicine, The University of British Columbia, 2206 East Mall, Vancouver, British Columbia, V6T 1Z3, Canada.', 'firstname': 'Lillian', 'initials': 'L', 'lastname': 'Tamburic'}, {'affiliation': 'School of Population and Public Health, Faculty of Medicine, The University of British Columbia, 2206 East Mall, Vancouver, British Columbia, V6T 1Z3, Canada. michael.brauer@ubc.ca.', 'firstname': 'Michael', 'initials': 'M', 'lastname': 'Brauer'}]",,,"10.1186/s12940-020-0565-4
10.1038/nrn1106
10.1093/aje/kwf074
10.1212/01.wnl.0000341769.50075.bb
10.1046/j.1532-5415.2002.50468.x
10.1212/WNL.45.6.1161
10.1056/NEJMoa020441
10.1111/j.1532-5415.2005.53552.x
10.1093/oxfordjournals.aje.a009106
10.1001/archneur.58.3.498
10.1155/2012/472751
10.1016/j.tins.2009.05.009
10.1016/S0140-6736(16)32399-6
10.1289/ehp.1408322
10.1289/ehp.1002767
10.1289/ehp.1509824
10.1016/j.envres.2015.06.009
10.1016/j.envres.2009.08.003
10.1016/j.neuro.2008.12.011
10.1097/EDE.0000000000000144
10.1371/journal.pone.0103078
10.1016/j.envres.2012.04.001
10.1093/aje/kwr424
10.1289/ehp.1002511
10.1289/EHP1279
10.1164/rccm.201211-2004OC
10.1016/j.envres.2008.12.006
10.1016/j.envres.2011.09.004
10.1136/oem.2008.041764
10.1016/j.ufug.2015.07.008
10.1073/pnas.1503402112
10.1016/j.envres.2014.05.005
10.1016/j.ufug.2015.09.006
10.1007/BF03403934
10.1289/ehp.10952
10.1021/es0606780
10.1021/es803068e
10.1016/j.envres.2012.04.001
10.1016/j.rse.2005.11.016
10.1177/1352458514556303
10.3233/JAD-160105
10.1159/000365590
10.1212/WNL.0b013e3181cf6ec0
10.1097/EDE.0b013e3181e89f19
10.1186/s12889-017-5001-5
10.1021/es502113p
10.1021/acs.est.5b02076
10.1038/s41598-017-16770-y
10.1289/ehp.1002976
10.1016/0034-4257(93)90069-A
10.1016/j.rse.2006.08.002
10.1016/j.gloenvcha.2005.08.004
10.1016/j.jalz.2015.05.016
10.1007/s10654-011-9581-6
10.3390/ijms130911718
10.1093/eurpub/cki069
10.1093/ije/dyy172
10.3233/JAD-140855
10.1289/ehp.1408973
10.1289/ehp.1409313
10.1016/j.envint.2019.04.069
10.1016/j.envres.2018.06.008
10.1136/bmjopen-2018-022404
10.4103/1463-1741.70504
10.1016/j.puhe.2013.08.016
10.1016/j.envint.2015.01.012
10.1136/jech.2007.064287
10.1093/pubmed/fdq068
10.1097/NPT.0b013e31829157c0
10.1093/aje/kwm116",Environmental health : a global access science source,"['Air pollution', 'Greenness', 'Neurological disorders', 'Noise', 'Population-based', 'Road proximity']",,2020-01-23,"31964412
17803022
12728267
12196314
19188574
12366629
7783883
12456852
16181166
9054233
11255456
22523504
19716187
28063597
26305859
21172758
26863687
26092807
19733348
19150462
25036434
25115939
22520824
22491084
21081301
28934721
23392442
20585255
19193368
21958559
19017692
26080420
24906067
9735524
18470315
17438795
19673250
22520824
25392338
27567819
25323155
20071664
20585255
29310629
25184953
26261937
29180643
21454147
26045020
21626386
23109880
16093303
30124852
25310992
25978701
26151951
31103844
29909174
30206085
20871180
24262442
25638643
18431834
20833671
23632452
17573335
31883241","Road proximity was associated with all outcomes (e.g. non-Alzheimer's dementia hazard ratio: 1.14, [95% confidence interval: 1.07-1.20], for living < 50 m from a major road or < 150 m from a highway). Air pollutants were associated with incidence of Parkinson's disease and non-Alzheimer's dementia (e.g. Parkinson's disease hazard ratios of 1.09 [1.02-1.16], 1.03 [0.97-1.08], 1.12 [1.05-1.20] per interquartile increase in fine particulate matter, Black Carbon, and nitrogen dioxide) but not Alzheimer's disease or multiple sclerosis. Noise was not associated with any outcomes while associations with greenness suggested protective effects for Parkinson's disease and non-Alzheimer's dementia.","Road proximity, air pollution, noise, green space and neurologic disease incidence: a population-based cohort study.",<Element 'PubmedArticle' at 0x777affde71a0>,,,,,,
"Alzheimer's disease, the most common cause of dementia among the elderly, is a progressive and irreversible neurodegenerative disease. Exposure to air pollutants is known to have adverse effects on human health, however, little is known about hydrocarbons in the air that can trigger a dementia event.
We aimed to investigate whether long-term exposure to airborne hydrocarbons increases the risk of developing dementia.
The present cohort study included 178,085 people aged 50 years and older in Taiwan. Cox proportional hazards regression analysis was used to fit the multiple pollutant models for two targeted pollutants, including total hydrocarbons and non-methane hydrocarbons, and estimated the risk of dementia.
Before controlling for multiple pollutants, hazard ratios with 95% confidence intervals for the overall population were 7.63 (7.28-7.99, p <0.001) at a 0.51-ppm increases in total hydrocarbons, and 2.94 (2.82-3.05, p <0.001) at a 0.32-ppm increases in non-methane hydrocarbons. The highest adjusted hazard ratios for different multiple-pollutant models of each targeted pollutant were statistically significant (p <0.001) for all patients: 11.52 (10.86-12.24) for total hydrocarbons and 9.73 (9.18-10.32) for non-methane hydrocarbons.
Our findings suggest that total hydrocarbons and non-methane hydrocarbons may be contributing to dementia development.","[{'affiliation': 'Program for Aging, China Medical University, Taichung, Taiwan.\nInstitute of Electrical Control Engineering, Department of Electrical and Computer Engineering, National Chiao Tung University, Hsinchu, Taiwan.\nInstitute of Population Health Sciences, National Health Research Institutes, Zhunan, Taiwan.', 'firstname': 'Han-Wei', 'initials': 'HW', 'lastname': 'Zhang'}, {'affiliation': 'Disease Informatics Research Group, Asia University, Taichung, Taiwan.\nDepartment of Internal Medicine, Kuang Tien General Hospital, Taichung, Taiwan.', 'firstname': 'Victor C', 'initials': 'VC', 'lastname': 'Kok'}, {'affiliation': 'Institute of Population Health Sciences, National Health Research Institutes, Zhunan, Taiwan.', 'firstname': 'Shu-Chun', 'initials': 'SC', 'lastname': 'Chuang'}, {'affiliation': 'Department of Neurology, China Medical University Hospital, and School of Medicine, China Medical University, Taichung, Taiwan.', 'firstname': 'Chun-Hung', 'initials': 'CH', 'lastname': 'Tseng'}, {'affiliation': 'Institute of Electrical Control Engineering, Department of Electrical and Computer Engineering, National Chiao Tung University, Hsinchu, Taiwan.\nBrain Research Center, National Chiao Tung University, Hsinchu, Taiwan.\nCo- Director, Centre for Artificial Intelligence School of Software, Faculty of Engineering & IT, University of Technology Sydney Broadway 2007, New South Wales, Australia.', 'firstname': 'Chin-Teng', 'initials': 'CT', 'lastname': 'Lin'}, {'affiliation': 'Graduate Institute of Biostatistics, College of Public Health, China Medical University, Taichung, Taiwan.\nDepartment of Healthcare Administration, College of Health Science, Asia University, Taichung, Taiwan.', 'firstname': 'Tsai-Chung', 'initials': 'TC', 'lastname': 'Li'}, {'affiliation': 'Graduate Institute of Clinical Medical Science and School of Medicine, College of Medicine, China Medical University, Taichung, Taiwan.', 'firstname': 'Fung-Chang', 'initials': 'FC', 'lastname': 'Sung'}, {'affiliation': 'Institute of Population Health Sciences, National Health Research Institutes, Zhunan, Taiwan.', 'firstname': 'Chi P', 'initials': 'CP', 'lastname': 'Wen'}, {'affiliation': 'Institute of Population Health Sciences, National Health Research Institutes, Zhunan, Taiwan.', 'firstname': 'Chao A', 'initials': 'CA', 'lastname': 'Hsiung'}, {'affiliation': 'Graduate Institute of Biomedical Science, China Medical University, Taichung, Taiwan.', 'firstname': 'Chung Y', 'initials': 'CY', 'lastname': 'Hsu'}]",Our findings suggest that total hydrocarbons and non-methane hydrocarbons may be contributing to dementia development.,"Copyright© Bentham Science Publishers; For any queries, please email at epub@benthamscience.net.",10.2174/1567205017666200103112443,Current Alzheimer research,"[""Alzheimer's disease"", 'air pollution', 'dementia', 'environmental pollutants', 'hydrocarbons', 'population-based.']","The present cohort study included 178,085 people aged 50 years and older in Taiwan. Cox proportional hazards regression analysis was used to fit the multiple pollutant models for two targeted pollutants, including total hydrocarbons and non-methane hydrocarbons, and estimated the risk of dementia.",2020-01-07,31902365,"Before controlling for multiple pollutants, hazard ratios with 95% confidence intervals for the overall population were 7.63 (7.28-7.99, p <0.001) at a 0.51-ppm increases in total hydrocarbons, and 2.94 (2.82-3.05, p <0.001) at a 0.32-ppm increases in non-methane hydrocarbons. The highest adjusted hazard ratios for different multiple-pollutant models of each targeted pollutant were statistically significant (p <0.001) for all patients: 11.52 (10.86-12.24) for total hydrocarbons and 9.73 (9.18-10.32) for non-methane hydrocarbons.",Long-Term Exposure to Ambient Hydrocarbons Increases Dementia Risk in People Aged 50 Years and above in Taiwan.,<Element 'PubmedArticle' at 0x777affe16520>,,,,,,
"Environmental pollution is a critical predisposing factor underlying neurodegenerative diseases, but the association between particulate matter (PM) exposure and Parkinson's disease (PD) remains unclear. This study aimed to evaluate the association between long-term PM2.5/PM10 exposure and PD risk. We searched the PubMed, Ovid Medline, EMBASE, Cochrane Library, and Web of Science citation databases to select studies about the relationship between long-term PM exposure and PD risk. The association was assessed using meta-analysis, and subgroup analysis was carried out on the basis of the types of PM (PM2.5 and PM10). Among the 611 articles identified from the databases, we selected six articles, including three cohort studies and three case-control studies, which collectively involved 10,077,029 participants. With every 10 μg/m","[{'affiliation': ""Department of Health Toxicology, MOE Key Lab of Environment and Health, School of Public Health, Tongji Medical College, Huazhong University of Science and Technology, 13 Hangkong-Road, Wuhan, 430030, People's Republic of China."", 'firstname': 'Yiqi', 'initials': 'Y', 'lastname': 'Wang'}, {'affiliation': ""Department of Health Toxicology, MOE Key Lab of Environment and Health, School of Public Health, Tongji Medical College, Huazhong University of Science and Technology, 13 Hangkong-Road, Wuhan, 430030, People's Republic of China."", 'firstname': 'Ying', 'initials': 'Y', 'lastname': 'Liu'}, {'affiliation': ""Department of Health Toxicology, MOE Key Lab of Environment and Health, School of Public Health, Tongji Medical College, Huazhong University of Science and Technology, 13 Hangkong-Road, Wuhan, 430030, People's Republic of China. yanhong@mails.tjmu.edu.cn."", 'firstname': 'Hong', 'initials': 'H', 'lastname': 'Yan'}]",,,"10.1007/s10653-019-00484-3
10.1093/aje/kwu155
10.1289/ehp.1002123
10.1016/j.bbabio.2007.10.006
10.1161/CIR.0b013e3181dbece1
10.3233/jad-160472
10.1016/j.etp.2009.02.117
10.1155/2013/161687
10.1016/j.neuro.2004.08.003
10.1046/j.1471-4159.1998.70041584.x
10.1093/eurheartj/ehi835
10.1371/journal.pone.0182834
10.1001/jama.295.10.1127
10.1002/ana.21717
10.1016/j.envres.2007.03.002
10.1016/j.jneuroim.2014.07.012
10.1289/ehp.1408092
10.1007/s10863-009-9257-z
10.1016/s1353-8020(11)70065-7
10.1016/j.bbrc.2018.04.068
10.1016/s0140-6736(14)61393-3
10.1289/ehp.1408973
10.1097/jom.0000000000000451
10.1016/j.taap.2015.01.010
10.1136/jech.56.10.773
10.1186/1742-2094-8-105
10.1124/jpet.102.035048
10.1289/ehp135
10.1093/ptj/80.6.578
10.1186/1476-069x-13-80
10.1289/ehp259
10.1016/s1353-8020(11)70064-5
10.1161/circresaha.116.309279
10.1289/ehp.1002767
10.1016/j.envres.2009.08.003
10.1136/bmj.d5372
10.1371/journal.pone.0195607
10.1007/s10654-010-9491-z
10.1001/jama.294.23.3003
10.1016/j.parkreldis.2015.12.005
10.1093/aje/kwm127
10.1289/ehp.7550
10.1186/1476-069x-13-38
10.1111/jnc.12010",Environmental geochemistry and health,"['PM10', 'PM2.5', 'Parkinson’s disease', 'Particulate matter']",,2020-01-03,31894453,,Effect of long-term particulate matter exposure on Parkinson's risk.,<Element 'PubmedArticle' at 0x777affe22610>,,,,,,
"Humans are potentially exposed to more than 80,000 toxic chemicals in the environment, yet their impacts on brain health and disease are not well understood. The sheer number of these chemicals has overwhelmed the ability to determine their individual toxicity, much less potential interactive effects. Early life exposures to chemicals can have permanent consequences for neurodevelopment and for neurodegeneration in later life. Toxic effects resulting from chemical exposure can interact with other risk factors such as prenatal stress, and persistence of some chemicals in the brain over time may result in cumulative toxicity. Because neurodevelopmental and neurodegenerative disorders — such as attention-deficit hyperactivity disorder and Parkinson's disease — cannot be fully explained by genetic risk factors alone, understanding the role of individual environmental chemical exposures is critical. On June 25, 2020, the National Academies of Sciences, Engineering, and Medicine's Forum on Neuroscience and Nervous System Disorders hosted a workshop to lay the foundation for future advances in environmental neuroscience. The workshop was designed to explore new opportunities to bridge the gap between what is known about the genetic contribution to brain disorders and what is known, and not known, about the contribution of environmental influences, as well as to discuss what is known about how genetic and environmental factors interact. This publication summarizes the presentation and discussion of the workshop.","[{'collective': 'National Academies of Sciences, Engineering, and Medicine; Division on Earth and Life Studies; Health and Medicine Division; Board on Environmental Studies and Toxicology; Board on Health Sciences Policy; Forum on Neuroscience and Nervous System Disorders', 'firstname': None, 'initials': None, 'lastname': None}, {'collective': None, 'firstname': 'Clare', 'initials': 'C', 'lastname': 'Stroud'}, {'collective': None, 'firstname': 'Sheena M.', 'initials': 'SM', 'lastname': 'Posey Norris'}, {'collective': None, 'firstname': 'Lisa', 'initials': 'L', 'lastname': 'Bain'}]",,Copyright 2020 by the National Academy of Sciences. All rights reserved.,10.17226/25937,,,,2020-01-01,33180402,,Environmental Neuroscience: Advancing the Understanding of How Chemical Exposures Impact Brain Health and Disease: Proceedings of a Workshop,,"9780309683098
0309683092",eng,Review,National Academies Press (US),Washington (DC),"[{'chapter': None, 'title': 'The National Academies of SCIENCES • ENGINEERING • MEDICINE'}, {'chapter': None, 'title': 'PLANNING COMMITTEE ON ENVIRONMENTAL NEUROSCIENCE'}, {'chapter': None, 'title': 'FORUM ON NEUROSCIENCE AND NERVOUS SYSTEM DISORDERS'}, {'chapter': None, 'title': 'BOARD ON ENVIRONMENTAL STUDIES AND TOXICOLOGY'}, {'chapter': None, 'title': 'Reviewers'}, {'chapter': '1', 'title': 'Introduction and Background'}, {'chapter': '2', 'title': 'Neurotoxicants and Their Risks to Human Health'}, {'chapter': '3', 'title': 'The Exposome and Exploring the Multiple Factors That Contribute to Neurotoxicity'}, {'chapter': '4', 'title': 'Chemical Toxicants as Drivers of Abnormal Neurodevelopment and Neurodegeneration'}, {'chapter': '5', 'title': 'Research Gaps and Opportunities'}, {'chapter': '6', 'title': 'Potential Opportunities for Action and Multidisciplinary Collaborations'}, {'chapter': None, 'title': 'Appendixes'}]"
